                         ctp                      cpQM                     ctW                      ctZ                      ctG                      cbW                      cpQ3                     cptb                     cpt                      cQl3i                    cQlMi                    cQei                     ctli                     ctei                     ctlSi                    ctlTi                    cQq13                    cQq83                    cQq11                    ctq1                     cQq81                    ctq8                     clq1                     cHbox                    ctu1                     ctb8                     clu                      cld                      cQb8                     ctd8                     cQd1                     cQd8                     ctd1                     cQu1                     cbB                      ctu8                     cQu8                     
MGStart                  100.0                    4.17                     0.82                     -1.76                    4.24                     1.19                     0.45                     4.33                     8.41                     3.57                     10.14                    -11.07                   -24.42                   29.54                    21.61                    2.67                     -0.1                     0.35                     100.0                    100.0                    100.0                    100.0                    0                        0                        0                        0                        0                        0                        0                        0                        0                        0                        0                        0                        0                        0                        0                        
rwgt0                    -152.88349965457985      -6.345917446845453       1.1977843882799248       1.752762203273706        6.300462499165436        0.7498790790313783       -0.5523839398187816      5.151530807116916        -7.256376723018968       -3.23339824119804        -0.016318817233791805    -4.8273770344199995      17.858989693438616       43.83321939143461        -6.417929458641524       -0.14945821763638634     0.1471132838559298       0.06258179847059475      -134.92741367683698      -60.822789389717684      -126.04518322832527      168.91059197241452       121.2571959840547        -37.08311619528112       -161.52400326227647      -63.01471429399558       -26.38681508890494       -27.47909370853202       -118.15713748680943      121.42526001671251       -12.609688724392583      156.2564740130203        48.633633323521735       -169.6802427769081       137.04831573634635       -8.379893797791198       -95.22330316035726       
rwgt1                    174.33508858953059       0.9174358218741672       -0.7520124298021481      0.5101307288661032       -1.3854670011035273      2.0972062793136224       -0.6792041609141036      -1.4856592729338587      4.681595925198923        -4.962543599834459       11.327654553262054       -10.262057454248252      23.419893359313306       -19.66219617238137       -1.0795103971956337      0.7753458855216229       0.09041557257873584      0.40643059146476557      -37.95495555165897       121.63080340475102       41.12356304193554        -0.8683168874219973      -124.68990167834191      132.62267252813388       59.6646446216333         94.69090575211982        -101.18387526841647      -46.131197228773004      -6.0102625505071785      -137.72876485274287      -47.552936905634         136.51209151717165       29.682485883017677       150.37544955528693       -66.56914999407059       177.41692440990403       124.08366765681001       
rwgt2                    111.12146674941306       7.015746321327991        0.5199285897336767       0.9436469999846651       -3.33098450229998        2.0664414520534975       0.6270269233031847       -7.646360218441873       -11.376768721187688      0.6102087027215157       13.470580126321412       -8.996248470566329       -23.149929225658557      21.077977607701712       -31.70898486482871       -1.179702577128217       0.17531444331812407      -0.16479330483909332     156.46905902149547       -5.935468033082998       -63.03375805452423       138.5390545524915        -41.58288591139387       118.78985707163963       162.5672242876941        -156.4142040304959       122.59133752179218       160.43742703649963       -118.44889917953095      -59.11172711929609       -146.57250068144506      54.42837559107522        -6.379742952150053       -100.71736586075724      -52.372700160928574      -135.35310723166418      -152.27972326071517      
rwgt3                    87.06049524918461        0.9980629308793469       -0.9207116675304097      1.4999652635953584       -5.458338346427356       0.9173506316432625       -0.7316937230193405      -6.727778732694716       -14.08581406860019       -2.4467238817324053      -8.232313983684753       -10.399759842035307      36.12234210187715        21.449746120084924       10.394119460581344       3.619770257593819        0.050285558032313854     0.4383176839184849       54.30704547908104        73.9284206129162         -95.52828526672165       171.98662502873617       160.1844610191476        -10.032494800860661      -90.08966415743895       162.5454511223072        58.76435772494159        160.87032553023562       -59.124169068347726      165.1206268185528        -107.94106733575629      -115.75600691472427      -17.210043032343634      19.565991481778838       -42.08662968290233       1.7824619117165241       -54.24178843776002       
rwgt4                    57.96452407619239        -3.1097493416385094      0.8533310321620446       0.6337155078074157       5.136984646416112        -1.6638966098159191      -0.10358805520785785     -6.457725840206583       -10.588217831401172      -2.037982294785082       1.4602411529478339       -8.906307014699959       22.832096906834153       45.747083061738124       18.936340911928262       -4.53573115994684        0.00266120741745271      -0.19776272867690708     -10.334490809607303      -66.52053179144701       148.63959096177103       51.03027744082624        -149.69899423479026      150.74831304164132       -35.48933881533458       19.980208911967452       -31.616314556142953      102.13476455481327       -57.70130523113852       -135.52156784413728      35.23219405401676        140.42460710239942       70.62838552782725        102.64285655714707       -76.09607747931624       13.467268684220414       34.862069750424695       
rwgt5                    -148.77713465019067      -5.699320688828202       -1.2948960005151438      -0.5785400035279378      -1.793798446129828       -1.6611554653198704      -0.5369128789672195      4.869109566040863        -9.11601636514732        -5.159845459907238       5.720664681318411        -15.676084613501322      -30.253643415026193      -5.11379745411179        10.040529446560576       0.36259529741308416      -0.02545970917158366     -0.14358082901048275     119.12395993379886       53.821545155383546       75.5431740342533         -56.49338626836892       22.856156941356573       148.08859184383948       -11.345644305139189      -61.677367504519765      -165.54845955506158      153.0715190887139        -107.19874915493985      127.31460003648789       51.147899131009154       -139.66782926494184      -63.102860977161654      109.5072245785006        -8.128557790609392       -0.3786928064163817      -46.13860660460202       
rwgt6                    155.4914981681776        -7.15345837115868        -0.6970487269930539      0.4109180330900277       -4.3666819982092555      1.225454743407922        0.12005263453365267      2.6639555351610893       -12.829722963132124      -6.246989774477559       1.9723868205278627       -5.2845620397097015      -17.88248297884667       39.20598513526609        38.43612014650709        -4.053228743597771       0.09293092109613499      -0.2340487525816614      -147.81739885666792      -12.806717711178464      43.30441997745757        -111.01654167925648      34.06361040269613        169.0789072902288        56.69396257533961        143.32279773940093       163.10302825039633       36.49953961183584        -29.99382467285548       24.621181073403903       -0.47188234054507916     40.74018766597064        -69.67123068676497       -76.62853461120247       -125.31602651363228      -159.06284590454618      -74.061685359704         
rwgt7                    -154.0752658878329       -5.141071065626496       -0.5665084565600004      -1.1001184031824867      0.7783239301804041       2.071145560520374        -0.01497058637185722     -4.873252380353211       -3.9088786559607023      4.988096251342862        8.465456695448786        19.552272270291205       30.209250724900215       24.455780651011466       20.94699815406699        2.9919281120997647       -0.027368444240254974    0.4648215731197801       41.61181848084513        -46.59520845201172       70.64414867520051        177.18367662073302       -51.02269131014705       170.84026781546186       -27.967761555386204      -28.12469371022209       -139.7299563712526       -138.03209195097782      -124.40245923529439      -18.871552705940303      1.0208445655382832       -150.7382329409247       -108.55908457930508      89.49316278270254        152.55711904667857       -29.97124856647028       128.7181681662439        
rwgt8                    1.3381783933132283       5.767471210550371        -0.3698908043967388      2.2711862714094933       -6.861207748965292       -1.9943422088348022      -0.6426233454204355      0.9953918931941326       -6.350762577809988       3.6179921724175124       -16.838387402113426      5.53686933251257         -40.04088626580401       -27.109041874407957      16.23443614014245        -2.5724325038471902      0.08442415688241517      -0.36877616176715383     -66.49084581003571       39.88332497312172        -173.24846058434144      69.09438283129296        55.549108794486585       19.202182925813844       63.409191377360344       131.20929490808436       171.18694086292567       154.68902843419335       49.28038290839842        -45.761818256184114      -73.28441488784328       -133.20009672560775      -167.559463926738        166.94113403059976       -117.51833647010588      35.078453487615405       118.10875661025432       
rwgt9                    119.26322695398517       3.7864605885925924       -0.8929391902456492      -2.531897125970767       -4.966577269781483       1.5161138931274052       -0.7841724317642688      -6.811557374369144       8.285819328254842        -6.285363057427498       -10.664247635153135      5.565817957379739        -26.24378771956174       -49.095296941499484      -30.84146176347773       4.548314465638594        -0.0775598740148554      -0.4303981553332756      122.1165031309817        -134.42743210175686      -108.54201842958715      -119.75567696998095      70.59869050377895        -154.58307723447956      50.29944687772871        126.01926237180334       4.610954393253024        37.251244703676946       -68.46467732493227       -55.154287332145216      65.94274578969458        -70.13763733997648       53.3441876037341         37.51054384312951        -120.35154477330798      132.33028561721443       159.69515313368817       
rwgt10                   -134.59349731526353      6.707997546538631        0.7310403756491766       0.66472740117496         6.245949095863196        -0.5281864576419641      0.261001207799163        -6.791244502413034       -10.29769783200799       -3.284099560740316       10.596746225370591       -2.1635866532457975      -0.1559835459308303      19.754287261902903       23.412894805040423       2.1396751021355636       -0.05110589595292958     -0.2993194325343755      13.408991491058686       72.02087191766378        38.90238535390185        -84.98301739879903       117.18934443188078       130.5641333778516        -121.3388386138902       -145.0981023996489       64.29448285136979        83.74858072067082        -156.79149047028207      36.19279220414134        -168.55033481562967      116.18975935082346       -161.43222814471585      177.70662546126425       96.60934519096253        166.3506421307543        -89.34085133126123       
rwgt11                   -130.27525767267093      5.659785383669429        0.9233881492311207       -1.7641602039469046      4.57180173195335         1.4023102721930663       -0.3376929107826997      6.987446487013377        -8.752675721713498       -1.3721258890172923      -4.5057381630203786      12.287813679661028       -14.128754515404097      -3.2257858977202716      -30.683180475845457      3.1967541600581075       -0.00865478741768591     0.08634282517506908      -154.22412291006137      -14.707279898179166      -114.42650373906808      -76.89507918036766       30.01748170285296        127.61425767435168       169.37639383720233       -156.0903960098899       -25.12923294838629       -175.76765653712704      176.05243928073037       -62.360541130644435      -129.0802710492279       -65.16851961554114       142.33646700915682       140.63851326625053       -153.52195231338018      -141.874500863186        -132.01950825690807      
rwgt12                   1.0738567431372985       -3.1624471341312006      0.6878004115005967       -0.3379238890018943      5.2342529432781735       0.32811542592288         -0.7998829193586311      2.8998388707704317       -13.51188726725955       6.0477456549284785       9.537920458981194        3.141834634725992        -21.768511679286295      7.646060994084266        21.201670548622154       -3.637433739327375       -0.008641530325753238    -0.2678487394766964      -95.35517294017713       89.78947505685545        91.95366604722619        -162.5414822776625       128.42616339178807       -110.2327827042515       171.9407174122553        -42.30142872102206       49.83557083221112        -66.21101684892648       -125.83376099943072      -151.38233116624986      165.4810028457283        -90.13400853527006       -109.15199373628766      -120.71873763131899      141.84183986012607       16.15349703971745        33.60103076341855        
rwgt13                   -1.5484517041825256      -0.5102320754548746      0.16954518835318266      1.0474409374445708       3.6993245897306277       1.9297892591107657       0.07003087309339862      3.362631169430551        -9.25906120115372        -3.140138172971471       15.984657412885518       -19.324492103975345      35.31077244248503        -45.523123937104714      9.106214345975182        -0.642157829724237       0.10841880996298603      -0.16953159852216454     66.06020272471469        -31.593796287723222      96.24582847130176        83.84542004128161        5.3816945792351305       -142.0325764649068       -26.259810765938397      -68.67740010450592       48.524602827635846       -40.07874478010109       39.28643581539359        -133.31428423642322      44.81393658750005        54.92696777581742        55.63608517811693        100.4404023324571        171.51856158418855       -91.66925983977868       140.21545510090698       
rwgt14                   52.95249628992977        -7.286384872579964       -1.214481694541714       -0.47156125498572976     -3.575182193407648       -1.5557200391239678      -0.17466870489160424     -1.6828958917215555      11.816173765644827       3.7654233970497497       -10.81853256043814       -16.367030664287654      -41.63881222350452       -27.651242927320048      30.065794992742426       2.8058262971510954       -0.03131397073690159     -0.2791373134211938      175.37052372005303       -3.8490441377934133      -49.90155754247124       73.4426531506839         -12.22044367428208       32.156295385179334       -85.04767641959242       128.871625417946         85.61029976806401        -165.3298425768756       95.16828337716436        -2.618360599881214       153.15762198537163       -98.81260840986451       97.32587248569268        -2.6500773825134445      90.41370601892532        -17.671222960446443      0.6432722062673122       
rwgt15                   130.99727028855676       6.774113397023464        0.698034189028583        -0.9292148065003216      1.0364529783262348       -0.35328052025318524     -0.20408381212007165     6.567836053732408        7.326062545040035        -1.4468562614142932      -13.713721615084506      4.565853400141883        23.678723366041012       10.553444438225064       23.86529236158335        4.482340938121421        -0.10389561738553416     0.11195915267025269      122.22354947920195       -151.33307314470414      18.24535225377241        -161.69232622454024      -105.06980014514454      153.7545003398027        28.09721953281911        82.74171188052713        -77.46467147314358       -26.064291862245227      49.21309797140353        -179.80849063786735      33.07717320448759        -10.166643588615813      149.0142096029714        7.805387250439765        61.311758302451494       -111.91831126513509      -178.08592134251936      
rwgt16                   -105.84974586865363      -1.1619860645198337      0.4127633381970286       0.023686861120214786     2.5779087233356393       -1.9327442773484027      -0.29568471248048234     -5.393905499255252       -8.970755665323994       2.213204534354043        9.690719512258504        -14.179392683757715      17.62453792678513        12.24418922847265        -17.381704577524964      -4.571409874881072       0.16114135257894258      -0.4439597509730413      47.43410790330509        -66.08889427204087       -63.455529290100586      -145.36470096056158      -99.97006232120269       -78.71569007639967       78.23331843977928        23.76958266992446        75.19041883984687        -28.22702112956017       -135.61786907299177      -97.78569877957537       34.4117471491852         -122.28846113367118      -13.422437256294216      -111.40733914843985      -4.038861882643403       -165.97693890861328      -161.06856078614857      
rwgt17                   -122.81692687257832      2.583978860510178        0.4488605786303965       -2.1962282998072307      5.446737318628488        1.0306626627643993       0.6419270083918696       7.1715858296145685       -3.789126137781752       5.173777927769958        16.13703863516492        5.3006553509640035       -2.9064834703012252      49.01573100674574        4.121487194608463        -3.4353239645145113      -0.021033855339145063    -0.40063127683278915     -93.69833694094176       22.21437210418071        140.3303267305762        169.816612568307         -161.869745108377        -20.978465269645085      -153.31928902739412      113.4301127722843        95.38746810784227        165.5707050424599        -48.26357881670205       9.811117307743018        -39.60416354305593       -124.7484797374687       -85.13820316152385       -63.79391262243648       143.78937033272695       -117.39974193263708      -133.09391434522308      
rwgt18                   37.92894218159529        -2.8877481900510436      -0.3904142257849492      -1.7426022574431377      2.3725377444877065       -2.010672254471386       -0.6877550658187931      0.026100811235592047     12.697755571414636       -4.3718952112811245      8.577075818482186        11.022702715005515       24.9012468434112         20.282657456336523       17.0285510002845         0.7296344194997717       -0.1686529255846406      0.5224763324876752       -17.074742758918035      30.059636152320195       -77.46592870730782       -16.695928089814174      -32.86256965309511       79.36606878463101        85.94732604651921        57.13535887465349        113.53792676212083       11.801303710751398       125.69048227727092       150.39990084998664       -178.86216017203654      -30.308446217368413      3.525909246591368        73.74651486760982        160.92766725801096       -43.270698932169665      -13.255272520293886      
rwgt19                   -97.65904316622957       -1.2589359224871428      -1.0830908746206962      1.0691401246605459       -3.1274361943306044      -2.086785898563021       -0.12132585101432969     5.515528226611145        4.340257037873457        -3.0740034452394767      -10.492359680594337      -17.60441732338055       37.43714868952726        11.976438809085494       -32.08429410380681       3.103793740183015        -0.13339182982566367     0.5648483439975266       -64.67938226724888       0.26754642817874696      -118.32660747018491      -69.2205459415922        11.930293566300634       -72.77978488966679       -103.93719165124354      -3.7410898423227934      -32.667387186317114      -2.8952962524695636      -137.84045132496115      -15.38774321231628       -80.04819064764234       78.96027903265485        137.72003886549754       -132.7967928263422       175.4266633126868        -15.51224284292752       -6.828676761322754       
rwgt20                   -37.898020259664975      -1.427270847273146       -0.10500137212404925     0.4155581384832723       5.5885095388889          -2.1057764824338228      -0.7155990716952592      -7.516454319345802       -4.549167591636806       -3.1644798915571735      -13.104796534035215      -8.188833210087974       -19.515084432995046      23.531460239551492       -15.789265315919458      0.10388719309452554      0.09579816998618318      0.27367667468554935      -59.704606430216884      59.31707073786632        -169.291616342064        162.74977140100242       58.9939466866262         16.600158410103262       -12.417651248380082      40.89398357512266        6.328656921333646        -124.04444547856977      163.02666230142557       145.62079864280332       177.5444281535552        103.89847928791653       -24.861649627527328      -70.03824412335976       9.924104748435667        -86.87602040094153       -58.515572374796335      
rwgt21                   -135.56770900389935      -6.207008226541143       -0.5524007164857611      0.29076468365106667      5.6770749601146          1.1010830555314017       0.7641346058025114       7.278562273074294        -13.968879041969371      -0.12624694015842852     1.8883798380113355       10.795495526547448       -34.54475403196905       6.3180438731444895       7.307670555437923        -1.8017564005382578      0.03922251260587889      0.35508468220414446      2.406001232936859        165.603311577076         32.044808485144756       -135.32312064611725      -156.70707583268884      -64.42425751716479       -78.46930088165622       -101.22456858347493      66.97018197579877        -155.70579630325363      -1.6378672537240107      -76.98165304742825       88.57270396734532        -81.77070797252749       23.7837912199781         -15.019145649151369      -6.636318694907203       31.92313799140294        78.37757128764144        
rwgt22                   -120.72850177980766      5.66899660853294         0.07748765439189431      0.0036726797296418034    1.7479020566666446       -0.2613741958500171      0.08073154520163206      -4.071682268806928       -5.561082180636664       -5.95523241865103        17.689372223793          3.273180852317477        -18.959569834873847      41.796371669345504       24.564390611877634       1.8630939995177567       0.07535233254975848      -0.6044102797187835      176.66215002936082       0.5393441854593846       54.17273971471394        -73.15009985647649       -49.00751106515966       -126.97158976505708      151.19268251579592       -37.23940327250048       -56.201190335737536      13.420709656263568       51.50555983817574        -141.43872168154286      175.1946114840161        51.13699940919432        -22.448366020628697      -142.88803544276277      164.77348023757833       27.444793065209467       137.4214428883501        
rwgt23                   -6.749771102396778       1.6307011076164324       1.0267062597396122       1.0337547319149039       2.054627170705677        1.1115838950711918       -0.58985753786957        6.435173534865069        2.9853371110114466       -3.0521192466758644      -16.746621676764455      13.03893929762237        -20.119837873339304      -41.592273340839995      36.11382844701896        0.21310600386283518      -0.032059193347472176    0.04299541035682497      45.817725258449286       157.58950529049645       -170.49376435354196      96.39067347862868        36.26477116703043        -28.03191618877679       105.98524509331935       45.05198927179194        -100.01311778366343      142.14934738402155       -112.74795143502726      14.262437218944285       114.6454814477184        133.98838278288127       28.591840231374817       136.2690383729976        160.5629476829833        -165.69662569875118      20.773892108126375       
rwgt24                   -17.62253364820711       -4.540848415702566       -0.6096962177222153      2.481067997574293        -0.9094689165363468      0.7207779750421119       0.08263817804378959      -0.855023762907126       -12.218869006055318      0.3425174350893032       -8.39304141226145        -13.241654646060816      -35.694880028933795      4.585343694659372        27.889184302469957       1.545742674996447        -0.1280542984879453      0.39500483899234407      173.70379151962618       0.32449380626377433      155.47759816856365       52.56874447067298        -142.06924562753437      -10.95269998572195       84.19575230951273        -0.44495968844844924     14.239389408950075       140.13223788199565       -57.84940274332533       5.20929937945678         -152.22880218619378      121.25685683675226       96.61612894939736        -113.07678389607327      -23.16106959589115       154.07725730660684       91.36332929035427        
rwgt25                   -149.4912021471228       -0.26420229930406247     -1.2035025172461187      -2.289938361028059       7.256042357859341        -0.14491934235897874     -0.6480374869207884      -7.012792478446113       5.502810178527884        4.567879325069187        17.361108771247153       9.479451339012556        12.079816461130946       7.519019755915323        -2.118749993985425       -1.7033036412297897      -0.12992049052741653     0.06314913487086704      -165.52770323592392      -6.840348740858559       -167.28688124007576      58.72022327997399        -153.52883898644356      39.32007100104599        137.77596732800276       -171.24823857239573      -19.046494040217766      145.65244012165203       154.52068959514452       -51.28599110188787       -157.52111479848156      42.289879509519665       112.10362347062022       -155.7013721497394       129.87219586711126       -109.13807321784766      -34.59291186738301       
rwgt26                   37.54541120051712        -6.842153834241304       -1.4597917620282421      -2.4638214167965002      5.334071162984495        1.4699061153449873       0.028391006715799305     0.1466613652505835       -3.5188451360239945      3.593683556021107        17.608530949693744       -2.314573546598446       33.244082767389614       -0.3841700559474859      26.3454061004158         -1.8668015005348066      0.113663815420115        -0.33588977138453974     11.44281446613698        -62.803079122643325      -118.06910574552693      101.01106977056531       -81.59893129222189       -41.62828766202182       -48.758169127294536      -150.3775029279755       -79.62432124579222       -9.01135443152046        -141.22393502877213      -15.589400717341107      9.802470336256846        -91.36431369091282       138.25241792720857       -79.1363513125577        67.81098991721021        -135.91741741288038      -55.27064710906751       
rwgt27                   -37.19163719348944       -6.713367742411453       -0.5475363474226054      -2.1948663245358357      7.5515069700645014       -1.7905242405240902      0.03197424877486077      -1.1949142720347554      10.567066217218816       0.8906240950450135       -3.1385018333920343      -17.985671742176024      -8.988719192998289       13.184520304329979       27.947794825947156       -0.286236385759536       0.0565934711014425       0.45723114995261904      90.66508602464012        -128.3637430933159       165.1196961246352        -111.91421916537085      -53.38585285783513       -96.97697980812137       -10.94076447538896       -80.26017238526885       130.15423260999455       -45.4081756145531        -145.5950391468194       55.36673971303071        -38.035509231656164      104.68175956933328       -72.24055332811008       -140.74831255497566      -106.8230712662675       148.3057296495769        97.84142780941437        
rwgt28                   167.20839007515366       -2.129107244654147       0.8270429751564461       1.5321319197958516       -7.380020075059226       1.0455095048190355       -0.1422518593039338      -1.04376296414197        10.793365166384206       -1.436706646834514       11.917655298252203       0.8317660572762335       33.8946843297212         17.500159448431788       37.504850148276105       3.972484095616071        -0.17415965500001865     -0.5420673463954908      160.5514315228114        127.87778090833592       89.9144624152267         37.70306229369581        -25.677862090204457      -51.64203155366866       90.49856300017063        -163.7170904448081       -110.75125285044227      -101.5441549266285       153.89481597799562       39.451737195295834       38.757698269723875       -76.8364768124722        174.20037648333482       169.7942424845113        -157.19841085799413      -120.95206756606416      13.184162111906375       
rwgt29                   -120.89356517764392      3.7325578747962007       -1.0001872097840503      2.912629434309837        4.786501052778945        -1.7025322643934957      0.19033780804657163      -6.391710747561296       14.478864091965786       3.7223829556038215       -17.214192972700804      -1.0063764153101182      -12.572625534651785      22.714091765066343       12.133333909379289       -3.9065547428472986      0.1238436901720546       -0.5451831710535124      -47.99110005079794       -157.042975525985        -2.1383608290209963      -80.94920463642498       -135.6889166572349       65.12388688817828        -45.046612797985546      -59.67276000880349       -16.929839774392548      177.85613188037746       10.01400195340122        -54.697859025339994      117.08043106414539       78.20709944897891        -72.42682092379272       -144.78120331021515      45.091108422046545       -18.160496779445367      -30.694944334313675      
rwgt30                   -167.4774856144483       -6.966310781731977       -0.903354039163786       -1.2090823757446338      6.125151390789108        -0.8635712046877002      -0.09212171777451861     5.9979980984591          10.371956455722682       5.648468247128946        17.360496609211225       -5.47568821947036        -13.98263552257243       50.81055784305755        6.2392336336452985       -0.09474526409658157     -0.12444176955464406     -0.5904903319515611      -1.4876074088422797      152.82298697565432       133.7473738919328        45.191714008069          81.67884995465255        -92.5170132803787        -152.945416113706        141.0164361094574        27.911188883887206       -164.54841025442053      -80.51837828548508       -39.08316549843781       82.90872940015902        -35.37107389294047       -163.74681147721543      116.3305382081997        -149.88064876165325      34.14646749940215        144.4196429744731        
rwgt31                   -140.6022411294307       -6.365939902384722       0.2728159739906344       1.9900681851166047       0.9600141619039597       -0.1801726165401254      0.6865729644952014       4.185489808777619        -10.364477669043474      -1.8892909616082099      14.007477992597842       -17.854711922251383      26.365951689841864       -51.0792438669738        11.005322351200654       -0.19390271905642908     -0.006734606933567089    -0.3837499525641502      136.4618785025055        -118.76185423056441      172.19264670300373       -144.8280436880489       36.82883810403948        -149.90541984626594      90.2576384614257         -149.0438332305423       -2.6258750731373937      117.83743966024645       -170.49550865206598      -33.07576980494275       173.39211354649757       127.37380346780958       -158.69193394606822      -166.8976755376273       139.5685489261428        40.92338972954278        -36.885929079360636      
rwgt32                   -39.87703313170698       4.96630269547532         0.9875517710470583       -1.8521230269330446      -3.5019391334133907      1.3003123201580995       -0.3148705101135199      5.013213950458993        -11.287833651572356      3.2608251760385745       0.511344734768997        17.699636643317135       23.093606803767315       20.57231656587767        -38.11442212107439       0.8488398926047642       -0.12292634220720242     0.21093975603481108      155.18035749457772       51.192491494678904       -135.44888197314134      118.02490381063308       50.45986175923272        104.5921231425491        115.5946559925452        -110.5146132370388       -134.91507814686355      -1.36940911410818        -171.4113876538639       37.85485648511349        -57.66425518749857       77.67675430039156        93.66284077533834        -178.2647600406558       -36.844429488263444      65.66423755561905        -105.06980102071547      
rwgt33                   54.081541406906496       -5.821041739889969       1.2401626878051577       1.2173669630004005       -0.1250443214871595      -1.2568521732017246      -0.29209512061897336     -6.759375693342878       12.281116793878017       -1.1026637870878249      7.135283744565175        18.083953537851585       -30.627785582381506      3.550958739034698        -32.0780463971496        0.8152974973680456       0.07189248347065913      0.46794602792814854      157.72143371668585       163.02824781837836       17.98920719816229        -72.19151222239017       122.3297272302355        -54.222341535645754      20.920126591585245       -122.26333427333947      0.7959718419047306       -79.08036356122462       -24.668042321469585      163.20525859708306       -151.29270934116352      26.91209252299862        -67.05992344902336       141.60653320455475       48.063973431934755       -162.10970075814336      -12.713056352729552      
rwgt34                   -100.79469279351976      3.445983496840637        0.44273439300852124      0.5678164810912549       0.762466733609676        1.5598341351683636       0.656057217670271        -0.7381710389478986      -7.212976030458992       -5.359991497527512       10.482486731646183       -1.3778953803002487      32.23545214809444        -13.785626250744421      -13.82658592493059       1.291693005530699        -0.07017502872672989     -0.5229348373759077      146.8740654297149        37.496825392529416       -71.47465113171457       8.071494949060622        57.70707564061456        -127.43124558898396      -118.36087059324788      -166.3791020180633       148.0429411997805        67.56677005161995        -70.5096275074156        -95.98071484947702       80.38557405772445        78.15132833961854        -92.197036004279         7.135256258383805        146.71000596181818       -19.057441532671163      70.3308248129546         
rwgt35                   37.64278277503254        -2.7175916257526076      -0.4724481472789599      2.748270422652049        3.9089249701815323       -0.2264114854210897      0.725872283335407        -4.155245300023049       6.260328124743122        -3.753288048603182       -9.606117205357327       6.63927623171919         26.803105637525164       53.04004426136578        -0.5105166569135662      3.2141118048770974       -0.015114175702848204    0.09720036330996185      102.70539376657626       101.71923665258174       10.548701383261914       -82.07353202587706       -81.79301949056399       127.28212040897967       -41.53547082643601       162.57100713382522       -1.8124511899206368      46.640419088638          75.25652488555065        -97.64937109021538       -21.941042132176335      -35.85305395614574       159.20336097673976       35.7723209027053         -70.8471957952882        53.201642613923696       161.29913100196006       
rwgt36                   -153.9031294373708       -6.504108021827861       -1.3085866076478199      2.685249777713776        -6.251567848793988       -0.7396325478738976      0.5763721820066963       1.228892908563469        10.711178517859175       0.1680903354723986       -12.735591801046564      -14.843020315789405      -38.9213740546724        32.00945493872632        34.839205671908076       3.8013774000193497       -0.1606626728495241      -0.46634807190980243     -168.7534106759708       112.41867663386921       -55.517889398853114      -32.61317766158962       -83.22445313594933       -160.58557707755486      115.26027229184683       31.431559268001024       -168.333508907355        -147.5555625261146       107.62438068489314       164.89850783738615       -68.85088168893311       -175.40596764973594      -152.82477379921545      38.09877285620857        -125.95350101312039      175.9324965763672        -120.19997054990624      
rwgt37                   43.768100010533175       -3.218123033120726       -1.3762160578530178      1.737570825442237        -5.247406146624579       0.5093392578893292       0.6708336022848302       -7.711490107567832       9.047585758937863        1.9832552356208595       -4.594114471744076       9.805603047420668        1.011518662467772        -44.09221684879627       7.758336686722615        3.442130641082633        -0.08415384197619359     0.12832910209457016      9.194044502694851        -113.20312558847823      -73.05036910829304       15.17984344160459        19.94498193045274        -96.99102698321273       114.11562681589987       28.338912801860857       -7.054326513039825       -19.66288927053995       -75.83759699314722       -61.092752027710375      -59.524742985824815      158.86296897863025       -79.6223826383034        -154.99641895436574      -140.1508946604314       -61.78128353118447       -34.74823998831633       
rwgt38                   47.99678802617615        -6.36227685911693        -0.9492479760721523      2.944333788895694        -4.630283557754911       1.4188894613738623       -0.5649321916982476      1.4498415473158142       -2.414159177080043       -1.442430756157827       0.70349788939658         -8.141598251528833       40.566744802898256       -21.154667728032535      19.890320258778118       -3.635816412410163       -0.16089445149160123     -0.15369133364907434     -88.64763759346332       150.90767259336354       90.37218890489447        -153.25602386998537      8.20901353826622         -12.744362850741538      176.16219640619647       -64.17892753054535       155.1307112547462        -45.276535967259036      -15.750905152513553      94.17626726961282        74.14413078624813        95.15837624954872        35.98873811510089        -124.44338530627806      -76.7101183893621        131.50301512316702       -57.186564620517075      
rwgt39                   103.7065758388922        7.278110533077046        1.4579580997959558       1.3322519675475872       -0.41076806475290173     0.8774054996489462       -0.403789953418794       -0.5878179191785851      7.732582303185847        1.2818487572216313       -17.77760484372399       -14.120507098660811      12.345373953057901       -20.317429456296715      25.7767157082596         0.6219863050411965       0.07689193570237984      -0.4476487409223414      -140.6898771301186       74.43102958067544        170.58168314949734       -92.58834502686729       -143.59067915101895      46.07462133486351        5.537928469410872        -77.36477653594741       28.725813663506898       124.29077476469945       -48.85160985848691       76.43550077220016        -85.195600699151         174.42295786100976       20.78824419542812        -12.80766726191888       5.881967467192794        -82.74893697007035       29.023082118000758       
rwgt40                   54.79572039649119        2.061080278136811        1.4595703027501281       -1.7404915819119142      4.203223023365043        1.8837434684250094       -0.26794126293884335     3.929911876346682        1.746877280004572        -2.88467549188131        11.68347274316703        -17.656309830666267      -5.330126413269753       1.533208195774293        37.59596947060234        -0.7647783946189888      -0.0016681109440172814   0.3370360396443517       42.17055671685296        -138.5037068489904       -146.62058104277608      -9.099382931013508       -51.99658736221838       177.9898449606626        79.1284013537844         156.00119952708968       14.316290683646628       125.30478302096935       -126.09838727893116      154.60544661044662       -80.19228432476794       164.8328959843942        97.49700565209696        -41.68668530462108       -98.27229973065081       116.53822423990681       -121.84177057628187      
rwgt41                   -140.77118056145898      3.9104470994703293       1.0827237571183759       -1.1085193104729525      -1.6113033411224524      -0.9238085271280456      -0.2374724750566789      1.6748608991611773       2.3152262713899887       2.8755114021814823       10.968997293366318       10.618722837783526       -27.554743253000318      24.391775003019248       -27.833259327446754      -2.149249454982338       -0.07871985657054313     -0.6241869937561572      80.49656955782825        -3.635132787670159       -121.18113320077433      -56.981523462099574      -160.12493977006258      92.20759686490663        37.387970781308184       -55.74103694207534       105.20535315731695       153.78537564655306       -8.16678645140746        -85.57907020521297       43.10462467106933        133.87255600163678       -100.58981101403576      164.47709037225178       168.9324293943164        -84.8033985008753        -33.3680577935375        
rwgt42                   139.66823235805094       0.3606581800310176       0.05924809707272671      -2.591445780424013       -0.5356467429995968      0.4990149942697619       0.26158968553601714      7.041078660690997        -8.838557247254926       -4.453037420603568       -14.256695772000882      6.0745697846670055       33.546679014387394       -49.08471079267691       -35.420713152755766      -1.3081456619740797      -0.07735980957367881     0.26472632022318165      130.46836951383926       138.2276365527057        102.00777022259228       86.1197827107776         92.84762416215972        38.394408037286325       64.13794740827777        96.43807002641148        130.96661167709664       76.61865556386715        2.2234786591963314       -62.51612190906721       172.58880167581032       -125.23327960036738      148.00964292308026       -151.7060707839002       -116.32599666831445      -161.38922088978927      159.36925069445255       
rwgt43                   107.47956547325572       -1.1890167963097324      -1.395315888944481       -2.6013627253041247      -5.924357893446564       -0.9100755073667663      -0.17577917678421318     5.231886013989276        -4.980988316991688       2.1950396421091494       3.667352327569713        10.171978068822952       -37.059442476658894      50.91955647439214        31.64888137963196        0.2957654611018832       0.12800233433765884      0.3763731066116992       150.70569360463963       -105.72682207748954      -22.630758012365447      -144.7686551159246       -74.4147532371218        -50.612542587037865      -161.26979247895224      155.20709492320577       -27.966797558597648      11.780995460686512       154.85100991821986       129.36246361411435       -90.91453184926155       -112.72731559362744      -30.69634334561397       68.93154784418527        83.97985059438525        42.72388976317856        -58.05544632220247       
rwgt44                   151.4145269275171        -0.17834813676846828     -0.2984249811563895      1.7433134245382353       7.355170026631921        0.7624241752999836       -0.7407656311481079      4.753158992188731        5.554073890326968        4.490085822374743        -9.36924717356771        -8.739025327297593       -37.05900052063573       -23.18074165578019       -19.53920883694973       3.4460364252720055       0.1769577931718152       -0.16143665025414827     -51.299347207601244      -162.78547091618663      69.05844253294694        126.29918298833502       -50.515990371988096      -106.68469026098667      -90.26134240124532       10.956060540079108       141.52551763740485       -13.935423512165414      -29.513644236531775      114.4710590346491        60.331222393354494       120.08262285273105       -42.869144725400304      33.469144423722014       -139.93236696907283      3.013718443408493        163.70256207691216       
rwgt45                   71.43370614067447        1.0188283042103103       -0.8880152779957204      0.09213110269465741      1.7732571632543          -1.900559811126879       0.42877520198013364      -2.785810880451402       9.767269211782878        -2.435053726582515       -7.146543055742235       2.7654242513251113       19.478676259680427       39.83280210801256        13.836760654162852       2.0698387868777095       -0.0013865905543009038   -0.5471721766127389      -165.2254487412861       -113.90937093253385      -53.837705409466054      -159.88102304799085      -28.044298416059007      130.20273968135302       48.890093873187055       -33.68944001598416       -57.96878072655599       88.72802588037405        -138.36746103093748      144.1470096120995        2.8799716483963493       100.3683710685462        -77.07733795596984       118.13241456921082       134.26171069337357       -46.4579739285781        69.80147887366329        
rwgt46                   -62.38334422216154       -4.587091148398507       -1.330647442833263       2.283637089739429        1.006971325084411        -2.1404831164797167      -0.034314870642185524    3.973543283172247        5.448136734614295        2.182581548789573        5.016080055695376        -6.767446209659752       -41.5442603370485        24.404455855717643       36.59614181440479        2.6205509092395403       -0.05925676655796609     0.324721420698024        126.01723386752906       -30.225602958094186      164.51046899935892       15.017330595476409       23.524693266958366       -153.0937267459193       2.2849320941165843       -82.5744574026474        19.004421883432798       -158.52827419361628      -140.5467011689891       130.89156507557885       -42.32859026662851       -141.88404858359007      139.11950236933063       44.54448917166795        90.4799998384525         -142.83350421910603      92.20667442783315        
rwgt47                   70.5668689732027         1.6723330735108783       -0.6949117115303798      -0.19322104608684443     -7.463652874174067       -0.6329282177903479      0.7078128069003424       1.7550387409344212       2.30045983008155         2.4316891230236823       4.898662024101661        19.409123115471502       -11.71655291898309       -15.75410671241778       16.785869812419705       4.043816785987962        -0.011386338210726044    -0.09140799800192478     126.08641549747983       153.09311652277893       114.15193051739027       -152.96389189455016      -94.45353719919332       -11.502277714059886      -13.471210345282145      8.913719456694423        -16.88061940165204       52.368160365164385       -177.969914266923        -95.52510379874387       120.22025433373818       150.39675815660905       -103.84011535531332      39.53396932642943        -67.71981435192765       -60.14163903209983       174.52392516050264       
rwgt48                   120.95853881028899       1.8182843393866621       -1.3859257895100776      1.0844293813391523       -5.002231900649418       1.664529894830867        0.0011671841348851464    -6.738551082211267       -5.3097807251272275      -0.40414510478727816     5.9826815691337565       2.1641531580929687       -11.65034057715338       -35.54739118889763       36.03270991486664        2.590602373401774        -0.07583487785034382     0.06983936631867493      132.82728338804293       -118.70890053617117      -102.34752393218895      59.93460767299155        171.6514256947852        -103.48681782763667      -144.93628762972722      -52.300514036373286      38.99156543017611        140.18353343887634       -142.39946905820761      101.41542294613663       -38.136598427929016      4.513337389338261        89.41346130279203        -108.67356578104389      114.05491891952647       -153.19462093329204      132.84633009159808       
rwgt49                   58.75181159596539        1.238418125700659        -0.7146441222031393      -1.354856191729862       -0.738692548682133       1.1329363636869765       0.6835963110024332       -1.0181247495576402      -11.197665866489132      1.021511581636493        -12.480340541687827      15.50543164354508        -32.92808824419477       -36.90016785181314       -10.800174349797242      1.466053604807561        -0.08422951736496855     -0.5880203391083909      84.36517206137427        166.047043063256         -4.644739527338658       172.24319793886394       -9.506123714402321       -35.391982870358106      -177.93654975205158      80.31659885172661        25.096789604704213       -55.433878041579604      -17.67858631644782       27.347266582874          -165.04469732356398      -124.70116772174865      -178.75108516094798      -15.77757248267406       62.02444534307253        175.2639018162347        146.68598767725143       
rwgt50                   149.47902312084597       7.0046392042117445       -0.7103500942065245      -2.753961972884921       -0.3568641032476796      1.7282360299580009       0.6130608197176606       7.772343239035247        0.7277705863709212       -3.169181133963058       2.7147065960415375       -3.6411552009117116      -28.6627886099007        -10.372032713249126      -27.468788732047862      -3.4823665527643444      -0.12872500249593175     -0.5265229047655742      -127.35110911421634      167.64865204073368       -65.16982468019313       179.6419655350793        -113.47256767375794      -145.5835928976784       78.85783105106924        100.70963175735551       78.23246997212021        178.68072269518524       -8.733651049732913       28.683910871008123       -39.078865104687026      -73.93853541414451       159.97980986924858       0.05035488539132871      74.40930983320928        106.23683405812          -124.83802903604582      
rwgt51                   115.20297992674682       6.604768785893991        -0.28206799727847076     2.943782408870491        6.356643974893208        -0.29448615468461226     -0.06562694607332786     3.493488671423008        10.613133002939446       0.8773690971975183       -2.1152313891905337      -5.2055641466659         -23.38654734355471       4.408959555555164        -31.341982892970712      -0.7608330564675425      -0.07301208753371657     0.4671068021258601       -167.21202672770664      -62.656501599264885      -164.2467092925813       24.510348292297294       -36.45380580961944       43.69512861413688        38.20463169836353        -170.3587745734281       134.28435294116935       -91.8673915651712        88.31227514728539        -140.9492460183282       20.026299103397633       61.49720102634498        -75.45749328283087       -118.71301572043936      -91.68269871023978       100.07445315375236       -166.1190343446772       
rwgt52                   -133.13674761559153      5.243406307671193        1.0774343465218366       -0.7182289612958486      -1.7746528078895318      -1.4861574617931879      -0.808191605912758       2.7538160350583025       1.1803123451594821       -5.410282693706275       -8.432704155604108       -18.068591392553056      7.21641362192527         0.41762747704438397      29.011433817693444       -1.1698958097652539      0.02389803374346866      0.03020773211884087      168.97325664883795       -117.34210227253351      -67.71371759830814       79.61587017959812        -160.74861880281668      -136.19852587732703      -132.65195504043422      -167.20215043381342      119.44231649426285       -110.22459465175211      174.69625968789092       125.84003561507797       154.3747576132319        -86.74173237987486       140.18568500285198       -133.83032556404402      36.003880538889376       173.95062145368848       -118.21764274716634      
rwgt53                   -107.36346986724547      5.374146557613471        1.252830033768426        1.0969183884662117       -1.133212325294405       0.6484400945427531       -0.6822276662355341      5.539570435571876        -12.478839166019867      -4.9405193296323         13.859779238213648       -9.999021841806375       43.21174199943712        10.40362651222982        -30.802444743404422      1.4159759290281126       0.030730073189929624     -0.18720585221307173     -162.59848741835674      129.38804694687929       23.65033002089794        77.38555209228497        176.30932637253574       175.3618002877796        -8.631642897660669       -134.0604469738782       -133.3132738189971       -53.686169225660876      120.09020144466757       -144.0946477393402       -133.53311537318632      -79.86555463657898       99.81986585403342        115.82846956081971       -0.03286860669578573     -56.8055108592702        97.65324254142166        
rwgt54                   77.23914452443745        2.0296529007182285       -0.8511960955451783      3.0454348743782873       -7.2294475861959775      1.458332140851454        -0.5276542050328561      7.380304231344364        11.372536136249476       6.302593173102302        6.352341267004853        -5.435735634602578       -29.799764543755522      -52.0104929721425        -23.072982267863907      -4.7609687376326635      0.022015439161416017     -0.07151000542610941     41.850014400727076       -48.46634048990572       40.405736118726765       160.42699888688674       66.57741733283387        -0.08745795634609976     -18.59673885436993       54.912657328929384       -120.7814299329762       -175.89937695787907      176.46312488276948       125.57246288121519       -47.35402827609545       24.075926712533914       -154.33772879166537      -34.22699512274505       128.80922009248116       67.22260616931024        114.17516894402331       
rwgt55                   -136.50401977306788      -4.5878783429367616      0.1445916531187088       1.702785372517451        -5.217147554164674       -1.1846168486175783      0.5141674096884068       -7.0732643106416475      2.0829239344626025       0.21656173824431946      -12.332281512519307      -13.195220002661689      -39.70731539785171       -52.19249193955983       2.016155256816411        -4.107189533074603       -0.16498134122344515     -0.28299502176275704     -3.2103249585758533      154.03957681714462       -24.892596064810107      -98.54395009141072       44.77563680102563        -93.05951366337537       -45.59607021369564       146.76277922530437       -77.74763451883678       -22.009064884047604      -28.28506886748093       172.3358544693741        -124.7418346749295       176.65869987576878       106.1195586952851        -2.975992453260716       -91.68857539264644       70.85853327866212        138.06882691757806       
rwgt56                   43.938730035710364       3.8938804220719776       1.1298103159644526       -1.9882610134703125      6.233722666705287        -1.8693004952610803      0.5072873728207692       5.82822651287455         3.738723476757041        -4.642301112239764       8.12644143449474         -16.126617301758625      -43.19289735858039       -23.469276735627364      -10.327706154227755      -4.759463989160402       -0.05708265323014611     -0.0622830216040301      122.81849783693855       29.93237032658473        89.35540425762753        -3.111775347512861       167.24109554276941       -55.41447064045148       4.156363136557502        -100.98895355001831      -79.42354548005154       131.8223174346847        -45.365683324764234      34.94182114859706        173.85254774549355       131.38969314720958       -102.62238029904465      -42.28276576482634       42.84174993836788        70.72706475158577        54.47714704676173        
rwgt57                   -97.64096104471982       1.1071510234098758       -0.8109025421808382      2.9086325161433404       -5.196232275999254       1.9344281106823886       -0.32387415573256667     5.636063284238143        6.12300362006064         -3.233412740352362       -17.8952875417326        -0.9106375233064377      9.567396506004009        -30.759527802967696      6.303788379035211        4.5088760725165855       0.09239967276523608      -0.4853076656216345      -93.6854175533102        158.3609566328849        59.50438542535596        98.86146497617653        159.46884835044722       -126.08755096864375      102.65639039614558       -27.89222107136888       -78.41412124344676       -89.79769380115115       -28.114867438005007      149.29592281332123       132.49008657406313       -138.773165959296        138.29433593499124       51.633391261640696       -156.9611598334062       -125.72259831307841      139.2502796059074        
rwgt58                   -178.93839636674957      4.6526729806490215       -0.5445973178699764      -2.028706651447864       -2.3834180126652837      2.0439560080046886       0.587530637032841        6.190469079736061        11.491865511445688       1.703705992147297        4.438370840087739        2.3002823588670154       -1.9907152084048008      11.011589370219568       -1.4416069858484164      4.187106861562331        0.10973757599257294      0.031525769793934955     75.94474144167026        -65.84965295037566       117.98450024162412       -36.20637835796762       -147.2120491568137       29.325637448426676       124.88577047848543       -35.14977662848074       153.52703486710254       54.767873908144395       -41.63347773767083       135.24891311950165       26.15033042162355        -150.39932244561854      -60.97230611497177       32.04921715939656        -116.62998546776986      160.02747931489614       153.60914113146953       
rwgt59                   -27.177421050888086      0.8667047486628485       -1.2862839481661061      0.9207238859425688       -0.2701581091635239      1.7187523801311269       0.5559692707136337       -1.7128211905279427      6.463976747133259        4.970957741544844        16.385669115979425       -2.9951499930479564      1.953422755021954        -19.741459781994443      10.94232881023131        0.7816128174580124       -0.1629267670361952      0.593365993338795        105.52214576224327       99.65007729417596        27.068040671353515       -66.2595234353072        -125.29324361044826      -3.9121320368048487      100.58829625821147       -110.14667817424609      59.470690990632534       -11.607503632675275      103.77891647873366       77.75391017791793        54.4410193453613         31.08145254619862        -97.10307512396973       -64.93915853695977       117.47988262570033       -56.737445837264545      -42.085619716727194      
rwgt60                   111.0024360080987        -4.254296785286908       -0.5618902085005912      -2.197530722273394       -3.3087746613013245      1.838972577913744        -0.20510053027967456     0.5676751582526949       10.634202506592377       5.569449072164735        15.369946680592022       7.731291048820246        26.928222464888435       33.31297094091194        -5.232404540927881       1.5193128183053997       0.08996863948670542      0.45896293670194044      93.70657319859163        30.72606814444387        -172.7800725653387       -67.63836902617656       -91.8090949550062        158.7109415203846        32.94523408344821        -142.67030960790711      100.05380293760032       137.25579954101028       -9.25547273303036        146.51549870952852       -4.594047168118607       53.36965652655735        -52.33766192251406       19.164161548879918       44.14392099416588        125.59826351053022       -174.03447683510396      
rwgt61                   128.00038307640148       -1.1144645764076433      0.4701543470016323       1.6077821271517392       6.657482357892242        1.52210230011522         0.7226241463862422       2.824962859835918        14.663658125413786       -2.537180334989742       -1.952787778999113       19.064526766765972       -25.647608092407943      -4.099494529304046       -12.625934660667017      0.3017734103524967       0.10945240725499517      -0.09832586126370302     -110.78095715030854      172.47926001277648       -129.07889699408713      -116.08930740881478      66.65984262641294        -115.00664157720232      -29.730365019260972      -2.623206554817557       28.18841132622117        142.46538898191557       -111.21410868755025      154.11615407770563       -107.65150680581688      -177.0758136096527       113.62187044043327       -91.90528666591621       -38.512565313803464      -131.15726561299056      145.79721286847462       
rwgt62                   5.613557183928037        -3.1223486724541525      -0.28479408989623956     2.245817882471017        2.9397825969371496       2.048239121936295        0.5365513748410944       -6.027682060452135       7.26323763766996         1.187090232791319        15.645202995045189       3.918133296667996        0.8540120639772226       -38.9385674513544        -21.836300358873107      1.9575112940388353       0.16986050363078725      -0.3440027053531205      -36.936815899485936      -37.46183353197796       8.015261858425902        -126.91425943080995      64.69551093474692        136.42380416939682       35.83887199329709        4.6749226723144375       25.08310609212421        112.72702128221698       33.879649281358894       -13.040001464250423      -39.54853199798376       159.66279571300663       -127.06658682714222      -78.50812798822783       -127.62701640262296      -52.66614559298665       69.78114928213952        
rwgt63                   61.604603028301284       -6.0684997900548785      -0.4711708692142582      0.7100004493237728       5.005831743897119        -1.1027234503550984      0.010289081454814109     -3.859221576943773       7.265153976823651        3.592349304469364        -16.453656042596066      14.263992522919843       -38.00308211205036       49.98006255434632        -31.815115629588487      4.662846851147529        -0.1196434469025382      -0.3945434077125065      -42.06674918827551       135.60176121856802       -34.83849870840223       150.13847889413074       54.45616688321351        72.86790947349502        131.10605647304953       107.53467240841263       72.41835821008408        177.16111997608812       -39.27777903823315       -6.7780566899940595      -8.225921987342787       81.18996124029957        82.81438977365741        170.22262877508842       36.761212407224434       -89.8139689908612        121.2664193166163        
rwgt64                   177.5372055314764        5.498018992016768        -1.1052066939690393      -0.06472113454098194     -3.196208291842817       -1.0389490859219508      -0.5024948802492946      1.953333232560678        -3.25558416452826        0.6094294978172954       17.395421553067642       -7.8886177155647275      -2.9701225860181353      -52.61537359124305       2.7881186956511996       -2.0942028137432347      -0.14330406668758058     0.5330891002402874       -4.2131417297199505      -116.39460442380957      -178.191806968372        177.98950569991734       23.753918195724225       58.74415020105016        -55.253176139677066      35.87234405353689        -156.27909955342318      -2.384482671928822       31.435943684401764       120.4057759701812        109.69469122019916       -123.93010633339995      132.22359888323626       -2.3459727839570803      113.66490318655156       92.58587529728658        -85.19554951020955       
rwgt65                   -51.637373041617565      -6.938039636300376       -1.3803043831428936      0.506430298006443        -3.6053722362460228      -0.985815576900865       0.2615243313852802       0.43043098992160633      -5.489625395489229       4.727357505498256        3.6056236858407473       -9.451511848234897       26.907987164816035       22.881644402463934       -38.36562480062598       2.0450314597969523       0.1160550664677753       -0.27321030784950184     -58.26289121685399       -65.18578661770755       -163.89230189742452      -171.18898843634582      -162.88446535255304      -156.47650797354348      158.0954734822892        83.3926139631015         -178.458603141449        -32.970076555323175      -165.4443231805771       -106.31449429516177      -131.62668645884636      167.28600634018812       58.836330942476906       -95.06466560356483       48.60686084808742        -119.7701272445462       58.4564324773535         
rwgt66                   -68.95637685844895       5.771722164175984        1.4744175354765223       1.2574873772864272       6.628535842317971        -0.3169275789747559      0.4745667307399597       -6.98499921954993        11.233699118683056       -2.296277116279045       16.487572365174756       -10.056815890907483      31.112161578563843       -48.28835727501858       36.06866696504629        -3.0186207918871206      0.1753874897594761       0.2861250621763467       106.44944689486272       -145.25808663702253      -159.36837305878774      20.520511908732573       -154.71138341877736      -13.69201363481642       -85.27676940231133       -28.42049792850139       66.87037445629358        -85.86910585008037       37.54790288266122        140.75000311029856       -58.70031168803341       -177.81541739995515      172.1832394070799        29.029983090386025       -72.3340285073017        86.71028660584267        -47.81890400641393       
rwgt67                   -92.615294974672         -2.4073549913956516      0.946425827144113        0.5854659419277355       -1.5930071082802337      -0.5106550751425729      -0.5705524102250774      -6.774907439891834       -10.141010895445348      -4.959040773888412       -0.6408036192454141      16.285786877585956       -24.83582057237768       -25.658234746057833      21.904018039532055       -2.049613713131771       -0.09150673152331715     0.2520750711238069       -41.48350107370831       6.345119738522527        71.91959257353645        -105.65423962441723      156.94635462454812       -166.914688053974        116.45434440159079       -74.98529006747872       -149.77478718735995      33.9384231160511         155.82177038677975       134.5715937397104        40.71788187176432        -20.24604588453684       -156.00870085341955      150.52983110259146       -91.14222442789811       -166.48224889463387      150.68174345866674       
rwgt68                   37.96001826600903        -3.636252581903029       0.29593994734485407      -2.8193184705203995      -7.596400222587041       0.9084383676839516       0.5151138155808848       6.121859078090586        -15.016986369599081      4.338285296044219        7.3089972812904165       16.549704772367214       38.829040468924276       -0.4186226994808351      -30.023411310994746      1.564391319209614        -0.15608054869093618     0.12957613538086         104.99952541824473       54.25432960026936        -56.85084216811974       -68.4386957599504        95.88943720862619        -148.04910597124996      -78.94267717929841       -141.85912768000594      17.22715326106885        61.640516610421145       72.86453819265398        -81.3603576106074        -58.62029919931163       66.15048693698981        15.134091783367893       24.161784724432778       -58.05352602558516       -6.330406476115428       -149.69657163016345      
rwgt69                   10.342550798074427       6.107222187024859        -0.6322857980049469      1.5161330170680953       -5.4422059399251745      1.1860216681135927       -0.501517624374386       -7.43748650894478        -0.3077083418486275      -5.097643705404655       2.6462440943762573       5.889905095965904        -41.88024831187137       -33.61743528335734       24.113708759226782       2.4494229097860636       0.05172494383517323      -0.3256770251624587      -165.46341857857286      171.06355475617596       75.66934766987916        26.900868929769814       52.34724915401142        -153.53965782249182      175.8213409596384        -113.68490578439678      -26.397139962374524      -72.84256143823721       -41.018678212071194      6.143165678170618        173.18337389545735       12.089865416948726       -163.39764763357886      -157.66510921208         127.50443486852754       -2.16696782573959        122.51276767321121       
rwgt70                   -153.550328638488        -5.737175354341181       1.2245245347703666       -1.9270734698142855      -3.2267626263662113      0.9031996476991502       0.3778587158694027       2.9986704409568636       8.19746139063491         4.04012170579645         9.138099477786696        -7.341677766788754       -22.512832868299103      33.53679672062199        32.15328241693827        -1.665990985236566       -0.010896654896966174    0.32509833891357964      111.55328835328646       175.70162294114567       13.872674505394883       -154.28574436695988      133.1419753714456        -49.20589803128706       39.81148133623975        29.75644491589017        22.419938209253786       66.55737919950997        120.65634060314227       -80.29305006377976       179.68837306376452       -156.2572283940482       13.500424924504983       63.54503932492477        -153.63471070896196      -144.14655616232864      10.489204210091941       
rwgt71                   -106.08162788214187      4.277841063103943        -1.1935749617994036      -1.776490978432558       3.6170135769881444       -0.2105108441169372      0.5857192354740077       4.857172640292872        2.0699215083699727       4.640734718012814        2.2096250881459163       -3.8001557549821996      -43.1638768337015        -36.58166970739811       24.04442009354534        3.4105201995708647       0.06767900435969054      0.2613506057185919       -155.3070584987392       91.4530086479437         -104.1493824916711       164.7231276824777        74.98978249077601        -74.4947455091593        68.0584621606136         -37.59668629937252       164.5886452631782        93.75580731686159        -151.59694031979072      175.28003011062543       150.48989068923447       -18.68878092314145       115.42655379572824       27.356830159656482       61.62377653236564        28.131806824843295       -43.391913734682674      
rwgt72                   -91.43962184098909       -2.597723781959578       -0.7971302708968917      3.0844177665408044       -0.38157615847013204     2.137708537292364        0.1670879928123944       5.588524413038521        -12.515699104740571      -4.725534375731323       -0.7374487125828679      -14.756525326279238      -14.291037273181843      49.52737149441741        8.56358746729402         -3.440859241336347       0.024219825376898457     0.05668026916026059      -135.66622675699284      -179.16607339103837      21.997664552845293       44.329888131903914       -1.5877348371723201      151.23863219739457       61.17576135692627        -4.937379783610169       139.6140714161137        160.19989561458465       -36.94269267302863       169.5459408529278        -58.99786564434382       -135.1931344278394       -143.02708258286947      -163.91290171366137      -61.534322579908675      35.63934427530006        85.94764793826153        
rwgt73                   -23.153629287668707      1.3283192068515612       0.4990024709384997       1.1933299961957475       -0.11267201991804932     0.7913183226982352       -0.500846976403089       -3.461637964164624       -13.134401230652626      -5.579791412824402       -0.45630325486888523     15.714363457018834       -23.830699266648427      0.3280358358937008       -20.564405449826673      -4.422234514476284       -0.12807245005708998     -0.31986468360703        -173.92611076701277      165.95299383440874       -124.90315845428957      -106.7262227389459       154.39971729132515       -138.00860498588884      -106.53273238367498      -21.729006953853172      -97.0523956697612        -1.3518654736530493      9.439885949777306        -91.87756906572125       99.21167219302606        -7.784178947205902       54.193264549954506       139.53672930100106       153.4767643434085        165.49480253498234       94.92406222771876        
rwgt74                   87.77979382337048        -0.44599934172990796     0.5350702273404331       -1.0013448571589976      -4.188453066101461       1.4692278328711383       -0.33832928838770165     -1.4774331735684196      -7.243387212881525       -2.27833259661634        -4.033177002149454       0.937019657241958        1.4780443465653192       -40.02442975525435       -6.862712217910698       4.260875320524148        0.014971052784953087     0.3669546600819299       95.67415586240213        150.48277132097672       35.317999266235404       -15.461558344424077      173.21044131213705       5.502789896098562        76.28901224603015        -103.56346857012767      155.09676870888853       -82.39676173622532       3.812334267039887        59.36946387936976        120.20989469589705       33.83623119622982        -56.342563700582176      -60.49737993532841       -41.6573304242944        14.708418927812744       -58.92723560144647       
rwgt75                   -139.82895891991433      -5.080805947782119       0.49828740464702603      1.95252882895476         3.0678216539878793       -1.0730375839145103      0.7340210064823542       -4.677720513445477       -3.758981475271595       2.8312506750572304       9.558700173801228        -13.212670626897653      -34.15705434057396       -44.83890978038059       28.548112597968284       1.5317034091537387       0.07479986903893715      0.5317352833913479       32.15634302753094        -127.73297176413287      158.16176491564886       77.29558057498701        -177.8010283703855       -146.28803303960626      60.2975388018215         -122.5819744169957       155.89429330584028       -123.9374228693014       -41.23916504635693       -19.477891885992307      -90.78450232239042       44.64213917472995        169.88399031905487       19.388794057215506       34.3515197177276         25.610587286374766       -12.37614417138397       
rwgt76                   -17.188310675482228      1.8242596440452212       -0.12484806717242214     1.5058552852638218       -3.8525124068662473      2.01463946490787         0.13175381898258165      -6.9469475591186285      -5.309685519317437       4.33659006496922         1.975688330768179        19.57611382524901        41.614939810362884       49.620308005207946       -14.309940677672738      -1.0758196103654303      0.052593019653718515     -0.5169502553777515      -146.03619557874538      -73.34422806871723       -13.47857158094746       25.14359881424744        56.41981812461884        -75.91036823411638       50.91599058400425        87.68945959258264        58.2323890733841         117.73417059950094       155.97211672693646       69.00054292033025        -30.741140175335886      128.6354057345871        -94.9433412110919        -73.79764522241686       28.902910009523794       134.37529981646338       122.9766322181789        
rwgt77                   162.52043184892278       -3.1477158500205107      -0.4989215287323818      0.890608174986621        0.2682967849174558       1.6197462835177792       0.6376086499655607       4.979550783261387        -7.277450385656237       0.534155866341691        -0.8215963934377655      4.522413734812041        -1.9000602692238857      -31.806892509231414      19.462357377011728       2.9611808449173918       -0.10118635973094693     0.4360108395259287       70.09052354793297        94.04390165072397        -122.58770430538127      -108.36604009613114      96.15297173306544        175.4450730607361        60.35738291201915        -131.09142250820042      -166.35997958842535      -119.8733350566285       -6.2635911925265475      -175.91938403815976      -127.38093823219697      -167.28897575559435      -102.04945564555881      -143.98171401469804      91.7974804901873         -131.42535213653792      29.758588992282284       
rwgt78                   153.0556625723072        3.5591804204695583       -1.3925640021050203      1.5572312261756265       2.428292828138474        -2.0902802803802483      0.2945925772751523       -5.316025908580668       -0.7804508999136264      3.788353820943314        -11.462758569660124      14.162080192263822       -20.37623210456821       -47.66155926749908       -7.973168419544454       2.249539307957015        0.041182478771877        0.1865046810957267       -158.41821254694355      77.50284522200491        -148.9329185998388       -59.524355421193505      78.29472064872539        -171.20678778692107      179.2461038036792        76.77299119235084        -37.83718833460787       72.86875325878341        -75.14226315046288       -78.06766403485614       -159.59947437271543      9.082479578679141        -128.64970663495126      46.88213106283001        -90.67438278520419       120.99827573032235       -166.6498873204521       
rwgt79                   -143.38400601536526      2.4224705369157418       -0.101567593780852       -0.7093741151174986      -6.666137907706972       -1.4439052395977507      0.09379147962121182      -3.0614544496590232      3.059718756315572        6.02162277216957         7.097351643461181        -8.590289898896808       27.89940506364742        7.206765848550411        36.553308831452554       4.080887939723812        -0.11742567487888746     0.586591674386158        150.59806403844362       129.77161193105655       161.58525412216756       -115.55764479955894      110.78304361298615       151.61601330401305       -167.1465391118944       -81.09880061222975       133.35164642407835       -126.94896439799771      8.362880082455149        130.45247634223415       -91.01602808690954       -100.77559464038838      81.01983493424132        -48.436338496010876      -51.50515213788651       -15.771124223052652      -46.14056021452896       
rwgt80                   61.57472806485276        5.447119302286672        0.2222329377399419       -0.6326257766181742      -4.114179270309879       -0.6826423606993643      0.473557099891204        5.268755657274338        2.460279264779313        -2.5986573508978847      9.458906087073114        15.747605642168352       -8.68582976324197        45.06807415173954        -33.73037101886882       -3.8529314732831543      0.09032851160261973      0.612046781203032        -28.085548900716645      -144.16755225214268      3.873709831080589        -76.14344091342491       -170.29299692558862      -150.52194758979823      -109.43989861974654      97.13555281534104        133.24540152639253       74.18324332396688        52.600040833097864       70.05847801621371        37.672478060322135       -69.14327947644668       -6.599396768359924       114.01480233719872       150.62804397999105       94.98720558972076        106.20288850558012       
rwgt81                   91.44304760343056        1.0360666220689252       -1.437347772813003       1.7562008495570902       -7.033541140900391       2.0373676419728537       0.5912308384401341       -1.8315509726702386      12.101997630990908       -3.792686867403467       14.411572016447003       -17.809714404964144      35.19300199942168        1.7217970736385624       7.442982428077485        -3.462797223061372       0.05908537618868959      -0.03778629541376233     140.29010129083701       -77.62945519147536       138.18170698428344       -129.1212099713377       96.8528680584667         -93.83817089239348       92.4807705080533         96.52976276451284        -77.44693660208326       0.9025020916295432       -124.69611532006189      80.88653252067797        14.15672138850502        148.16533915495341       54.26832227304544        -42.64672700846353       16.71347142761249        99.31945746312601        156.04740735299947       
rwgt82                   143.70534554287218       -0.9954296358156975      -0.9130932858573603      2.212605846721411        -5.478186580710306       -1.329913149364243       0.22097943276087384      0.7375982194614261       5.638902186485069        2.2672185059316394       5.472077094034834        -6.590353203722179       -27.291474767618748      -31.802713381439368      14.85202058642082        -0.7770206600020284      0.03589147269232265      0.35345879417824133      71.59680391801089        -32.2434895934953        -55.44373616488775       -20.933818057415067      -141.84058274891444      53.4432773103575         -134.68078813838696      178.59466178431126       168.03696222181253       15.17834515980681        -111.01956250726866      104.85517506050462       125.21991527356812       6.68674284715587         -111.09449370914295      171.88903799552423       4.676608952232243        -154.71129240570036      124.65331428681236       
rwgt83                   163.3881841024022        -2.1929968251332888      -1.436318586997345       -2.035122820650951       3.8741314569011784       0.9339364353324409       -0.7741912639585014      7.567085317283456        8.480031908319724        -3.0727904537841493      12.428958602167345       -7.7507457020259025      -33.502267633654796      8.057804856464507        -11.667066306195803      -2.0014695916536875      -0.08628262497523162     0.39916287827479924      70.67302214471871        -87.46865008585814       -123.56240118311761      94.85710787640471        164.0534085832262        -152.51762280250605      -54.33890842394297       127.55289911680984       -125.65058684704363      -136.6171785253398       -100.3228523858031       82.70869014892355        58.34598358499662        -136.98117616357732      19.091041178394732       -102.67485662065563      30.122247011041793       -55.87106455244091       117.28443201312376       
rwgt84                   129.23063512011908       -3.776695815210777       1.1768695005199004       1.0127068875488812       0.15970563027004125      -1.343066076366496       -0.18447207649146968     1.3200189369253286       -11.138376372280941      -2.4242451134114296      -17.74468641042136       -15.940825192661737      5.055717846679173        -12.329272254160287      -9.560286682438907       -3.209076126589456       0.06410702730792628      -0.5062584131537899      -171.66343212480547      -107.24649573629696      69.47465455174179        -65.65054242141298       11.46737384166633        -179.62912747026684      -162.0326857521897       -42.674960339980885      -107.88503047201021      122.31357492061215       109.06801515769041       31.504452441054013       60.291376597549515       5.722781321883076        -167.25888172165102      -92.70409919448787       86.52053897577531        -139.58609721109968      147.62487838302758       
rwgt85                   -154.9723296566635       -3.7587297042758907      -0.04950623816252686     0.4940020787090962       4.4736145281546005       0.5091364896665018       -0.15473096723900037     -6.476716340857364       1.1410764226501477       0.4205962092458009       -16.52806410580273       11.961262793124352       -31.31296635152149       51.09396415189565        24.119889465849333       -0.2923888331276423      0.10791836463725307      -0.43926304364327984     94.61766065444982        173.2921195923043        -95.96042729731633       65.96956531232368        -136.38188228852465      83.48622048433822        65.91815427831366        -173.19216997740395      -171.4869226596151       12.208644967791429       -94.29785379118681       79.7465387367946         13.257459444403992       -133.19019801440473      172.52467693494737       120.82693778102538       -160.36207400241747      -159.38537929500563      121.57333555200182       
rwgt86                   -110.26804154021491      -1.7370820433311058      -1.3806070707793234      -0.3079056687137518      6.033929334103975        1.6826375914025231       0.6015215368848088       -4.744904934403285       -5.529244071320374       -4.955839937340414       13.983588508096318       -7.829684496947408       38.729797404773834       -35.66311042819582       10.170576621970206       -0.6143757866980994      -0.028357689538609482    -0.13879909642928728     -170.52942309553623      122.11480751688441       32.680612875860334       148.22809490092544       16.9040736443971         -117.91236067276941      -112.62345977391759      -29.426904959878357      -10.418844166809947      44.258888438337635       104.82582930953276       32.60754222679424        -109.01329428088384      -76.71495482300571       -2.355121325684536       -38.64531875888022       -119.13276979358804      127.2344609118681        2.0097220630595416       
rwgt87                   173.15367968131187       -2.9861653368969234      1.3491879929147166       0.6323061642354393       -2.0726070402713663      -1.1351071221231976      -0.10570731652622589     6.160858035173617        0.27907077686907655      6.149316910781009        -13.518344717782028      15.457266277061002       36.40395555149536        11.660671345211739       36.44700198082619        1.8052568517393484       0.15844317423632948      0.40962829915376753      -124.23095245292667      112.32721920993885       -25.219141687343836      42.32857435563918        43.1897827044657         -134.09810462352644      35.61500468963911        -14.681626224555373      158.03550504606318       -168.29275227392176      59.801990068369264       178.58273224176634       -35.671429187420955      51.318249766389954       121.77392537583773       17.425626415007912       0.38126660484070385      -36.32360254445976       62.41066713317281        
rwgt88                   8.141750247557468        4.442912201155404        -0.1281439530764752      -0.8878284757466548      -0.21032418893116667     -0.9722501165378794      -0.32680911222948195     -4.335012155483901       5.79553458365266         -1.9424083830497958      -3.764337963052066       3.3871021367761855       35.087830527245885       -8.92301279390825        16.83377000798024        0.46535749932101655      -0.12216708156519263     0.14088281150911774      -144.1113593179118       68.59129142905536        73.88439676823685        112.99704742547146       72.72652689998188        -122.68656119208052      -134.52763722988362      -12.504449822878797      110.0711113865899        28.803887229213984       134.87938194367428       1.8879784291886494       71.25067913824404        -48.893969999569435      -6.922773289268889       170.50093447689449       131.88251018115068       173.9139112603599        37.80849003747741        
rwgt89                   124.1754020107569        -2.5570519522022925      0.3083218643778105       2.0424501397764976       -1.2606545127203015      -1.9027465190665211      -0.13764034707087291     4.273686776306842        -5.012404870847487       0.8369577094947802       12.070074016355854       -8.11729614651918        12.204690131710784       -17.598729095084423      -16.419619865220387      -0.644193181664491       0.0519586972881986       0.5837275917493748       67.24896628163017        152.163470671838         -42.39117280163521       161.71723004119997       -138.575523406965        -27.159997880702974      36.33076189556766        117.88313391775222       54.75909264726539        -157.06399636965503      9.397232595014827        -177.14179175125486      105.15608253524067       117.19498810834534       -92.10192967035384       128.1518645931771        98.86969495763225        -92.43737867063562       124.85386177654891       
rwgt90                   127.3948136107           1.485338026017689        -0.6428534109755493      1.2443685061245784       7.462495868702776        -0.9065591957943837      0.7366603651204353       -5.852961783838417       14.489577735714747       4.17937629855728         1.208235287110913        -12.304542620491173      32.694719099845244       25.277416313135504       -34.87619609554766       -1.653113091394955       0.15293861648663132      0.6159787144243271       78.80212507810432        -5.711637946008494       -149.6277770201561       -102.01168093155904      90.65419474982127        104.66049646827406       -156.69823074690018      -159.37737201961878      159.870002974765         -47.833826897923984      54.46752024334978        100.63175297588577       109.95894517028091       18.124259951734814       23.091488139087232       -34.97941602328501       54.177352391873484       -13.303657129430803      -12.157437317884785      
rwgt91                   125.38873142794432       2.9815108802260157       0.6994288061381273       1.7273301089150381       7.084151907861363        -0.30734375825047233     0.09955620862598391      -7.776956391100813       -10.001712163577476      -2.2879227323585134      13.747525314600924       18.5330170629934         29.699951425198876       32.512792959730334       29.513603988008526       -4.271545050214733       -0.007932382562074791    -0.0873903832533387      154.7161923279604        150.07761207817873       133.82823513315913       108.61299655837229       -36.89952679019288       119.83692503081619       164.59407870772077       -126.79551502366728      126.61861862477849       -61.94029604226981       -61.22282402230739       -38.16370749313501       -130.31861017702556      -36.05297555421245       -55.12354300188211       32.65242385706313        -132.68142204943572      -70.99652349038108       -133.64966397732917      
rwgt92                   -73.73857144805426       -3.062665330818323       -0.855209936908821       -0.10522648861678086     -1.518174876703731       -0.09801511718181066     0.47710121880740464      5.149019326922434        1.4312754429550587       -3.5409779877967127      -15.906026221099987      7.0942006708613015       2.7046994922067427       -47.12150414716168       -24.729389263899453      -2.7977062016179692      -0.0689083641367818      -0.15586471039724104     157.23719939574693       167.3521094745367        -127.73189339951836      -52.18177205598167       -24.759891697049255      101.35926088870013       -147.24591230718477      -119.27440976740982      77.43034996981623        -10.486115181468222      -44.653875077501255      -123.95168547362266      137.10934304451877       60.364223953663156       149.07454705370873       65.63789745433442        130.5522489022759        142.99220237287818       65.46338154770237        
rwgt93                   122.04299979347047       6.828201466311159        -0.6793753166257073      2.5479635619018843       0.2519879126285822       -1.0273762509601585      0.5455138483076263       0.8643615804177172       12.063083609969304       -4.4004559840485165      -8.72733735534429        -2.1644037614963665      -38.91520706894701       -38.68719857723472       9.435767428935847        -0.4516624953551043      -0.09791872889823804     -0.4695385974748466      46.67085611826951        -164.42692400498163      -171.8215987657579       -157.53472577015071      -108.24792134940768      -17.454845852138646      -138.06624122751947      -128.45277613255013      -61.94084886443102       52.41592758310003        89.0725568610377         67.56044264643893        109.27231198324267       23.21010646932706        -158.88931585702784      85.86386329887648        166.45584874629787       144.58530995360388       25.757079032594817       
rwgt94                   -141.689503327416        -4.38317308062944        -0.023501198393648615    -1.1852134054755306      -1.8701044587837536      -0.0686471370024555      -0.4576177218985764      2.467649064335377        -12.567557156588373      3.581967227877918        -16.906478456225955      -3.9893663051633634      36.59004435934328        -51.34513948267376       -38.0106507693769        -1.7194170742389647      0.04073498983921803      -0.3215215600945431      -60.103205118945084      -29.639592989307744      152.34151756043383       -45.77177059043652       -2.5632248893868734      -175.50814706821836      92.5994539779769         24.43837680066912        -42.86814836566137       111.67639262755694       -139.31022770728745      -161.79644675454284      112.0497185795615        129.10343616879624       -53.50441766634994       -127.01228443336294      142.52487530374276       103.34617080445975       -156.56977769943714      
rwgt95                   -100.47273651395308      -5.005837335638976       -1.2859861983337852      1.486866745048693        4.925021586721904        -1.3308134035645862      0.10942908689843522      -7.016124376158817       13.563323133127899       4.695927737688221        -16.23410917028974       4.983443369789988        -13.532545568326839      14.965403296103716       -32.120487538405186      1.3237275517860505       -0.022556215407026625    0.1593612905239199       130.689906275005         128.41303440384723       -170.94708962023293      -1.6288687127635626      138.9926525356144        131.44344377963648       39.86326004008515        -121.56381278175256      149.56641451557158       -103.9446971708207       -140.87965406766605      104.37835741265701       -36.77765031087381       33.2556548358873         46.799243888707224       124.29357747382522       111.76783356890752       105.87527004975584       -121.08381232839774      
rwgt96                   -0.23029143422326115     0.4142300656851319       -0.6972583879255286      1.188486474728447        0.21378742609085233      -1.7079891868645187      -0.35120591329242984     -4.478790946662125       1.433564273372177        6.2938413703940626       -13.707781752991348      1.2999213565932592       39.49528174745481        -4.071021937588654       -11.635577207760502      2.8710822514300363       -0.00037882991158297297  0.2032763998036996       -136.00223360841326      -38.39148887700583       144.92483366301775       -140.29829442129224      -116.50160814351557      -94.73598801972535       -176.39268911388785      175.35512383641384       -107.40217183424252      130.6274451270803        118.06689787824388       -30.24743659682173       -129.42722946160333      155.32897560255645       -125.5937118573643       65.63319855073226        -54.76337630013491       -124.13642908229222      31.15500531283101        
rwgt97                   66.07289228598873        -5.196453938900346       0.0008514260677559005    1.4180514529737804       5.46629372152573         0.454084556222337        0.4492248280046873       3.2836509274716663       -8.16592681982544        4.714507637506401        -7.395272191519476       -6.540491611035014       40.03486283247976        50.69004048257071        36.06119047263866        -2.8938947315994117      0.03534416261240114      -0.09791240184695338     111.83819429621764       -159.21134283700164      -83.85012824868751       70.9546453090112         58.42999686147692        -164.5989257010893       -22.512835154751002      -176.88153991140715      44.68862385522982        -67.9019791431523        -12.950594304038844      -172.73319292865574      29.873393158564284       177.44253226255944       43.84674381017402        147.51959039411923       -8.779271009700352       -17.544144951640988      73.4351666634133         
rwgt98                   128.6439947243801        -2.0070611865293886      1.3632504229454623       2.6872622580561893       -3.088749370203683       -1.0506590745375919      -0.07110983071812615     3.3653556692122146       0.20562923145592293      5.118570920358691        2.281034342026178        14.936345876834018       -24.392201033141255      -41.78945138684374       7.4345807922741685       -2.806937118358848       0.08022099601127564      0.6156869311062908       152.16848779196067       -50.165534766922804      158.03554838898083       5.126297077498492        -123.08271779585453      144.5926833781869        115.0040501478465        75.04966033351695        72.48046367310388        139.30062348366414       -156.38783240113054      -51.0461705779195        10.582631568202913       -160.47034522949696      -85.380799295972         -150.25834203423065      102.26750290272867       138.87986959159167       -88.30116776802274       
rwgt99                   125.8169008179076        -2.6484621002073414      -1.3086988851611883      -1.114780494023481       1.3296001303114142       -0.9026717824554065      0.5650124108397057       -7.183405112736999       -3.450632762931596       2.2444831381225416       5.464124539816087        -12.848447315991244      43.94787420217247        26.437732324475064       -7.707574081398462       -3.120973307811573       -0.04452131755057498     -0.20468862208868727     81.98010213356986        177.15848198119266       -22.57593103446365       -57.074540812048184      63.074047244519676       54.4572512475267         -138.37793010566548      179.13428247417744       129.80171041617854       -88.42597243417626       63.46666751367701        169.79528998053019       57.04165780887391        -17.6089394373129        -122.61682162986722      -80.25457386438136       26.054848452261723       172.782273491456         -165.11402872776392      
rwgt100                  -125.16996683453034      3.717993973316312        -0.6343913533641896      -2.7245768701914166      -6.885598347561492       -1.870597447801574       0.6913287016108687       -4.569838888024501       7.90222516202628         -5.350442445591115       -4.7331040945125515      19.5074180487714         -21.47208335929942       36.730271031415214       -27.092504198457412      -2.4251539302898166      0.060097849402696635     -0.2004273759691379      150.0114934107467        88.15372977820977        -5.07959451444961        62.0191398035069         157.09353950008892       -146.0345161871519       -36.56000421763707       -7.036508442604884       -119.38387725423554      123.39917842748895       165.73099868435014       -19.005576181888216      -34.59719794893701       37.67889082597267        50.418409585250686       -114.09225326547998      31.79497514417514        72.58366085240522        121.28175939695552       
rwgt101                  174.68589087771795       -7.164121522256375       0.6906949016011443       2.488393507139808        4.984390911547733        1.0539468544389226       -0.253406600157037       -5.804593061328278       -5.740507871470145       5.948059598490744        14.651198553066415       -12.15480507956331       -16.025649097963633      -1.9324342392230633      8.279463449193528        2.757265195571043        0.14043519326391285      0.5295541381731842       -105.67295914302319      57.21252237008474        73.43039350122388        -68.98217067489745       119.02191528289785       66.64740812466195        -20.4045034801334        153.17299380870605       -166.1861809771732       140.80588558522595       122.68972359572774       99.1994061799956         165.08212581977244       -60.52980939147338       -102.01831453163557      -12.326400944821131      91.32713362359965        27.965422254237808       -168.8657832213308       
rwgt102                  83.51959356138252        7.497302808017596        -0.38656355395456043     1.6381643963711623       3.739215487040285        0.38069986347998297      0.3434927482703096       -0.15215427141488824     5.010238729353375        -1.2129512687631996      -17.617771191087062      -0.9554182974183831      -12.808873841686445      -3.9521297549815273      4.270733304439261        4.105627836950092        0.03873810527607727      0.3508541662574326       -59.91568326300501       -36.70951465591364       -68.44797217666618       -9.560985046289403       76.51075942132542        36.548439315795434       155.28704104443108       155.57799807093676       -154.40600707451193      -110.79591722566124      79.85849170906607        67.22395856039361        -19.977272375618526      64.47667112312226        104.17965102362183       -129.5430965105943       108.35489986996879       4.581884145646171        -51.87753511843877       
rwgt103                  -52.388503278745915      -6.481609933751818       -0.9888574172811198      1.0540718052403975       6.874487973620461        1.876448224626436        -0.478826542900411       1.8054341044108613       14.024559987780101       4.709122996470541        17.772283498918185       8.141953465988408        18.653976120598713       19.67089342950098        30.14801379605096        4.2637734323268575       0.08952210845227626      -0.37255595003564823     -106.70597036247122      -148.75720572692265      117.5947796430629        -29.525367233855263      -15.287673899894088      13.912957130532448       -113.24367100971823      -171.9427559508343       -120.08560894537693      -143.80678620213837      8.920224613223183        -144.18799077312775      -125.16440017316592      -80.09517478252087       166.0724105252109        34.90992938375172        167.18313648966443       -3.0639361740989557      144.57137289088342       
rwgt104                  -64.3157907978321        -6.59883074338653        1.3586282345343197       -1.0376215277169436      -3.5418604649835608      0.627652096113485        0.32711914501971884      -3.6320027632231113      -5.54956859430615        5.646795043701756        5.988850480108322        16.96546122556755        29.448485365676746       -16.85289995269119       -14.026421209440265      2.1008232161114035       0.16345075275589394      0.13976213716171437      -121.00569176382758      22.43824761085574        -31.08157900347163       -89.7204668463694        -148.8893593128096       108.1414774028774        -143.24008224908025      44.12871212168517        -93.69348929463722       -55.227124880190956      -24.22273638524166       44.311233966079726       -28.72596908288358       75.00732096145492        137.67213374435624       28.833468900437197       12.341105177712336       102.50132230540288       94.33917182904605        
rwgt105                  101.60634631635207       2.512263550550432        -1.3193258511095183      -0.087288497062187       -7.513287534580178       1.6795540639982054       -0.6584306898052474      4.9299996007325          8.263534120099695        -0.5689948540746226      -9.502700447622757       11.877269902253175       2.8084231448280406       -37.199363019101234      -26.307586151543887      -0.8487684662916317      0.04320494662966509      -0.11993762328213953     -97.09088761159927       -150.4151065983749       116.27675227658676       -113.54724074727658      -101.5545907520133       -44.50668207624969       84.55090125302621        -101.91339736811064      54.80640588234019        159.54868432192796       81.44558496974815        86.36749436270213        -72.6996690881835        76.41030031014094        -69.36347328131416       57.316406576251296       -113.06396665334722      1.7335796482557555       -125.34441761341921      
rwgt106                  -164.7447100533908       -3.8560491911165204      0.0730400848107382       -0.9661066568195187      -4.135364351469812       -0.6903366799197908      -0.780457638326285       -2.856576191650559       -8.063071427820322       -0.6296041558802079      -4.968983589664637       18.622763477846497       43.1071061163247         11.379965149530022       15.012508737485277       -0.9183626069965505      0.038231413590804536     0.4621387123143069       3.467231147770974        -74.69012796993735       120.82230557676354       162.4459420954256        99.5373906992794         -81.08931120853065       -20.610263981966085      -52.002515886471244      -95.22394151343758       -25.513664940652887      -112.20156008621744      -88.49390309697161       -80.99734799277816       -163.5299558884733       -48.02824018715563       -137.92878767854458      121.82134703780139       122.43108759919869       51.193377359161616       
rwgt107                  -100.27666323129874      7.399076195855955        -0.06078657531891474     -1.3924615386016068      2.1507987984415298       0.7283520866553235       0.42400628443960175      -4.194345454817336       -9.22887435496034        2.9274076365942623       18.16883709668661        -7.995594455566389       -10.870998148835312      -11.620788644914938      -11.900066372865606      -3.9765300627465594      -0.1752007262620194      0.48396376246753203      78.5919413110351         -126.71128025322284      148.0432351682935        -141.95269042259085      -170.4002001631137       29.16289662574576        52.71613181422748        80.06626080711072        -80.14201949169019       43.30710537392244        129.70861386590485       102.43791717463034       78.22917998916273        45.31660741670416        -63.9788485354909        24.65178992301719        -7.929360422572813       19.277870805349608       170.15121985355387       
rwgt108                  5.474698740002793        1.53326212894813         -1.3701091130400476      -1.4572795405611065      -3.299486851073267       -0.04213640054240919     -0.28845063472060894     1.2747479430041073       -0.8002481754073614      4.274348626569127        -17.548046529905886      16.31618497369326        29.84548687789379        11.321090300993134       -9.443809640442584       0.823769818755637        0.13998954537329544      0.050261258424704525     -23.075142151174475      65.99592282918513        6.274229282679244        110.46391076536611       88.90629490368292        26.00999901815652        101.24916790171443       -18.714658689861267      38.83169339790561        -124.79803326970074      78.96004370576105        -48.84070615644984       -153.05185547577852      173.8060063837039        -107.58511651556697      -52.715088622712315      -146.86387583285017      -161.23597584310318      -123.9372344359932       
rwgt109                  -94.42022054856866       -3.393772084027078       -1.258887475125396       2.3003879101358775       -5.824300251282947       0.1145248113589914       0.2891983977431418       -1.2792989240312842      -6.368013868637103       5.051728057096998        6.582336967326661        -16.466299169387497      30.745879585587943       7.355829285168852        -23.381372975973797      4.735338000306889        0.04379070323033174      -0.27360452027862686     -147.16179841004313      145.4106507293123        36.84294103467593        103.35116801314814       -10.164992739008511      -72.84011886034901       79.54669386708952        119.40936004417534       109.65989413079012       66.80137088069901        72.92862143344121        -88.49817452973902       106.46255721614853       158.74819720660753       123.2839061030536        155.50036313048201       -68.7142818188957        144.28795845929665       -4.671948363438474       
rwgt110                  169.24582455510978       -0.5083309957676052      0.38827751450865144      2.530988541431566        -3.223182235275937       -0.8791988816174869      -0.029998582752405856    2.9664954041906872       -9.560613547862232       1.0208610588968705       -11.014063487379826      -5.461496871722211       19.83540118314336        6.33286388871079         -9.871713967996524       0.9879517018201067       0.15576625322742144      0.3441495799761869       -151.74789535824578      91.24598304215743        -144.8354024030207       -29.604241502022887      -179.78433713550464      103.53646435592475       71.54354849126631        161.51785687114074       -23.66889312713502       103.12167656129242       -23.28193230102883       -17.16860554786956       -42.787801505501534      7.731552611819552        48.06148538259271        -9.375046371983359       58.9507980071748         102.84643515099305       67.69093393879282        
rwgt111                  8.437797228935494        -1.3320650036160568      0.11928830262809176      3.142923285093123        3.461156777994063        -1.8291082307962432      -0.38755810889076114     -1.3764987701662248      3.7544523748426357       -0.8766237302951518      16.593263654303215       -9.207318296311167       7.880250065558428        48.306688986680655       24.90293493001633        0.5324894607857749       0.1096837322461483       0.41389688552102377      23.887792365373002       68.33511249905666        -120.12707449181693      166.3310637245321        7.766414449118969        -154.09776574067706      2.5386199601025226       7.4197029204923695       41.89247414874154        -168.39529586416407      179.44282546062158       -99.23766534282595       -127.5600337834172       132.4148604257038        -179.06141705843174      -68.81164717341578       24.626276204582183       148.06918483477375       -50.8216146209339        
rwgt112                  31.598610827384675       -1.9534306052092045      1.4120920848751515       2.535007626717049        3.4961376477756154       1.340235450199803        -0.5299455158362987      -2.159282814375441       -14.187363723824566      5.475932286935805        -2.5310517655129274      5.456881654424141        34.915249778738          23.9466925635285         -24.82412384371046       -3.7821383244332623      -0.17132252959439687     -0.3507815511274232      22.396482660086946       -64.5642747128969        55.12667028277431        26.917098958759226       126.46903992685202       -164.5258123622314       140.1445079364916        -178.51423359804164      -67.66946821403317       -39.12380975243002       -88.79125952054484       71.12763083101967        86.39698749875714        -65.40294602465694       78.39165325455446        -30.36468813751992       66.37527903890344        5.913283862803041        -143.98315003586464      
rwgt113                  -87.19828482486129       -4.799581677378301       -1.2970105261658635      0.9323613873777452       -0.36493069718994153     -1.8793907404503774      -0.7450655113644639      3.1318795771049563       -8.358418877363668       4.954254253530152        -7.719057038648508       11.277524226943942       38.140138144004425       13.6605916923901         8.322339715442112        -2.909546712362401       0.049069322531324816     0.557806373006844        125.44713864923358       36.13206975320236        -11.860841441417705      -9.02304138795617        37.33632161390892        -24.347467728875415      36.03681734557236        36.29905295359657        114.98653243823236       -121.36998374052415      -106.43482076635627      -123.84122097424054      -119.62869843478407      94.58447454704958        60.640493433530764       160.804025462877         157.2308582071616        80.15692686057719        24.206799253985594       
rwgt114                  9.193758124237064        -7.201812248390167       0.32635920534255947      -2.849675591005869       1.077017051770893        -0.18959312587093136     -0.4665962432740967      -2.882092701378408       -0.14455616746905164     2.3132934667960576       -13.579565772813215      -19.8716100345242        43.58142011185781        8.620611880278645        -35.25160539092592       -2.1922257021877893      0.04974037079489499      -0.04232037027444524     134.51497396037746       -157.7611458589355       119.42299312991207       -69.45119651040937       -90.8031825018055        63.94339653383469        58.06246379280239        -121.90148373594869      106.3698249406695        -161.14004549723572      0.38626232215452205      172.8869047877925        142.9552024964425        -30.202635507685613      -164.3827089238876       159.35615312149685       -74.85950032354329       -56.47330557946647       110.53119975563061       
rwgt115                  143.7421283112327        5.967848141729234        1.294806656142265        0.6904603240394516       7.1807448363644575       -1.030083849961209       -0.23260425611338442     -4.58131956766452        -13.919742418267381      -4.783159546038087       10.791851908512939       -5.097439512820664       -35.99551821227514       5.909547496561039        6.398616529316449        -1.4893537626495421      0.08294510160913593      -0.28185082357162394     146.11810883690617       136.76199459882832       72.69429584769776        -131.2572266006465       -53.545535384425776      179.36506096473363       137.1894895215617        57.63468483779923        -19.095489665341432      -110.81571100914942      -9.4025516054148         142.66626569105932       -71.5679520940918        -150.0551492873157       177.947518771356         -151.76764094486856      137.34769385622536       167.3044206717958        36.615194540339814       
rwgt116                  1.144546978550835        -1.9458025576257372      0.41721702027871577      -0.6650678036102917      3.6490253079755064       -1.8656663455794074      -0.6404851762831757      1.3582690573843648       3.580970332838067        -6.016335255515619       -3.4137081248624277      3.3371557635407854       -0.6558848787994052      -27.155767894116703      16.55289074057447        4.194121037083272        0.07150042394035133      -0.42227976166887266     -87.90808767815243       -32.24249673817587       -127.80104322478175      94.86341044117671        -83.2150122620333        -3.5230311909207046      135.13763417898065       -6.705710155348754       42.72752237156206        -115.55531512118654      168.2152745900662        123.80082892058152       63.31057701760719        116.11618136606523       -128.16412699177707      109.53550681370075       -25.666885515735345      -11.195504116549813      -15.239895045121045      
rwgt117                  -132.33083111585182      -0.49851107102845926     0.6480684656330962       1.906457916125154        5.58688289554596         1.8531715792039223       -0.3842539004400933      0.33693671016073257      -14.649225292288888      1.1738805252530762       16.5079742672513         6.149189044792276        -9.750440207022692       20.01804301619231        -11.93074159936074       -3.340210030022635       -0.05157774851904545     -0.13521645793966353     -123.26185253301614      8.37646685701884         0.38333505432072457      30.410169436712494       -139.30636150380536      18.385558623595415       120.1267729173021        38.41327132156803        151.90607504796748       109.72595840117685       25.70053932822833        163.74144778543211       170.2529130325193        3.404214063742927        169.76633267650908       2.833189647366254        0.38298459483473835      32.183616924834666       -136.62496550452454      
rwgt118                  -97.47220269065801       3.543969186900049        -1.4285274451189134      -1.285930510239052       0.44106324692977417      -1.940389457536765       0.11595532841658163      2.2197250623579334       -5.706576479618327       -3.068925503593013       -1.4458351074424485      2.4563860645830253       9.261258415544603        48.42519569509034        23.59660646154827        4.1026938736156975       -0.05999623701494028     0.44026700139382313      -43.386190489657054      62.915786722656236       20.040021569458332       -33.98013860889779       -42.346305921956         -13.211221842186632      137.46548050419153       -118.07813648865263      163.58268571589645       -0.6107137004435117      130.5086863284393        -147.46777373949504      115.21047007169824       29.490665322859          -92.06837652274706       -129.51055277848704      -142.43851046800742      1.1331978998704528       172.25373923946927       
rwgt119                  -14.840263258507179      -2.7641142425621554      -0.6750516464284173      1.2784049359416096       -4.226295213851916       -2.0580600168396908      -0.36454402947974823     5.918554090801767        -6.586507802294847       5.581291911050071        -10.459444184188357      -6.857159228584921       -30.41280102206737       47.207637654697876       25.296158099862083       -3.7944242630021936      0.0282330880240588       -0.467718493951099       149.31640694909635       -158.50965229157         54.98987879860357        -162.5843621604159       171.36998275883434       -83.57309132930502       5.957018576805865        65.87845069366509        -55.587125729179604      131.11966587200703       -12.70338186662218       78.55562528008909        -116.74882099958309      44.73275829808648        -170.43570687805197      149.47753017375015       144.80947313953857       -19.504670983815515      138.96392512804215       
rwgt120                  66.0147103430844         0.6097806125774801       -1.0698267343157086      2.824052035098531        -5.544127767418463       -1.1747028635457855      -0.37901895641639005     7.653507633413786        11.588243119019175       5.885333862559859        -10.721675753221394      -3.8292622428754086      -37.28629196661937       -13.723409699949059      -23.168017621257565      -1.816595725966796       -0.14165175573476566     0.08690618652346871      -50.37054403463631       -91.0319493255666        -28.580761597857048      -94.16692304153575       85.8709762649762         -135.62558533867485      66.65785651848714        -49.76562115939345       18.678641643783294       73.97041123095539        115.78574496404428       -10.584854678133468      -16.178215928344287      -79.96192492084057       91.87325729063264        -170.42859178245143      -115.04124094203455      121.50272522458152       147.24089669121145       
rwgt121                  163.17222684961615       -4.03451661176349        -1.0507502622955158      1.2968079014343017       4.731559409942186        -2.0256270028216927      -0.271202740025243       -7.176430736914519       -14.470418579094678      -2.1950208426972786      -16.757454222384265      -10.189853857314075      1.673939418917115        45.187469557230614       -6.35801278323396        -0.9983252761520816      0.05230156207160844      0.3738987130224939       156.41493262687447       17.617852896444788       -139.17491121853277      110.17632187625912       -67.51431719368605       -58.12070075787044       79.1094370939341         -3.9379287427205156      -170.0106596150863       4.040233825918705        -38.32468422978914       80.97576685780103        -176.40029806437545      -162.26110848299388      107.28060023039365       14.839585822302013       -75.82544791352298       52.06236467306758        -126.14390091024086      
rwgt122                  -100.92888040950395      -3.853219261011436       -0.5009024881591317      1.8037738660655327       -7.07231481172553        -1.0974681129314687      0.1579059760986854       -1.0642179791933453      9.476247929746318        -1.1898513619723463      14.622258134950322       3.34229528413287         -15.489457119141129      -5.5056040629459275      29.506522903152913       1.4695550696745538       -0.12376804392918428     -0.11917777375700511     157.01995497127888       21.187977280545          142.03540294128345       31.178833532751867       -48.29212728530527       -74.02469293906482       -178.57785714362566      98.26528297862683        69.0693462006684         -117.2667181427324       -13.774647507802683      -179.354210738415        -167.15061070701856      -44.90876417400355       125.95958935784819       -6.360640179831194       167.51876684323395       -72.48233320902672       172.9311523088524        
rwgt123                  110.46205276656883       4.251698805119941        -1.2342294927618997      -1.509196630496103       6.993731879770717        1.1541196258319166       -0.041187627129878       -2.487343675732525       -10.510776542385742      -3.0169504878994804      -9.375043493766286       -8.238853171391508       -35.72062269999694       32.43408666092576        -11.234164919079685      2.055775036575386        -0.017905142954574543    0.44834011770525517      -57.21331005656046       -104.85585993059233      -175.5112858824996       -2.802340811440132       -67.83182085464686       104.85871459770624       58.09466183173603        51.17998506101239        -171.89593029389113      30.13032400695039        83.09687733161843        121.35673985667859       159.90970564739075       166.5185264754095        51.17622584526174        -136.581588362054        63.548032395805734       -10.866400473603932      104.93938654658575       
rwgt124                  4.535688415755573        -2.3633921159315845      1.4017731077650806       2.4180492735569947       -0.2782829073126134      0.45801559563455374      -0.4108701646280782      -3.1529103766246864      3.049255623907417        -2.026878094524691       -12.121861408253295      18.832868941118555       -20.415697933032995      -24.218285772388768      36.268992274948374       0.059818352238198536     0.11219581679954826      -0.23807739419434343     128.79364518796336       -17.63662455418904       82.11770223690473        -152.79005026151887      150.10764148823426       -141.9028786946627       -27.54090818937408       -84.6567826576568        -12.509255805435174      107.15017947456448       149.23213052704358       -50.00170370454842       -154.80282802636697      6.973165237220911        29.749719585361277       97.722137820091          -46.76227373174538       -87.6619445469849        -61.86531809432694       
rwgt125                  -162.97410908976605      5.290995974808328        0.13746221475316456      0.9829633147934329       -2.8950030504024156      -1.8749910586641034      -0.2482656578556499      -4.479338878321468       -4.055708896998812       4.316934794352273        -1.9278932000326172      13.083902290928151       -4.406534669647442       20.786402325970172       -3.6056541997611404      -1.7495142714232026      -0.0036793988151726797   0.20049515647749583      -152.11948752775652      -71.76173741647962       -114.9342450853999       103.44979746926782       -130.70339582131842      -109.76218058999589      37.464154201752706       -150.41418299594537      116.7526350903733        -29.929868142647507      -45.34102453694024       179.71905786993182       -30.544565643272648      118.47849956301428       -114.53578121354876      -46.4025918512653        -135.87353513775514      -45.43618991613525       13.413047465559373       
rwgt126                  -170.60312517123376      7.416096818812389        -1.1034962206987489      -0.22043690486531275     7.086691990515069        1.108171631316981        -0.7317545693574983      -6.9591081603695075      3.2667067299223156       -1.8410181270046246      -15.36059326446325       11.254934038147574       -24.89673232018909       36.74298827871132        -20.941626628775577      4.790050262453718        0.09777707334969832      0.5609746324406798       123.19990898632074       155.3978732648256        -28.32998931376133       119.38072230394692       -120.35334694716329      20.957181379429755       -30.897115220149715      104.73638257427132       53.08489971361314        48.46874575574921        -135.50840697896822      108.24595772159415       -107.93838096468338      11.947488136965973       113.4043413732623        60.77513600517952        -147.64585850798244      32.95488345834235        49.970680032937736       
rwgt127                  157.62816219414003       -2.860656631415183       -0.0781568413312097      -0.6818375430223274      -0.9592682783069533      1.429283080620087        -0.39830813213365024     -4.278682880961309       10.339291160451552       2.5039430392909257       9.660514033909816        -0.04115088500837771     16.24857815912678        40.82418615777067        -18.388163513193334      -2.653764978074743       0.030859095793949493     -0.604627043855083       98.44466292280237        -107.98841260594106      -22.39491577538763       153.30109269313704       -84.44269914469737       134.33430071628948       113.44641226326007       -34.110314223820524      108.46622453538521       -69.24862782313474       149.08551367367727       -69.18294838874081       95.96576629048019        43.453612293447435       -145.99245361077868      -161.44908334702154      -177.18952821820818      -176.40367438254555      118.18431567688054       
rwgt128                  24.676585073591752       3.7578520392854644       -0.9505162241213582      2.094609988047009        4.500801349312551        -0.6700192406579379      0.1268344696673671       2.111307871996128        -7.551120945248202       1.3269039339341626       12.51997307206997        -0.0034271506202081525   -22.251262011955387      -46.017407372020024      -6.5642953469617         2.7697916863001772       0.006108487834046161     -0.4699793035427582      153.00754661465214       122.36089624504609       -176.87196937654468      93.50183038826128        6.099488452988851        22.714569001811753       55.15508072105493        160.56278945232805       176.2800297909859        124.35159163515664       48.212708965974144       11.645783710737845       -68.75652172809085       159.67327944955383       80.10291263312945        129.22583337895196       19.999954259462328       -121.35697519618466      72.7735061895907         
rwgt129                  -154.9087334073891       5.408360397625139        0.5690633431069265       1.7270388848238438       2.635079016232446        -1.2264781683249262      -0.19570953362775545     5.1792900624947          7.814726474971973        -3.2709138705158938      -3.094397108204104       -14.506061620547502      18.635560165834832       30.489213794104984       28.213789085803327       0.32807351416500286      -0.04330758601778209     -0.041668609918488864    -27.158355380454452      -91.0825507012933        -103.02710964925576      69.41011636443653        -96.34283711236417       86.46008099564614        -104.4930358604392       15.70165392806004        -155.00814427345713      94.29961100176587        83.36264493953468        -156.9979801329008       -77.01820484348842       40.028949725591644       -157.14212175467543      -155.78484420406915      1.0394347642206299       -126.0131566268661       117.46819368369836       
rwgt130                  -176.20184995482904      4.223861662851516        1.052461038554082        0.008148780143510947     5.631682282053525        0.812187896009323        0.4689594396941221       4.465906643288734        8.900524450885449        -0.17740193802001158     13.81643444967812        2.0140354654172974       19.012374081016908       44.496993263819704       4.981554196916427        1.8342915484423168       -0.053797790442559834    0.44673273687150583      112.27187006579612       91.20848519162837        175.4964244873433        46.408940070550074       -84.37150311653473       -136.8470356294113       -82.7895578485783        -130.80585497406776      118.68561704942363       138.47230258984416       -68.68490314092222       44.269406690633105       -168.849994640569        66.47081260649114        -29.079271847839266      164.93258403139265       68.09040371014387        -168.14068386219878      78.37645731330599        
rwgt131                  57.827067551090664       -1.0533570434135138      -0.3982771399224263      -1.310621305533486       5.771244041455896        1.1780971342188082       -0.6539238083102601      -1.4275504501269447      14.436098274836688       1.2182362322767402       9.346876786322436        14.972236819690117       -14.794525670885836      -1.2103058167635155      0.0027276013521344566    -3.4328621506179706      0.06452518807969904      0.48868586036120376      18.363151718588          -124.30053425774649      -59.5417399684102        171.95716635944234       150.62703359681944       5.350582101839734        -179.832496754195        26.91419889236232        -167.2126397947435       -149.08275661094723      166.22740623613765       -139.55219178165513      -17.72744693561617       59.30630983646637        -173.5716856275589       -7.637358939446983       118.21772473879668       -58.71330097016681       43.930210910351406       
rwgt132                  -78.7330099572396        6.8041622481128785       1.1501589583457184       -0.4957085300857975      4.98720169533976         0.7322339759336667       -0.7298706474193041      -5.357999528718909       -1.6243143871233965      6.355535457061233        -0.2490683557316835      -5.045702256053206       -10.57186784554905       -5.619444167249725       -32.945465399980534      3.5276373345911534       -0.03997608347463327     0.484106046816389        -27.700911195008786      41.006258061730676       -20.7521218080461        145.13162865513635       -73.82820941871405       40.57098117552482        -107.45780613816169      -138.5872155558722       58.20734934352453        -85.78879046399568       -42.14857292294681       113.24891427426678       -13.123296708637383      50.80406401360267        126.918055094583         -68.33552700788849       -20.591887875302433      -166.6820102814146       -56.530433886607725      
rwgt133                  -168.00895386867074      -5.008423671314946       -1.2586975712528765      -2.32040688174331        4.097826538115985        0.2740315129878055       -0.05876168654875202     -7.764532728213673       12.079129123456589       -1.1990237540519626      1.6724604102524232       -2.2735632934828693      -43.23249279451076       4.744364783241075        -19.98853226787776       -2.839518199334619       0.12917110600695575      0.2998479866976247       144.64440877478535       -161.7066765550122       -177.03388399947409      -78.85074507277089       -173.55364857365447      41.41580713780655        142.94806934516646       -137.051749722676        -35.24689955743702       -70.2933818032999        129.71893134108183       84.60556549360604        -24.169763042550755      -17.367435119607734      -114.33150047564985      -84.54533689145437       -30.424067817594164      41.61215725326065        -158.08712763647037      
rwgt134                  36.409360989159126       4.974460695934318        0.9667586617581112       -0.34291992785871006     -5.267483986207759       0.5539458082681228       0.48651464014496715      -2.320836188223325       3.6933884651682085       -2.5767695084581477      15.436509459005492       2.3205171809491745       -18.570993900168027      -6.577146272888832       20.91872932719823        -2.8752830062655463      0.11297556104140133      0.1365333889936292       44.249624753555395       23.62980822875153        -60.228299578015         -15.49082425348854       -118.01306318704746      -35.61326399180987       71.00012867518245        -29.675121111089254      176.76682474322047       -139.85101837988958      116.61003502447738       176.18130310825524       -78.90280174951002       -147.2672935998795       6.680794420250834        33.7133854168338         -29.085812569912804      177.47396349352294       -40.16852979113821       
rwgt135                  -176.30745468881094      -4.847647518884825       0.4575485531429069       -1.9861121624794065      2.747574404757266        -0.562701264653904       0.12664582164915916      -4.652156694935075       -9.906890476600028       -0.6353663693046867      4.967588477795022        3.6550112371504397       41.737845563743875       -12.651542716170468      27.823013600743707       -0.9831412337288739      -0.010583429651333576    0.17363540437863867      -170.17916344554496      151.30979371054093       138.85823087456913       -161.43886970571805      -61.51138826065652       -123.73693862591173      9.377164054127888        177.7943139832534        90.21248942602921        110.47513504474239       -111.26120535172858      -82.81167502146947       131.60998675050922       -103.28276203340286      100.13308182328188       -122.79372928262569      59.507960125169035       68.33615000459957        78.58366024737813        
rwgt136                  27.791524676256216       6.295006317503526        -0.8433932139087444      1.9072889109660514       5.695260918635695        -0.25240097362652936     -0.02976915705428962     6.328778330945725        -10.443760935424754      -3.669788900934003       -4.144339085158478       -2.821359059778967       20.123031735694838       -20.85292927060059       13.799309058440706       3.6104373360241713       -0.005755868066680547    0.3733174899644983       -22.114217078754393      -166.0104467311035       95.11374085561403        -81.34669127654179       164.0206110813666        87.76626233402567        80.4369722428907         -94.54080936046086       127.39553591091152       -70.46349873176783       -5.477251460671141       -164.6818066239016       -10.103942444120946      11.506936254415905       -141.35373687993908      90.26987914648436        29.034230870804123       172.7116826343621        -63.085305263475306      
rwgt137                  -113.29107792357175      1.8951127131395262       -0.7981994490783922      2.606484960025578        -7.019896429694614       -0.6504909149454849      -0.6720758206490504      -3.6223273274880166      -14.642535980764524      -0.7408077784501481      -3.598598502126734       -11.062755364990137      37.91269270468679        -21.15859189304217       -35.33105166934369       0.9928698905789295       -0.003279456513784723    -0.06905250084719872     -58.098303254618656      148.49377558220397       -146.12706329421468      131.41044236885938       10.551489111734043       145.75778369837832       -114.14259291446429      -174.8481135402418       45.15850103064284        -77.38240101058281       -21.873925159536668      142.50886274320032       114.36698712852717       -101.00297117300467      47.32258899861276        -134.08821928342832      -82.90636295194514       -161.21344539573704      108.37062609131942       
rwgt138                  127.1889566128309        4.117974707116875        -0.32992444813077415     2.9353890823130175       6.55547891996606         -1.514232311382234       -0.6449856382361498      5.01198913138779         -4.260282155350195       -1.7946209736382155      0.537265847238956        -0.5753675457139344      0.19733986249896418      -8.874105630410774       29.18810121397732        -1.829434998506764       -0.07850602239211847     -0.14964508863611437     4.81847000125606         -106.42652470820231      78.16311764987671        32.83577762149724        -174.5271093567129       -15.618895254556406      -6.250841572349344       -164.16234790055967      84.45393071646714        55.25639194636446        -133.85991366545034      90.06553667661052        -2.4213388485331393      81.41137726408652        52.417505943373754       130.65987371233672       -159.23737756225086      167.21938163643074       128.6032366924498        
rwgt139                  161.09861556197353       3.2186692691188616       -0.3577466102008182      -1.0314927089339623      0.030474762749135742     1.10327439600248         -0.056197967921544634    7.478423863977141        -11.9345482750864        4.159569840900156        -5.816458921646099       -8.0848017256747         -2.437972238155446       41.086016834907795       6.263410260508088        -4.759824940143712       0.1601720210611864       0.4269038820296328       -125.5612276438164       -14.918735202250701      -63.70802474925155       81.91933863623467        -146.41042285875255      -132.91811256917794      -98.57688038028962       -158.93642574829883      -100.76723718599472      -120.48515809520704      23.82204942466032        -49.45933366115301       -157.50556657034818      119.91752765211083       138.6519797927948        -106.61472424509402      -110.64240055272337      118.87422589424716       -132.63221385695243      
rwgt140                  -104.26845157323183      1.9442193790764835       -1.360726734666848       2.5307003912755546       -4.0968060600838925      0.9955245424382166       0.1923867587665662       5.600220203381636        14.824859217531678       -4.403435758011593       11.18027407787141        -18.619925359754237      -26.065749568229375      49.32176670700511        -24.381245683299916      -4.189667208600153       -0.1008605342738179      0.05299504052794968      2.314020520563389        155.61348888709534       79.71292220026885        -129.25056459831802      -69.92227979628706       -146.1562384361228       -156.85185971900404      -29.137735278514185      12.937786908077612       86.2925719680652         140.54732308184674       97.96924968485246        65.82792732105543        51.60121839410283        -174.7429032885305       29.614909303196697       45.486751421895775       109.11328662432197       90.5076962194882         
rwgt141                  103.5079054616399        -4.149390151258867       -0.5406222875087637      1.1896849128692946       -0.4507346155720118      0.41074658580565293      -0.17879029382672884     -4.519323839325958       7.39365165790144         -2.821167310972509       8.975398069817047        18.19972130904796        2.6702476187555604       -7.763667097180388       -9.873062917642738       1.7835460434108015       0.11317051824201324      -0.21447693490354314     -93.71520853645163       -45.01660898906593       -165.99057208643242      84.65498523230002        -32.80971103625106       -166.59883549206114      -56.15952455991862       -125.59066592748114      -169.0789309396531       -167.5849970546233       -120.2143258478243       145.42674383405688       7.030267302205516        -41.07941992838596       50.974689393843335       -61.98878582808686       -113.0589604705693       116.46238768089233       37.01910501157599        
rwgt142                  -19.45042772673031       -3.9390683964322615      -0.11635926743770075     -2.519364094256627       5.147213432846545        -0.09870432704830145     -0.7382482450359044      6.069809839612216        1.5760159283498076       2.3558244684649257       12.588858059427881       9.855309500854595        3.6887016939885626       0.8120784970052739       -10.42276354974755       2.8987193585157165       -0.02061524162334502     0.3727754813647174       9.706540472202363        -76.25175858038516       82.98763331883572        -59.33203877351609       -176.80243676115828      155.80672327098853       138.61529612906884       -66.57098760986895       175.51705528469023       65.51113992030486        -144.4067905116313       150.46174983634478       -120.20563407259084      83.52537484843498        -120.71969388562937      65.79128772466066        -131.39611449536412      -48.09188590128156       59.597530199306334       
rwgt143                  -45.8722898634241        -5.341818108977106       0.06152290145486439      2.630253927770889        -7.0086405231219775      0.4081924923876077       -0.6817871675819979      -7.50307176697989        7.643195556498146        1.9453907494803921       18.06407562339735        -4.732097733312251       16.457429693987685       48.37704733361089        -11.063498081405616      4.802242033284802        0.15060385016362865      0.2791198572574901       167.61818152182792       -22.37763884437004       -116.33986407159256      56.103710524487326       -108.3584557098933       157.4725493547956        98.77803657258858        23.951183288190748       139.07849430038794       -43.31493235452086       165.84854852262293       -27.67511800922381       -33.79437026799303       62.920052186643545       -90.83677026870518       100.34844941293545       -78.87620855736101       12.269956838327005       -165.65371549728815      
rwgt144                  -88.71264855943568       3.64492914736472         -1.005651581399606       -2.8773515694721103      5.57637436575293         0.10841076654745452      0.14178543432454738      -2.5612318693892133      -10.441544370616972      6.088690997056238        -3.776426854343777       14.0808388716421         27.442803302903002       -11.908480046217804      7.886172537288054        -2.2642570844730865      -0.0014770535659675843   0.08063015755285752      -17.01368213186595       152.78919245315723       -116.25981018255237      65.80669490644075        46.970351350176145       109.13169543028238       -127.63928634725501      173.3279406945864        -166.40260921215713      -50.47238154115638       16.128785367635317       -43.77936005408887       142.48654861354532       150.9953346186806        -109.63586761061018      171.89474760745543       21.35865300263029        120.6642853737381        155.12927391075772       
rwgt145                  -74.5241152136386        7.208058905073162        -1.378054358603994       1.8745486852701525       0.9377517901402825       0.15611212263842633      0.030981615687429853     -4.984078628026904       -12.184259808822093      -0.0006840258047011716   -2.4899838654396813      14.170358236670154       28.811198976335504       0.6325816679853631       21.34322309517151        1.5579841407534767       0.057253816201495        0.5312063395596706       -18.858543917166344      90.46872095850296        122.36146889366734       -7.941045647788059       -133.92762191352244      43.26104241882737        -47.461232222467515      29.784273825395047       19.793071792435455       -89.80777263932397       9.408154968705759        -174.11751424265248      -48.82562371250759       153.48148130962295       -139.24219581706234      -68.50947289626276       152.703727373974         -93.8484866901746        -132.25352583300636      
rwgt146                  109.37131869822827       -0.8105764515293972      -1.0971197349976058      -0.6918240282507613      0.45910208673130803      -0.4064985713253739      -0.14898231763672132     -1.7471284928987307      -9.371039579596193       1.171756914524364        -5.810643076903599       -11.37372783369362       12.535793368226486       48.26877820380774        19.04918437313343        0.8974887797703168       0.07623648388556703      -0.43774155113004215     -49.71993777932141       -76.01382870354064       25.235677412757667       65.76805985927737        -143.47090908856364      12.968322987210286       -85.63173691349921       -172.29343730413143      -11.982367208730466      -154.37651094715054      -0.4048397277155402      84.47555637805766        -119.30112251859958      -146.5883544011837       110.17813464319363       102.70830290801416       159.01685309045683       54.737000653058885       174.20469826566153       
rwgt147                  -123.55130903804553      4.506591136447406        0.40348042407987195      -2.7001287642352336      -2.4426991216637326      -1.1250336069117324      0.13705138868292555      6.975070464899079        1.9890189755434662       -1.6485517570264365      4.853093317526117        11.436558136972241       1.5942833516445418       -27.803943049697697      -2.5419951749282887      -2.441270789411708       -0.13709133703984144     0.6017414668359556       11.871312924289839       43.88792233743021        43.99743884191528        -132.5338446193401       130.39457452692454       -126.83663017060582      148.132296484152         33.80916600495544        -126.07711059008075      -30.45976656153391       -52.56225295398421       54.01371640659539        63.369945085515695       113.73168927192972       -151.922871708527        112.47021354041954       64.34389787021664        -87.58774336348107       -130.81006035947604      
rwgt148                  151.10907809477084       1.4798345223669598       -1.0725527331778757      1.5124075091272964       -3.118031053042194       -0.5521719307611732      -0.3511739390891129      -0.8116550874544846      9.38797574782821         -3.117224198172248       9.63469164358888         4.740825509761056        -27.31657709630825       52.47651186006604        -35.385846525255744      0.989119334878299        0.10744531399685359      0.39881142989475127      -43.0392710377416        -93.3556207135438        17.849312585848395       -168.77986482225378      -65.8243147797339        -103.32407600967443      118.17181029077608       79.62549129621618        -49.59383808741569       53.78831123869958        78.54830990282568        -6.616860580029339       19.49749939655794        -117.6108389961509       96.70809080555313        88.2182638054428         137.5864820699711        -92.84941084729263       -46.32827968046155       
rwgt149                  106.3027671102468        -0.18480732035658498     -0.5624044975358645      0.49180578146527054      -6.056196017004291       1.408459778927345        0.4033262229154704       0.35842110586472753      11.301665458160265       -0.3213057375097117      4.647089362497397        5.164173439678169        -19.788875520564083      13.801623149414198       38.16969120176593        -0.9328636471951155      -0.12504662367146097     0.3392792000153181       109.40403223147479       22.75925125189255        -32.99990415525701       158.78095454302866       -102.71713894107451      -113.53677094912553      66.93205894454323        -71.7747877711678        -83.06061821881032       145.30889664613494       101.23538810446553       -97.53514632035188       145.95122490266817       -134.8144132146477       103.72669234694399       -18.145492841091908      171.90153237805373       2.612044256370041        19.530812303424455       
rwgt150                  -71.88560279450797       -2.4652001290499577      -1.385037316552418       1.4833861857294055       1.9616406902300323       -0.3199370935436783      -0.5343791317731817      3.7021739237608022       -10.311521376302492      -2.371214123254129       -12.094431937840541      15.429031501258414       27.273835161394402       -37.38528946103865       -23.858950072868907      0.8738474616694152       -0.12353037609314227     -0.2257610767230796      -30.54958792887888       70.10893911273627        160.26374848462996       -145.970588015236        7.746139522952461        -152.09345734088197      -135.18533059840246      -135.11799008102207      4.2849097653688375       -109.25422541488571      -18.01670286298301       151.0401861118392        -75.76136823599103       101.46016922666848       -63.02103609756401       139.62333451289481       -94.42707256798585       115.75392818023187       -56.34631462388158       
rwgt151                  124.8195335729871        -2.155999197491785       0.7446454136950031       -2.0472265418071736      -7.55401557011319        -1.273222572935849       -0.36323795149326593     -3.9614702177383676      -0.3600079026274141      -1.4555960738961655      9.176122479319844        4.637984688326899        -35.72409390266825       0.7226270181190415       38.53681443903747        1.4901906307650252       0.08704182335732791      0.12557783300901726      169.27353857702707       77.48734797537969        165.2392015744909        172.19049786933044       26.51681841624753        169.37989722900943       -125.22538643221314      90.43126204281492        113.06493853030247       -96.00827018570703       112.27828064006354       88.8496251962431         66.49304791493086        119.52917973543293       -167.94403194756427      -63.280830029837276      -2.8078393129255517      -94.10181540517783       -73.78438276737828       
rwgt152                  171.52567166452735       4.922787171273746        0.89245317633463         -0.38094162148894295     4.271474426320523        -0.6331304817063947      0.6071254502085486       1.7325906379222067       -1.5078448074478263      -5.63149024816725        3.709325972690305        -14.132761690759917      18.68404850421419        -8.740561247008095       10.801323245992279       -2.307248570921393       0.07276828323241452      -0.2630211560431861      -107.85959348457345      -53.707514671342835      -25.601282086356207      -103.71730191598415      139.83492131162882       114.18947894732781       59.72897697657956        42.47559864065602        103.57674206372883       -71.15749082714986       -94.14757180796884       -76.88945389794598       145.73496243082195       66.37807980790086        111.4599720783105        -26.712594003807112      143.62348777826247       131.9542983049625        85.8596450026796         
rwgt153                  -113.42020982011024      -4.27855104966494        0.9863893288794372       1.8090913537758953       1.3994045262376957       -1.992278635403865       0.43501709463731486      3.371465724941422        -12.900436227025551      -2.708421485264954       17.882818957787748       10.827254531003224       -6.271484263527547       -35.51911952955612       17.492939585628328       3.2831080628370852       0.07720023658383945      -0.10308700362509482     -107.48114897792061      -7.0526380421005115      -67.68589191613628       -55.85727167439269       8.26513617774583         27.329776489453167       -68.51987349944122       167.7875388699975        -136.98083754318387      51.22282659075475        128.42246137510847       -124.1246092372692       103.54144443766415       109.6167067922571        24.206776996791888       122.6273956043463        149.54736755390167       -99.97294476224442       -84.40101562992409       
rwgt154                  -31.797647602078968      -2.302384793593083       0.7933203635126345       2.466465557529105        -3.857860611290696       0.1361286415498224       0.3650521054825069       -0.928702465582484       3.752075115255586        2.1880478496034783       12.970585437578311       11.934880114899055       40.32916207992449        17.207007539604533       1.0823352059979285       3.010844556343258        0.1487777819938077       0.5890498540356285       166.97880320222458       56.335718509626446       86.09237000377988        -40.15880737997969       169.65499197176683       -117.9142747873774       30.76716856405639        147.0229751159314        -112.6969795345827       -9.889219958449218       50.16277939809919        -120.13097704713279      12.956527377337437       41.90470408401498        -83.85915811184739       -68.33560619492582       -156.91007941220545      117.64658493954943       -165.49821046312778      
rwgt155                  164.93404780865808       -4.211237200137324       1.3840266348424655       1.496857271471705        -6.458718366982204       0.6735334656769023       0.5568625344436104       4.161912158316327        -6.612841403446964       0.9635058442083881       0.30426146430665924      -16.87489025231021       -36.27931697214407       33.53121653861665        -29.252160162249822      -4.290679739554268       -0.02156165568970686     0.4304523541628912       -133.96126030170626      -34.113973516042165      9.123905462726839        26.408823860973456       144.05392487998716       160.65330018091828       -21.328131480097653      -164.53346782127574      -152.4160331378438       123.7414695012339        9.404683568401339        122.2619359893136        54.68200951547385        -38.00767569615198       98.15944151042328        34.36840233642826        -147.6111456377413       34.62972015992074        -91.09748997426715       
rwgt156                  -93.79673316843069       -4.500462915079003       -0.15452996398918062     -0.4495751612740695      -2.3171577074315133      -1.0459382690625338      0.6339897240862147       3.745469056236298        4.660872042803305        0.13843885024061997      -17.34004393970268       13.022612050391437       23.640457650616014       -42.51910137891241       32.41596834941042        -0.304644129634994       -0.0432487232463335      -0.23995296368581376     88.87834261527354        -43.299559593120364      -127.92490250463774      166.11356688749868       -172.38521626423008      -68.66801729828231       -163.12015415976515      173.92829252171663       -130.960259050751        -8.385055685250734       -16.69128575164362       119.22741283950228       23.774078319470874       -70.02851036225962       -144.46437622755172      -73.16283908713282       31.686375460306266       81.48976960937989        -65.82581942203885       
rwgt157                  156.585308144546         1.9022859638125889       -1.4721667767058615      -1.4487023848956602      2.555158643568273        0.5091953187128602       -0.6445225847129019      2.2213222278270583       1.2874870227436936       -2.346898388401833       7.886409408832211        -11.135564087341388      26.779709459269213       41.7554091071931         -21.51052519503318       3.033912596531346        -0.011525065182468347    -0.13115194395657215     -4.778960480087477       -34.6726106882019        117.54109266464764       -85.77788983103832       38.25087660844662        37.54571981313569        118.14735464105536       90.67305641379181        7.950297326606261        120.87791114652424       114.1842224891792        157.78345457560647       0.7336852658620501       -153.60900180041733      -84.35085890816555       25.091455191256387       14.939594948679428       -12.524844216484524      61.32312911131797        
rwgt158                  141.2903366925654        3.615994261580668        0.4280562524473359       -1.795853892067799       1.389625933803842        1.080671565225869        -0.6943778284956056      2.464918616786158        -8.614266031174086       -3.6586413141473257      7.059719802279325        16.60584994219463        -32.04855462568635       -4.107600379700948       -34.37734843076718       1.2756549888421418       0.054565157188654206     -0.49918395698883367     33.633544839918414       -70.44305752264835       -68.27331822599999       1.6785854941332161       18.77751321608173        -156.48372312546417      4.728432192425288        -66.89950153168496       -150.27099864989384      123.2072443589164        -10.941493613944203      51.35881720290848        74.76542918244343        47.65315070437501        174.86420825448613       17.748053882202356       -168.10385324360934      32.37323016758356        -129.38998142533177      
rwgt159                  -152.10198168649202      7.162024949542778        1.331847152323819        -2.1103173483500317      0.009156698010564845     -0.17969457081643037     -0.7992038179522423      -2.6058551773987766      13.279396825721388       -6.055541595523293       -14.437099344283265      -2.738629094053902       1.5240680820161998       -29.094544510476005      13.921817155398351       0.8429478724986081       0.00861470117161392      -0.2500827674201803      -46.31328936356604       -49.591472304936076      132.0794029858024        85.50789922261708        -162.89128427860203      -108.92110117528449      -79.675290973648         -109.39637318861645      -40.602195130201494      -47.60857742717158       -109.70901692447065      152.7671971615581        39.7059808072697         -142.23541097439858      144.00363489456424       168.72773923149924       161.22507468904467       38.624440625721064       -117.90533599373583      
rwgt160                  -61.81074251548419       7.43455205784591         -0.7771246936860513      1.1647143873445893       1.7317061269373273       -0.6605251890954156      -0.22429216509828842     4.938907670198401        -13.504011298006704      -3.9290285404673297      3.953304951221984        7.784024325345154        -37.88432948588122       9.345859482008706        -29.895603592047177      -1.5381430660535051      -0.05224028665019348     0.2541673199829777       -105.37087105940275      -42.68929796213894       -25.98142920413173       1.823986205747417        52.33998872856361        -176.7849419607651       -92.99893965257577       -174.6357693100662       25.03012604607045        -53.53931937239348       -40.97564381130687       42.63819026285046        -126.81420098030824      54.99462486115419        -36.321458277658564      83.49910245100443        -86.7079286548049        145.8054479181585        29.158531230796683       
rwgt161                  84.13487701865495        -4.196634105892324       0.35529941510705365      -0.6461792058772899      1.463000816718342        -1.2083775236575334      -0.7323877993246948      -0.5982544878582656      12.314505947095107       -6.3189307865491715      17.133173458296774       16.290046996407355       -26.032028228426743      32.79461552165213        -17.00196395190415       4.039903587714024        -0.16749457278252589     -0.5310503169247895      70.21875688721937        -8.939166640440448       13.509529357207668       58.64269426580529        23.358215950365206       82.19258634233921        -60.0319375243011        -3.8768603987983283      168.00614099088455       30.673411153396245       38.87835643511684        125.89360300791128       129.96533260793268       84.2674944365258         -82.83001807772514       37.94874672373962        72.86485149587725        39.00530015614979        167.12114841638999       
rwgt162                  -71.47289705003473       -0.6185050220742792      -0.0899835130801121      -0.8315074071799797      1.448214131671815        0.9983093385095194       -0.6782395220591362      6.128643703996066        -5.984838598748016       -6.296442297845523       2.5999382904212105       15.601364215036298       12.732099791779923       28.804541306973775       4.56472145976695         2.835965913918992        -0.06772575479106904     -0.4007340735141445      128.71640299210515       -112.14088235972581      -57.90051710820923       -126.82348526137622      -12.400773124871023      35.15019675130418        -30.693290249802203      -87.20674992731621       87.68007272003513        -122.24098551115091      122.18911048088455       -53.66610654329129       149.18119615974553       -98.45327780529799       -147.16006419650978      172.98844169529485       -40.4606265148758        137.5967749434405        38.36317254822464        
rwgt163                  -29.784824368727072      -6.66517145715396        -0.09606585612877971     -1.6446806843102038      -3.8795978636090167      1.3297390941600638       -0.015824855161082563    1.2794959488376216       12.784487334343481       4.8142724171593265       -1.1912634744161608      8.274254885999174        20.533904994240345       -48.71663327852387       -13.566194288170141      -0.8519247391505944      -0.09468414102887417     0.22530128582104914      -80.56577794016003       175.5139512026455        27.23663025876516        4.4433284292691155       38.662663714706355       -178.29019979220158      125.24568053820082       20.126393357788885       -123.62326143011752      -119.00975496180826      142.32457817010982       -4.5452880519729035      -111.60807475698475      85.27507571445926        -40.36921887648802       -7.368949071583188       -45.577334566756775      58.00003251919381        -119.89189567863764      
rwgt164                  70.53215145026209        -6.025503647712205       1.11716098635237         -2.243943581623371       2.0629344271930297       1.6087230128158225       -0.7541406056900753      1.331270541252759        -9.58254574640808        2.196741402987863        -3.9330100501794742      18.332843998848446       -12.216542629599182      -30.592860350911725      5.288606751030201        -4.08796544956766        -0.07896605946200182     -0.02572510565814179     39.752687760544234       -159.50765885267498      143.65921895002663       58.05037568830306        35.09302276388863        56.18924879686156        81.72062736129686        -104.89383868639082      -79.836748481818         111.20158841128568       1.9445660739897903       165.87348298861843       151.03486378475026       -110.97788891799887      24.13350715037248        -134.11708410883517      -94.34428061542286       -147.3732395757801       86.29753393278747        
rwgt165                  40.928919775714206       6.827741781326135        -1.219522760887142       3.123029839248831        -4.008275589302114       -0.5166687578271529      -0.7327928248228037      2.3864883220183044       -4.362464158329702       0.10323155553394603      -0.2527356716359428      -4.729813651360397       41.865814707869646       -40.8213643278457        0.13884069484101502      -3.366609834812211       -0.15092180646509973     0.55811847029871         84.90562043030923        -47.42537578217852       158.6969446306921        -77.61928617915125       -115.10864551916487      -79.48894450259202       -89.2602309524028        5.705372331847883        -80.57211306147988       -161.2219225807871       -152.2450500834916       135.2003305713174        -52.68143280649693       -54.37508081138006       174.380555814331         98.83675800609973        -138.39838315253886      4.967906499111393        -139.38038270172973      
rwgt166                  12.411833770272551       -1.040357661850483       0.29340066979896773      -2.922144893967312       -0.3644314514909963      1.069682928008218        -0.13157282239645984     2.748379953721396        5.404618556553093        -3.3793872097709077      -5.889617305970015       11.730914995800678       22.244798759492156       -38.725978218640215      11.154076386999762       -2.259356364951877       -0.08624662936698067     0.5294974389738211       172.4194369016334        -127.5646317064203       166.54063132155335       67.05726054278335        114.26174476986318       -151.27837459286437      166.45519468027834       54.67031182951206        -38.320159869075354      119.03319315360784       129.42482632230264       -72.09803284434923       -120.72689017025128      109.43530668998113       122.11016005354804       162.0433593921586        -166.46462116762623      -91.8496831150002        175.55069226649346       
rwgt167                  179.24686626071275       2.5753847065965223       0.24865918346607607      -1.8999499399468607      5.846331511595594        2.072095846209623        -0.46407757165883523     6.739742650356404        -7.461890628711064       -5.921218778236563       -8.121168167752614       15.263084113900732       24.82113782652           -47.50440135120676       18.64273254046789        -1.0980649291519886      0.16191241652078964      0.3941551100775603       47.11970450703765        -73.82266435463971       -15.647377375448372      106.34521936084417       -113.26915483748512      -49.49019915836479       -9.633802609333202       -123.303883721662        -137.83059381630278      161.72464475839513       151.75826007231393       92.99450166491198        144.55722991387245       -134.68525115041075      -57.26768903995233       41.836858255537976       20.454866775092313       82.32209853182957        114.40603195418214       
rwgt168                  -22.699046488138038      -5.918191683246803       1.0905950405514233       -0.9364614105287643      -2.636848300673809       -0.4213352656621254      -0.13306280351610744     -3.238508409251539       12.227812235028189       1.8350658664334443       -8.83525686164857        -3.7786322383059776      -26.356294456351918      -1.7765844577864627      1.2174567896946087       4.053044471715472        -0.13154714797831368     0.4718198775817234       149.14046735142148       -97.48587199642166       86.69670231398129        92.07980569213396        -142.600663938564        -16.817152093669677      -56.80878022007944       -135.6707504055447       32.465709880042795       -115.35453723876995      -132.71504326900387      -61.33723948700002       -117.57957132236344      5.2830738027147675       -120.57274101940988      -162.61927596544115      104.6267144670739        179.3768856186254        57.31249283922736        
rwgt169                  -160.65596593972865      0.36487624572413324      -1.1348823883634391      -0.9100816170196389      0.4992372896447801       -0.9177297923558554      0.2251071285345596       4.193277438258051        -13.248195336128743      1.2066130630385485       8.514559042077956        -0.21853836077007216     40.334396765021935       -22.668069105336286      8.164084017598583        1.406267368379278        -0.10220974523791466     0.2103627595390931       -9.42676111668061        110.34393942748346       -98.43549348362899       -133.07406987814628      -162.256957789457        -109.38745498117804      20.352795470685436       90.7456162708433         134.0777814657551        139.659627873641         -12.792664577684405      109.986717498227         136.44960738858015       -14.574555154682969      3.988578126445276        160.32362661007153       147.95441567023937       -172.69417270258313      -132.44770426965027      
rwgt170                  14.218706188745784       -3.4714776905291176      -0.49092927960871124     2.4981253530940917       -0.7748373327269862      -1.5805844402364804      -0.26117175115805735     -4.995555228005854       0.20349377166504112      -5.511287973602171       -15.54326266951298       -5.981124328980458       41.71592543434143        -26.362652823263623      -26.723499287629167      0.6558111051356263       -0.06303373329612033     0.5798292125272427       147.20363609365677       113.49100752173541       -86.40707383944104       29.202625428392963       -87.74218502277422       103.66923367863143       -3.3836476700580533      107.17888514140259       -84.98075626941286       -109.98691168585256      -84.00644027505743       175.33967940397991       -157.1051331302188       128.33989144994894       -54.97224962279286       -176.9408963093126       -12.993113298300642      -172.25233161959918      113.64948384570334       
rwgt171                  113.24633779575367       -1.3076390546125527      -0.18581531947039398     -3.110603342286394       -2.045937499393224       0.47892508185813343      -0.2512491208565709      3.034260845831649        14.54259324735974        2.899194486149888        3.7498260318068013       8.577782459957632        31.1988548214901         42.48243528852754        30.47466287907085        1.6890756157323734       0.035397128708819586     0.44309367547740763      100.48163063579688       -151.0407677926657       -107.90843573207519      -13.536623855786019      -79.87757499403993       75.0625007517277         154.1910561406321        177.0708472275901        157.22866235695642       -1.5107215787045334      -114.40676825422281      -145.59333669116276      -78.11293579283013       50.34062308190593        73.47253091095214        32.56584266939598        -60.75969617019334       -81.28089406405758       -135.07842905216256      
rwgt172                  -67.28712985722342       -1.5660012000123178      0.8916414071167116       2.6935460042180894       -3.5995688379304642      0.8193279902206982       0.43130573400347205      7.609192175515939        6.000044674434417        -1.7516343485476247      -11.638869623045805      -15.34771418962605       -11.870135300472334      -13.925315381440939      2.088637905824342        4.284584063716089        0.12719053822651138      0.1434936947364409       140.6274331166196        -51.698934329727535      112.22621958273419       59.70370197825687        -141.89835093229408      124.75168502203871       49.71481705707038        13.537578688478561       69.22009183360328        22.732268285263956       -109.10747532048525      -170.21224959512952      -35.860368842637996      -47.567520261823574      55.51662438210036        29.783786409472782       132.32091913845505       -133.79786620792598      -133.1817644947679       
rwgt173                  126.42527460985133       -2.3699296411491613      -0.4389013266940571      3.119205700421065        -6.0375847472363064      2.0486413301877824       -0.5148206239313681      1.6360870638886071       -3.9271592400135944      -1.971181654686177       9.577710330406568        -17.150700634035083      26.7932514961187         -30.90590673657376       -26.738568841522913      1.4760999683162161       0.11364164011276967      0.01479423890639131      28.414890514150585       65.11801356499922        43.6171614403614         150.31041337734246       90.06640613178786        26.377326710384295       5.04258131569236         -52.856099964269134      -127.7191247728804       -55.4017517088522        165.02914665317968       104.68803586158157       -113.55966302452414      15.57483518156431        129.02917645448514       85.89309791827043        -119.47625962115956      -89.24179394582978       40.582439877247936       
rwgt174                  48.35823655252088        -4.684485376382431       -0.8790347442469747      2.0397673685537487       6.241742413094805        -1.8507450857790326      0.6427252119172746       -3.970998081231365       9.237295569120068        5.7502135239646694       12.030410926671447       -3.9659187862581504      -35.620733005956026      -22.351941423413276      -23.76473048481993       -1.24488476973606        0.16482697305144178      -0.3825134274018285      71.92112912576556        -84.17563813514322       31.16721891122549        60.873192599771045       94.77355740518539        -138.87545302419585      97.48787783388991        66.4891391472276         60.17260254719986        8.482061035435947        37.596811053528995       10.756133939121469       -18.960597427450665      -43.578573545644645      -41.9155030963575        132.28301816687622       -33.98332147834259       -126.51208300989974      6.292597702260053        
rwgt175                  -146.0246334666736       1.1146414254067283       1.4236772928287766       -0.10490206847172967     6.509474047144913        0.05265650281690659      0.3595336043779427       -7.727462971801699       6.897823922381317        -1.3341694262977644      -4.993082366087245       -12.25805430137589       -32.867183432191595      8.335063293046069        -6.288347818797739       -1.1381264336108434      0.06351235609170386      0.5379699260675647       -141.6168705085945       -125.60021369317548      39.84362708098209        -104.26688304904599      145.15438255667686       90.71652257329458        42.20219152472998        86.62235492126717        153.7256736593232        -12.818333745696009      -49.389711562832645      -118.88883532574857      99.24203712149261        80.01153626273629        174.79207080799074       -125.56043006941616      -11.822257235629792      63.41982207294467        36.109087596091996       
rwgt176                  -73.66544509953185       3.1524056970801295       -0.5299555727722706      -0.7513317449483861      -0.14102143501900155     -1.6948952008517981      -0.5100831858005852      5.905527319698362        8.63215526476009         2.121848437725628        -10.762614893000329      -15.81711280206622       -8.433666095736157       26.732164256294823       -11.283104206696652      -0.21175132721750067     0.17964564082652623      -0.6051647072735366      -135.59148332982164      -10.582888179845298      -132.35437437073665      13.499313884547348       76.09917926909691        -130.21878903087236      -26.864204529607775      -62.72796087375271       43.123838419071774       48.21949182167717        171.44100769709274       -122.54532133011529      72.91594606295945        135.78613881553764       167.75542185686407       31.22168917394916        64.42344184216194        -143.5175936269017       0.5573753754330255       
rwgt177                  165.93927963784495       -0.40003347345142704     1.3752006481705477       0.11514595434348118      -4.94156705915773        0.013200603057189397     0.23212313212277835      0.7546894108227162       3.9211197098064545       3.215847987002327        2.4618945886062846       8.088369272224362        15.515604688293202       14.819616204503035       10.6808167368104         4.511768715912879        -0.14413002821159343     -0.5244175026812883      -88.35932372619445       -57.098884896426256      18.070828675504345       -7.019561844989312       56.70511977026632        23.652449636599414       20.55083605006911        -110.9958258146201       -109.6597252970912       -176.61025469114585      -95.99709998094696       -131.4690032545711       44.70199783388941        74.66951535544297        -17.015699672024766      -121.49951195583928      -113.77116079888147      19.203813314535978       -148.0656294074209       
rwgt178                  117.54793300271302       -6.50155366561892        0.8135548609019867       2.52505624467648         0.011732314246259534     0.8498395078193224       0.1919475501770178       2.901218691404087        12.665757793328169       -0.05984587614769854     -15.942979458193792      3.242643503782965        32.21577029396873        11.125817455676255       18.720852435122104       1.099770315296996        0.08843824680384482      -0.012633490942451586    -70.50705865080637       20.524244018038615       88.06398497251814        114.43448787728522       -46.176156918861466      77.24209222456057        -141.05377673481826      11.731594734766901       94.6410400666652         108.37905456853616       147.87168714690773       86.02693439046652        162.66574815063126       -169.93339134226738      52.213337761871884       13.058988193504746       -170.01835950623658      -16.63589747836997       -70.92484853483728       
rwgt179                  -16.850548498437917      1.6766203790276917       -0.7834248947742017      -2.88858218788203        0.657906132426513        1.6155640314159179       -0.45178468226189766     -0.19648188450173976     4.071316728197754        3.7355666346135603       13.129361618172045       -6.815587170015942       -38.189603337958715      34.25616613016841        24.39060881159186        -2.3612197149740064      0.11210250326346011      -0.6215661740801783      -42.930654762287986      144.06549142898308       79.24943081586815        -4.144375752104594       149.00797893174928       -8.563983917739279       -19.442520098401303      34.068750587744404       -97.73154592945441       -173.0030697533317       127.10955665035544       67.87799404510378        -55.45922849987308       -2.422523431354449       -107.11623438216294      136.92693370804432       68.78681268525676        -0.1285760073768074      124.86452032574209       
rwgt180                  -56.45474406023352       1.848412636856211        -0.12669901921867588     -0.6481075717134663      -2.2993442014101326      -0.7343198726629363      -0.5577358731800579      -6.349499278989642       -4.238252220624547       4.886034644993503        6.656590563395877        4.413258834826941        -14.728690398901392      33.33114825008994        -11.600870913856586      1.326193470198544        0.13817359730009904      -0.5097268077848987      31.98572460417276        -157.29408323234574      81.25542967201437        -10.093396209747254      49.552801529198376       -106.74565523046532      -22.767710024774317      -97.87976199653761       102.41836155407782       -131.745494631919        67.71373700585673        101.40018433639574       -146.54334716365278      -91.4666473778095        11.50814652119692        114.6703881731193        -174.44089656223687      -142.2661263340488       -19.755650834733473      
rwgt181                  -147.69169163571217      3.931065475838529        0.25578490483179306      -0.6404166424755475      -3.5244086430855885      -1.572455087385543       -0.0969308396704106      -0.45238385181211527     -3.7811144081197057      4.037102504857305        12.993441479032366       -14.870542137739168      30.238827237740864       19.79431972682977        34.16722412984643        -2.4024922445212726      -0.16317860271255416     0.08471020603905222      -135.24962014881433      153.5215809282281        124.86525109767115       -153.67631471872193      45.86456940756452        128.47584351633498       -14.774213289092017      -120.04631981791283      -131.567994269226        -98.6365628289226        -128.32142118455232      51.62613120171267        65.46877699135953        56.740283171774365       158.45976047423028       62.73367380682549        -82.40469242531265       -176.04542686937805      -149.69154890973138      
rwgt182                  60.63972056425385        -1.9560281881185642      0.03371681197058107      2.743815717955566        -5.975061154278174       0.6208753568738206       0.8094403332192612       6.064791967694975        12.825631639221214       0.7117997398035945       -6.136310316813905       -16.28855098139501       -37.125558076083024      -29.320132993853342      -3.4561043925302357      1.83000941263228         -0.1522736719814301      -0.6239440794231573      153.1848437334906        -74.58193896690649       -111.58513318826981      140.8691599778465        -163.49626017994638      -139.2045226248473       -19.103708102409797      -141.548949382365        67.60947298717264        -30.04631680861209       90.90562520961248        90.50073430613838        174.86371549771934       18.462680807983844       135.5753033334159        -74.22901822240519       154.3703474827318        -14.802003015479272      -136.81581428710837      
rwgt183                  -157.6057119238986       2.319064551531633        0.41285441073095575      -0.6821055323444609      -3.2276074103872157      -1.5190530295489049      0.2684087349102855       -1.0242324762034354      12.481742799161658       -0.08499525748011294     -14.070840171616698      -8.520766395504763       -24.226142610402974      -41.590976463429044      32.16863655957866        -3.4554698873335594      0.08133740241988408      0.31870337912850366      -35.43191007776892       -34.30317846238745       -79.98648813503665       83.68326037180947        -73.06071478925955       6.885094041137023        -51.776163336629395      -125.27920562446005      -74.68397892549169       86.89918992297515        48.16276451395183        177.37397691098948       59.37799398312171        157.6921696580315        61.0443378653066         133.6404189922955        81.1236608205374         -165.1801012198692       -16.287640233493477      
rwgt184                  155.6870507769013        -5.246707763004689       1.4637233595265455       -0.7569470777613536      -6.2750897874608285      1.2457197309104693       0.7249464998000918       -7.704281672591675       -11.04112282809464       -6.351539041639655       12.948407659646858       -19.407143644461225      20.15916014180327        -7.5465643354726595      -17.713329269270837      -0.09949718604958058     0.06350128110946565      -0.08933642586662116     104.75321535195883       -101.1868721396645       -75.93990161624919       124.75627320355039       -42.33804880856644       -77.01260745493455       26.890067233990465       -154.69179185243576      -53.26333969536549       -80.53005539049154       -111.06279119540672      105.17111595140608       -47.172938852977495      -1.817374233626964       40.267417448001055       -116.31096796943518      -88.8915240129721        -139.02052400037422      129.41619317276468       
rwgt185                  -105.5106729330182       -7.051375735440897       0.9678051554072009       1.2056077227441442       -1.5190794727173982      -1.7516459736576868      -0.7530221912485958      0.5826020133066274       7.388835644665985        -5.782468847079868       17.29878955798           -9.331641751163886       -20.868921695042474      -11.037972739093206      -23.594325333221008      -4.508641236784055       -0.11672376001569718     -0.35063078534992104     -59.11394659127026       -24.28327962877424       -147.27070968890843      -93.49629838605298       -4.078533757668652       70.6349465384011         -10.960762241582671      -31.362421633162285      -79.10005557225465       114.44464847496067       1.5816013246505634       -10.13534946257721       32.265768186741894       -169.83125117482953      98.07619725539075        -8.548246280606122       -178.6944095488057       -48.025992545548746      -93.06510463680452       
rwgt186                  -24.840110981238155      3.0526221268011495       -0.5437961600198151      -0.5269723910573187      6.050026437866071        -1.8218776543756878      0.4227066628343008       7.084525905470238        -11.682985354801518      4.171500575592551        -0.4597294760285209      -17.84779052841754       -5.542693840181052       44.663460866622756       -0.8364064185195801      -1.7475935027766027      0.05783901465294153      -0.48199214623367975     115.95334290780522       -160.43212767780125      -174.33084762869305      -5.593322085291874       -167.60226357011717      121.37733987886605       -155.64723592476744      -176.11996720183598      96.76332347484436        -1.8349697361855704      -61.492768585000576      -163.06377408008024      52.057991329045734       57.96358727249921        -116.69040788494769      154.8149798685547        -101.13451309961495      135.12155070337008       2.6390362062788313       
rwgt187                  170.08550651454226       -0.5578135127552564      -0.8220614450743401      -2.3216094605110964      -7.024054413598069       2.0154473413386893       -0.4828255282472536      1.1453447615984205       2.2356331662361377       5.646060441186535        2.6364791310783          -7.048260528555685       1.6632874864378095       48.641079806223885       -11.406299178073809      2.728255619006358        -0.08026007675490825     0.05473224329744364      167.86558597010918       2.128370116268144        -57.40991131904198       -134.15053166457812      4.380990925131158        -127.97043746983427      109.68971198910754       -47.42884398308962       9.457998695979967        64.9117968377659         48.15245784431795        -102.49309355647651      4.569059443124502        37.52952345696539        -106.15333341830463      -30.09797107824079       124.05784584631766       151.58672398354918       -124.01003431087457      
rwgt188                  31.19053706896966        -3.39656822428546        0.724682479273105        -1.2315464588133331      4.593163874200714        1.6113664577880882       -0.6230546944718605      -0.2114799688801181      4.676608107646576        -0.49986425327282813     -4.132033523976919       -16.243983329137983      -38.08973542814093       -27.54249762598495       -4.167962847931115       2.537808679507643        -0.029493710587448263    -0.31473507527108535     121.83722347669789       -101.4473590142704       12.730900046567172       32.0656953835566         147.76308690782076       3.8563329060293086       121.52306524365503       36.42461867818952        -1.3727809861740354      -123.65583821036566      122.47106433226406       -46.99918210325242       93.2151661646356         33.320302100537845       -21.83887043788448       44.83180336474737        -35.35655429520733       171.30275516297934       -128.92122346371517      
rwgt189                  -109.2251421607025       -4.260603813983456       0.05303206918348691      -1.9829165229090508      -4.125299636116517       -2.0462050609077633      0.37035182657154486      7.258277429100276        -1.5170973254925233      -2.0367333149736755      -13.192164910120976      -16.76355850538072       -29.870588337075354      -49.32347505524695       38.704882994210394       -0.40594553906574404     0.06919292722115927      0.26877683829302157      -1.769660631293874       -101.46942789279923      143.7403864359536        -34.72923327881213       102.84919903378085       110.89749874886274       -174.00148136521224      -159.4321638674491       82.21522817419071        -140.22101599458824      69.68453263821769        -123.08243143936234      -30.35428503434261       70.80467050203225        -46.57970407771967       99.12658747049676        35.94869815189614        122.39733066571915       -143.97213549989365      
rwgt190                  163.62788120154653       5.9833491448505205       -0.3083261985520378      -1.0494749004546984      5.908133795959698        -0.667376491772067       -0.8062514987262972      -4.5427235253752904      -10.625196948522813      4.81645147418636         -7.542184646105817       2.772337496031824        10.82780436387172        11.344519412244438       -9.362947877815103       -0.9827153701778548      -0.12240721462082335     0.31100099875651677      133.08375977587178       158.3866443479791        -57.429984747803104      -49.5100612762964        131.19469616053942       -14.568355935798309      147.78698030042443       49.4516429740724         164.04320513631552       -98.59527876377261       78.94847068063103        -91.55589457419224       88.13463978016387        -165.70525375523235      135.94524951703028       -163.92671675248852      70.59867550714992        16.99561500313763        77.82085723012881        
rwgt191                  64.54904678035712        7.4340958923617295       0.6948810581458458       1.605799709984109        0.06078174106643708      -0.6215130706203849      -0.10565862543680848     6.159498651613359        -2.79592096942366        3.3729404078124023       -16.143102728127467      0.6676531729732531       25.16885759475855        18.77742977632461        -30.030479730219888      -2.5277858855908795      0.014448958814102686     -0.5439700876844351      175.0066401632231        -29.306905383782237      -2.5283971375276337      100.98612345164014       -37.316750390023344      -98.55173806892005       -59.80376723952749       24.386678251152034       -130.24162838491094      -134.40661365043098      41.07255490389775        -73.27505272839196       -170.28214847913034      52.89226628081215        -136.27062164386086      8.032233625171443        140.42663631347102       34.40974950704728        157.50100982573287       
rwgt192                  150.6530859727789        0.4238093259089242       -0.3328900683710221      2.7388843039385478       1.4145941386323386       1.9892980419587496       0.4740666655072323       0.7118806161105065       -15.02022385889992       -0.7591155429410898      -10.921703678952213      16.821956809089578       -33.950579846677144      23.73900775318026        26.446449856428274       -2.072774237191877       0.12174583842294179      0.16826229878461052      162.94005764309054       69.78203038698038        -66.5134182954082        -113.21180809838343      84.7061143592311         -79.19666256341173       -25.822539085142665      37.282544835533          35.1495344292164         -13.203212393829261      40.42113317806786        158.59273659672027       47.66780514861463        43.87547489561305        116.2704587687565        58.61556916500007        131.74149252886474       -109.00894200239516      25.042844711256436       
rwgt193                  133.32356393545672       -7.325465791880023       1.2934682314292376       -2.9530247901055415      -4.532190943975626       -1.1269746061729906      -0.05154020514702229     4.265560413766367        -8.125166345549907       0.9771133914814136       -13.324414833426625      18.237831105796964       12.61343053525544        4.701489170382445        0.33403193186516233      3.387513560193778        0.16876292327719494      0.08862196457095706      98.41124057021432        -86.0856616674253        139.29726558891002       7.552760260617902        -138.68147489808803      -174.6835972517324       87.54091558086293        122.08238499385317       77.19260226675755        153.82609922517412       -30.830178631206365      177.04965356457996       -24.879607360666768      -36.840216485206895      -79.74726110648889       -19.984532264239533      143.2969600929771        50.70881692240354        -117.7049142140995       
rwgt194                  -53.51762461231907       -3.7296710420134         -0.7989493725299773      0.020620604938592635     -3.6111343898603456      0.8809143848686176       -0.1504710156217881      -0.1311513463857228      -1.1575816491847775      0.4083602960430124       10.206315098334976       -4.104426554178087       3.584947659364609        43.98079087231628        -7.707304295999634       2.8797534813380326       -0.06596808977940023     0.27435064203796666      59.261703539376384       97.6761257898201         122.8308516636173        -70.61707199060132       10.012233460864252       -31.09760668249106       -1.542622596370279       -159.6219337570023       18.34698174484501        -172.67764222648242      -51.680557664999725      12.808573554653265       -20.08532192627817       -42.56916059427397       -128.78303618314004      -47.978725603620944      -171.54823411278807      127.22954546188959       -85.99047002299716       
rwgt195                  143.71994053932832       4.823478293318083        0.15251228089806168      -2.3961402868039023      4.838594557171781        -0.5187240770042516      0.1799223937614658       -6.787870516667072       11.99730549973889        5.571362678491852        -6.848206194556045       16.42074967331223        31.34410675701065        20.2724863299469         34.337602918771054       0.028895186059054723     -0.05963356046094895     -0.51406289976346        -5.085307594172406       12.410476932344181       -37.783029619452094      -132.73163047353927      -13.113989022459947      103.92310199120215       175.20991934295478       -109.03824428702315      79.4600807310731         29.137914809270598       104.5642581277578        104.77517774051512       -159.07984351379045      78.82367120656875        -116.2251185151795       -179.62611492707342      37.91126003172292        -31.257286841596766      30.86545719511301        
rwgt196                  -104.50048953089421      0.6579667483377856       1.0398184946842968       1.3340398638417525       -3.248151320658809       -0.9755020927464968      -0.5314450092016278      0.4777742896366961       2.9642457209487          0.912632408764412        -4.301616132397989       17.93567658812328        -27.74168789080594       3.462315479834018        -0.3058993891223807      -0.7276112333392453      -0.12243378500168944     -0.017955415542461273    -95.42815296070346       -118.15813304091846      -143.1261561212918       178.3641887682209        -114.50581426329414      165.9779132947757        66.2660372259657         -72.86633207781371       90.71968837111069        -171.36450438038753      130.86778598427054       -38.742761931575274      -35.314548062944766      -69.00192221233382       83.8658246680227         30.738160574207114       26.183224887050727       83.04104538475906        27.57730480860249        
rwgt197                  -22.313545664301984      4.926219757671826        -0.9412310411545415      -1.9664221907164696      2.0099280727749758       1.5688000470629855       0.7910618559268154       0.2374397878439174       -11.766717544892675      -0.9230065085553436      15.957155855445848       5.483922355005063        32.95705355761879        -36.15754783052084       35.41215237494103        -0.8491064607858338      0.021673058067732204     -0.3458949613983469      -143.73122353018456      122.80348519736526       55.84645985623783        -116.07899356737495      1.4689304210443197       95.52194765230729        -149.48066529684476      169.63603631259116       158.28720706937554       -19.707254409283877      -170.34316961310915      -124.33759060335655      -142.10835464132427      -28.488396035973437      -57.47560618633668       9.164406853804138        142.10226527512748       -56.092921296602526      -139.77691467626883      
rwgt198                  36.768264691018004       -6.306085048840632       0.5948705115706645       0.8360500063411198       -4.544159738179487       0.898474787429933        0.2917420898146159       -1.0013233764439429      -4.206538710290845       1.6321090520596329       -16.86750417913894       -11.344694658459948      -23.49946010988965       38.869198468526946       27.55718612613252        2.357201804132166        0.029599489821517055     0.6013409917315756       159.78223190054598       -148.6946097504162       -36.264558942359514      45.2376961778447         47.95604599275674        -124.23086718621039      103.28512456535418       -126.14758477567624      -167.6138396560663       -134.8448894379477       160.6843965111263        -77.31464091286537       128.69254696251517       81.19719483461506        -20.03514823745516       -72.85096420804577       95.56034287365082        123.09637166903156       158.79358486972956       
rwgt199                  -119.32320321233726      -5.846989449862134       0.9248258473924793       1.4964120558728844       2.6743421621119374       1.6940796766469268       0.3972058626967945       -5.527109079852131       -14.3807520078601        -2.6036850217363146      11.843169203611122       19.15075873876154        -41.64330523781815       -37.35079111076531       8.31940123917461         4.729014087030031        -0.04395560039646862     0.6264942966941699       63.473615316180656       81.44359991813741        170.30796080919316       -96.7600235239864        -18.06600063519224       39.375796822098266       -59.14388400352091       88.02988500191691        -155.87149641830774      165.20931382127128       -106.92121877374981      -150.92757051959398      116.2831663825865        -20.43358981670292       156.35203930237304       -75.87544909469534       -52.18412611236961       157.7218586939672        -38.100136594802336      
rwgt200                  -163.02634530166972      -2.1022552113335387      -0.9580235254243833      -3.0730461819670922      2.068757716592481        -0.1634657234175949      -0.7732465546710117      0.3354579563259916       -8.58644079209704        -0.9583906368623891      -1.8360381645787989      -6.641087807921698       -29.0688062512134        22.39507778356277        23.493412235531757       0.3675697233682902       -0.13283157031965287     0.0980324822562747       -2.544545753018866       -72.13083959811675       -8.158378644065266       45.251202382184886       -176.2524733193524       -49.961389382209376      -29.91007302734471       -139.47621572979145      101.59254431056655       91.53917525336755        -55.235107642848305      92.55004220238237        26.3258001426411         73.68887695067033        87.29441059394202        177.0813284064604        149.95731004370413       64.25883758933165        -100.35706824216582      
rwgt201                  0.31762102096868716      -2.8454013241610516      -0.5672077511909338      -0.11888360425834188     -5.457137507064882       -1.6090723708577876      -0.6611664646666039      3.426739894725217        1.5174434219636836       0.8848233060438844       -6.958274785230948       -3.0176617717656065      13.705650279004821       13.293447967152105       -28.244750280598957      2.878812119685528        0.06226467469679933      0.06167072250563099      -143.86026581313973      -140.07201728930244      -144.61574642200785      -65.92540862843312       -49.01481964271366       133.13625076615568       -66.72594158391348       155.5687570086818        82.17230112712679        -44.318990975702974      -146.05022081900375      -23.113705262850658      18.83240615615418        -44.149650914300594      108.41126769437835       -127.40681138465555      -74.96406935431283       -84.75646811632049       47.90563812559034        
rwgt202                  -65.94414550652331       -7.365389975417603       0.1852617349196215       -0.7518318360692766      2.0264484828485845       0.4207125985289877       0.11277577432305652      5.335508144229913        10.195992424559975       -4.7956664770245565      -2.135914220705992       -3.974904763842181       -32.58360265065837       40.61693563235184        -38.53546753555625       -0.22163942473992293     0.030848102397136312     0.2329116572002643       81.71124792527752        -16.534571252542406      -61.672958423512824      89.13745526426146        25.499429399679684       -151.62679860436194      -91.3030969871499        128.41016771065995       -103.69406833386243      29.79690433102442        161.78027438155345       -38.63655244584265       -164.40867581581028      -67.41940253319936       -148.57401743962583      -31.505337335401805      -137.33013345247338      -116.84969851653837      -103.57125077590938      
rwgt203                  -90.91904303019095       -6.305065575045864       0.7773059571945808       -2.134906995092312       -4.007765589922812       -0.8849827853523191      -0.38936424743033027     2.955690997337588        -10.33322665301195       0.4428047089824787       1.6933474246630986       17.838599081184867       31.269386766200313       52.01425554208693        -13.811537259171999      2.5447853913595004       -0.15785430518541504     0.022044810370733692     54.20430585081735        -177.38519921251523      20.173427162888714       -24.318604233578498      73.17623031135807        90.50236873070327        -51.05387732479875       -30.981410719727165      44.7076702238835         11.47214041005148        24.581382016636013       169.57987544481063       -47.06331401508493       -36.213196141090464      -172.35808852962737      61.15788701807068        38.9743026260694         -59.163631147569305      -71.03700526348848       
rwgt204                  -129.1544379754115       -7.184455735308128       -0.7094058630086528      -2.8589706168598044      -5.727710222360464       -1.1576825916296714      -0.6205645466940986      6.176489875055148        1.7244985984703014       4.965587639961813        0.9769818312442169       -8.946867937228525       -39.58180581887843       -40.56453078454619       13.331254290935561       0.34828586589431687      0.005371514956214601     0.5841948400188005       155.5860806787499        109.22289301493441       -166.41431938174873      141.62398218122536       -41.24476759055801       -20.535197025232605      67.72352299847262        -117.73940803104026      -62.11962500207541       87.8278832087272         51.56734164491414        -129.76245984812283      -90.11152879082421       -92.6775100322872        -95.0278353236937        -132.690917065039        -172.029469788152        -128.67360027855023      91.13830907847921        
rwgt205                  67.77584004010737        -5.021936417340452       0.6432474984778047       2.6372093195377504       -4.366671501475031       -0.5116377262680469      0.005817333931126489     -4.285884934558469       10.366366946171215       -0.8350075922769431      -10.978473733545204      19.765270898644665       28.03589551753197        33.82663728190778        0.4980716681596107       3.109290244774048        0.022079858434231464     0.4944885226461565       5.71569099140865         116.40820342767705       -82.42003497147266       12.744533320803754       -132.4016700717616       8.249591720834843        151.04976900272163       111.4255819181634        179.1490084128983        -96.51140714151151       39.69118990846562        25.15312289312942        6.664066985988569        -79.01420386146911       -22.250957166011517      173.96388957988563       46.25754347218813        139.7927728613085        137.2822841341831        
rwgt206                  -172.2565629969633       -0.3356056137494807      0.3587018536202371       -0.22398656180838517     -6.551600483091482       2.1309343091389485       0.740742201568642        -0.041356768901680496    -14.395000628448171      -6.397714579591199       12.683535910367901       -4.461683831007795       -29.305781074114606      30.91568158037613        32.281074156704875       -1.398981305438748       -0.13687725847835092     -0.10484700742788411     -54.888661469628744      158.76070851932457       134.99803177780376       -127.08185122052787      77.66663950476362        -132.09026250750247      -22.224183916836267      -108.475470747532        -109.50202546644725      -168.91388089266687      177.45362682078485       -123.89146902981723      -55.222207226237146      178.28410919169028       -110.02159913821727      -85.26651947019965       -74.10955554547503       139.32505671950236       47.70499232043767        
rwgt207                  64.02766783559946        5.92072837909716         0.5260506001705327       -1.0529535239879917      6.13213559256349         0.8012523746936586       0.04452239565030103      7.109331119336821        8.256965293014982        -0.6152561277414508      12.819558682327543       -6.030390600565363       -6.656652416736783       -4.643877437823392       19.712876550974975       -0.9221649996978112      0.10138093433500395      -0.3650245622109718      60.40583489253967        114.70106793209982       120.19228281095138       -56.94832364090669       166.82714156450504       -145.1158732297505       36.48060057882063        -139.38564532401034      46.661905967329034       -67.76863424443353       110.73348966365239       -129.3716554242557       -116.4112751899213       49.966958824592155       75.14085513065487        -111.54667966964215      45.293154108739174       165.92236991566773       -11.965814275770782      
rwgt208                  142.79577223933404       -4.773308762996568       -1.1488869792284855      1.6713704665239613       -1.6262819552668404      0.650514222940767        -0.12239946453815054     0.4945621325940843       -4.992331887113865       -3.058369412358233       -1.8564713870088916      -10.891499843064068      22.9330375300607         50.16519236095331        19.439002785833203       3.3907556505552865       0.03737578761992008      0.1401249685562953       40.65253329536313        173.5491061766336        107.19830523022114       -31.945393921538397      -99.88689043711973       39.82655332939518        54.65489311553222        14.664507865583857       -44.71890287553012       39.308036895100656       -109.55803930884481      96.87040836387462        103.5629380678975        51.130846232549516       -47.35655208722622       69.62523712521636        -7.533829002289252       83.28930146293004        -71.14220962028645       
rwgt209                  140.43969185882202       -3.9771191632095273      0.737910284236915        0.8107418045025616       -7.611276128075183       -0.8931750159816454      0.5110890980017699       -1.3699775616548848      10.045856624795789       -1.365526293919224       8.117411686971309        0.20720510670005154      -32.72710626100226       7.458207447464517        35.76463644050186        2.6882417316028766       -0.07879303901203824     0.4188647857505562       -70.29696255202079       141.4349778988958        -68.22547384389563       84.26513004957792        23.83394414045864        -36.464590435069425      77.17348329575486        -100.10029013377607      145.90040397451037       -130.6283390800385       119.46674453454386       118.26211863747142       22.505974457865562       109.62937268803648       -110.11760335271128      -32.08959000110406       40.174528578698414       -85.21942234303788       -16.26440863435502       
rwgt210                  -140.93190606084468      1.388466703157449        1.2810012773142818       1.276628886085569        -0.977672753532854       0.4245713409227818       -0.5679737990639647      4.0758301665566234       -0.485743524547086       -4.4181588430615015      8.047482775320965        -13.587556181383185      21.840191694947166       15.887521633356627       37.05191091481767        0.28074248242338307      -0.0545703977885626      0.12432960126506298      -0.9686312963016235      -84.13589850267194       55.48680957024891        175.3624037211206        -113.4598095144219       -24.445508720756862      -76.11790489764631       -109.4433303786817       140.76371795334734       130.1432105546744        89.36844976642402        -31.632285961548405      -111.19870193165231      78.59870213198815        119.3822034820518        14.037412979505774       169.9635478223758        105.88951392367181       -107.27042982509414      
rwgt211                  21.044403522682757       -7.379812088657831       0.35773997240275457      0.6241923390947033       6.935477921584596        -1.1470027073848583      -0.28403150235696273     -4.859998494812273       -4.891692073478655       3.4563449398799566       -4.315837609442074       -1.5984616374587546      7.95740932784291         8.604887713257426        -29.25886653266898       2.6348862040824663       0.10739306996686737      0.5164401200347061       61.18948027816151        -44.78749459932874       -17.570573100407756      -142.07886734359369      34.16252811255947        -84.63807567049064       -72.35898535035663       -118.62148332640282      28.78228160192066        -46.87629166835069       -43.63999279317997       123.68832225736514       -127.79047158682457      -18.835691448254465      21.81227881579082        -133.90554064787065      -118.64768291878775      -48.61675224900739       63.18078522138592        
rwgt212                  -4.584918288345051       -5.113474321335628       -0.30380215671676725     2.479200866953585        -4.129844208763358       -0.12124738998687823     -0.09924640674541174     6.2938648982400265       7.4777249036703175       3.181053742088073        -14.961634336774132      -19.0520240329098        18.37223162223824        -30.894710806035267      3.005092713233765        2.4948083248834996       0.08458854529212062      -0.19907188218265987     25.60868112951937        163.23289766057394       24.599051050806736       -73.05206852803629       -176.23379957843505      -117.48569561207063      156.063658847826         -7.881065736825946       103.23014980378298       -90.47857612323857       -150.48059141717386      73.48612800002459        -127.16364716181735      157.92856023214          154.18763023455176       -80.27665395553309       -15.424732639719139      16.39411204301291        -2.120904946249624       
rwgt213                  86.07576481312321        1.2798715974868111       -1.4012556697355378      -1.2049970860411716      0.20050514344185366      -1.142344051139633       0.09017412475259645      6.007333172061151        -4.149103764729688       -0.799094072873686       -16.14429698075316       -6.394340017917125       28.024790112020867       -48.53532485844501       -0.7352726284609474      3.6713089360608393       -0.08413788996348183     -0.22297533571080658     -69.7515957792845        -28.823875161890214      138.1591620783136        -141.5659012032096       61.06662022602427        162.68849993895566       -128.97759579386832      41.536292141627285       -147.553173468778        -167.24250596245835      137.3755947500162        -106.73934323179398      90.12907537300492        -106.52783941919559      76.65503416004702        73.69092613882401        -12.490867685730763      118.91291576934452       139.5398682394037        
rwgt214                  137.74793397987355       -5.584956580814656       -0.6789877551589146      -2.038089150335094       -3.8749234166833624      0.05763144587440561      0.5314961234404312       2.0392672288119096       13.8998337026132         -4.48365172257656        13.006187682060443       -2.2521852664502298      20.256447811812393       32.28733026662624        27.335484586069228       -1.7383259191485747      0.06207215637407787      0.145917221718589        37.19686013378839        134.1480422496776        174.09210994261082       116.81397979943875       177.0059994980749        -141.55229369969908      57.70300014907221        -154.8768610481307       174.78846545596622       69.63414359854096        -55.32480763440728       3.475390573005882        72.24473804654693        171.69905975397808       38.31378806945057        174.98156953454748       128.81493323018168       52.042177766640805       -31.71050050323379       
rwgt215                  -142.79358964556775      4.559093740857832        0.6438968270890648       -0.5454707445888158      1.595019329423847        0.1383214526954908       -0.5118812089387437      0.5684329163025632       -2.17510072222923        -4.5629237843984685      -17.441639548359475      9.870078642676532        25.92542499821944        -3.0614917402555406      19.918037522495645       4.214151351870239        0.11101943774592521      -0.06708493879500477     -161.35444999003275      126.17011299382057       62.46828159110271        -173.29052401639476      -90.37565344558455       -65.75303456263546       -106.54853194795962      23.87199004155775        -120.6193346081101       -146.49156502983922      -121.10500799721666      169.56732203075376       19.58560733637171        -122.88984389324368      109.68065689052918       77.15407673575993        76.3339769574398         -61.827390725879894      -19.38484944753651       
rwgt216                  -134.37765635338252      -7.366692250785314       -1.1623366650712144      1.7728543176957503       -7.08892987052658        1.613482942847531        0.6818527781856081       -7.417872230483886       -0.25101720733487376     -6.246065148831264       7.894229249152499        -8.438583926811754       17.03620909824734        -41.51746890239565       27.224311546097454       4.02314237407605         -0.005365945344799172    0.1360193522780524       147.2545450250076        -55.024570912898156      84.27937541846899        -97.8728914046653        146.59751913910708       -110.63692208445441      178.38106805207366       -116.5471242451298       20.93328269702576        31.51949680646578        -138.7517214203649       135.16376032561908       30.674281028122635       -177.6880346986564       38.52287419914407        61.01421718728756        132.50003995635933       36.250270600645166       176.8089376135813        
rwgt217                  78.68150885701601        7.0276188331152065       -0.08376135846876176     2.6631780238564184       -7.548042718272202       0.31177085899249457      0.5539379069066974       -2.9827572388154993      -9.880622112397226       -0.8995439746962797      -13.397448708410401      13.494541924223185       -31.56417291650685       -44.53617877832144       -32.899407590786936      4.531814313242856        0.018737154876897394     0.37308621159290023      19.598184442963287       115.1443956565202        -103.4699903279398       77.24232327995145        103.4450319672971        27.24447940961747        14.170173271114407       -97.72770952803559       30.216288420717973       87.9975588832466         -5.687169099211985       -138.2254748003968       39.54412576748234        71.64104638818304        -27.521983448661416      -132.61140573671216      -63.44747233531912       77.99520867701057        46.781494596135815       
rwgt218                  168.5932447099167        -1.6816994664802696      0.06942512587621463      0.17635290636659873      3.3531835028732875       -1.0225629739979532      -0.575260618739579       -1.7727689131087914      8.907373011586905        -3.764141896759385       -5.1045376179357405      -8.542615461735116       23.174473283578365       1.6857571903277346       13.349592737354008       -0.9413373997372552      0.003088949245743211     -0.04246699561421485     104.80402985814067       -24.213327132577348      149.21257524473384       155.48769720073864       -160.04768712865595      11.73987646887997        -160.41525567084466      1.9595975817099713       167.79289621356952       64.18578974504123        -114.26799697788364      -69.96626440777156       37.574978383731974       106.20782645434213       -107.97008720912622      41.14698498380449        75.0215426303929         -5.279066347123489       -17.80216926161765       
rwgt219                  -156.16503656366845      0.9322055286816555       1.133080762065542        -2.5565362364542437      1.160998640413224        0.6461095725544732       -0.07159325065559052     -2.2462679388831255      12.644677676808783       -1.2615167721353027      7.854472617412021        1.4047411416880458       26.634061042010558       11.771344820806888       -11.570623280452022      -1.5278142124721907      0.06589308363306398      -0.4025249232467729      -13.363698173204824      -23.867702242252278      126.62369393932994       152.54829454931917       26.424014079349092       153.56271584639137       56.2429896284618         -100.69331495401666      112.4200043531493        -8.319093346272268       165.58157150321625       -103.20799880351525      -45.039306933337684      -56.224128278598926      69.55695504983439        80.40684146008601        -102.9236495684472       -48.64409780165127       145.28237325173194       
rwgt220                  167.53241030960692       6.77060498631137         0.11266230080819839      -0.44495570941155727     6.733717168330768        1.6458328333397056       -0.07677817466283776     2.5973023797857904       -6.099906961019377       3.9913236441341624       9.54629088689219         -12.62363364688665       -42.4148441940557        34.869000790848176       0.9215466037867088       -0.4530695996925802      0.005294030991747245     -0.06414009935860943     -106.35257328136         -70.59404025803039       -111.18320305653356      158.5241917431718        -168.22215215583742      -134.48459900743632      -71.33686973129034       136.9486733062434        -55.313700679556874      -61.58500915000009       40.5782903242156         123.19492057798902       -178.30338997177         36.965815759233294       -90.49858110638863       -15.668599770633278      -39.60608704467339       -132.3886894082478       77.37968998829604        
rwgt221                  -120.39667589957637      -1.069274736298798       -0.5611400148872199      1.240966546404234        -4.962033858929175       -1.6602121298538695      0.4707308606782288       -0.6335690199257016      -11.138870546204371      -4.619198320783023       5.721931841588706        -12.200287068638083      -5.4958610911894965      -25.747393072780316      36.87021788240004        4.222831454201737        -0.10668919302023849     0.10581843507181654      3.865763667500005        -145.18578702393032      36.70418131508703        -54.76599533690073       112.51625338931416       -120.5954500090543       125.05846587166224       -178.18695875161677      143.00610378056274       -57.52828717378202       85.81146857111935        156.24863124235344       77.48038584959141        13.615362997862121       -123.06858323519063      -155.7045448143384       -156.2381274210196       30.897842927497862       -18.707236010143106      
rwgt222                  63.40150301059526        -4.385501693799124       1.2742128109124795       3.001080810073381        -5.029868040184709       -0.1293185382477433      0.59424812531509         -0.5586311908932906      -9.163473063861058       -3.519251458068174       -3.189614518335011       6.162161695728599        37.916324762252046       13.797208934086228       -3.2300472797817434      -0.6896882189741875      0.08948786131078462      0.46199907014354         -54.81138111933245       -159.05108839346204      -51.60371207139411       52.7889303007874         145.8302278282875        38.651176289114716       42.848866609276996       105.67723443389701       -53.61830786039248       43.831598720312854       64.08322899026854        -58.09461475204532       95.3686338165403         -162.7351719859775       39.90127145380063        -114.25134481131562      -11.9946077735178        -165.81854189796786      -68.4731459914348        
rwgt223                  93.45728574589742        6.1636557537669985       -1.4005287077679698      1.2939146552379395       6.511888822731052        -1.7335454943096864      -0.7301689282076206      1.2988967182842126       12.03440752787947        -2.430216642444184       9.843484698631102        -13.766446320672847      -15.962559839821747      -29.31757253050029       35.81374459519485        -4.432851307393351       -0.11651700567169572     0.5989176830455915       -72.26998639214108       164.70263295364032       97.42693785854493        -178.35999624237132      74.61079877238154        -14.713158264718544      -145.59443469271704      -172.68055811541134      50.73659596992849        -155.41198164057053      164.10560220277335       99.3033567382023         -147.63462709433895      75.7633478195655         -174.95043419897252      -53.55452542624076       -137.6104578615063       167.6537946054765        70.10383476449567        
rwgt224                  128.189722732644         1.9847161839903587       -0.4743929034492116      -0.31826805233804745     -2.203827823554094       1.515328359214469        0.7584488634839841       4.685727186535472        14.109958772194325       -5.750378979580156       13.168059812423728       -4.262156200125469       -11.96072717756201       -41.7540124819827        -2.651448783341884       -1.8749405645113346      -0.09542806522647497     -0.15848273498943893     114.63356433403231       120.84659931084781       -103.16841843884947      49.919587584340604       -139.84793997330226      -8.329214512637009       -72.65182594173322       -110.10403504965235      -107.43441160966262      43.43256058892459        -89.54632290324317       161.40400901880554       -153.10721064808837      -110.24795330081716      -51.574702190419         -129.2774467742245       -144.8211075691222       -110.37540012074489      136.3143931443638        
rwgt225                  137.13606148280047       3.090246354860427        1.2676827272874187       -2.697112245518344       3.1084842712746834       0.25688756019515013      0.3807590910908638       3.9358635733292813       8.992633605456788        3.2331344560458657       13.22892933693846        -8.08907272865887        23.675239747695358       52.56187102290035        -10.732198512987335      0.4660738812475671       0.06707714489920005      -0.21471316155133457     -121.42552381480365      172.27003819871516       -36.00444317346893       46.24876893166544        -70.77576683663962       133.95714238385006       -89.4767220170199        103.97825631582958       -126.87699309398533      -105.36667370627504      179.15693097464145       -60.73469624357119       -154.69624504540127      124.33890670196706       69.41559383386075        30.254221981777732       149.32038426535445       -121.06000488474129      -68.12027987898178       
rwgt226                  -52.118313363907006      3.322375120764412        -0.6623608695144443      -2.497418064273288       7.2663000716995825       0.34416691032163405      -0.360195460244746       2.510539156284797        4.303212749578428        -6.114248335431584       14.210938298094746       18.593964934128373       -5.713751373173544       -50.13161989459271       -38.51981100668055       3.6933182911396205       0.07048725340213513      0.5344687562606457       67.27582892044572        -139.44202714596122      -139.35619694782608      61.430553963231375       -61.08293785469682       -138.27141110188606      -11.47966628847314       84.88227715358175        -138.06689905178624      141.3815007798525        -139.88109727858443      -13.083134661047524      86.13773283585562        103.8778396085172        -163.04891273861918      24.814583907357644       -45.557767236947456      17.716189385896485       -32.59902959337592       
rwgt227                  139.78792776413695       -4.248907496011551       0.3430507655069066       0.29870268798795063      5.102341529505921        0.2651616603798419       0.5802429679536374       4.22878964889128         3.2812859969515564       4.241095851428556        3.279559966828021        19.127281690914266       37.686316255882744       -31.039389652565884      18.48235482906604        -0.9884743396330742      0.16955272096879948      -0.4390644881996026      159.4288090008418        61.619025834315494       43.62813539868287        169.7568999176837        -73.71960693097081       -113.04384841889893      -112.87571336047164      -144.63000305409489      148.36717215326058       -83.63886595145215       157.6636526902305        -66.12004158029784       -74.48529382581384       120.91356839645192       19.032347581136264       -140.2443709254339       -4.923309045244366       113.85186384659193       82.5972146529503         
rwgt228                  -26.885031719733036      6.996246677069682        -0.059263884126124156    2.815345391875149        2.0463738300643737       0.9386423760017863       0.610221102539737        -2.22323639172647        -10.265959379157717      -4.721979584730193       -5.2832953873848965      -11.175381363437962      -15.2937054722188        -10.062389241228523      23.828042632340377       -0.8476335552466607      0.12556287270490113      0.14230436409219105      27.56027818587998        164.4577480523771        144.28429876042912       134.86039052675017       3.508744739021182        -85.82041624641712       -116.0157737822257       -57.27532684796226       84.70887915660671        -104.74106650345168      146.63335297623547       -22.902606877546134      -94.12165680553682       -30.54711835980197       146.93714233593732       -153.14947329158335      113.27563659897248       -66.4089666889982        -178.2849582970452       
rwgt229                  68.87260114637655        -3.881016876840616       1.2454699247079233       2.1510222864157216       4.199681609147364        -2.1121092425918255      -0.29398965658129683     -0.641001146540205       5.078870073378056        6.185782434872124        11.255283299404262       -16.48761920996715       -25.204516136817574      -34.93743953707495       -8.651412108767527       -3.057301631870812       -0.071129202960851       0.003415125561797905     -177.2757644135228       -4.13908325158161        -102.011160058103        -17.018687080916607      81.0556677809767         -69.18336032448137       86.78670994869054        -115.31020543370427      -132.79389082157556      -63.80554264639275       26.119460266896397       -65.0004788678425        155.8547891302734        125.39000185764326       -123.63330247006539      -86.32276498457261       -171.761972789094        145.89980731569267       46.29342485277428        
rwgt230                  8.04019863340369         2.7999677581418654       0.8884164441465792       -2.2349561899341066      4.934214159636536        -0.38945856679390434     -0.1960822523535648      5.918683123189122        -12.683862268659794      -2.2895704685953477      -14.620707066609068      -19.1264406831422        7.2697450696782795       -13.141369880592336      -13.808578666281331      -4.590400925483286       0.1094374938869131       -0.32501560817151753     101.2093313518431        -117.14950135303953      136.44716270353626       126.06520896913304       55.27641704611389        177.76295902606944       -57.956414941567616      142.55380717688746       22.853632617854288       63.391504007311454       72.89604313252468        7.428290922804422        -32.236697586388175      -100.82459362681395      -166.89144886309506      -142.28371321421875      -87.97918309812553       -158.0834300578169       67.25971262938481        
rwgt231                  -134.31045593942153      -6.353065427250559       0.4535089452824317       -0.3866064047451583      -3.5207551177280285      1.1528105906605979       0.2904593540188649       0.6511395218539002       -2.5680639673697776      -5.6436405467244946      -17.657867897781287      -17.550940077295035      26.98856002185397        -8.230606531244618       7.212097202740587        -2.2741818176311503      -0.03779665015383177     -0.22670510212922557     -102.53588467774928      146.8014284918636        -31.14612952207827       126.43062586134937       -170.6246463402304       72.74693489149874        -63.58165374397262       -174.39721648287232      -90.90570639934036       60.20660251208068        -134.89646379083         -140.32213459749715      42.442848221199          -50.21949797392932       25.060724547669167       -63.6347978792749        130.1203071234362        85.4886074516134         -154.64211525794468      
rwgt232                  164.08738880180397       5.48757498453702         -0.0735159235038112      3.0299905149067445       -1.6448527452144859      0.5341278409234369       -0.41466560211430614     -0.43948065913825385     -10.94204875973558       2.4941233384447017       15.029229651463417       0.9605363599396881       -4.580025641011851       14.413204155714567       -33.77402771723928       3.227666013456041        0.14919121961761322      0.3979926526520111       -132.7312992606493       -135.01310170344254      64.07561859341342        -59.609561684399054      56.864187550655686       -106.38205856667456      40.90200572954541        75.78738524148667        -76.2848326323529        -162.12170466331145      15.757288790450218       -75.85629255240953       -98.53811547373779       -86.94340430329132       19.38905762114419        14.95134991888392        -149.4181398766519       92.30292483723576        -98.32092719765468       
rwgt233                  -18.1614492418056        -0.4825085085861067      -0.7637831524800026      -1.3702327024744596      -2.7779161014911358      0.09262323126081329      0.6034926211558178       -6.602608039210781       -7.152582795563291       -3.3108774983790723      17.734069307075885       7.453275451550965        40.42459365410585        -1.2616978872147655      -32.1442989003869        0.9626210604677716       -0.015530371056059145    0.2905450433888003       -11.090061456861463      -99.78434029162975       122.01300993349525       57.244332241895876       -111.78261558205018      -50.1477416411378        68.94038845127761        -111.86351355894256      -112.07971093047784      62.82192990202134        99.22682095908652        -132.31101208887944      138.72728919401806       -169.21266581555375      -179.49073221194269      -61.62901421228993       95.72897127674577        101.57048814365976       -105.19310347199063      
rwgt234                  159.79431728572354       -6.379098345826167       -0.2670295410586494      3.0888538003956          6.922743636060986        0.21889482521958437      0.16354462620508659      2.644567216054793        10.628613231551576       2.5915484777695443       -13.743361517780123      7.764517792034308        22.78106486388039        -16.249692464602987      -18.18348216800934       -2.4882602071296898      -0.15393121859740388     -0.3150459238110957      1.8140146688831749       -168.52724178002822      -20.121546226220858      -104.05019836323024      72.08447090454897        46.71035859698475        160.5855233945511        -133.51594488851893      -137.69375261212434      172.0555575254122        -101.18549794276723      -9.105797131716287       75.50861062986718        162.99233876688658       5.743789055263392        -46.82576148853579       137.35380555374064       -7.251860071683524       146.06801757102136       
rwgt235                  37.108638122417005       -3.3153160952256178      -0.8674147003874058      -2.320292800868703       4.799865212851195        -1.7601903088810071      0.7292317736780656       5.235611881523757        5.925091275709718        1.090885911614583        5.6992815530183485       15.870607286087669       8.438246416135847        8.355631475547852        -13.602953156959448      0.497788246123819        0.10317943259591089      0.16384760592178493      21.630666336592867       151.66295100470296       -132.79553119808946      -142.57370826075197      155.3356674149918        64.98717702531985        106.90614965013572       -98.92633695781154       -111.80530911350671      -12.656314041073415      56.347285023154086       -170.04878166568224      40.541376530796185       -52.45417731257962       -159.8425737126078       -107.23776682511782      -13.846807925349879      34.079936315881014       -61.218969680578326      
rwgt236                  -8.838599784222367       6.716933952791197        -1.158098655923472       -0.44915088734643716     5.461008637205447        -0.1303100971821478      -0.3774476025477872      -1.2372481659630123      -13.019203622191945      0.027688219302786976     14.651729055059796       8.7699695545118          -6.6249405598541955      9.422209553004265        25.011250553135028       -4.471587426945804       0.13783291060382857      0.010258685756726726     163.38600491036232       9.430021117839345        -92.29186162944097       19.392586063405588       163.26187845138838       98.48651515282728        123.64592734330228       88.9236401414172         60.21160155451133        -4.359634514815241       162.31094096264349       42.98134933660029        -18.947625512420075      -112.53520426864719      -17.776170802060392      42.12126640296168        103.48550075518199       -38.47664610863586       26.25156084907411        
rwgt237                  145.04746662912294       -0.37725150550916986     -0.12988645186529535     1.7332522796848595       -3.5476164173039137      0.17013223033661573      0.784245414297081        3.008019329303692        -10.009152120076322      2.4049276745493984       15.008484576029524       -4.6111891361654145      7.112261490383389        1.1337692140854045       -27.89874752909579       1.9469276591753388       -0.08240747748595571     -0.5462701869449315      93.73910523010943        -99.15495555051717       -4.353334416835253       -7.731698691139059       106.93271081284081       77.46851328609324        35.51945427591116        14.045395695760647       -92.72025195908435       -44.511077407540455      89.92187405675713        -176.00448917739783      149.5467372967163        -61.12489255365499       95.9428085867134         152.33905732190453       162.46565537009684       152.49328566462822       -49.96498497019107       
rwgt238                  56.90504821701563        6.710225908959662        1.29351925039282         -2.8877716741859096      -4.764914757572443       0.9793668802944757       0.7810131689473063       7.387350017609138        5.900705309845435        2.4550904469682866       3.7106225885677055       7.373935478305878        -9.194847382198475       -14.660987162163465      20.046940915096997       -0.2111982190870645      -0.015679582166640338    -0.5694871598813831      -0.1699923406792152      162.20810998683777       83.96358648351281        155.9164188444538        133.51736773791197       175.54208258369744       -141.61550151967393      152.36641532245807       -110.30716161253366      159.03648077802774       92.10214580785083        179.4616984517296        -105.00126345938438      -20.483355173363293      47.41965980770098        45.111201120791236       -102.29790473694163      -10.089023127518317      -74.45932765933829       
rwgt239                  -2.5278482806087936      -3.3537387077403835      0.9692661436839154       2.265570018140414        -6.473637924848063       0.19312004534238048      -0.21359398285019793     -2.4850368669510283      -8.252977388082329       0.807743192362663        -14.51905113772191       5.001270488475541        20.048976660688467       32.45959112231411        19.058733142530805       -2.8279192569861094      -0.12194151506645623     0.5514879496968575       142.47380491480334       -72.11659304296076       170.87696136053523       131.6625100227049        119.94275110502844       -110.6634920408483       81.57027473760178        31.29696325346481        -46.82470371725012       66.13063115289569        45.15405573483204        -59.21632426414219       -130.68834915401067      128.0886753275197        23.852264616965016       62.757038427107034       100.68870402794397       69.98484087103182        102.50651678052446       
rwgt240                  154.1065068070427        -3.667127999417797       0.5684056805114601       -1.8769414848174324      -2.1921141267410453      -1.1319081074075288      -0.7493698732160922      6.644395956938545        6.745432597287735        1.3232592431689945       -5.059187249322957       -19.37382425142684       15.287952261905232       39.583482275261375       25.8333336887395         -1.1233803701248872      0.0025737903806925533    0.49949279122542356      -173.0093840303706       -41.60335023732128       27.92724020508811        -111.7343076940949       45.83678354020253        -109.46973584941273      -8.879992611321512       12.086937711104127       -91.2776776478576        -108.24641530227372      76.80645700941926        45.547760385063214       -3.1043170300270617      -57.235629832140305      -5.698149696864334       96.74708692669202        116.64023292046664       23.840721181418047       -151.93360751055448      
rwgt241                  -130.0025083622877       4.594516122018498        -0.2582157016429638      -2.4286184354592186      4.962029872072039        0.8562398598925913       0.08477940070163492      7.092082052096953        -5.504010771588295       4.529145965039511        8.6672227715076          8.217991291540528        11.884126267479054       -11.932093622744866      -17.62460157433153       0.7004893818418179       -0.11774701342757138     0.1991606478774861       -45.631755076581385      -57.97936455181555       -80.81127667750621       -129.291490779826        144.53108451897634       -27.673454124030968      -86.44773171652571       54.91417511062508        169.23769439612943       172.27402757487351       -10.95251557279542       4.987051059482695        102.24552584434622       -5.317831644873678       -117.81038225023855      -55.48574737767373       79.54409534569317        -28.382089075160962      -82.257687099207         
rwgt242                  -159.19938404546605      2.083191082831104        -0.7346249028819755      -0.899221689595072       -6.792583755608021       -1.5765292289736026      -0.3824110374966298      -6.492582489568066       10.342803289940061       -3.609365713921086       14.844512814323387       -19.585963455938717      -23.979682650745872      43.08338977305796        12.790011309924097       -3.674757839975304       -0.00020514388552517193  -0.5133250594421556      144.6633369141428        113.59691043631949       81.75257344803231        -170.71656360395124      144.7405345289842        -176.112004075201        -5.564350477845892       73.19310486740821        -151.47885716599205      -11.511420708448583      38.858782716507534       48.33538486573332        -78.28615085326871       38.28577860314732        -20.825640390766807      -8.768568052638102       101.52038139548159       147.56005666703584       59.81067483225917        
rwgt243                  -119.4907808573156       -5.5687572315491005      -0.5821395620272249      -0.13100063498019532     -6.967450745984189       1.559175174277359        -0.15133465156339465     2.67184868642481         2.1469680069633306       -2.630173396613797       12.220052016327735       -8.20808575230352        30.1600899190546         -44.88313820017425       -5.207575196354789       2.8459698416370722       -0.014667990919253415    -0.5707357898979973      -9.964172018071679       26.710224031296406       36.09160969507275        -85.51154177286762       -26.413519829888855      -146.4595127392779       104.23919262881134       -164.50993211111808      -82.29023905200025       -160.79905113106923      151.77961641274402       -79.67888585362162       -19.595916218314443      13.293991715599645       -106.33860571661583      37.29740722250821        56.88310012721638        175.33486404271406       129.59937695152036       
rwgt244                  41.76639190962334        1.0136820900274026       0.8438966116277131       -0.873475565513905       0.22533034285785192      1.4818895449363598       0.6320246130469738       0.012943595129557117     5.518021360449609        -5.256804590030499       7.332766813163442        -5.708032114323387       8.101585881265002        -37.11267819832128       38.76609581868867        -3.660713551745078       0.05808906085537807      0.12362252085872871      13.23674747732025        103.31367862016185       -47.15133100467517       -38.17413482922302       164.54300870985134       169.48607247139785       29.126769849291406       -130.00640053209315      -173.0983238111634       -154.4489029650188       -99.46770441841326       -92.07104872338175       -77.99879936365618       -63.13342412720668       -6.409196254602477       -138.72717990156025      -6.617245036832259       155.99811255894832       135.8509881285206        
rwgt245                  86.74274069337889        4.473538876712651        -1.2822517222449867      0.07040596353014683      4.202703498372973        0.5373877822345987       0.4042885177729938       1.5895198305421436       10.485335637696451       4.691534742055396        -0.059921873290853966    -16.142084732950817      -26.69452869743518       -48.483957034474535      -14.167219195678449      -1.0882010818666115      0.06298407487464508      0.47051422429829903      -132.11120558699133      133.89501766549353       65.63782475235988        -72.8591753304266        -163.82603740623267      -68.39059681882796       -154.05863880995545      122.04011418404599       125.29630449876748       -132.84534319693614      38.107231959951264       -127.11746735074202      126.34786647231232       128.02486894395264       75.3103407916852         97.57699488888954        130.0836755966501        22.719388403412466       23.255658273586903       
rwgt246                  -95.77300622569314       3.14816646687298         0.4322544740529921       0.3464069009332298       -4.206409926183527       1.4927049450999283       -0.3831294312577971      2.549860735238748        5.590283367606233        -1.4422282821456145      7.0808303675765885       18.16004160798721        29.328371630592272       -33.17452920126895       -1.078745003584352       -1.0352740706303636      -0.02454711159810205     0.20047534180454518      -35.864121713690196      -145.56646572461082      -91.38065428058192       94.03446589245641        -36.93630546456677       70.42510636704387        94.19243401541848        -27.18608546036438       -85.62888517903276       -160.99399877590903      75.79433186068098        -132.16996120131554      0.9738629531303218       -2.1547798304034416      179.99760501826114       30.847618118976584       165.58008034150401       28.44247089858851        -88.75327633050043       
rwgt247                  -57.82020135936139       -4.488127958949905       0.6265914400100028       2.7516126612652707       0.39367311121926285      0.4357010002836974       0.3168374561503047       -1.8760178580740385      -10.932255601485938      3.650612052072537        4.669275917854645        11.227878578782697       -23.552255651481072      31.957197592329067       30.354415658053384       -1.3805852310897317      -0.1756868832141817      -0.38143797033898597     60.505756794498296       179.28052342082702       -163.38244392140032      -150.04941165186895      -104.28861546244197      -161.1186739281006       126.58632115059203       -157.20570277137153      0.20784334468143584      166.69442916677838       58.85728068423478        44.99964694725381        -25.60797847896339       104.13728455096043       -3.5808681699613487      117.08569159756854       83.73322885782443        -155.03600706691833      -10.03971380202836       
rwgt248                  -25.254604236559913      0.03146435917717216      -1.3671850785229835      1.8838815375495876       5.917438484934726        0.05215167222027661      0.006888860466158775     -1.2251175661257712      3.9712312814694393       5.559418333809088        3.9662693729439518       5.105481629148731        -0.3581663530741537      -52.590626329089666      18.892219296310067       4.4625870300679615       0.07173644252420719      0.2822373107471978       61.71870842126938        -145.63493927186565      -124.00218955335163      26.879594494009183       -139.8181787639161       44.50919827527861        155.35605414761983       -80.34568346940165       49.687623918788404       76.87684389433872        -34.40020864447672       13.811836470470155       -167.90261900117088      -148.7662750882607       41.27355806509439        69.00147411578908        142.24901921042397       -17.63023253151843       30.962235679251364       
rwgt249                  -36.20833040697602       -4.988683640751388       -1.4597882981907102      0.8799154326413783       0.8135691958454068       1.133821048651468        -0.20910128993047805     -4.97986595464767        12.472283064068726       0.254047664892755        -12.363777418570773      -17.643238988712582      5.873812801794756        8.483906659437338        36.3092733405193         -3.2435984007679783      0.09829541251720575      0.018885676704571086     -25.40493068942098       100.18799922808671       -178.56926098028228      -166.23304137612513      100.4859465470148        87.57367894637491        125.10011711638077       55.18765660146758        -7.143163724453899       -115.68350249970132      -162.69075884386598      65.77739176086146        -124.74153444642913      -14.355612442410575      128.79248032230288       163.8683710139448        -106.84931383511976      46.09087888789588        156.70700033143726       
rwgt250                  159.6492353702988        1.7616646184485178       1.0532071230595645       1.0255950109609646       -4.871323482240326       0.07067390236134496      -0.46591000122862813     3.593445915721179        -11.626419371745337      -3.952835679271831       -14.58878868091064       5.908699742940886        30.031752231570195       10.44258044688209        15.356580559216603       3.3237682316284385       -0.035153541853531645    -0.5910642883444142      -84.33780397650555       -99.71611985657653       40.97397574805015        99.74271018386293        -46.26776105195705       -60.387876895119206      -98.77261814581456       39.875108042764026       176.5494550077878        170.46969565005912       126.7594438123138        100.18224222751508       -85.64767742850447       -4.659516863186866       9.060630456189386        -74.52942172517582       -150.11823498821684      122.79474892005385       -85.72051410580818       
rwgt251                  137.30768583657584       5.377688015600955        -1.401646543958013       -2.349037428000067       2.111978620831529        -0.23159102253086794     -0.6552912165498508      -6.191302363556932       -7.356698719336044       -0.3169636244695493      -15.266588374054471      -15.887205612134288      -15.525540538895942      -0.8850774271410629      10.436448104684125       2.1871566507269202       -0.13679100276405257     -0.25616144422930615     -44.830453938626306      -71.75192687551889       -171.49474241625026      -178.3935744815205       92.72661349774944        11.020999744023698       -177.71834192470567      20.337943325591908       62.87469850875004        -166.45654398021267      76.58662499263335        -130.0184148694302       -63.71816099487768       63.49140027717965        128.11748668536745       67.48824190710366        -133.08309941889155      112.25512381990671       -39.67304021341906       
rwgt252                  -37.68559623905233       2.0084143360668714       -1.383942271344868       3.158381065556619        2.239289467867515        -0.8154618672783527      0.4894346098602458       -4.667840169548607       -3.1703961114332184      3.5512237408613334       10.67486514786156        -3.6538788356838374      24.17753244584199        20.88181003803129        -18.9486164564964        1.5722747018755436       0.019161707353613083     0.022798399657661617     49.1335182954526         -98.81285069534262       62.589962026193035       -75.46262105244227       57.89468497297864        12.135755299862296       141.86830643956745       17.98786930823593        126.42985336270374       39.18109927451255        -69.63228297743942       -4.190739220375548       70.62904262610076        47.067954424618534       -172.55355165563228      74.47464724701683        179.56299622971306       -88.18748317752838       87.2045950051945         
rwgt253                  163.28113360632102       3.2510461446672556       -1.0252471039897793      -0.6236051846566935      -7.215028233016918       -1.5570777190721112      0.43688121186185613      -0.29741715094475385     -9.218075499753738       6.283109799119053        16.30946773761066        17.440007242975213       -3.210850600864042       -27.1002981268657        14.493926959862613       -3.8359604561837424      -0.11587119731698105     -0.09957353096900168     -28.106154721079946      -69.88114473671378       -0.44939548065949        -112.89565643312696      -8.390325263850514       123.3685804305033        35.743928674372          -36.46159858716604       43.81378805645204        54.80415282259517        0.476292268546473        -103.87547593497293      76.03646240034561        28.61729895529342        23.37253920130712        -25.416560539425802      116.56526944677893       119.81353954000411       94.81333339294042        
rwgt254                  60.18833046908915        -3.9155000114227896      1.019798342059566        -2.5494650012364053      3.6106034130471194       -0.5824877187690085      -0.2996731792952676      2.9434040330578606       10.320462304069856       -0.6786625665800932      11.053578293977207       3.4402107623687215       -27.837917408343046      -10.882060704143953      18.57100277240518        -0.09591914552208802     0.1625765636439891       -0.48489169166610485     162.7347693540301        2.8072545287037087       157.89333248681532       22.363988039110865       -29.170304726493043      34.98365747574235        -154.96797694409824      52.14315266024329        152.93869806530847       -68.4741668621518        73.30926267505703        -2.5754730496333593      80.53109046476919        118.71799284045011       -139.67478713017505      -137.02253089631725      80.82730790207967        96.4731650765973         -143.6385801179012       
rwgt255                  17.63804963409683        -4.997996823036033       0.16370893381897078      3.0638099795680453       3.067409940126291        -0.9738045552966443      0.7021132700146793       7.61975598585886         12.578116712046825       -5.101476671351246       9.916058181926548        -7.763985784868405       42.76148479949863        2.722085429722192        12.114940299845692       2.3604559627124546       -0.10734921706903981     -0.40912706250799447     -78.06104952244127       -21.13872289255181       161.56856690689347       89.5392340435277         139.8415633798126        -101.40115147897383      -104.38778271305138      164.69366634592473       13.682519149823605       -153.59936107575876      126.13723464222221       162.69577659590652       -39.055502846922195      -3.677856873612768       -51.41963021662045       -102.88246143315871      -47.1080638032617        102.69993726165353       11.179313191604592       
rwgt256                  142.63091816268968       -3.0382992927346626      -0.679648532225907       -1.0073847819787458      -4.891069933459889       0.800093598566574        -0.7895773170872107      -0.09303038506929706     -7.1242890635200595      -2.606233199091129       -3.059895237760248       -0.7086434700685054      -1.9451898031812078      38.29613889856043        23.632468586014234       -4.608340205214169       -0.1542208021794125      -0.2847400630574487      -138.94001197356476      153.45173735241286       -13.522783502838905      57.3840683183702         -65.04519368268755       138.74000356261826       43.261104604803705       -175.65422268279863      -169.77039683003886      -9.821542564908668       -80.65960679295496       111.19288033345197       -1.1327406556508777      -58.30534823625746       3.78542983980617         -136.37051507894355      -61.0546572859558        56.103695398139706       -68.52715167294397       
rwgt257                  16.59009083742646        4.54478766838607         -0.07514567125251737     -3.049342977269959       0.21760807790239944      0.7984417155790573       -0.10400961370434403     -5.123460362649977       10.982251356410632       4.348581356232964        8.794502149232908        -9.15925686731931        30.69297954529823        5.150539231969006        8.035344811747187        -4.662957012746505       0.08985317108004592      -0.1814202457844512      -67.963294130794         165.83311972540264       28.50182758070528        118.82462731195665       -108.35904912848781      1.2639929019090062       28.76176676195746        -19.617728478134723      -120.39039927399648      -166.21524257130457      -41.89994351697854       -83.58090381062921       160.20197248336228       -117.16219792939307      158.37935123475017       107.13376378397595       -148.55769848895903      -153.07850156033763      -116.62866945418284      
rwgt258                  72.57315064104083        6.902434617708164        1.2394833827773206       3.138564312932           6.39911744263962         -1.470054772763612       -0.774357944369211       0.6105007171397707       -13.39742243061706       -6.110090680467946       15.807766093246585       18.07765136206831        -13.57500425660194       -36.68952750856158       -36.464497292617004      -3.4114956450709286      0.044264324921132386     -0.3967057347216617      -11.658767858392707      51.22022303737387        127.52405586193936       -55.25784125679719       -1.0400607788734817      -1.7539811342820428      -163.6775713048615       -42.86075200946891       -31.2836511230515        -176.86334560580582      4.277008657352553        51.46177475938288        90.66618766630467        -121.92849547617534      51.21031876885212        29.16407575073299        -52.74420197468615       77.42188789968384        -99.60288108267785       
rwgt259                  59.728854380557266       -0.29311195905891996     -0.030510557533336424    -2.6434968267869166      4.7189931593684715       1.130558889002784        0.4914461808347288       3.7174596692907587       -5.56899914441823        -4.956801349771805       12.71684942881754        -0.9729796017337868      -32.15537785274873       33.357110480031906       -24.96505157940525       0.22478726811295413      0.05034599739592782      -0.12794594747989907     120.37018385090647       107.94813063724428       156.24487510311076       134.36090945678978       -84.78427845465961       93.23468001996389        -96.771167179939         -20.429879899738694      -123.31692775064275      174.47404149450125       149.6449370644488        151.27312006123378       -132.81758642538298      -151.77124198881         -55.977383016085454      -139.0932484633858       152.92792179712643       68.37318766084906        67.77544233489013        
rwgt260                  -28.25300571727604       -0.4970437425154639      0.8119862377845795       0.9685380203028489       -2.7201984087129665      1.3005073235471643       -0.4885225110111895      -2.796859780999436       -7.232625412361627       2.7880140135151805       5.7781994707718916       -19.711857832120632      15.088672482690932       -41.72257331729729       -22.248371508551855      0.1419561710717101       0.05730587029674092      0.020571312682338028     15.182358908846226       -35.47693286346197       60.62660932965176        141.27970577668447       -163.42244187442776      148.35966565302851       -145.7800258198531       -156.06117050081244      -152.39728646903694      165.54974049896595       -104.86039001481339      -19.188783100076137      143.1764528936954        -120.89419179584277      87.08654564553058        -177.6310862220508       -34.446051427347356      -20.609460235291436      154.33554602526306       
rwgt261                  123.08003571408949       -0.3990095443659012      -0.43938126048975157     -2.371647336867109       6.120407629489357        1.6475928160613331       0.5374903190004066       5.24183665376196         -7.466282937705022       -4.620861063832457       0.5637982657723661       -4.447509885919793       11.780975716525028       28.134424903317196       31.322769364881495       4.659618893150384        0.14994827957483953      -0.15276002511441256     170.76870314854074       -76.60124555667787       47.604747567030756       151.81470565662107       10.558486272383789       137.55264425487388       54.1339728750624         -32.245142855579104      -46.97915603247739       -116.69257190373698      162.22580776825413       161.8523079611047        -80.77793090684818       -97.95004025636716       118.95561457308173       60.78534607165673        -101.06766064993631      -112.32227699586987      -162.7413127693111       
rwgt262                  134.06306066993466       4.866046288303303        -0.6546119497907356      2.0716656413227508       5.085493329082864        -1.808847584775358       -0.6299727934189487      2.8744711679756447       1.8385721424258143       -6.154816251689864       13.65030225995509        7.722131026248682        -9.863866457218236       -32.36505263612693       17.917728086609024       3.6403836805633585       -0.0879054719935525      0.12008537309873102      62.88202782542919        -172.2059471542538       -160.77916344533904      -24.130099578858335      63.02490303142528        69.5997435771821         172.73626118985487       34.89797417896841        15.75337995424428        134.90842427554816       -56.0867454913075        120.23165363498003       130.29123313005312       -4.919808130446455       54.205152228107835       -86.89790892122102       149.4191667164268        -126.31974152216267      77.6615365491221         
rwgt263                  13.522300999406923       6.731193659121998        -0.7389248047671795      -1.8878686103801363      -1.8693016821722779      -0.1616013990583378      0.41322588116720516      -2.6717986141533085      -6.054602406722378       0.43903154334569905      -14.863205615315117      -3.0236061362859488      36.60225496894823        3.9572137554341964       0.8376945059131984       2.0069649948749975       -0.12054940009968834     -0.0728463980769617      65.49385406557067        8.177190984986083        -140.3319573281695       115.05428222513723       109.44194851647217       1.947358687385531        -25.720058258975484      164.67511977601208       -35.78354846445063       -129.07070816943968      88.83806583450814        171.28301355404477       -116.92868972842065      -61.6585879392147        76.24115395135033        22.5594375359278         -131.7026243003426       -15.718358087429522      106.88035325042114       
rwgt264                  3.8874643873487003       -1.667343128100482       0.9724767527166922       -2.035723055267483       5.440892041394255        -0.23191746253838819     -0.3326571269747686      -1.3996662179252288      7.445350385182412        -5.735236390170399       5.668892279332741        -5.843904461677669       41.03905565965765        -42.70460554541061       -14.583894395568485      -0.9318106135640845      0.08976985265838183      -0.2767787816989461      -120.68463157557838      -117.66849882042786      -78.80368763053926       -69.37396335675078       119.43272314159287       -173.6750369827364       104.48842222927169       129.25533552490657       17.628658351758247       167.46985085201527       -10.982498837051622      -10.049195368893379      104.44905624804522       -56.47464484201086       164.72908869891427       -63.97915518590105       -120.03965219303208      3.562150695309299        92.17018478093269        
rwgt265                  40.79657324194136        -1.1561546593538043      0.24369880726957782      0.2006485818243786       -6.550969393047159       1.2798015582595808       -0.7542238954202751      5.588097602579507        2.4871918761269605       2.584687984881832        -16.953083209441342      -1.6650660561403363      -3.9287843616156195      -25.926057447084606      -32.1794364031199        -2.0068616549163267      -0.1330646796739579      0.479741188728937        160.33342532645247       104.72299471236988       13.565413210757754       -61.24416018318303       -9.938152042288152       103.26530635137561       -23.318733703709427      110.5526119426853        -34.47554702310944       -25.205947714054048      161.31042371023528       -76.12761835096963       -28.292649374660584      -174.59659758951096      7.888225136915423        42.80787297588188        -104.68970434873044      152.5592030316662        0.27032120014180805      
rwgt266                  25.298726440854608       5.844119506852157        0.7326191311610069       -2.5118988095347783      -1.903259027153256       0.393672750785246        -0.6177937783693122      -3.759951826992543       -10.596187899544683      2.474661990607599        5.249342607237832        17.19280696486016        -9.56745910589079        -12.264523623218452      -14.587288526014891      1.106133272594728        -0.11799929156452277     0.01693082061028517      104.11399668416328       -118.53893713102997      77.31650268641692        7.114378384428107        20.526454429070867       -11.351663845342046      106.18666335604854       -77.31138534470027       -30.67430521474671       -163.86736165305336      16.839005952532347       -150.01845244114006      31.027821068381826       133.55389294800375       -83.95560969913974       156.02602801911974       -5.966658744091404       166.79452517921789       -4.601417935250453       
rwgt267                  126.3659341502755        6.023949200368517        0.6114498189968416       -1.0930247517352267      -2.928796187931585       -0.8500172163120876      -0.44670775543734276     -2.776654973506779       -5.374824320019622       -6.39598406639298        10.540714779060579       -3.8577775379067134      -12.66722125265581       28.047985833934106       -33.18111001768116       4.521328113372638        -0.03075192068349089     0.4082064477175221       61.09908722397583        -30.550204551347235      -90.56273713931503       -104.3277952547579       30.19592585904161        -22.05927284072621       142.84435517203775       49.28198840358749        87.67546208593785        148.87057389397683       -102.15405343650687      -42.606823566308094      -157.49347069605133      -6.755994782911415       176.2316819752225        60.69106371957321        -142.11728242293142      -46.24912537886567       18.74079354595034        
rwgt268                  125.115176374052         1.6841211660715798       0.7712120829603129       -3.0565772634374153      5.5378668962685165       0.4009368252900929       -0.7792242536939157      4.94167844025644         5.581047565922898        4.765091943840918        -16.339803959789233      -6.743376992973944       28.778932251672984       5.371203929661796        -5.721001959800432       -2.505052300677099       -0.1675469439597225      -0.17189564868754476     -157.41402315539503      -162.17928449637162      -33.562604631590006      69.57101631590925        11.600964387625652       128.51783199793886       -61.2898155644078        -30.66949963550104       150.2865876499988        -165.74748643731306      3.899257989608003        166.35760057698639       -43.97990095138647       -31.883086867201         47.81788425543405        28.076321991524452       -71.45506419075001       -100.36816490249016      -47.00915759919803       
rwgt269                  80.56633427083244        0.7784967291779656       1.103038908327069        0.05878345586768763      -3.3191701637888356      -1.1185713599001161      -0.1106261102480749      1.063633681166258        9.884089415426217        5.806741725618423        -12.604955300265452      16.234728714112954       23.39844020902342        -7.401539737510298       25.411419239178002       0.5757952765771126       -0.09828342630636804     -0.12771514734737477     -134.6328962310448       56.19644415075891        85.01225374807558        -26.807336099558455      173.88909010327268       -66.66815024056801       -61.68386480505771       -139.53952280028437      -174.02379348112459      43.459154708694285       -105.84367013221407      -155.36208916490787      159.49512510554246       -21.819263745476064      -75.4944233001434        -48.72911641394444       -58.63719549265707       -88.78687012560349       -20.589291634337428      
rwgt270                  -146.51049705018193      3.8271927288332224       0.06946445238674981      -2.8126856553960224      -2.3401345389653105      -2.021715656246009       0.06261753722899732      6.670011259042403        -10.805561222799478      4.377730241414662        -6.920673836628941       -17.231242556739616      -39.38609589149107       2.363731162978823        -26.787555382616013      1.2525271337628663       0.14448108132763804      -0.5886413773454596      66.8830199299162         50.05017655823343        100.04445221089429       -107.12993994417184      14.532081600004602       -55.45567627625714       169.30846399267          173.71289614132735       54.06804147407959        54.61054224582574        165.35260181337287       -114.8858683086993       -101.79351418734231      -142.37554920822774      2.1581126964237853       118.80013202379502       -29.336244328607137      142.21756164241577       15.336366190523904       
rwgt271                  -58.65003410743185       -5.218110815207245       0.6127503406061392       0.9343106255922731       -0.8288383705206686      0.9311846280007918       0.44747838002601115      -5.158943253697215       -0.05401115767121745     -2.241684312132003       -14.177167653803211      17.573399593648723       42.29169994687494        -11.792336308367972      -17.148767587849616      2.5243874169431804       -0.15261708884344533     0.37037088207363056      -91.1434942331435        -127.87696795720508      -63.027256056186005      97.60822837069117        48.756462341241274       114.080841919009         -87.44701218430198       83.39121589924383        -33.68989415259222       -26.887988605472458      -67.0714103769783        -32.33203047311093       90.24398832848829        -23.346082153687036      155.53139025554879       82.24694827505402        165.84630693543357       -74.01036515047026       45.79693147950556        
rwgt272                  -69.162619219328         -3.7904892346727825      0.3558527831790723       -0.006623765291422501    -7.612127180633098       1.3377777560104032       -0.14521040932126306     -4.29135698736486        -5.020208680405167       -2.195324432391919       5.234842679406466        7.622527674629335        -32.692390780538574      7.420003620030329        -25.336645175326577      -4.0707038982476265      -0.0857883623873378      -0.23343669278949586     127.87335397487851       154.5257040988717        154.62045106261553       -120.0837644590834       47.96024280128867        -15.387484480488041      -39.73657394645082       -45.705892909644405      25.04271493411403        17.43563959308358        55.58584068773172        -28.92618967222859       62.29266078754554        91.55750277424534        -10.63564409469842       -159.99091560268968      52.00917907815918        98.81433253076864        30.90891918448648        
rwgt273                  -95.6182347085125        4.118868750247516        1.0050159852257485       -2.6377013958446227      -3.816413242573327       -0.5007444353072135      -0.28085335815125856     -1.7714055037086212      9.308726807847265        -4.466817615131674       -13.76689577283234       -16.02947459193514       -27.412570384128575      6.224713224264455        38.80364781374412        -4.126778400655474       -0.008319447635813632    -0.31110478609181025     -161.6095300875907       -132.83522135242723      -175.94474709556258      -174.6971778051321       107.67100993857872       -47.37123583439816       -178.52106137218476      -113.9700637815703       -72.67226983766017       160.0733549794765        -115.27044678868621      -158.38052305601363      21.23388369188072        -84.74937404185769       143.14773988105117       -109.58426972387323      -144.61753572270288      93.07601385014055        113.28188188021238       
rwgt274                  -32.246437749384654      -3.9611109587438063      0.9221594770361905       -0.7740202203987203      -0.10613902371783812     0.15838078802397026      -0.07470152779274564     -2.111002741028983       -3.6545424851104364      3.1896825546361285       -11.354448271345877      -5.828953440528959       12.587578763070113       -6.475933287509704       -29.10894470823203       0.6131038664874069       -0.004464945924629177    0.6191450810509084       -119.89352510815627      58.73654088539362        -87.34837756367087       -57.93757561102227       133.13260287681317       28.557241768027552       122.19899223089504       -136.10783396126578      -114.33799723856309      137.14304712180143       -58.08669415186398       133.19983633458116       121.5727768816127        113.51672567108494       75.46530648140939        166.77845570517428       155.6069162145305        -85.43992230440547       -111.85304285721581      
rwgt275                  -48.89882593906046       -6.050072071003678       1.1028271287427842       -1.7884609378807834      -4.832626051005082       0.08941175379613453      0.6139944847961654       2.7054479531621984       -11.174496903271585      -2.660415904862062       3.257212193537832        13.550654231464627       4.219660271922962        -48.523045813152464      28.252491253983024       4.480781678151686        0.1796188622527105       -0.20100661258063818     -161.6971268747252       37.22364885320985        90.90340821753955        -131.425164545859        -150.5849910453889       -175.4442324302505       -67.15954097310036       165.2136745030648        60.7904881478716         48.154866138498534       172.48263008382872       20.92583148449168        166.11631253441942       69.81374869533511        -12.265587012144437      -52.98169173506915       63.08338046310084        58.57035958409756        36.33278754671565        
rwgt276                  -132.279152747599        2.920093553225228        -1.134894908697818       -0.359033739697765       1.5037988650569876       -1.9130006902002732      0.4219004528549035       0.8606916866135341       0.5619839301452121       4.49978163666327         17.968296966165617       17.751402041085797       -26.334306030235837      41.2797019517983         22.49241780957123        -1.7653026833992929      0.10221125611060278      0.010902525895725046     -145.23904279192678      -16.195804122200855      41.301216602055035       -147.75353123772493      73.50732042987633        -29.614806441358013      169.09766190281516       -14.58093246713534       -88.47883836502271       -81.02565113754648       -25.657477099466746      -49.92664966974587       -40.38009978611936       -0.13302303051585795     -21.39559587237295       136.79356470890997       29.27400338966541        -31.192708601497714      169.00797256168198       
rwgt277                  -117.85073602139815      3.8128222551777506       -0.9041045778820999      2.523716799274051        1.4244560850633334       1.625246134771038        -0.6753631618801988      4.785329990815936        9.683292834157132        3.987602719537696        -8.053513753018553       -13.194785405635695      21.258724778180678       -35.54173635854869       18.416210928836414       3.93904524921229         -0.14920807945766748     -0.3970648323505953      161.54006670302283       75.32955281628355        -103.89715397822145      36.52603367773537        -122.11854388793567      77.04480252503765        33.43023819151696        -87.93674561957612       86.17788462142522        -145.2723198923904       40.70344912080756        -114.46353284054244      75.77718754796274        -72.21470013742646       -87.37037097383796       -148.4014271849178       32.1205195730102         137.94374024803153       39.69508937422529        
rwgt278                  41.27595424448012        -1.3748632477734537      0.7926559551031345       -0.6111635864386442      -6.3381595242026805      0.8050439545786312       0.48951424824037715      4.057373421990184        -12.382871934573412      1.2502141966251337       -17.869748986993105      8.636685828488996        -11.207548432493418      -46.760888931247486      -8.31393044274246        -2.0322890789284647      0.10823256454404917      0.16758032485468832      -119.08227354284841      -64.20672736767953       -147.50517343677146      159.83275807706815       80.32729964594449        102.11185440478346       174.7471432228645        45.66980385932965        -115.84853034177345      -58.62916866217358       131.52959996000334       -165.07933346530098      135.00906266498288       102.62288448436186       95.60319467355475        46.77770225594756        -2.1778262188286703      -53.842593609751006      171.20483519504495       
rwgt279                  -66.26868754711964       4.650842127679705        0.8212296038221087       -0.05135360481855811     -2.0843949067170504      1.5014567412860904       0.7997748062681853       4.044264158932035        -3.220101968044503       -2.859264555367573       11.279916740038832       1.4124596326378551       -5.810954040923598       24.765301475181303       -12.67809964910943       -2.1464988547406105      0.03131274908898371      -0.30681894526525355     -160.05339644335405      -31.496226024024878      151.13145373663485       165.9884996042166        43.39617582507793        84.84979135804554        87.69196929058472        -87.04336426213719       -41.39155552438339       0.3838286242413744       -64.56978132731935       -81.62980729693494       73.96671009428582        -139.56798169071004      -79.68698526521167       1.2685652542053276       -147.64466868290071      -9.617967074648107       -64.30201727444374       
rwgt280                  -133.80586759246938      4.304070450460709        -1.3857378653531809      2.4382519262639732       7.56487445611257         0.959090193340896        0.4577628040640769       1.376736427658904        14.836983244420509       5.4839489463357065       16.39873962559554        -12.700830649462961      -21.85341481855014       25.511223518783936       -12.810631570524162      0.3408906163201397       -0.11818621461143326     0.4528222940858123       14.134058174972495       93.73476092109297        -5.306378006196326       63.701769993940104       -72.49679498077501       134.19076156914355       -2.9939656115235493      -40.230973839153194      -61.22368807436142       -25.824331639503185      151.91190055438273       134.50455638441184       54.198376961080726       -3.5616501315752487      102.05775919013439       50.81188186063167        -114.50213685534494      -72.48488834422722       -14.676112745916186      
rwgt281                  -113.58952601340853      -7.161624484681732       -1.355930747942143       -1.3838398237400575      7.329319063220346        -1.6560275268079556      0.4438321439198638       -3.855551581485696       -10.835253969600968      2.4638798408299074       6.72057087834585         -0.8825094489486425      8.79912734138992         5.423825061810099        34.514346789022          -2.613031609817306       0.03378435227165927      0.06557389448662887      179.83726111379355       71.75097857177187        158.28077872297354       -172.33955303981935      -82.10234177456894       44.93765357396242        142.2721773757882        143.14039821510505       -17.303351466502903      130.924214848879         93.55399001010574        -62.97700276377812       73.06693927462888        -31.711094129463135      -53.42101404660137       -98.17195128274759       -150.50733719385352      -174.761516004375        60.480227742594224       
rwgt282                  82.61665350956599        -6.490201650433656       0.6568734990773504       0.8705177378928965       4.276343679724656        -0.13511762306075026     -0.09324385441830763     2.412110252754032        3.101305718204582        -4.10956844173613        -0.4850154643659863      19.24013075599342        21.619850865920256       1.4863140735698863       -29.47463598181487       -4.288104168914488       0.14745399081755906      -0.06443629010641228     -159.4576287166568       -12.413994141066382      126.71070456396603       158.5570784245768        -99.89398306915994       57.94671845931731        16.98654520299752        -57.469988682740194      147.63372165154334       92.18881359216584        -102.70871770518009      -146.9857180125864       -73.38154217932804       127.19824806995013       -176.82527411096711      96.40739973393198        -17.266315752831247      -81.58083315205418       63.981438350062376       
rwgt283                  60.5076395362147         -5.394696742069939       -0.3269910322901439      1.00437589473988         -5.636644156087417       -0.14510492775622397     0.20061090452695973      3.552118420971243        -14.697843953971406      -1.5202744775589716      -10.367519719220954      -7.1497108240649485      -30.45154318437318       42.03669214547794        21.417938484051          -3.875539707621778       -0.04865661926559789     -0.2682049143332271      -91.77108766885355       -33.09635130918102       -125.90203543226036      -163.33727962155507      -161.59721770947118      56.67597122023935        -134.1611212540079       -134.8521731846333       128.06798431694358       138.41668227695402       -165.20134256456043      137.59747252600096       -86.93008365535768       70.16759129349234        -2.4611162776559468      -20.417908349442854      31.54485228695404        165.80154041250165       80.27512730377794        
rwgt284                  64.39546371674132        -6.851919834146627       -0.9199583213392278      -2.844819588866021       -3.0804731008929416      0.6513489656407474       0.7863387451590356       4.279710723656186        10.217863869743642       0.8254582703607305       -15.904141603661293      17.088068900239115       8.675166887286878        -47.85434769342753       8.667771995389039        -3.472664046440724       -0.15682091986025434     0.24294397861776829      -17.45471550843473       154.23750051111142       -127.31124468203569      -24.920693543061674      -54.77968466440369       158.5037769476569        -56.634290724465586      91.47613577697103        79.8199655313382         -168.16314984667054      159.4898363426325        76.20309271056124        109.01627039834062       164.57579907827386       115.38080665557635       88.09368398290826        -71.78606739339608       -10.907030082811985      135.96147369324888       
rwgt285                  110.34794443917082       0.6668853768969933       -0.04301778283310953     2.7254557229358216       -2.0907238939800648      -0.41703118627716496     -0.12289824592963428     -5.478949087009932       -9.774949681118077       -5.397143383916665       -7.585788177667656       1.9075757393559094       0.06526476917204604      -18.835291764459974      -38.58833311596635       -0.6681512555947746      0.1027518003326775       -0.06787056152645465     36.32418798410856        -34.687628348664646      -124.64604094991637      -100.24610055798591      17.568684034639546       5.141608940274978        -108.64690241104127      -75.86609373231651       157.0351818251657        48.5748934816483         -150.21605373822956      -151.0069495875381       -89.6980206113855        -98.41719647938282       93.84342029640993        -172.13603632604162      -167.03867519694077      98.21525780855319        109.4659144204038        
rwgt286                  -169.18530483398894      6.5531800919015035       -0.38451194430872837     2.223888061026191        -6.906450221284849       -0.24528852303897897     0.16316341472024332      -2.1002367465550202      13.255244950999678       3.3927613718004146       13.91520097423701        -18.20190222382403       10.411694932985718       25.052546785511623       13.800065710471848       4.40461988367314         -0.17703356502579576     -0.15610590533747337     136.22540989525191       111.9383502699065        138.28064319245925       -40.88540172417515       -26.44239279725494       95.24929494054487        -73.81649211318745       109.04908603542418       -178.62903686466316      108.40434256333532       -153.33197857223723      37.03894814579397        16.363825687471888       -17.481712122616756      -144.77379300060377      109.55312963139153       51.64920919371011        94.26065232164814        -100.89956250737185      
rwgt287                  109.45845451231031       4.026841783218301        -0.3226739394548326      -0.25666081677796404     2.511747572724744        0.9662772139514715       0.2671144259265754       -2.744983719615642       6.441115731949836        6.374342377802712        9.645281963702395        -6.448660306138885       -15.778321290301577      -50.62078992324143       31.582065189979346       -4.530250745650741       -0.0030939461063251295   -0.3746698467633536      -10.155532581120468      1.029813466676245        -30.47774043596749       51.591301339763106       -6.099351450954487       -104.36805956640194      67.67177382079132        81.02251419880554        -150.67517404308595      159.22585226120998       -119.35396064094564      118.77260433969991       93.77535388857586        122.22921760350374       -56.088508948620344      -26.139330269825308      -128.79649085974864      -150.63576241625736      -94.13236007726061       
rwgt288                  -24.69181743334255       7.485790035955993        0.16705924674305161      -1.8332116691229643      0.6404833941177639       -2.049555589633928       -0.5048335691281092      2.96852837764519         -12.410218056151951      0.5618192700136886       8.41102350976227         6.003935501461285        15.02489473161922        7.487603856599883        6.2223382194106165       -0.3141172100095666      -0.06630049708571105     0.29268211050281046      88.42687232483621        134.3080821132707        38.82991783076605        146.46534298513234       -57.747359129190116      59.442509407198514       75.65845354562666        -9.088710976897573       75.71777377890854        -33.781964114378184      5.251168871626561        52.57195801692504        -67.64462068194115       75.10062336702356        -66.54825047931237       -81.51592207271159       160.10125302636982       101.01570371451186       41.01859894342854        
rwgt289                  158.6835607543499        -2.6542141043082994      -1.1626434430312997      -2.610609841975045       -2.170909847881667       -1.773742301160924       0.40828353260987216      -6.1826336953082075      -2.015962855073896       -6.189886095952575       -15.920459154501952      -12.116813013924432      -0.14614282457926464     50.07189545320762        -17.76120764354778       0.4851712725834636       -0.05990676916375562     -0.0400905960121104      76.05071584570624        -160.82022705394854      92.20878795411755        -5.739915916978362       -21.717552837343277      39.62313519969922        -82.45561445092791       -167.96929528347763      49.482763238083294       -27.429321509233887      -113.7682594736026       -162.36924866788542      -45.27161934808308       -144.8445850769223       -58.01428690707458       38.8567830676125         -150.90592653490927      -74.33526212324529       151.3186522745106        
rwgt290                  164.31547342325337       -1.0822219718309203      0.06793794736378334      -0.2694245002027058      -0.1378630641498777      1.3020355235742347       -0.5146851583419987      3.1921656272060632       6.708944018046157        6.37045686975995         5.671428203497406        -4.415920749935335       -15.965651459580698      -27.309583710413737      8.682061822018085        -1.1387699278730592      0.05916589498919561      0.35296237799214747      -2.340708854912151       83.22160394952374        50.25301838920632        -95.32246926575823       113.61276845860539       -97.16136436909592       109.19156686991022       -32.1060522900639        -97.26328870589496       -86.80096289523816       122.44390728031505       -11.847682800519067      -129.17940878356882      0.32300380551438934      -68.42353696253237       99.25855876361447        -61.98547379012578       114.28093072942306       52.56959968669884        
rwgt291                  105.75526107437787       -5.724012554831228       -1.1800093751784724      -2.2307605053190516      2.7169274417027474       -1.5463790673373343      0.2609369892058506       7.6387132011321315       14.053020655828224       6.213141062296998        -6.835857920720446       16.840512690153147       11.678537317307217       -8.820231829265914       -19.720466373719898      3.3224412338181626       0.11127905745779393      -0.14006606978002167     81.90879827695227        -171.65482626280541      112.60273400669047       156.27722573743443       -97.90486331582045       46.81031100313123        -59.64535236017146       -76.94303912944184       61.03577847475904        30.86919010791223        -117.4195930785422       -79.31353021771135       94.07580225581563        -29.34264315374685       46.10460800247844        170.9657975245455        157.16234658954062       -110.39713404641422      -83.20301227265458       
rwgt292                  -142.54919631772557      6.5999542677593785       0.4098972810627477       -1.5023388260668242      5.883807327433544        0.12432917935298615      -0.5751582227870726      4.223325377485998        -13.924630846972065      -3.802816770809557       -13.093215950036853      5.311490883831105        -23.032774547029888      -36.710352221602534      37.12352838335234        1.8902680082902306       0.00663603417822764      0.3796859428777176       153.49990329755275       -170.07278064725702      99.32140542785271        -150.98444818867182      84.75589143393762        -169.6390496537587       -28.410490391986116      -17.7332914496871        -23.14232800220489       116.57072487363808       43.16459741956871        -94.2678155929699        -140.2354263879045       101.66367506764539       25.089525688313444       -173.59925338569496      81.0498737390887         -45.756420434831         108.42463182847052       
rwgt293                  -46.778053099505996      2.6770825901549733       -0.521117996224343       -1.9903443562955343      -6.739766826809983       1.5728386984920126       0.5540388160853509       -7.673760316775584       12.088321677539565       -3.489513628630718       15.267064918199374       -12.198058996813542      -20.087605054781285      19.45235986148502        10.471740530724027       3.3706508580625094       -0.10940623181231265     -0.5272949030476946      -105.54064980257755      65.16098794761433        165.59839718006447       2.1977260101661784       73.04425145561595        -137.23162687584352      150.0686345219882        123.16989853965885       78.74859015240514        173.96530944085617       -66.07001657124847       -2.286383297921361       25.82905061757728        46.115312558067046       127.19044486508307       33.396882775696014       76.36209614483221        -80.77132225934007       -6.8263620794323         
rwgt294                  -75.75125874916247       4.121076896983891        1.0525603229962976       0.7388972507913958       -4.639696811387386       2.082358919507414        0.2261413551618483       -1.8201701789727416      3.8978679994664702       2.97230748537204         -12.728949496809857      1.3487159820904964       3.724131672799871        20.219831076295023       -30.025387780158624      2.8772004369726414       0.16520088639266833      -0.35537062118973006     43.3687041796469         -19.765058422299518      -120.76814234831338      -178.31383683500414      -48.0061941158562        -49.57818773269895       48.89693409875281        -76.47800166994313       104.8523719077948        174.17457083658087       -128.332279759952        62.954676116699034       -176.51609565283024      124.10573916941115       58.600217166801116       111.56514355653638       47.85822362828375        73.07712408839944        9.756380771735621        
rwgt295                  -128.76852218400333      -1.7229326929496214      1.1369600435227631       0.08627025790840603      -6.683155167443328       -0.7641031794362552      0.5158789776064667       7.736738811094814        -0.258659901434692       3.6723737998609334       14.292884507232316       -12.07573440087272       5.4577478198347364       45.186065295771115       -6.23106870151917        4.653888185590398        -0.0652338866838207      0.28973050165331693      -9.245102362710469       122.0836638736655        -169.6342002693065       57.465633503993075       168.97467009552855       37.98991822534259        179.79463570328176       -162.20698931057083      -37.85873518742835       -56.47738084559795       145.057212607147         -30.18148777585526       -107.3794858793676       36.289073213800464       -74.25127891374169       -14.198596379411981      105.58746694850748       95.30319182228868        92.15085462568061        
rwgt296                  15.830596040779682       4.335378959046415        0.834113562693698        0.58486081522729         -0.7292060363079438      1.9975129111913197       0.3212630987690317       -1.575077638727624       2.393742485068433        -0.7018699018539376      1.2367589052563837       19.087352931017477       -21.614955870645584      41.84637261524445        6.720458386511645        -2.0015299787733944      -0.05860722136079023     0.5165262530382636       136.32662320234817       -31.492865379611374      -17.642494369267382      -111.947800417916        -98.90992377799239       133.41642306007952       123.86043829592012       -133.2631074481215       -114.98935374737715      -147.83140832295527      -46.52406184594321       161.60688643314438       19.934113528105627       12.923207476848319       99.80484376449454        -151.8769339664946       97.07462723473935        13.312945829699288       -101.74128291791416      
rwgt297                  23.58634800022662        -0.750715531426378       0.35905575325484684      1.9794092768749545       5.403297308397631        -0.21224274730049375     -0.3425959930819275      -1.548367116101895       -8.636126200137873       2.8011367838234094       -11.290966084056658      -6.314471282278424       -8.653062861030591       -26.896106272896287      36.59221324364687        -4.194155366601983       0.11298260826634704      -0.06680467420949332     18.64118761959179        -36.175061490025286      -66.93584132625752       -123.28493607164718      -83.75300298286324       -47.82852961796286       -0.9842414911863386      19.992760767739327       -59.13350803541124       120.99855485587238       146.30077893374641       -101.03294480739058      104.70123541960737       34.3599434859797         -105.08947166416098      179.1876835496932        -46.16968514896968       -86.99004529434586       -40.591743907704995      
rwgt298                  -82.33932154927254       7.180621737548569        -0.4809810015541196      -0.8133829325576052      -1.8549629924695958      -0.1056147947002688      0.5594075971035122       1.805630293973569        -4.504132789377179       -3.549957796978035       -13.217228268328396      16.24032396133353        27.29324222936026        28.269792012903892       24.052427749130082       2.046301926249013        0.03550557099114604      0.39076584393012925      145.40153491531896       22.313019020148403       -32.1908873217524        123.13616835184985       27.023915104425697       -97.37921750447181       -131.48629373238822      105.18719004356751       74.88498136197538        -168.25996140762922      -177.5563369107497       -65.42973598572367       -100.30175456271712      -175.39180023507024      -80.87441607293411       113.40245671819963       -19.448735086750418      60.80710976917172        125.29907712936392       
rwgt299                  147.84344257231317       -1.669923129891841       -0.2862156161750571      0.024129564939818327     1.6435932434407725       1.8781542355379108       0.09011350611671887      -5.376217688433016       1.3543333036883425       -5.3141801751139175      13.432704905392072       14.594662530294926       17.860210016540414       1.831454559897061        -15.209086637317611      -4.041873731815185       0.11384102578896016      0.45482622610730805      155.42187008257247       -83.19252025101072       -12.10429175783986       147.88895476790606       -147.27226065695172      -161.83021589033223      -21.078533403951155      111.23324782097541       -47.979370417957625      125.93108963316553       -41.78317675133161       -130.8816116129825       -76.50822515243527       12.43443912824958        -41.91667580258192       40.86081208724957        -28.466004986374514      123.43696341391626       -66.7685785186834        
rwgt300                  60.26908140641822        2.9683862102548835       -1.3159227885443803      0.381205789801649        -7.1844711213268395      -0.7903964577250433      -0.3564350553658168      -3.7922985721759153      -13.849493334732545      5.351239052670136        9.225430783824308        -8.833136464424548       -25.77073848616854       -42.44717302210217       4.147587787451272        -0.8726219730685547      -0.021867070803690714    -0.4055650884186466      -179.11014725648957      -112.28870864857211      -26.424687203720453      67.91482370049769        -94.4249451801336        128.56455513389915       84.92233786172784        -99.95120502913112       153.40190176959175       -78.79122832487636       155.00264274392924       -30.21182326325109       -118.92448015209536      -61.46615522745324       -167.32307118432252      46.38559530271351        10.99650846770379        -15.374327938337728      -79.4217268091762        
rwgt301                  88.18489643445088        1.7345591979758046       -0.5102876069686134      0.12278233509647629      -3.5725992030040707      -0.5268573824368923      -0.08142933952450182     2.262107643055658        -12.677886871835899      -0.2416998914716304      9.941233645050165        -6.472062283063149       -30.63754547272186       35.19512339508374        21.99722835329637        -0.2634414597295356      0.07099242652593513      0.021878266269598545     117.90855333737119       74.21702299107164        56.327894862881664       8.021998300014559        -1.5649696414332084      77.7478251483065         -113.20081533781685      104.36570258402219       -96.71726063657708       -42.337282070419775      7.2956106514837415       -0.13250045599184546     3.52468800541817         -99.57100801951256       -95.77604029272084       54.75333926222501        173.16935586153068       -165.6310753562052       46.36138635207155        
rwgt302                  -121.33185667283233      -5.829950186335788       0.27469640984481813      -2.135660021055129       4.964769126101455        0.26933809116027296      0.42441532951440153      -5.288396467556481       10.257104919196344       6.074003032418927        5.789365338143568        -16.308622307772843      -4.128018472679244       12.819089489464318       32.8211569449861         1.4934430835013481       0.0294460852770613       0.2083515339512515       -2.7727297731153158      54.79509000463628        -9.852502287524374       -160.56380407958602      -85.18911072515475       -144.47461006708977      8.309508719462627        177.45140488684984       -24.834976588830102      -173.50244039988732      -56.9423680071164        -95.83880035627169       140.01615343374465       -173.66245937088357      -48.523046233932945      -72.08752645520842       -5.0430817690952665      143.72103065066494       -71.02866482627384       
rwgt303                  87.45704524558988        -5.991333883183265       -0.6651542154006167      -0.1175770333978412      -2.53576846519526        -2.029274552689823       -0.060020204617042716    -2.978457606297174       2.0104473642458025       -5.471835472829921       -15.244616403547582      -2.470846094709735       -43.05686512066501       28.72388286909451        -17.1849789501617        3.5607967725519067       -0.15807992832774967     -0.6058000468286326      12.558630301064625       -102.85180327020721      -119.34933300185772      -85.43386581764943       72.97447140785172        93.86711772922558        -73.15264158798291       -76.96045185927554       -6.591412834814321       -62.43511902714414       149.30264092582536       -91.70569727181046       -60.82441931170031       160.1764573436185        58.460003455193146       49.027533429037675       -44.0016157974371        -31.64710562054981       18.63736605389198        
rwgt304                  -23.319017555628648      -3.611003265257498       -0.7300667910986459      -0.6090456330866996      0.8887849850506484       0.74577298876441         0.5845988582003563       1.5480598312083815       12.483255970792083       -6.182307769484416       4.779008050351678        8.34195170216201         43.46379671559251        32.36003890142926        -36.655921432078316      -3.90674528416461        -0.07079457919190256     -0.4961746807025872      94.45140422689911        -35.65624950161947       169.17917606490556       151.0595992965184        107.72921176668063       160.03581914098197       93.70448904554877        -9.360141218463724       48.15314514936924        -41.76237832951506       64.97482227150778        -76.98087276842121       172.55711675681584       -59.41273853245201       -58.01285610909345       44.62236295127963        51.243541255826415       101.36853344569857       -150.13828380254023      
rwgt305                  -10.17519573965987       0.9401861951627692       -0.3140778347283244      -2.626092044858877       2.030791336913202        -0.28489407483131535     -0.7314394822824837      5.330381281769127        10.598968333187994       3.6881228829202524       4.7185293945735545       -3.6090298219878676      25.62973344862182        4.243118668264721        15.659885828182361       -3.8108184234787013      0.17756624802619908      -0.1707692277864583      -31.48322136997433       -149.24308223982186      155.40588817820554       28.490018539318555       19.560041102558813       -26.97661149420074       8.563995756419217        126.79429693900539       -137.2006390720154       17.70358104056814        -159.45779427948045      -19.4401526823589        32.029167635596394       -115.64903272560015      54.04588090156264        65.53800436571052        -170.7120693335551       -2.458030529156275       -154.51904583175605      
rwgt306                  163.97016473848157       7.301230803939387        -0.6006816500470485      -2.0173280262973856      -2.1673693047582425      1.1260917263506731       0.04458732460002257      4.133790418065563        -8.558483334605473       3.9974689402359616       0.9401553691885169       18.133817621473355       -13.944786672562149      13.300719204514422       24.893454487605446       -0.3974648274839465      -0.02824511828886661     -0.580966142744244       -122.45925754075557      -163.07560004732247      123.41303222657478       152.5529712382869        114.56179306166075       -38.47795222325851       151.65747484866665       29.029210060862084       -47.54289083654092       -49.8188364090276        129.61628365933439       -149.7659433127208       149.04048856325778       134.44909303710045       141.33325105889526       -49.187631113957536      41.960759900610554       -93.30149742991354       155.63002492964972       
rwgt307                  -61.69269809524353       -5.22580707715019        0.053410247824163815     3.0481312662200173       -3.9970890689401637      0.5873047355768231       -0.08613345810544648     -0.07860662605948043     13.531824850838554       -2.0309100525215653      15.543486795662453       15.856170084962997       9.929590443921114        31.293109960703887       -25.06224723177587       -1.8717049983888252      -0.11142018993072578     0.21862317008633902      141.51542539029867       18.53277906455429        83.4262115243883         -132.97714728799897      -168.66561408746713      35.11286000018339        -116.99987270997343      -59.97905272921645       -150.12939900075395      96.08312068855093        -7.593739188022823       176.33353268435724       -17.45951801181738       -81.85690790633892       99.01296671482737        -158.65903835896825      23.41797296438844        54.95303807215012        74.50318103440813        
rwgt308                  -141.52804811144654      5.604748979989302        0.2835466689565749       0.426892247411359        2.8725100293527284       0.7477128954796735       -0.6452187664008104      7.449426979540653        14.005589006997013       0.653667048566767        17.861445345308766       14.436164423672288       -14.724388510642555      -49.46723509591424       -35.05110562473712       -0.3864174874833983      -0.17559424059759743     -0.48131125657379226     178.49757255416523       56.04166804457836        -63.954283948027765      -33.76666372146934       -171.80492286032214      -53.61217757880725       -153.1624521825722       -12.695374498453447      -125.73124257580679      -64.52361272913987       -57.82332107753943       -89.31949133843575       19.641413556246818       92.73503719258821        -25.411507223330034      172.85440662229303       137.21100128371313       108.02749156069052       -107.05437407327737      
rwgt309                  131.50421384019273       5.487947048821243        -0.025039894658171136    0.2479132072260115       4.640023674536984        -2.1251963054588425      0.05581543699319136      4.433651717982623        -1.2040055109995365      4.383185680230602        -16.798737694718923      10.423924933075305       -5.518790551964301       -27.64254565105113       3.942989931554962        -1.7722295269400705      0.04165097822762359      0.3715684585817701       155.99167086489962       24.48008355982509        43.396076136000175       27.08468551165936        35.1121432391987         170.64637895999005       -28.07126528189974       99.13217391604223        110.25800190656645       -31.720650688123158      157.32062908845205       65.30414444602539        102.36623162818353       154.09072982841576       -84.38170312315538       -25.386558225657552      33.06163474459029        71.2929856809393         88.82432023607976        
rwgt310                  -30.655577711214136      -4.135953129046199       -0.36090895944538204     0.36941418510350843      5.605881784379212        0.4700582920205405       0.04627822210794463      -5.659819855459954       4.827133625385326        -1.2733971201652468      9.95273672586093         -10.659716209634587      33.861387782571214       -29.03318044481982       14.804100568569801       4.304128508493035        -0.006478849262822495    -0.24914922471745837     -106.98722509287671      -33.95150965737557       34.54097204213909        143.64103387251674       -111.79395122668798      -27.918605108482325      -158.23117060821227      93.03333564496558        -42.93246835087126       69.84949536139439        -155.78471228997304      44.39519802959143        105.20324303298315       48.65983718749939        -10.382766927003786      -174.89070716275413      -43.89509479755921       39.3175813058611         50.308738831306414       
rwgt311                  -0.3019442233396603      -6.782310083598342       -1.241065554367829       1.612530718881878        6.232978455666357        0.6766820645043383       -0.4120386801307999      7.375666378342905        3.1549798691436735       -0.17461457417261084     11.76371959649397        15.196441015059136       17.11439559917953        39.37557618925223        -0.4520019510927753      -4.201487246093451       -0.06291802565413925     -0.2856190696942551      65.12426010444591        177.53693178272903       -37.54682073548429       165.97336409420382       -129.67902449985266      32.16354106379657        149.07782552860613       154.18559274548392       6.850639828037913        -105.70895543376645      -97.48698041086361       106.85583581141162       -94.36278542719492       116.42632005165933       -135.9998290180523       89.72342997554517        72.02961362271157        8.26740783297899         160.16900115994264       
rwgt312                  -167.63277481003246      2.750645254851082        1.0106551366736023       -2.59384245017766        -4.458102927833676       -0.41288072682623955     0.3077091462722692       -0.47947427243456353     8.301716205849594        3.6865178924525566       13.849568362826787       14.908815319503852       -12.535890493907221      4.589504397303223        12.626527886499296       -4.223169616446215       -0.1487465556435399      0.2286627439168898       92.25477630551524        -155.54612105412815      -104.60896222169485      -93.09902330437703       93.84875602907783        166.72012790409678       108.56890935155923       39.5383810874435         -94.08610513786417       -163.193700634509        -128.26280875606136      35.79416794271302        119.94682451624436       -114.27316672465435      141.53060248258896       -99.29808332971841       -146.5815192403931       -165.6002581511682       163.07623361120108       
rwgt313                  101.45528709992215       2.3779986199056564       -0.2539303510079509      -1.656777683152847       -1.2667359403169964      -1.7092991504999642      -0.0637943811797248      4.61551414345564         -10.429103576604003      5.958038209739515        8.91370830130277         -10.090568840996369      42.33692982235232        -38.050793956264314      29.212596397625404       -2.794251375766654       -0.09991048464983951     0.054036947572195015     40.779266535512505       -78.33323284005962       25.00352534921774        172.05229265334867       107.95592457035542       -118.97448954553431      -11.31439171852972       143.27912820804846       -73.77438520845355       26.466316103790177       69.13967331460253        164.869343598333         147.75750610311428       -83.7194012262582        99.80825682770234        -3.987102013149382       95.85816294616768        145.56178594606064       -7.108052805780602       
rwgt314                  155.31441802097078       -1.9709092541490207      -1.1133396215111409      2.841153131678488        -0.4990708551350531      -0.40522514840376944     0.5504277245253084       3.1590247820941313       -11.17560822661063       -6.111051462783828       8.593721444009883        -15.989807108533725      -33.676764455216166      30.808095505993194       -30.05529869738907       -4.730452245420633       0.16679153365949123      0.23327365732631022      -28.284092916891353      91.12844580799725        -173.39353457759807      -50.84564211950993       -133.09251574824884      8.820906259423168        176.83912316553028       14.060366218093748       -69.68412420878946       -42.840667090908795      140.72834761633982       -81.60728026832149       7.7402748678710225       -103.78122216905523      -36.45435809073132       -115.08646173110135      37.988807225530536       -101.35077657128964      -171.85367702832775      
rwgt315                  -171.71008410983367      -2.504070363813412       0.9087265768274675       1.7434308626406718       -7.5661910772449765      -0.31731568475791505     0.1716944020964466       -2.3828205001775746      0.43719833205275194      2.9991574340281364       2.7661105440320277       -16.643341418468303      36.184087827220395       32.679035912648644       -38.3238132772972        -1.6199791918256694      0.08454041723199585      0.46718630495590807      43.66440005546727        -80.38291961235872       17.42042704783711        -42.46956741725154       133.36929506145873       22.221773160701844       -28.930171673935575      -161.91610025326912      -174.3409157489212       141.01297598381217       174.42789453031014       104.72769709977536       148.9383690298153        99.38614849454387        29.472649172486086       78.8265647671542         59.86797363614187        99.19075857724647        -158.41034863087327      
rwgt316                  -50.13105609748726       -1.2553189352858176      0.45250571289015307      2.183283674063709        0.34179769648816816      -2.117731227306526       0.17724375948812188      -4.158400015037829       -11.07127730283646       -5.514279710701957       15.998861257362009       7.939834417052296        14.520713622489815       -47.55226415920564       -28.619895662764332      0.5455877014501116       -0.07614782817713045     0.5663666223117519       -143.22258009472372      59.92758760997543        -112.34023349860536      -98.78198346519737       -152.92449639269378      77.10082414086332        -3.488978209903081       35.50818830831375        -96.2628730177049        89.06611073563033        -101.53628350369911      -110.67128385538444      28.37766379809375        20.64555351097846        114.42304964725218       21.41790781533996        -46.61583134324292       132.67651879204493       167.79048108712476       
rwgt317                  23.05783264601979        -2.9292362554777274      1.0908790124739307       0.6385033677221403       -2.1064880903052075      0.06405160598980464      0.05624804805749617      6.02338836247237         -8.776431075042272       -1.1921471930418228      -8.319021509807849       -16.58218309434379       -10.577434917304757      23.447007665322815       20.81873518711476        -3.392310905067853       0.08361845806990192      -0.15518274749635996     9.567943751093793        108.42470024585799       158.93094812303406       -76.90152471820832       -32.40148281668539       -134.26271348273247      -121.63263038935918      149.23636836667373       175.52694470396318       37.86446115612395        -135.0921730246696       -91.66779454231887       -20.64356781957906       -3.484567616553136       127.75794871667068       -32.863792593621525      119.89698809011452       -28.88718391777857       161.79831795877658       
rwgt318                  61.39914953256783        6.07226964515906         0.3273770344924454       0.9282586299883482       4.433702453808925        1.8840284899099955       -0.43533665049635256     6.158801364017472        -14.589297597234095      -5.248254966725497       9.064425395053064        18.581251802181484       25.42754193731166        -44.27810801928176       3.8454676295178203       -3.292347196593783       0.0712227790679772       -0.5322931622662102      -79.59926426785864       52.659434044003945       -97.22311195717485       -127.23441398574697      -81.00683039770483       173.43041219342638       36.30936886286926        -44.40138797505017       -40.42206045818264       -101.42353906421904      -11.16785795457028       120.29019449865831       -29.871050211157552      116.76575185412719       -69.18787725114886       44.24038382496178        -18.420571966997784      140.61964927345934       -148.6353328786057       
rwgt319                  -35.475299282431024      1.6866057182872316       0.418983733294062        -2.2028998219017626      0.9291860891168415       -0.6731485684604723      -0.7563227585968255      -4.373226490581413       8.912964162970315        -1.478784912962725       -16.2768593152649        15.240906690730768       24.604833606743          -36.85037697383635       21.497915215809698       -4.623152346308617       0.14225348516367337      0.24195690010305015      124.01034424606388       -65.68502011498641       124.88910596528115       24.323932795968688       -18.57085647412984       -37.16808705915733       13.831218040463938       -146.51771790743652      -176.8311234289831       -24.77805476837605       108.93640641244576       -111.04573714669215      -79.56727395606934       48.159597992417815       2.4639481781774464       101.12193586976537       -134.17985157052925      14.683168527530285       86.64259660872938        
rwgt320                  -71.87320586592534       -3.339216482495231       1.468451902714307        -1.2306148999722981      0.5091422902136511       -0.3581020916613882      0.06972573862811249      0.06748464812349209      -6.487069764348917       6.370804427936669        -8.699658705127938       4.940271748654077        -5.632891247726938       6.113593519881682        -24.919906513858287      -3.4312403203236093      -0.12383752906501405     0.020102087027580096     -178.7249263685167       101.14214929676251       -144.40875261607704      -75.54960346921969       -126.20134671818892      153.445849136586         -46.6698273692528        -95.52532372413181       -6.608221049058102       26.440482366567124       85.65448418722787        142.08601703081996       -124.22478899116047      176.47908296241155       -105.99937372035616      -35.3383445280632        155.94242490997925       -88.25207478401951       -85.55475224718195       
rwgt321                  -27.620407941601343      2.078441555322004        -0.5998173382960834      -2.0307747720031877      -1.8605844312924393      -1.1184722726977643      -0.10008939952208984     7.462846011374354        14.205840590256287       0.38312315725379786      9.896460534673427        12.538931742210139       -0.4045279204271921      -23.6558204180612        -27.332876628257694      1.6770283504221073       0.0032932266979090463    0.3776190183130851       -17.17418052249232       16.319370859901056       -102.6950681620225       -81.97726685005165       67.31106002248504        -65.43645068811122       -155.67377157097602      148.44367780183046       -160.69335880676104      -87.9934110824733        28.01453741585513        156.49142230635545       62.92367725026622        0.6844909315668417       -159.5685321616511       7.316392679433164        -66.36372455036557       14.673480316547966       88.2939204792682         
rwgt322                  36.3272226024242         -1.1091606611396072      -1.133738514186134       1.1402688911481365       -2.6574496331473423      -1.3627931001134517      0.6720380093224045       -6.015671906904933       5.979780150232507        -1.3627354289100513      -12.989790934807203      -18.56430612999588       -13.35427206040211       14.155300839709426       17.219021552861          0.19089430226298276      -0.17530484523627057     0.33902950475397764      -59.38349168796313       22.436050391445548       -6.09309294004629        158.41459360113186       -113.15206385535132      46.82633402775727        -29.226810845295034      -4.124007039038958       -170.3270278343926       145.67427361916253       -179.66481236944156      115.51879243810606       -16.240196451787227      -6.785375827819109       72.71047508679084        -141.08270806287052      -24.578919279375157      -166.87821538999907      25.201518962828487       
rwgt323                  -138.5773486133101       2.3527019647915806       -0.8130856099996235      -0.6671052960332209      6.269042898803475        -1.6371579568074108      -0.5000044617896461      -3.020311052167          -3.5109278283439735      0.47983105632841117      15.171452494009166       2.023119066622904        8.871349096120362        20.783036984775862       31.40230134305193        3.447478331767913        -0.1116597671488869      -0.45275730378960877     -50.19208330953296       -158.39159380939824      -81.90303606837864       -170.50031449837672      -177.97173225405885      100.24843373947004       99.63487783042166        -89.22572283147043       18.19124282630665        132.7074081606956        -26.423194445891028      80.60469835763217        90.6647746227107         38.492115277365826       -139.72198733370584      -15.220324530819084      62.333247942417074       64.90734015939569        155.16325315234405       
rwgt324                  -104.90019606953283      5.4749358709152025       -0.8238662025870815      1.481872189161936        -2.998137131250009       1.23311123092784         0.2692227560834246       6.910411325937019        2.3632567085091623       -2.7850160284773002      -9.552427297647696       -8.260231864585322       -35.46055964175444       -48.732784865222555      -12.162911961786183      1.2252510567680224       0.03781001129420747      -0.15127401359395087     132.36902760917224       18.100043248227138       -50.207556973934516      -177.70475342634776      87.13379219277141        119.16432782423192       86.22848878312277        95.99025425904324        85.70548773832547        -59.69717717671318       -168.88520944673223      -156.63502506890643      70.22705955480953        2.493893395806168        -73.3525931544721        35.71646924519854        -84.29388231975835       -5.974357551277819       23.608357850695114       
rwgt325                  49.15059776554395        -2.252410040954045       1.1409939852635016       1.7116529686884707       -7.13406679124981        -0.9137536006171354      0.7392874418167199       4.313222664951346        4.628641235388361        5.392418018967037        6.071381213359604        13.77538749795012        38.574735491551806       -5.654756313980492       -27.685158213010943      -1.0645484923382607      -0.07822992707206554     0.22560051908426004      131.36934342223157       -27.19861022502232       -28.858756967451683      27.316651509051013       -148.2821152619673       101.7845915155525        103.17660156196212       173.0043158057652        -24.940035125950317      -13.394601176605107      -44.56534760293184       -144.52849376380914      178.12070728347976       -60.47623789962907       8.195028216119482        -170.4393731388095       -77.33082149132717       -107.79755418862216      -76.27863689677959       
rwgt326                  113.39348999331474       -7.367300217518762       -1.236077772359166       0.15446137826867057      -5.071105707021303       -1.344866013702646       0.3045558051632662       7.4625566444183375       -10.155152730445373      4.494245713601048        8.512322599623982        -17.425815219247465      25.619192726664522       36.755075753854356       -16.785938081966513      -4.626842813245083       -0.144033774624004       -0.2828680827638683      -177.86601852201053      163.62961101033005       165.6001937071631        -6.329452974020796       -150.9511493075204       -173.75274851053987      160.5488422862074        -44.085582365685184      141.24083427188975       -111.98066222635518      -31.651818519199708      15.678409160276885       -151.7029030968683       -51.931322827365165      73.40154718342538        -23.39620819506962       -102.19544785237547      -17.422042605281604      95.25721633634356        
rwgt327                  -138.6717951917723       6.8842058834845234       -0.34740309180739226     2.7821466703959548       6.612219621791766        1.0967873907526147       0.6748000581114557       -0.9220318030071715      -10.746051695051637      -0.07256080965175737     15.963378069959049       -7.889999952336829       -16.823908885188587      50.0672789514268         18.832802793807538       2.5058079142734497       0.06678345858626378      -0.45309577768095166     154.38019752450396       -169.96084153590994      162.05767747509373       -150.98894913520965      -105.11112461720239      21.769502119352836       -5.33605322141878        123.61820863011127       -83.09188033633481       -26.753192106669786      157.5567510128693        -67.93523076602806       -84.34820311896719       100.97623571023883       38.86485162360364        -165.41258463258822      58.908908320998535       25.593671254753502       19.834488523887558       
rwgt328                  125.38215081918457       6.63223653409166         0.8597911799139919       -1.6393466258588694      5.858134035971677        -1.314728495827743       0.31004298847661227      3.53141938524666         -14.027740677322196      -0.12544744327293866     -2.9337673636241206      16.573421417540594       16.064399227393388       -22.502840622521695      10.30760875233085        -2.744473391228271       0.12163644099355936      -0.5749317686951428      90.69114116428648        -121.08200231470542      82.63915684101943        -176.2660833932113       33.75455662729473        102.8142304390663        117.53416831947294       -115.77829322493514      91.11381165225993        174.83241117752573       -146.02515116501164      -12.944678419431511      -168.49836930341692      -174.71299785602773      -49.33075866060804       45.927675763456904       22.14745896727038        -167.47434292020318      -93.14446366807663       
rwgt329                  154.14702389075143       1.8140376290007234       -0.20599677552049434     -2.4902697610162594      5.360982437281102        -1.6210763264832937      -0.1446477706576964      -7.5138011688259185      14.332455803010177       -0.6258749188596031      10.98091771016783        4.867520901510886        15.912638800931482       -41.15987578618751       9.084496502019135        3.8413483665745645       0.021162076702834237     -0.07256087324042049     -160.97124563132587      -40.64641449593799       100.74239303940669       -1.155133909901025       48.84640694351543        -37.29165670916757       42.181491078394174       -133.25958865786535      -66.70675413677286       -172.93084760006397      116.55958159013056       -54.969694714422275      -134.68295479542775      6.547833699643377        -9.225511524057424       -18.173874324377095      144.25907521177044       152.38768726715944       -130.6112641417387       
rwgt330                  -28.9681650484315        -0.34373254168857237     0.5536822178022869       2.2873881395053495       5.802860327618852        0.42828477422619216      0.044202344529845616     -6.7906490839185185      9.75977227595056         1.6065348939455522       3.369923281042343        -2.8386013374756374      1.6571302707613498       -48.14755620378985       19.351832926039023       3.1003665756134877       0.15818017437774018      -0.06875072612483746     87.840938510424          31.345749099497056       72.74611084517008        64.88543764540992        -116.28438170148127      -44.07965403917402       -126.44899214704061      -42.025622689774764      -44.058155591975805      59.61012123922302        -118.78522059503649      155.1230189097903        44.16901097118455        -114.62002460772723      -125.18657728944247      -92.49212349982359       67.81252133221636        116.70523257121084       75.47280563681076        
rwgt331                  -171.86996229007167      -5.690977286986156       -0.3103736309880689      -0.37243455280668236     4.076376745547103        1.4305160069414256       -0.02357794554830117     1.1404311149317037       -7.298969179821195       -3.2794550045061053      13.483754919328355       15.378091681816699       35.175052464661945       29.044867439168726       26.955834729207908       4.511527397591475        0.08172529602628281      0.3953877812092289       46.48097146051262        -176.0551721066061       50.84156560086973        -172.1558194070132       -115.79943244643421      -9.46275435780342        133.64631168389292       80.8692758985178         -169.52388785637368      43.975135275198284       97.17762976907238        -173.51455200337628      169.62913832647502       114.9470965501668        -133.59500268599794      -25.204652130592848      86.94677195025042        28.70838859093601        9.95235819210734         
rwgt332                  155.8659177681131        0.5052608035281176       1.4403254229281088       -2.8215725157402884      3.0292912167478026       1.759838638260871        0.24137005686438906      -7.759057893479405       -3.321168637407027       0.15973286847350554      -10.029680426169907      18.126136737121755       -23.52295081572635       -16.927839682705425      -18.42728234547762       4.7126765716212          0.00290604858309243      0.549794850738775        -133.16549304531424      65.08458852335568        -174.61290723972078      -36.95232676443132       -13.58387490720878       151.49391128633937       48.59129851674575        95.14562852769404        142.98419633090015       -114.2202254649832       94.04571549048433        118.53348659349831       -137.8379043422766       153.06809187336927       124.53185375204316       -141.14920671650611      -104.99597016323825      72.65962133481713        88.08141190969195        
rwgt333                  -27.371410829776465      -0.7555872498457372      -0.044545985622854056    2.318061306240348        1.4529000787332915       1.1458423789245802       0.15574893430334025      3.212411238721814        11.069506426873595       5.172313236928137        -1.0427306318556937      -5.309116209043447       -26.161843025578296      11.332329869329598       33.12017446436613        4.477656601731788        0.01893123854151335      -0.036475967802882536    -101.11050674895836      12.75835150317107        -154.2418118212429       -128.00811434834287      137.54385102480035       -99.56715224966592       104.55170835127387       158.47574956473397       139.62189569134307       83.09453536865078        -176.07743091516744      -45.395161017873875      26.893822352773753       111.02326301395095       -41.452635951270906      139.0526598043137        155.4599684479262        -11.439446893488764      -136.2928074828081       
rwgt334                  -176.9697720762289       -2.1777100965257583      -0.8749424687874625      0.8526020897582205       6.55978059108444         -1.3895795438016934      0.23149327254361585      5.075501118940447        -13.470132211407586      -1.9422791445574816      -11.997629779763184      18.575090365431656       24.78419671990875        10.541769786282593       -25.874128738340204      -4.255868997275095       -0.09769338042030525     0.537567470594427        158.34876781557494       44.588158706719014       -78.21460316587118       -124.11238745532164      56.740808108808494       -84.51559071270823       -104.39842133619841      -90.24365297490294       75.084451132413          71.07493994866348        131.04726331313174       107.35792395450164       137.82400265454106       81.33307708331108        -167.6546070870508       -83.28302664547367       77.72777159137206        -124.28332955254575      161.0054060743184        
rwgt335                  127.8610794893774        -0.7095703295794937      1.3178808151597903       2.9923057464455596       -0.5349088380440925      0.696912910335699        0.16171218209627558      6.753814316675627        1.4459572796083826       -2.8388226291297376      8.660249804009862        -15.8454069400494        20.288707004382104       18.820007926722354       -22.426465613955806      -1.1400802819884164      -0.17846869156941428     -0.019728712786263314    -80.16893555902902       -107.2441684567012       -155.38654660199416      -8.52069035613951        141.60674340225006       -116.70360305966608      161.43275449123485       -160.21189029419773      -168.1451976931269       -167.31394505355095      -160.8951423361869       82.29848653517774        -111.17354887737433      -27.672513190772463      85.5022289923404         74.26389350075493        102.59422943237956       -2.447438906603935       -138.80368059204906      
rwgt336                  -171.9367059140952       -5.068467095523278       0.07775512517060479      -1.619740943794369       -7.180229438650968       -0.674622502696631       -0.4872001251742935      -2.1014196340540643      13.015827032563177       -0.0903153536493857      8.085751937727188        -8.864672135523142       19.36005745114697        50.82769994035803        5.199285218950159        0.8590035305950687       -0.03892378339018543     -0.25724996372678843     56.486875669683          -99.20772054557717       114.54385463951115       146.94401282842693       -63.75997335851146       128.19179507586466       168.27265764165008       123.07885171189918       3.966957829587443        155.09967758870266       126.11471337198208       174.74107047290966       144.88065807054534       -29.98056684509288       -36.25537613749606       -116.13448350134891      87.62238780318222        66.41570914136867        -11.892082841791108      
rwgt337                  145.73733558593466       1.3957158162563355       0.5577939949210486       1.0600761235135918       -1.3485065921451982      0.20974443556318567      0.5039948207574234       1.3764189289928437       6.2495711652034664       5.462815913469715        -0.3095724574712051      1.077265446099105        16.951961176928037       -5.720112584032719       35.40245101223512        -1.0327288045549872      -0.028174293942525547    0.43147144950003125      -94.91477661186184       -68.17953565111543       -165.32235986719488      -122.23894139395276      171.1785252764888        -35.35368828008325       4.500227810108754        -68.1753434633083        37.777865684115          -53.0945360090339        36.89587445534093        3.8540007404236576       11.191046140690531       96.46295045239464        19.64660328396735        -19.95418784749444       -91.01580314246523       14.732791620972336       158.33755169603404       
rwgt338                  -108.61259257590442      -6.552882551296033       0.6538957914622936       -3.04253027068368        1.6523254254873372       1.7980125139616296       0.30706481203576663      3.305914747946505        -11.121922059888167      -1.7135820355455662      9.973619158736437        5.025383866141436        -33.45233378736932       15.357239124861266       3.54389734125931         3.972896061904901        -0.1746702361664279      -0.5661084991961886      -62.23959286639004       -134.71081600050474      -128.70736196084016      5.4400037393914715       65.16085092497849        -99.81539398627939       75.83813423220732        -137.45356466580776      89.48446835519951        -49.871871121854696      -56.69574727127706       79.0349389884729         0.1262193336676205       -91.83170132276847       138.28077150070823       179.49844086458126       -111.27016705774417      -147.07749490220942      -67.71083962427907       
rwgt339                  38.99031876178552        -0.44265196836829634     -1.3537537632162104      -0.703842489772966       3.50162033618623         0.9437311412615079       -0.21637816021704703     5.922692223630276        -7.383829503693208       -6.061833438765348       11.506880667476025       18.428372431025075       -28.612471344847698      -18.10930337508045       5.039498682993951        1.7896631829160228       -0.1340534157286642      0.24829485362069448      145.7065298832324        82.1490596549292         -72.95252179517458       164.31157625078697       102.22469354128839       19.489184576316973       -9.787413168828948       9.358915063815914        90.0400100625925         -172.7612466455823       -156.47895275924915      -54.353253048506105      -173.19448518070746      -121.45596811386739      -95.16832390360698       -65.2780930855613        -178.98002467016315      -6.771801564019029       -51.90693525795595       
rwgt340                  81.1126773189834         -3.6171397270887664      1.2690254451485734       -2.9438439076991822      0.8485713546801552       -2.0871697720421536      -0.6002473304001343      3.2867337587999836       -5.533502557454064       3.4477070188741035       11.58685746772288        9.012467976546478        39.96540720622319        16.86929508422422        0.2905202648688672       -3.6516938564527788      -0.12546439580843133     -0.5125597829482564      -70.80980416807922       -34.96147735786357       136.11626855660558       87.39710191308654        -101.79790292800622      -14.349444785275494      108.40412261058765       141.30539480452217       -75.02820249086139       150.898869707907         -19.9035123810809        -33.73042175871126       -95.93367191085294       105.88363968741379       43.44405817832197        52.63640487762629        154.78668498632726       -177.63844807884234      167.35173696050447       
rwgt341                  43.2434888393079         0.30314160815548075      -0.27755950628241366     -0.6392218043007243      -2.8792456734700407      1.9568182832188357       -0.1345725882185803      -1.8970007211519935      1.031596135599763        -2.007566661095966       1.0617866580683213       -15.010652204598312      -42.145196033021044      10.962602969364582       -0.5725013838092465      2.735327083122396        0.07972154916092095      0.10457790008827428      -77.77005641806255       134.75761821819634       93.92887189006848        101.45424421039905       -70.86539932466636       -33.802479297582096      88.56733056213437        82.74997932680361        34.207828010584706       136.3293996356657        10.690051990764147       104.06494646644774       102.92436854514966       100.26855134219778       -97.98936050272353       51.72210497834874        18.241210235105854       -179.98100910005354      -121.3233302230155       
rwgt342                  -22.604918560109326      -0.34942987009356674     -1.224075395495606       -0.7299346162955342      -1.8090173590583793      0.1818824299189128       -0.3589636663626345      -3.4190678849694036      -3.8045240645115204      4.233942650448093        15.700433240298487       11.83577885764624        13.58246176158356        28.17171473804791        0.7243621698736291       -1.0028731595972102      -0.05780324710111319     0.36789200923196186      59.401006200864686       -102.05892851347848      -159.84986255154567      42.81583729909488        137.80059569129077       -154.1821842598851       -160.46500432843652      30.929958351783597       159.49530171253622       -64.99062185724787       91.89839890107811        -42.915899274755475      -60.24871433572298       -96.49226553134235       -175.47611033629713      -142.32406528520758      -119.13437466126251      130.42672877651688       -177.0881211731549       
rwgt343                  -41.266802482858395      5.737833823399511        0.4433657493143628       -0.4410550462743785      -0.8074279591887619      -1.5140253324202568      -0.37472013193376186     -6.999234993436186       10.202323563647091       -5.409368294946045       1.9831890538589256       -18.02028472469243       -19.683556698525223      -31.384301677415976      -26.341943961548278      -4.238584899958319       0.0072987824186714345    0.3215192674266508       -86.40227970038941       -66.73482035264327       28.485084121041297       120.88275157065391       -33.34082004916439       -82.17769177963369       8.562301374566772        -1.1924385140160325      33.52470209178654        -35.5278267154045        -46.109822364350805      10.048130517217203       37.45364433735344        149.3181689567184        -101.88160934287289      143.93659372466982       89.39843212198383        -76.80046162724257       123.66227836762778       
rwgt344                  -43.493846768867996      4.025254084481236        -0.49738482743612156     -0.8038129980479916      -1.8960532049869538      1.0865670182842884       0.2341443841001034       -3.4911951913176784      -6.024708759166765       -6.368327197538996       5.275539347487417        -5.800200430611616       -2.9190168720074965      -0.39385789583378994     -10.056374940557848      -0.021380985733761015    -0.16202202355215642     -0.02472617527206411     73.04167392177555        -113.4707683504292       8.366697067543782        -14.435276692350868      176.5439183992242        117.355771280255         -54.06080739131828       25.801196417038824       123.57033005180983       -148.70273935374894      -158.23512253594598      35.85089258079344        -58.36901239073181       -12.383104553178669      -70.43961599900412       121.58715107292193       -29.355929992868568      -89.29456106551798       -18.171954992710567      
rwgt345                  113.07953686928568       1.7338006903210728       -1.0651104574670613      1.7471317186100874       -2.463903342905313       0.6030035863102494       0.5690622788403272       -1.7457225931917781      -12.34952262635705       -1.8033419939650432      12.557132187795869       13.302239040781139       -12.145442790600281      -23.135565977882564      -25.259205162622365      -1.166693494666406       -0.11383042278544644     0.4546983975706712       -87.31938518677534       -120.31937357316471      177.0552502969859        161.63734155854615       -77.79020482460406       89.79547248423836        135.08999369785113       54.74948384696722        97.33048902616838        -148.7330603277995       -73.12501349101767       -89.36660377510248       96.11700112774741        -53.20070509260027       64.8663872959859         -177.57636718312992      56.140294673902446       -35.78437650401713       -110.60966151358487      
rwgt346                  54.13711606428265        7.417355835546162        -0.10201737280509371     0.5580125478404203       7.526602174306623        1.358383461916556        0.12511863640653242      -2.21321692166327        -14.543755093296468      -0.41082529025516923     -6.725151973176207       -14.2461097225438        -21.526223247035773      -19.427312150582523      -38.369061505639934      4.522026773939398        0.1664505316055191       0.3852197893730235       -21.17303833301426       -2.0109077678737606      -132.2198083509333       85.54349062682661        11.43825194603042        29.854438620722163       72.36959732187853        -91.66091994087004       -0.9329986226397011      73.12978425586127        63.172975027634465       -95.73918339429454       -150.24868003426516      135.75941577419667       -4.43388715514476        157.13243013510453       -104.84597336304358      60.6768874088547         96.59040070876807        
rwgt347                  -177.48648411553495      -0.028073288572427302    -0.7651941386247523      1.2678697009225406       -7.123458911795522       1.6045344987469803       -0.340244755634868       -2.917631602640303       -7.857629221165447       -2.367901409494949       9.18527452129597         -19.457476839427347      -21.930419283711252      -14.890098421250471      -2.481105857665952       -2.299959089228036       -0.013907410929141328    -0.031144244862010173    -39.01529840101534       -91.85019896816772       168.81624382374986       118.27581773399555       -53.45434380196788       -150.51149331327534      -32.00897150924732       -129.7932729090465       -19.954918835598562      65.58777556541526        -23.741136248804253      -62.20092877937678       70.25313595149083        -137.22542107783008      93.65084892821159        22.39526178398623        -119.705327445482        -63.490302144336894      -49.14092600675929       
rwgt348                  136.93515308508495       3.95663135843746         0.3300856554914411       1.3008268470517894       -4.746693030641245       -1.9190831321081396      0.3274277003371977       5.785166226278304        -10.016215621463292      6.328688754248514        17.52554105624496        14.464626308121488       6.515579308720746        23.98479932578627        -0.9539236561078184      -1.640899491003636       -0.12085779785650833     0.3569548848261842       51.82698040979446        91.89583697216779        156.25248191355934       -170.11265274806289      45.223564978604          -90.42093553814695       -68.82534409161573       88.57889050291499        -82.8113958086151        -150.91354341267092      99.02137990749424        11.838306050873626       130.30350286202736       -56.62475423050539       -143.7798102908743       72.37926734255907        96.06703035174354        86.90566447251484        102.59250136545637       
rwgt349                  -37.401366744313805      0.8510087577927363       -1.2659474433256692      1.3509031936172091       -1.8900579746576804      -1.6037116536360894      0.22466236309071075      4.478883376481286        -11.719902304502156      0.5377688032337593       12.836231886593072       18.607673238309175       -35.67710226628226       37.29076300700166        -7.5608834509157745      -1.1541680406382153      0.12299383840187705      0.09533680124518407      -1.9578184957237852      -166.46675318279472      79.52590842273162        54.85369322525571        -24.946585079140135      -8.836071271072228       -169.60241308906666      -84.25207547640808       53.705628280056146       56.02443787800593        -49.646934791853596      158.62856383767456       131.94794548125037       3.8790554264199955       -173.4958187526823       -75.9271783158383        161.2702634382535        75.7805080310207         177.22481663086523       
rwgt350                  88.91035003809276        -0.07094754185875729     1.1142888644685487       -1.7407882235386818      4.560186165551588        -2.002248134941256       0.19191977613285482      4.888871242051825        -13.128835696921518      -3.2550515020008985      -3.168251241434822       0.6588788903542948       -18.736878325231746      17.877907559540887       11.903326439875102       0.19475059085520918      0.052717681744640255     0.43002443706376103      134.93906727655303       176.24155347007058       -90.04048004168479       9.024398188011133        80.97229488870522        74.63071355850343        80.53264148469276        137.57821698475084       -158.46614677281246      130.59711557230628       121.52706276389216       55.59830539092928        -108.14567702426733      6.005207117988419        -34.59024486761973       -71.75743915340371       137.5232219999536        178.31859245707926       -161.92240002943865      
rwgt351                  72.4835064711886         3.706442068951282        -0.8174719916487269      -3.1509324642497862      -2.9895457024807692      1.9939789685535314       0.2798292450406721       -0.1525850176175183      11.596850164314716       -1.0158353463095544      -9.684091156947835       2.2662556720436164       -8.247776865825855       20.139218879941367       -37.661533422571715      1.3069607081527144       -0.019692399728213794    -0.4437428183196318      -89.64331759408844       -4.758430651230725       79.76860318031339        68.09612189362258        -26.87979643095622       127.07045805425224       -132.6002942530615       -57.79604125828013       10.697932328858599       -94.01254105224507       44.6621313663384         140.17376548085025       84.08388693428532        -11.133744071768433      158.8310036692394        -161.9881859891893       -82.9215535658746        146.56847914123296       -6.833161348809085       
rwgt352                  116.42320416598          -4.645039460850658       0.7956878360962334       -1.3380891603857974      -3.982549052736391       -1.6288994079400927      -0.23404878530254059     -5.305169292122896       -3.7875506975078075      -3.778023668069432       -6.11660953635022        0.575415343314944        -11.132867318203814      42.66887748332027        -31.56958386103505       1.9088323512798215       -0.1158188657003143      -0.5012421773857855      38.83826367736634        157.55014822324705       154.02550022077935       -7.000780864922859       -166.2268330894125       -145.80960618594185      138.5074706372456        -23.914298098089205      -58.53615947463456       64.49839455081599        75.36013289983114        18.59259527162132        107.72589949167218       -86.236482250468         -104.53586672406506      -98.13161116824848       -60.77141032796709       -53.568704141318065      7.986566283624995        
rwgt353                  -132.19590900310527      3.317947686143305        0.8463030500515687       -1.2362925206502826      3.1704027767826677       -0.25195183128662646     -0.44029044397481776     -6.830908953704629       3.742280389916388        4.951862220005596        -7.391790447971081       5.1473995660362135       10.767364454572167       15.512127135870259       -7.404338804139819       -4.629675320153623       -0.09767123598110515     -0.5661192929323956      45.244150307927754       75.72591281802761        -54.60090368991372       -67.41490421844547       -170.74509276882318      19.36845429133365        155.70856226394994       81.87606126781225        -167.36344858041448      -48.66004982586628       173.98280106114663       76.10226539921075        -42.50549130301047       -17.088756222268955      -159.79637316458394      71.39170670069836        -21.310043521405703      19.99221959785629        -103.03258635669117      
rwgt354                  -161.4533438659322       -6.513722510294987       0.22075687670480515      0.7287945815085823       5.0929053011445315       1.3495962614585046       -0.21938958846101542     6.752924248706356        11.202355609321785       2.8519401612080753       -15.35130201807671       -1.9876485663495203      19.400339231618375       -35.479611460603564      -8.707059898857683       -4.545519585929798       -0.11965534917501652     0.026577028297555594     -31.4324776367892        -41.5504994371467        64.29677986331515        175.25523562785315       156.12443204145637       -53.249326556161876      -15.861507562809209      35.82273225424595        -91.98277494123421       114.03927618036903       51.49648464672674        -72.56666948617803       123.80773981073423       174.6547827178423        170.37234720662337       -125.07504425819587      -116.73686973852014      -159.74994674623994      -89.40353733793168       
rwgt355                  72.75442883837346        2.3088136940033044       0.44230517896028565      2.149929214535815        2.839244012456346        -1.793074726318981       -0.4836004678783938      -7.416316502741732       -12.117542750092332      -5.07088993731834        6.1612557688402525       -16.341352827853157      16.106359333077506       5.039887622854756        8.276959556775807        1.7875596302805175       -0.1791556820568151      0.1454132914225058       32.41006214542219        168.71615770965894       -39.14161816928791       177.91268583661713       -76.44176096536786       -154.35291625465962      92.49234973942816        83.59124467587924        166.43080287119216       -109.80747865178512      82.64812380901924        -64.99634323890065       -7.552540453018736       145.72263808482796       3.8374078436191894       -137.55614441278308      -123.46632991660698      173.3649446567099        126.26413071496324       
rwgt356                  130.30633821168885       7.385213465759601        -0.6423633038159952      1.0270152339259448       -2.4127376250905357      1.8382586259919602       -0.806493237603623       -2.0806988530749333      12.780376090255018       4.102962983070697        -11.447883513189343      12.783215501860191       24.690423487848136       -1.3419197497189685      35.162908193698925       -3.354217308955739       0.07753926297015773      -0.002707584902741589    -8.076643351075319       -169.87528999388664      38.28320889557071        45.490936933176044       -22.602298789811528      -75.63672931508091       51.000805630530294       -162.939207814594        -141.32598821966133      135.95899411256585       63.88265244623196        -134.26674026589686      99.78561738459877        -144.29397567185927      -163.57951907218376      174.88593125855863       -97.20257937866718       54.575169659535845       -107.64961977898464      
rwgt357                  -48.90154700905879       5.639056138955309        -0.0032035741875340307   -0.4539110035719891      -5.694902714108316       2.060630190501326        -0.5547112970574762      3.544701780271464        -5.652426179563408       -2.563614964774423       -9.492082868096743       14.020769040613601       2.381161773569467        -29.066474396322118      -32.679937947061276      -2.695741863629384       0.058366887863781525     -0.12066551848516083     86.75525000370897        -10.677196403400757      92.44455021978371        -1.7722469763012612      -81.02375529141551       112.98969925882494       43.45954270494997        22.76018213176485        -52.757654793733536      -100.94852748195989      39.232987176184935       -179.6955761927759       -107.6384153326175       -20.557743111181935      25.442958481058326       6.630166337385418        -158.62020071948942      150.6840059136357        10.198552028939503       
rwgt358                  81.98552475428835        -4.617106782538893       1.3391005029641685       -0.20223166002057624     5.082860978135924        1.9762226521078072       -0.3820761233947176      1.0341432672582416       2.4252984327568683       -2.819232108396996       3.9993024752692037       -16.504838032931         -5.8309824084259105      -48.155927021331024      -30.768549492279117      1.1392600013296015       -0.04448592203273963     -0.4712561567098047      72.72821666229919        -61.537669415246896      -120.13902913069906      -99.0304509605242        -53.59495636253463       173.4320259685083        140.99996711386967       98.52751205417661        115.16185879682831       -14.235934260448857      134.81276180172273       31.778541400645878       -72.34964241979155       -88.28211127456454       -3.317380563388241       -20.66121152634534       -150.8023233603514       89.17161864272555        63.264693379073265       
rwgt359                  -110.22448954427895      3.90075506861817         -1.087059688950068       -0.1418859453113832      6.378154442310036        2.0795922636558655       -0.6050830212433478      -0.3387080448237141      -7.748708042819073       -1.2362981878569776      7.255965823720814        -16.872129398025546      -22.183073740749087      -8.585364978416791       -18.745791391469933      2.4347190237094196       -0.01861585508802205     0.17702581520505845      18.75764847524664        167.339356168449         61.414755752601025       154.188764878631         -137.36656219360103      -31.971379459218497      20.94078178811813        -152.0046919589791       54.57584083408642        143.94725842166974       -51.399114345367195      -2.312117727965642       -173.8440613108325       96.2730969072623         104.23774554863985       -122.79952800961708      -67.25845134105218       -1.4579603772673977      176.90048331183624       
rwgt360                  4.240623742377693        2.5894472687061247       -1.1669859603511312      1.4939686080578625       -2.1835142017462665      1.59979875112169         0.3129375241866128       3.6333639633438883       -13.974640684198228      4.023459248493111        3.7044854210080835       -11.390393436978004      -8.81571722529982        -29.63324098308363       -25.84533692278046       -4.443887974838295       -0.058795819136547633    0.2536660598618008       -6.3042106036435825      -152.81399682473625      -21.32628317332356       147.06186237819185       25.14720501992275        -174.79426620241833      -9.116127283321902       83.8747378105246         -14.71282174677026       173.1033131905191        58.13907027812897        110.62292724247914       103.85982207577695       -103.51214794536946      -18.245288274920398      42.088768452333085       -160.91009474079837      -43.87748578314219       -77.3977312287992        
rwgt361                  -103.74740235142723      5.479248576122097        -0.850979356060218       0.7082596303099633       4.748697614886515        0.06542328020112365      -0.46436764738065994     -2.5510802021020957      11.15430885777415        -3.9870908035338073      13.123700760988637       -7.324008323010558       -20.747089865303007      -11.195297233225133      38.604514145989384       -1.9399701062643677      0.011930410105061046     -0.29479501634550775     108.00622887341814       4.8609486227859975       128.27407592591317       -20.422565283768137      179.14622613171264       161.93586393810295       49.15432933523263        120.89742904152206       -153.9906747161669       161.34525337700887       -96.75512809038622       -171.48663177255182      137.0419910047351        -160.71348101013672      -130.3441087874337       -16.594350486670294      84.1702384749563         19.011886332645076       -157.94196795111506      
rwgt362                  -99.07159678287852       2.3107196729839883       1.4746838257691495       -0.6202301635309961      3.1489649270234636       1.4459900177096339       -0.2756978235227652      5.812461055046454        12.24973158219996        -3.2189414436413792      4.266397809235865        -12.771118607753737      27.1598422072029         -27.50997871270977       -16.63688853729793       4.33272328459276         -0.14014896116334763     -0.507265914997581       -5.214511910924557       -48.68488732513623       17.938338441485286       -18.74223965741203       137.31662869042975       -136.00832963055723      158.15746503884128       65.72516101444697        -151.26088239863728      13.034364985521222       -31.41647808852781       -69.75248785450356       -112.46371393129668      33.06092473219746        6.838275418044361        -179.2321783080936       29.576302195080473       156.33460005896313       -63.6204031566854        
rwgt363                  166.82508828831976       0.44167901318357927      0.46867626804387874      1.22238476219146         5.113459568665707        -0.7301673142366125      0.02389896423986837      2.0551483693312855       -5.2326913598652744      2.312228507375556        2.823849077060931        13.427808570052221       37.93866840817765        21.58539854085177        16.015192020407923       -0.21038011678810165     -0.028064373405801757    0.047726253663798346     -13.086355705323086      29.58970779139318        31.710759728324348       -101.57249070411129      -39.12220731208117       -68.1487525151265        -25.986620549265837      10.787207152602008       -84.73490343715712       -78.01087240205419       57.2221264718919         110.32409516901095       50.15668297723718        158.86352299992268       29.76291379973648        -65.0083707150968        158.53229874835137       130.08466461212464       -15.982051179243598      
rwgt364                  151.23502251443648       -0.17803309578706994     0.0838350367195706       1.5173605835498956       6.741049348798821        -0.9025628374042625      0.6870127752315676       4.227800863635866        -3.2347885164381367      -1.7297676962689943      -4.747331142658927       -9.256666503469663       24.040696146219588       -11.126217350224593      6.091405093231984        -0.4456800820263167      0.12674572596823042      0.5623231001237955       98.12651862529174        41.13903442007452        105.78437143419018       66.08721746303311        -25.76353533861871       114.766762376315         -76.83840135344002       -104.69327544282096      -0.07320586876736002     -131.6827636221477       -112.1487955288122       -79.09999864474199       152.24023093968475       -136.6660303157487       115.43245171472779       -128.9946228185507       21.267727722146844       -144.2716099913718       -34.6655907286314        
rwgt365                  153.30270847405285       0.40802709447221197      -0.2004096210785653      0.5077760631671828       2.9531109569102103       -0.9916604681343453      -0.6004682344470416      3.6722675048080093       -12.75866343582319       -4.011078214238146       -13.380891406624968      14.34689948141525        -10.974170329474383      15.801573289311506       -34.409356005932636      0.16024269371850686      0.031646867881580415     0.5119690086521734       43.94938320943956        -80.05807005549745       -36.96831322510252       176.229638389787         -68.83791158233366       -121.17895379023801      61.54485221847827        -157.34094136363268      -13.408059114549872      -19.709931069724263      35.414121896632054       178.88935771828892       -120.48494341777553      30.287366633076914       36.91280398563515        -69.48158704852179       178.5886600615184        45.92908457438267        118.3169560016741        
rwgt366                  -102.19039764308206      -0.47606029358001223     0.8212012804643363       2.979388827671798        1.0364035393332056       -1.09693426657813        0.4668197083932877       3.998434476336734        4.065788298816951        2.1654052179573924       2.5798784282385157       0.9047021112580289       28.334282976267417       14.319737170486135       0.8045073363571191       1.8751574207150803       0.02775475868587382      0.5160304105084778       117.00675560038655       143.4527291937792        160.0528546973598        -103.31170093292118      -154.2511970060246       57.753238758754975       -153.48170523111452      -61.000870595837085      -83.82857978175122       22.44959531189761        148.29680285512165       -136.11264090262438      36.14829267219548        95.05522749479064        -70.58768144453724       15.717146629419943       -82.08568852774413       -99.67256694726606       -158.03086433314436      
rwgt367                  -171.51726279555263      0.01941266302425948      0.027091656431601496     2.028545272633613        -5.183001375428695       2.0457425408097216       -0.7959577233505956      -6.082614261975842       -2.979376467994552       -1.0756642051193914      13.255096539766004       14.07207260775185        -37.720273126683935      36.36005934252742        8.608705306484843        -4.0575230963541635      -0.028227348243173855    -0.16925635528190391     59.722220420179355       -89.17077375010787       114.78242386697798       36.146635751076985       49.3232601871112         42.35867680775388        -112.30396421448296      105.58305631952419       87.99939305272324        -90.14364768253486       133.43903721258033       0.2630559048647001       -79.81075473948513       153.4131491003826        -84.85883605408692       -157.7789742471751       -178.62119192610334      -63.019246601657315      46.628763320945154       
rwgt368                  -20.361485057344453      -3.629029513702223       0.1268020103601899       2.0091646242180143       2.451977128508025        -0.08803194558367888     0.015552935243236865     -2.172067735924328       10.26441050991896        -4.299334488866533       -5.625115155508199       -4.378245458412946       15.947523051059939       -8.130594952472308       13.80514507553692        1.705189807118999        -0.03555251672461715     0.5191745410268968       65.22718711720199        72.38511278157546        142.6615929802191        -64.19805508268952       172.48446862305315       -132.32452715428747      -62.865688905637114      76.52588727536283        -177.23919269861125      -74.53971494490898       -163.0988769194307       35.31607411502168        173.20890762727163       -143.49017818217376      -133.43225711835908      109.45719438594313       -19.317078025431357      34.77926339924497        46.81691135504201        
rwgt369                  121.88248279425886       5.213544143668467        -0.718495835392445       -0.305842104123506       -7.113443838271022       -1.4684730787369804      -0.7451413524885145      7.3877315592954345       3.463271439799591        2.0903941442839393       16.647166423215552       9.496194605497042        20.009845609589085       -37.7879956290793        -38.848273361353996      1.579084528878858        0.014064563809502967     -0.2207502873730136      -107.27231466973195      -73.07004842325568       -153.71472316049946      -121.48288867583801      -44.52974390539265       -111.83483691899465      -4.410100869323799       -27.99654464489339       62.47424909854652        -177.56533166516132      -107.2841487669036       71.32687816527519        95.68386988666674        -75.52612354270448       91.63088715361857        -30.76047784321591       165.71782902831683       -30.073914769349557      -153.26894870054113      
rwgt370                  -118.9018646351117       5.8450625492459976       0.6030123090720527       -1.8747614453294903      2.1890705674419415       1.019154309079871        -0.07707847829120729     -2.9408504355085014      14.033060205642219       3.4802004520709033       3.932173288358012        -17.031377707972304      -21.272670668261444      -21.512152721581973      0.7655259392066753       3.2939957216554436       0.14653364177589684      0.5063867059207042       102.9002426123937        -104.79749010599484      -119.89082344228788      22.646315995313756       54.033976118111156       -29.689758901534958      29.74211036704841        -0.3249727883440414      126.70079709860568       81.35527758570515        -136.44783026921803      4.454014338165223        93.14937671870007        39.54067516992333        -39.28074330204504       79.86725026948392        106.71234308943946       46.49270479541349        -164.52462936155         
rwgt371                  -128.97481528042056      6.136603379545934        -0.6751874556291821      -1.0440716311174754      0.1634874886489408       -1.9439463204550063      0.5830255099993515       1.8697846219029257       -8.49990665673106        0.5446355404514991       0.8802266280137232       2.0367077274463377       -15.121766978999137      42.78197999605453        -9.080605677428075       -1.6423506802452796      -0.16490419431687492     -0.19122902319243146     -27.669417314049923      -5.609803371689139       -77.00265657814043       -165.26423818632546      64.0778552368441         -51.98886989873941       -108.00036647799305      21.43363623689504        -68.83039696171267       16.096055037668663       -134.8915128213292       119.1364692339256        -162.0247754252024       64.1154595771279         117.63034686638224       171.5358652386468        -67.92652498254151       111.29380185367512       141.58821529196473       
rwgt372                  47.37948045660133        -5.532041620827345       -0.2466585753558319      -2.01813221506628        -6.639221313932441       0.09560663185892126      -0.7211746508592205      -3.048013061322953       8.040243168437758        1.8495595359080994       10.938620186303666       -11.735548586868012      4.7775110894146735       12.625890056505852       20.058989168095295       3.8821287403645517       -0.03865529229395745     -0.023133149047458335    178.7492737735468        -59.41928311653436       -96.77087065825448       112.30653204701002       51.63041533240565        50.60319088071094        -36.61606890236288       171.17949537135166       42.18288661941304        -107.87005418744286      62.63031228333179        147.25876341487424       -34.18498022027546       -84.68713553188951       -157.49993733925442      90.45685833718125        165.5765838115654        67.25307150572544        169.69166609348724       
rwgt373                  103.97949946654995       2.7455144735121477       1.2189320032422504       -2.597581964458156       -5.110189062013005       -0.5522676956171508      -0.5627940184652842      -6.454235023231655       14.075908470784228       -0.14871807237605417     -0.06794384165863576     -4.117507466581388       -42.72555162596079       -42.426425324290335      29.311326439260597       3.3309192506629746       -0.018888994260552405    -0.03305992467275243     -24.949803856472528      -25.373475117106068      171.91036228923787       153.09316439493944       -37.27643041570599       57.916202408623775       -53.21281979124029       112.15174410641129       -91.99570582088386       -63.61673563505609       -52.842079356465774      63.323066556155          -29.695599065362302      -24.37170274687375       10.693951039234435       119.91290164205179       102.18489901856123       148.40908485343175       -141.55137791933677      
rwgt374                  91.27423747378134        5.332274989300774        0.7764270716499337       -0.7274422072320288      4.342488642230467        0.7282797019505414       0.6696280169185054       7.106306189919811        -13.367857931384496      6.265514760455142        -0.02185548782976454     -2.1484058328939497      19.37175276969662        -27.457327331974188      -36.326491961826434      -0.9159593717650685      0.11257641794005924      0.6048644600908796       -134.56763086415728      -86.40501977538348       140.2714477933307        -175.05623810083088      10.390005364141246       40.819417982141175       -49.263115209388104      99.56165962961671        60.87846812828033        161.9959511653907        118.12618305251135       5.5857416927306645       91.7823960100954         -0.21299361701034059     52.49283440804447        31.532180032489975       -113.81310358065423      77.5300289814744         148.51096827372726       
rwgt375                  170.1556666773849        -1.5832774559525467      -0.846073819332289       -2.8994301259474966      1.4927987823597277       -0.43189830842702537     -0.7741630633826273      -6.301349802052336       12.77639517297479        1.227044360560515        -12.931004270443324      -16.363393073439703      -2.5878487031344264      18.926970680143697       -26.363279416247         1.4699591348307202       -0.14385204342885347     0.04065159056521794      -59.32140763813902       43.30064540064535        39.350186212502024       150.63898529727408       168.58613293702973       117.91529207457671       5.941757339852813        -132.58894411055945      -89.55243007686074       -95.4781184016532        130.32479853184282       -29.518015505170013      -85.29767942154974       -171.71622470792067      -92.5176192599184        75.56617827134849        76.54534415126           78.99573059588937        53.416907418175185       
rwgt376                  107.87274730469107       5.083292634553618        1.222974236993655        2.059763436208409        -3.026767580382584       -1.8458657666179903      -0.33174058332441025     0.9342514616141502       4.021193394905584        3.796883218185066        11.318474535755804       -8.112380083895557       23.484173624992565       39.256153828297144       -18.643138723151196      -2.378220130367801       -0.07081563256136598     -0.06618655963082365     34.58400224495696        -91.13947839053354       11.219231609522154       -166.60517832449796      -112.1322877828712       48.56863151870911        -95.8895645876771        -76.01317753028401       -108.71412301229765      -122.7863404010788       47.987871847776404       -139.56629580918664      -85.92570514343213       -177.1332930022504       -66.20050626761491       -77.45117511472112       144.11056906856913       -16.303782764982685      -99.4469242321981        
rwgt377                  87.94459214247775        4.089110245732592        0.6753402269318511       -0.8122162452230115      2.244413150856941        1.6197854052883138       0.642059485030481        6.4997973823685635       -10.834493419476487      5.486330013383759        13.116796153612462       5.521555863871672        -21.82088763197084       4.033399647660801        14.247102851574382       1.9212702493966445       -0.02175052052402815     -0.6265213633760851      -122.99259015490406      -90.01315172698651       4.758197621233251        -74.68911212169866       129.54736663569162       -121.5323713971739       130.33353128215225       15.350179176872501       -102.34382439514896      -159.82142239782553      82.1750313379402         2.3706879885587          -34.92717608557729       -168.28755231483282      157.95663785240475       -47.40930550153735       93.89746233964814        -70.480217560995         157.87872557019068       
rwgt378                  152.89804408414642       1.1260393484398081       0.2925848519160077       1.6628084940575887       -6.112365592701115       -1.5512969140620627      -0.5254214711400744      5.549397610263262        -6.609203072568047       -1.1418436226801374      -3.1917535287893344      -2.8843554123219732      11.910246727922377       -39.0170794636349        -8.479522478472482       0.298916720011956        0.1114036164973729       -0.23489132247197686     -25.106222350753427      51.07369179116492        -21.95961020866764       43.31334399639803        82.42991719472099        29.213573186295037       156.0456956190087        -109.05858055817305      152.76075501304683       -141.69508861959608      52.2453034673822         -176.56696817810501      -66.39253186974906       -22.8314652756915        -164.81697459309882      -2.3617362686709953      99.78789711912378        52.17822197304878        50.761621403350944       
rwgt379                  -85.43390252799792       -2.991852937525013       -0.6337268460794206      -1.745749096924423       -6.299129723177013       2.0068888488315397       -0.12608816404907086     -7.166378619721199       -8.14034742747392        0.3743302731821352       2.94222452980485         17.178352249311004       2.1236546903331828       -48.75141661038508       -11.73767116375145       -2.1533007440547673      -0.02895130322081116     0.5230536791932215       111.33809462669643       61.36150838671884        -105.82152862638331      55.854577908237786       176.39902738129058       85.44771356361565        -179.00429941938387      -23.6337124658246        137.47969916780437       -16.19302763136156       47.22232391750623        102.11863617205404       22.63646776547847        -76.2392096346776        44.85007620227907        -44.011240996940785      -52.26809337513404       -126.17650830965786      -23.145518963038768      
rwgt380                  83.4854410169275         1.2901749180669784       -0.883411157778799       -1.2694102853771978      4.159725650146488        1.491941633570955        0.41588552384517996      2.1810263343603653       12.065575860735446       0.04254007822573147      17.75189077048553        -8.454932667958223       -11.623299771834802      -31.633297192030113      17.342774270401172       0.4787015377348389       0.16336996875903526      0.16489483262667648      153.94741945337677       165.968628174988         -12.054648818544592      137.1098365277669        -160.34324455383398      1.2341554796016112       -22.963487496272137      -154.47840391441403      -166.3073714568706       -7.0769629445266276      -22.14337640216604       -35.798239172824225      -23.646960633013123      -61.90692888935101       -129.8238946683641       -139.88780242956716      14.218214654075524       -57.64412618372897       124.79496142790168       
rwgt381                  -108.62625737523292      4.1443620846166995       -0.2862514506604059      2.3172232536639576       7.42074595372226         -0.41654102825431916     -0.730835710609237       -4.141813221236596       -13.859386098555799      -1.3199773400295642      -9.829270590758878       9.802755391818472        -24.48919193460735       -12.169461750568608      10.856110949796495       2.186461201681368        0.018060931082488074     -0.3353284732475534      -94.55883266691902       41.82794951194833        -83.68052768646788       -50.19676239763524       -125.85412971638547      -19.063763440276574      -113.44985997011874      90.90253983053151        135.78887445326978       20.260026882175993       143.8846009721242        -153.82908096658988      -73.54179131601316       -90.05017044438297       9.82035296841164         -99.43841419460605       56.921440945123976       -2.535078419272253       102.4748339976943        
rwgt382                  3.5964351004318473       -1.3672634353807611      0.7829105378215322       -2.8490295339441962      -0.5802590025965273      2.0702721993224436       0.3304547620431837       -2.4926205421284937      1.4094771056435889       0.38645580973407334      -7.144947659628789       -5.447928791015366       -23.601322843489296      -44.12259317522262       3.3157213198239646       -3.1621083844597386      0.12262813820310492      0.5555241992636696       34.849834570915306       -168.91474808135035      -139.00526869880767      -153.59792233536186      -131.10618127329636      70.76955399881842        136.38384550690063       -149.0723525465195       38.71021929119871        -2.9884561939000776      -107.28955467302498      -42.170984366816015      -136.30147093713413      -57.55074969111119       -10.55497347393657       -52.63837600578451       -141.7545813673808       57.60841643249384        109.11398298139517       
rwgt383                  -132.37499649593974      -1.779448885023009       0.1765575748983781       -3.110372016228276       -6.190526480111815       1.5914496517067618       0.19288179745744483      1.8568560263161666       -12.76281101892392       5.42322058405956         -3.326614562191688       -7.642288499551011       -26.613420603855783      -37.88419601910914       -37.41957999155203       4.241167780623966        -0.016832351528940914    -0.2772099324170373      146.7014433885946        -50.30384817323582       -106.91610572807568      -117.30737220184463      124.20562677666283       -127.65839231788688      167.18644712892973       -179.41867769770155      138.95704606742356       146.33874789500976       -65.15242545115004       30.93975787791132        -96.26751591640888       -44.193989448440135      147.77229023602365       -21.642583797881457      -14.025614329045737      -97.79885940248442       42.98293326922038        
rwgt384                  -47.91139982001411       -6.48298928673371        0.32904116814704953      -3.1019423344343755      1.4734046570362285       -0.9099663836602434      0.6796222424084635       1.185506802147244        6.751776549058103        0.2392935019046165       -17.169196137173284      7.643931100410054        -17.959042060116285      -26.798035278076267      -21.444250333920422      2.3063144721144733       0.011637411626799377     -0.1866438645467257      46.233101741764045       -28.67499897127135       -40.3640675683028        63.178371264465625       -24.33317334793          30.870645718209488       -156.69711982689765      151.73346443446184       -127.34968771829108      74.40845662794993        129.11345867949098       140.30591014758215       13.147526329249871       -111.09501387570057      146.82567424480942       55.972041315583084       -10.795666401121224      29.322495056069585       59.191729522232265       
rwgt385                  113.27957936421768       5.269639849807562        -0.8837470203083776      -2.9510594928097973      6.168766685651994        -1.2768441253171667      -0.5817222715105352      -3.8653707596564653      4.468404319967835        0.2989137765134773       13.507387271961225       14.059602382576777       -11.267484895013268      45.89008973528246        -33.149900349003104      3.559360744871345        0.011827836723839802     -0.3040369349918209      170.5500416039289        -164.44278917060447      84.25732056278673        -148.93583377502847      5.0815487366122625       -165.55144119950927      -153.89723329022746      -176.35467266077487      168.64292311917285       -101.75067184376961      117.26722992716475       -50.952574678552566      -53.06977668540745       67.10114495092401        168.82987994358052       -82.12742982419019       -47.738705893570426      2.1500015643453025       -172.17871998569254      
rwgt386                  -38.80071688480058       -4.849692171836316       -0.3425511176560543      -3.096714066353447       -6.876704492057894       1.1155018393677452       0.04324798823863718      6.8556025850062285       -2.6816738897677386      3.513101716790782        8.097189963165153        7.033117624122266        10.996193256397014       22.293125649471364       -16.402333934815545      -0.945382029790097       -0.13913024270245256     0.07305026301430395      102.29837907839288       64.77163773882233        -46.68990911298991       38.787520554801574       33.80961167959228        -128.21128508848048      95.68718408033806        71.93034965009105        64.42493475792347        -139.1954128631574       -98.43440100528835       58.99059550189884        -24.63080824480832       70.82247506741803        -57.21674005608787       154.07145417354928       -142.57876095324923      174.06721801149394       -98.89409860202115       
rwgt387                  -1.7431870953035968      0.7621402750633637       0.5932629540858081       -1.2053708836560628      -0.1486882887960359      0.6753058372247969       0.2374678552313687       -0.009510239110325891    13.11504389770382        5.602997110724001        10.006148194704895       0.7697227928180652       -5.726389583643915       -40.47649023763897       9.630001401204808        2.6138094493968964       -0.011374242524492734    -0.24330900408319073     -39.82608714455324       151.50372088705853       105.49077126951511       -21.638417078619426      -91.2335542285646        89.88476428134351        38.2410658024632         89.02694167616772        -179.29289479122528      118.12388694346618       17.598684231553392       -98.58321605151998       -175.18704780599884      -131.59445605682055      101.76952293645348       176.04914855739446       47.713080942378696       91.80774008134034        -76.11440266905558       
rwgt388                  80.90575882003532        -5.196145511723131       1.100010849493789        0.8756787977188782       6.311096225001203        0.3254406689667899       -0.005891921961691526    5.615938539320305        8.46223897509645         1.6674068789713683       7.1222404079862045       -0.8438271387843201      -38.1059860500386        -29.03062307045703       -9.899989775368773       -3.3104342422880215      0.14769298496606986      -0.3858081283797129      61.165046395310185       -140.924995275394        -134.15168576146374      -128.551320601361        18.39776329320398        -58.08032602154971       -32.3599796218092        -17.508478564325884      177.6917307367964        -59.14186537138663       113.132746771244         127.47952579525776       48.38834797156238        -145.39287000558366      127.67909363796667       -66.21817352237827       -173.27253391884778      -154.81721692948693      -144.3728167884717       
rwgt389                  142.44520184425937       3.4988989585199244       -1.0152731185990502      -2.1341692824941         -1.9707013272510077      1.3044844840213359       0.10857496371545561      -0.7930868386998773      -6.433032395131653       1.3845452326839078       -7.43917421225342        1.3243348663054029       -17.54077480717114       -30.098720693513485      -12.54439754941653       -4.795350415286994       -0.15417286542731745     -0.28262159462062897     110.39334400211294       22.422052395519984       170.53431404291098       55.31779724762356        101.2106310306732        -148.37646787195231      -92.61133069272037       -126.4056784786344       47.11334273672864        122.39573562925284       172.06405019659059       -95.79667570537885       130.86913793745248       111.73079602535114       -162.49630589413394      93.10796077542966        -3.7745991471802824      -89.8543132055949        -128.0977762388674       
rwgt390                  -154.12697325123344      1.9265925055849094       0.3426388660354771       -2.927048474679285       -0.502716851988855       -0.11403440357661676     -0.4098348479264864      0.3550627478346202       9.348790434837131        -5.634728167552489       1.0093548119244282       -2.657488901745648       36.38359167512466        9.544445576404605        16.000759070861363       2.644688081446236        0.061362956189956935     -0.22243493141179188     -158.86517672385838      129.16740139652921       -49.44204085601737       -62.24026200256476       51.35707576183586        129.97991508796594       -32.84979868511269       109.90508070500289       -76.26688462264516       124.45138306705184       -3.2960098780862097      -152.3323405873763       -123.71386816777715      72.68976368649561        160.20602782820566       -107.15725686188976      -52.84656616019949       -51.147888174896224      47.517721851430565       
rwgt391                  172.8672870815708        2.10370874702273         -0.6653189355809158      -0.7023019338286698      3.840459263582769        -1.8005781017303661      0.4835783597636092       -6.411044573854383       -7.63528022698228        -4.119599783252369       -6.17551573285612        4.019441650210222        -9.922851490344826       -19.799108334487357      3.665403385712345        0.4079824966134318       -0.07855633003456196     0.06911939330600769      27.77888461176468        49.29049214741087        -148.23376710657382      -147.46383134458006      63.13489900621721        134.3552174818861        20.553778127847437       -84.13086066682656       110.13598411105642       27.537711781801875       40.25155562861977        126.22231751587361       31.50076226323921        -134.3444663836077       -163.59392456749683      79.35881212718482        -114.86853048378063      90.0491267653378         168.46848032368206       
rwgt392                  131.24248544888144       6.431597903716873        1.3788623078175306       -1.2877748835163285      -3.239851541280493       -0.31814162354182574     -0.7567323661227143      4.431193104637729        8.204669773667632        3.8242446957544676       -15.123408947308816      -7.718187206956205       -2.2568089723783302      -21.05489058962973       -29.641428386924307      3.600123505998164        0.16361985717708305      0.5111570129822259       15.899272987388201       154.02827803014156       150.12249342961815       -97.88568415611078       64.83015560150005        31.779538269341657       48.67081748415504        114.53338392768063       45.99922798100522        95.34911038253261        163.49745444075364       131.13413159887898       156.10901829631047       -10.87127192350124       80.69288042638158        42.25153583788375        158.55704043109324       -28.1900840950251        131.71933798516005       
rwgt393                  148.3801983894918        5.996214407026893        0.8254299555267453       -0.504030237019248       -0.43388893610466095     1.7028978516164859       -0.45919139819018295     1.3290554969421189       -3.5938865716253723      4.49120808022613         10.617693836775786       0.3224730936506255       38.08956593530985        22.722107677794725       26.011250799072144       0.4853998395011079       0.15906593683459969      -0.158565715592763       -111.2921275804156       146.98927964027757       -127.79785994328995      111.80791440819803       119.81557276245917       153.90454700932264       11.100355725756316       13.228573290345679       177.9529278845397        26.091605095656178       -119.03410725375963      -54.4546430588731        -27.629246857808624      159.04199821206845       -14.727167059092352      98.2574638598768         -43.78710175744686       -63.21289498636514       137.90103298331496       
rwgt394                  -9.324017742173453       0.7415132002645111       -0.7134582165985824      -2.940512103806296       3.6537362178207395       -1.9879060960092665      0.5861324102010081       6.420839989248031        14.06240411989318        2.740249865027149        -1.8367464056116383      -7.134021497737445       -2.6435352469035607      -4.626352682039467       -6.557191187389684       -2.8926310708979566      0.09596487424072853      0.026226777080101904     137.81720058794951       74.18693112192452        79.09298104256732        -83.54679992586          -112.25879092981425      112.70543196692819       -13.499043745442975      23.68001714205323        133.23557098082665       158.38979528372437       -30.729124010826524      -118.67921841962063      -64.7286504373026        66.61796873013341        5.325258926839695        -169.3515561591306       -6.413128441706959       -91.02406590520593       140.9195270140774        
rwgt395                  28.06623385137874        -3.009418661829076       -0.2041975085098744      -2.2311308236764895      -6.378483166420227       -0.34864625106437486     -0.6622317561612207      2.560208756161779        -12.982738728606149      -5.5025702490031385      -0.9077620456904718      15.570591890432254       7.912514057971244        -25.1308561776585        -13.703976914786576      2.9201164956435957       -0.08404476000596439     -0.42343709405265006     99.68172752597457        -1.5189156322834947      -130.5836761264711       137.6178745740827        162.6338266225202        74.8074131268661         70.19402573784717        -7.2288589512387205      -91.9261614914024        6.1981307941239265       2.767175466137843        52.27852518095719        -124.03622671416628      81.8701918534133         30.82465852330023        -59.01533119405674       -104.2716818450517       -137.23288840561122      39.74899237977212        
rwgt396                  -114.87755519332953      1.2716141744324796       -1.3182970716267246      -2.3369410655482263      -1.1514942530581092      -1.0751270210604         0.7673118462378223       1.046021511057055        14.718694795816468       -0.7085133392349832      -13.914753468686563      -11.447714194582165      -31.61879357516139       40.75340899078002        1.9994107493634559       -1.7916574232231777      -0.10615392545591597     -0.29910711573216897     175.09751547714512       151.32641532756043       16.36622561635008        -167.73396068738595      -96.0784635599197        -173.51988228215464      -164.23786893477043      -168.89390928378265      -30.89906883955669       -170.40040190828788      56.81253418297146        -95.28446995290491       24.792490302653107       135.55364775491705       58.78906159450622        107.08821494566132       81.0637545235947         47.41238683769646        88.96419711085508        
rwgt397                  -123.03277864880569      -7.125700225059587       -0.9312892111573883      -2.244207011297025       -0.7743805927877965      -0.7966353421218211      0.7469945886683658       4.975464155069484        5.491235552615834        -4.567681067333584       6.803489703639471        -3.10206959070549        1.9804726026152863       27.723651209057238       -19.85400810698964       4.619379121874601        0.01944983194649544      0.1720825001990015       168.24054888468913       45.386819237891416       88.6249349664518         -64.50263635645028       58.84372840853425        -168.72937311786066      -98.91055725751151       106.76215219966207       37.972514415341294       -123.01318914518197      -44.723278697532436      78.46959442687273        -166.89940793665292      14.263974479526837       51.71870739898287        -5.660277747854593       -65.15228019891396       92.04195803794732        -98.0951491910786        
rwgt398                  57.27604761079658        1.7682564246073573       1.0384678532807923       1.0259764706353618       -2.1474108373791454      0.21757393585798512      0.1674649429344035       -7.538979672000199       13.401362729209826       -0.5445982411834063      -4.94188835244792        -13.102000597821412      -3.3256628597977596      -13.43187090073937       14.33065339117558        0.8537985859314965       -0.1696469773852014      0.297109800030797        50.69584507410471        164.6694566529332        -40.66868948828207       -136.38060033766655      122.17037792066691       0.9878817425012585       8.369728599919625        -156.04189741092202      118.56553114401493       -175.1470460279926       170.45702409212896       -140.6550233025985       175.82816977119973       130.12462666122354       163.38302200737877       -6.112753992881295       14.635362651574525       140.67141590333432       -128.37894142035245      
rwgt399                  -157.60911343410694      -5.134679665119457       -0.9494117135980153      1.7060620960011406       -1.2805813705233655      -1.297985670600617       -0.5111632540677459      0.36877177850351384      -8.674206257498884       1.5947587488711168       1.2998909476761824       -1.7059186498603403      2.2522828041288605       -43.26051600125686       30.794523662745803       0.4508420945835496       0.05570410970199327      -0.1751880423062936      178.92399533705384       -95.27299327206248       70.62399063494038        -62.0257650430359        35.091758618585914       140.11754391743182       -81.6188967684061        -143.89160979609483      40.9221322870722         -1.3340181024532853      5.4833672374259095       -44.69812034395068       72.37852691984043        -120.3356767165612       -69.73376691157405       100.32336373044882       -136.4756361395746       47.735909841413786       -38.0150043401305        
rwgt400                  124.43946586838467       -0.7244414262585206      1.3725066680418976       -2.669595267097595       -1.552905832911768       0.9842296113062639       0.33006392395623285      -2.30523600543101        -1.0481052717091242      5.568200224264842        -1.8090563213944435      6.803371144714134        21.29118267947652        -27.52660093510786       15.957249375935469       -1.6964278979500884      -0.05379894901570606     0.47028989718949676      87.78746340382492        161.05447596669285       -130.89823144936707      -45.608849825342844      123.38011449597394       -20.562962596455407      14.068673745814806       149.96932157680044       -37.92328389440411       -136.16464660123222      -108.28554053982178      64.56873831469096        -115.26970575290679      62.70438717238096        -146.3824975880635       -159.42959692239174      53.40798051106822        -170.74801313372768      55.85257742720404        
rwgt401                  0.6233208758008857       6.2431623433166346       0.8656411950691674       2.3069841131459308       7.612623431678893        2.0147316807117295       0.16967779550878337      1.4857827805000676       7.294777065327697        -2.2360317174058197      -11.941167172473083      -12.068536795194998      -25.57334223204188       48.433588276115316       25.502484580006268       -1.879165092380965       -0.09341737473684951     -0.5812013745744852      24.216951020955605       127.43279064709111       -157.37995027913394      90.88093383902913        -50.17749624673678       23.491094303104262       2.940427800409765        -60.68789407714753       -56.15204019554989       -179.85342602724364      -2.3220536608596944      -88.01861427548373       -84.79315309632096       -163.1423623579561       -136.97029054623027      -136.546248143401        40.79367753313113        70.72648560937722        147.58752288420192       
rwgt402                  161.76044075588078       4.401434125008447        -0.9979053473356287      -0.019519085891297028    -5.868112443882358       -1.6544268796033337      -0.038133723548691933    -1.2954109957437971      -7.4223291045044775      1.26598493385288         -9.828474460989915       16.30509804238823        -26.500768780889643      -8.990251731581282       19.180542997986258       1.5404221911262406       0.07451168260112206      -0.5066994656725641      -154.07830047033792      -87.86807430596728       71.02612197211755        -155.4004016442963       167.5095581027756        3.6147584556265713       93.734126863565          -113.79721012887796      -23.170985609463884      106.93957743940274       -178.07890468954463      -59.91454604516895       162.66836567869802       -22.127116130484353      106.63249220812497       29.202850477991205       41.54538040815541        110.79731838695164       -48.48218541159727       
rwgt403                  19.096817540793182       2.1671557797268237       -1.335698271107782       -1.8378358783683364      -2.1771402707260012      -0.9464837820405094      -0.7795929194472659      -5.367207729926254       9.74213832220748         -6.200042911334068       4.817223533155801        -8.081449365130567       13.225428555456112       37.51572171504196        -7.047400363990423       -3.0427355545870203      0.08713058885120001      0.5603028113071372       107.09135793609329       66.20927022781598        34.628402631214556       3.4232469619299764       -110.16553896856759      8.759844071511623        -171.24225005392427      -160.89478812695168      -144.15897870169056      -94.73567066885781       -74.49255056897789       138.87809367510812       -117.7820958677375       -129.3614357266057       127.20491818282193       154.35518706923392       -59.39354764323849       -11.201038044257302      59.47878830903517        
rwgt404                  75.79029243677167        5.950200009568044        0.6414860148999526       1.1120095821410558       4.557585793066787        -1.54900729988613        0.6772600398125219       -5.826253316097329       14.64853438916715        -4.755767967046348       -4.206188645206897       9.589113175280474        -8.132939785207881       -27.020638816138256      -18.191819713705733      1.5835415953095406       -0.1380538512508846      -0.4280384476906798      75.91658553439075        83.60722048422588        -47.806773254244604      -113.64778662221605      -112.68057113983757      78.78130599967807        -148.4112654852408       170.67503544944088       -66.79810524732329       -49.88903412500275       167.25132919556188       -112.65502849165125      64.82565566208945        95.39202262868122        141.88759160314447       -127.31585023985066      -110.46735103342013      -67.94108526426822       -14.382015115657822      
rwgt405                  12.603563138373488       1.4872554961025761       0.061746172047871584     1.9426476471680916       -5.468847090892156       -0.0289269429077863      0.3543089695126209       -0.48519657745210765     -2.040489327487668       -1.722810208909216       -2.5909872111648777      -12.439342299587832      2.588661248915564        16.280911227508113       4.198203686483431        2.684590876798376        -0.08806195326792855     -0.569209956344416       -47.441663655466556      -92.28223360179871       -114.43609234308747      131.21461049424852       -98.96120524681925       134.2222787109322        -132.99795117728547      18.294794853370632       -50.817121564596164      87.63136991216066        -70.69118537789943       109.68800961912098       28.21568258734783        -43.457298454660474      126.31448951026198       -41.3146282504556        39.004462185995436       -151.54072734897417      84.80667739420977        
rwgt406                  -53.89410141727909       -2.491340391201228       0.042506609383455185     2.359157044222888        6.349291084740063        0.5990880053668408       -0.23783041657723447     -6.736296026684072       2.825452169338309        -2.4852725115460204      -12.485942588002938      -3.7927403233005954      43.06205213349969        18.4490330766794         6.774204545716266        -3.443370276678387       -0.15269557370699993     -0.45626780762869884     162.14967748546678       156.33428274835757       -118.64923896898966      174.89314186725755       82.37714593958242        -6.939670741789371       -94.81456528895896       -71.43840106774256       -107.17341985545195      -147.35858849785572      162.90336183048146       -50.54211690349359       -57.10915877724587       -4.981580332295408       6.244560447645938        -11.11382748840478       36.93801552608795        -124.04122870583178      114.21942268006325       
rwgt407                  53.73724454031529        -5.497642315289107       1.016071072640082        3.0737753699637          -0.23061919816363385     -0.5014010477568385      0.5520453411678801       -2.4188317306002363      -0.08539326236606293     -3.481834302771403       -14.600888087480982      6.423640133378754        -30.6188439604055        27.90906157150758        13.06174468161452        1.153648319685753        -0.0972677054352073      0.16448260105904333      11.15609238295528        82.46943752450443        -51.23249155093123       145.63201581621348       24.838481801521084       -3.093461891315826       10.681817503287306       -142.75696844998862      -28.270150105013556      62.62446147062943        61.55556492039025        -177.7883732803151       -178.173286271181        53.46092649520426        14.868535925872322       32.2741685505849         -4.480564142578572       -17.879797130577458      105.73698051091702       
rwgt408                  90.86348836498092        4.122859170130313        -0.6605513784539648      -1.9814657085328398      -2.5225044015367235      -0.011286091717872537    -0.7867771844186298      3.3701712177574015       11.201985189060743       -5.45963450698868        -12.691564836973463      2.9088701925092337       20.337580760972457       -46.95673848953433       -29.20861782970984       3.5272362030760895       0.09935334615317509      -0.6237244351498887      146.0812382373818        36.11930692795491        130.70249805781287       -60.7322493938141        -101.99704674725632      49.24256644743937        -55.37403991000279       -112.35291128891012      -27.01346482898532       -116.76411991741772      -164.4253767700719       -116.44263766865872      -35.73190332554236       -51.508998304660764      1.742083196339678        163.72362256259942       20.878028460602877       25.311097358502366       -154.63658304858163      
rwgt409                  -86.61115193138102       5.972959605593462        1.127753651628009        1.0793626535627112       -2.275723991751155       0.11584259107154082      0.37306143182273654      0.8984788395494538       13.088437288341929       0.33189981804798396      11.059790397396569       0.8578611751677307       23.391165918068182       12.932579417224986       17.63993353815725        4.1911775960850015       -0.17587495421977725     0.09428452076139215      -164.07939496202866      -43.03384449049716       -71.44349420057071       -83.61706043025163       -85.91255361224924       -102.83602413980303      -127.80616268039267      -135.1680242727208       41.70042078262858        -172.929770397945        134.60275985730647       -145.75798670331466      -114.08452124547837      109.15127051867427       40.37418854494683        -93.21940044314123       120.32809097793125       36.979353594885936       -82.04629628374308       
rwgt410                  44.20499721509691        -5.764906720157139       1.094685918607223        -2.6732441123307136      5.727000780785929        1.9324975591037625       -0.4841333096412203      4.46932986367064         -1.4306999912642802      -0.6229303752700464      8.237832258747215        11.27084019951193        -41.72874158489991       25.06408626468793        35.43657305952948        -1.1690059960708212      -0.11254990058426288     0.5808934403902098       -24.946707317907794      -109.84916974797106      29.324884676215873       80.47409821254013        -144.34526256151136      -50.36842368320123       10.48367877249325        109.97318278190016       -117.81035808407194      27.823468693177773       174.12962066160804       122.99328390293101       -62.485878409076676      -160.41146687032304      -56.761935062455976      63.40008948353827        -104.38125973676395      56.31155686600886        -82.7989120546234        
rwgt411                  -117.98186481797038      6.685867842055067        0.2847577504576013       -0.8177187373161021      -6.972808234702738       -0.2914555919172692      0.0431492942078705       -2.2313172216652903      10.333233284082844       4.9593037476083826       -7.588286110781363       14.75707221385484        33.988958867904245       13.459421998510464       -35.23683101470856       -4.098755234653253       -0.026270691309195737    0.3127430136423751       121.89755168949961       26.084464323676855       3.0484186678291962       -123.38251498534424      179.17469465027858       -161.05669760359336      87.78351088238242        148.08744860018828       79.48448385342135        95.60617932433604        -95.90005737153552       2.8040585093428376       -165.62301865250635      97.7015884134263         -95.44956697504117       117.46301560276015       42.894365143295005       -174.97634790694863      103.101513257605         
rwgt412                  123.92090345954199       5.786784194649502        -1.0697609048995202      2.1271688934019455       0.974469382467289        1.2322143208118201       0.5823433806606308       7.497993579632921        14.78794672091616        0.018170639827316926     -17.829545012135497      6.639117760621861        -36.121581079810085      16.616706491226054       5.225585101943352        -4.805744073364881       -0.07007748826734937     0.13709187214409824      58.33813245306891        72.16939959919247        -15.508349460463478      -167.77459888026218      -114.66315958596007      -57.3578366514987        135.3578381700911        -44.46290033136165       7.818671431190751        85.39662672840132        170.02395043481442       54.67921944383272        35.24961238082281        -134.09524485451593      -156.77781355134638      175.5006895843449        79.21199282338608        134.53108015188735       17.080047934500385       
rwgt413                  -85.57282820517202       6.773915272394942        1.2683304094921282       -1.9786955432746938      6.749173508017934        1.4062165310046133       0.33758933441928796      3.8733998264746434       6.399490789885249        2.7472727307866602       0.6942921582798647       4.264067337649653        42.456060856949165       -22.53546377586618       -26.216340127030854      4.43676585650125         0.045296865886997134     0.3973828858486147       126.38883658090555       -98.41405404908865       145.65227397476679       -105.91751225900042      177.79827730399012       -17.792932968031806      19.209688224891863       -125.34953686515546      36.38888364716209        68.56880490320685        -14.921790274737248      -77.541662471019         -89.1706668888214        167.69588100651038       -158.06453299308717      10.289110701507752       -63.16121797705436       126.37829329467672       5.033822271659005        
rwgt414                  -157.29867377920883      6.932570987978516        -0.22335911784189721     -0.3020221658660658      4.292646682301392        -1.4554261684533185      0.12693411499867036      1.7275046061769315       4.216490272702874        -3.3741249128946866      7.3312779304869125       2.065717237173434        16.855706663971397       40.956669563384295       -9.416239040315848       -2.7405769913876346      0.01102339702985869      0.6026640865955878       51.51041140352385        75.41872443144004        104.48778624040312       -179.55449397323926      8.374911736838527        -128.5685944611178       -124.5146892314665       153.93652228939874       160.1555520923996        166.69178311507198       -136.97896349385474      -27.82261190344221       168.9127974064026        68.18555776740592        -111.11842087160159      73.36338995182606        -175.60242749744728      147.05407786695446       -11.79162360036409       
rwgt415                  3.348769821873674        -4.276707413831397       -0.2669614808360252      -0.30509401948263637     -6.187234907087048       -2.0210567263307913      0.7925641695726631       7.724307490766164        9.800131220121099        -1.8604269412147536      -3.098599263938846       -11.826168041903221      42.83506972673028        -25.261843610067793      33.81811635461705        -1.4047222864448896      0.10141706489861424      -0.05642570146492076     -58.58211960973021       -35.89032406705982       -73.75139283211111       128.07887113355486       149.3221464442953        -100.02431580938361      153.81779337869028       -15.116768749545258      61.06006921661134        106.41355099310641       50.959988562462684       -10.252903851283264      116.44275971124449       173.6085106655019        -24.867312878071488      148.3670760489902        139.25007318471773       142.61618692790728       79.31073027992704        
rwgt416                  48.69675564762494        3.4894804725044937       0.807832796783601        -1.491003576000757       -4.80117351214613        -1.7253993041533382      0.5348066467418857       5.3389246878697145       0.6919436513699697       -5.434822182452708       -8.768909996537376       -3.6793558674148628      -11.939996058996101      13.185687610702544       -33.21640022676189       -3.52343595299541        -0.02524150804507433     -0.23892237656564197     -90.09928315446281       -153.20665719452964      161.47014617627588       123.5513148200792        17.692682241405322       162.2805286779169        144.4136376984182        -93.53786137461071       148.17166571829387       34.97251408399919        5.413529210220048        -174.8811691011786       -17.077716335536934      -168.35391166218236      -21.020383960497185      49.888147791225265       -65.34739422931551       -64.47653783409147       42.827490406616135       
rwgt417                  91.86837605602312        5.161960665435369        -0.10189776635173775     2.741861182100944        -2.524078469643615       1.551236546437429        -0.4737890448121096      -6.784186782425383       7.168902325280591        -1.661469556423313       -16.385009404220966      -10.715008124418691      33.511892530923376       27.89484210933489        6.797123696625242        0.7646563997735907       0.12702269154759877      -0.32882143065629493     -26.929077968778103      144.8468423616868        57.7761644416461         136.31065735709547       -127.26182559511585      -46.4970007760125        -159.2109439532469       -84.03921745525072       -152.30697963060942      -38.36405645469205       50.94964656329688        17.450564966541634       -57.93823469877512       -65.82225523431408       88.94562493549626        -41.291903278947075      -53.65239371806368       -36.211863501174406      -154.8266088843924       
rwgt418                  -125.88426616020259      2.9317075293283166       0.7989255504491999       -2.453545818178564       -5.802382562667088       1.2958114240166423       0.6600748536617702       6.579396379214644        9.28678672454151         -2.2396470192142113      4.5207300405985364       -9.314367815051174       -17.395893254666085      -5.597116894102221       -20.820080556474387      2.4605811595428646       -0.15153965698758473     0.20819617233355137      -102.67967444985969      121.56264568261446       -128.40242765305823      165.16329098526          -166.58769845861855      -16.497350478985425      -42.80270293476062       -5.407239920473188       5.453058821932075        -142.99499728754648      114.76149772416261       -4.682774299774621       163.23182197866612       146.99567508773606       151.07873864929547       105.17265568536027       -174.070848633396        129.55840992247806       21.003175015850786       
rwgt419                  -86.47215399046753       2.5558271591033437       1.0914718555928704       0.20864654271312144      6.662500854310945        0.2908139185896026       0.020295934702168394     0.331299973993084        -7.747969475002178       2.2782150200513325       -11.740129739022752      -2.4638371597457365      -27.025028043263443      35.75810380447106        8.872283556382683        -3.897427638938998       -0.1763201610645992      0.26861188462131547      112.93789666893781       -155.3335105075382       -153.29709638329348      -29.47484413441086       -166.2443599585989       100.51425748807469       89.42800463171136        -143.12187756059802      141.18118537222648       -132.04189017756602      -6.814795040264869       -105.48299537927284      -67.9667545073238        97.01235633553426        159.28575957740566       58.080628417941          -80.67085754925563       37.24158513950641        -13.98051953786026       
rwgt420                  -129.11137335460933      -4.50145154777711        -0.9786145481478357      2.7003479588308483       7.081081716271932        -1.6391270040094899      -0.4336168345380251      6.898837690035177        -1.6775901857759212      5.22406338522436         0.32590193022489444      -18.460542896250978      -34.094113149970305      -49.23900529088506       -30.44066054079285       2.418530569964857        -0.07901965263914637     0.02293618236927175      -23.076297885986378      144.85982024321214       74.9044615268354         -1.1373080007787735      130.58747566219984       -99.2629451943601        27.533311458909793       -78.43686150396894       -76.97445315637206       -101.34279933783449      17.262772625378886       59.8618204811566         102.54483542265802       15.147246337903027       109.75673506870453       -169.30080462070575      85.67089684321792        -11.164791373776353      -40.521902544644064      
rwgt421                  177.57755096595048       -0.2676206746613783      0.02225442088827423      1.2219350901521198       -0.49574161066970834     -1.6046249485555149      0.3549039447755966       2.2125927653154003       -3.661708277747369       4.013392204735576        10.836511227903767       -11.332602307834707      40.65804994377403        19.191856440254483       0.9394046338275004       2.479176977535249        0.09429335352266255      -0.3920792009703656      43.337368482284774       -75.97219215424255       167.63933170133856       28.182897696547712       44.51553598730365        -79.94869817106981       -136.93575667513835      -139.83929395923587      -16.75664518351141       138.92204304732377       132.75195056017367       97.71021244797538        167.9702841885931        37.86778821989424        -47.22842599861079       -12.845814157408512      -101.63965683141129      95.47251101963144        -75.36272653599504       
rwgt422                  87.65953995654064        -4.811359688870535       -1.182227948305351       -0.44842002581609286     7.360629986897278        -0.5740120110878766      -0.6786197890279058      -6.085213996159955       0.2451853717472332       2.622788623429223        -10.14578304763664       -14.089116817973519      -32.594292395236565      -30.17899857205379       17.497933737438878       2.638297607512027        0.1151550280749577       -0.04589170919793706     123.35806082633945       -55.30988499870503       -32.66827491714915       82.54565185615377        -124.01625767501707      109.53840397803538       155.0340537593048        -166.1604705850182       -76.0554884049254        70.5921956355175         -85.55459819365849       -95.9660989336603        -99.58122818725846       74.05685553876754        -35.07612743819698       -145.82376194462017      50.20445016187665        134.04587625304873       69.49151689975972        
rwgt423                  -60.568684922498264      -5.422102009315623       0.5531631336768263       0.2385380980822558       6.372681796142732        -0.5502471063735965      0.24412686750219215      -3.222657429222534       -10.675818668094527      -1.0795724179272481      -1.5889220611006394      -18.658135824553934      26.026315562228305       -13.055250588250395      -29.189539490725608      2.845362268981561        0.1450047630124927       -0.4041827560230013      133.4047851516176        -147.96345174553662      -103.2950831126698       1.985027484903327        23.021152014386416       4.291806430870565        -27.093053941852872      -25.063967348360393      13.118834154407551       -146.49932198524706      5.60723755594978         114.97089021656052       -89.20775206928238       -138.1403064763971       31.003422181963032       165.99463183291942       -82.65192947777277       69.91885661797596        -45.07002909204027       
rwgt424                  -61.165490645353614      5.301143196337985        1.4080640792188832       -1.9681558704585036      7.239719413511905        2.0081158878302516       -0.14018823891044807     -3.9403509215117665      -11.208235905917805      1.9014076646297156       14.342194833976514       -0.7187627894424686      -27.422511428820936      51.65983907097272        15.260526241746227       -0.725633278713981       0.008744277381177196     0.2394854318532771       137.5572129128816        -164.34427569569854      -94.32848601791717       164.21372971292152       -75.78196891865804       178.96539333931582       -87.23821941031865       -153.19421944946632      -42.55802078488787       92.09708037554867        58.568165138811196       32.39548151475506        -114.9045066270711       -164.91298378760982      -13.507667451686672      92.90049636130152        -139.68664184404355      3.224140531596248        129.72808127943352       
rwgt425                  -171.516768396348        -5.2658238442694         0.7943111746555014       -1.9083479502132807      -0.248718966332091       0.8447182300785836       0.6071083348390389       -5.466270713764831       7.766057649156906        -6.34544632371712        -3.8702147788948125      -19.262160261483192      -39.74295429626509       27.824546631917414       29.797477853657966       -3.815821481918973       0.1374560751108886       -0.6268181646695243      -166.5610409818151       -77.81359846144946       135.8229327090811        -106.12615818983296      88.9752295620255         30.387951637189644       -22.764111591368845      -156.09751234770818      -38.36140902098191       38.798919853879          -38.201933306811014      -169.22322745383502      126.8498141750436        14.983777083866642       142.5503626289954        -163.67907594289633      116.48104359366931       -154.36427256101715      177.36552269095972       
rwgt426                  8.746286099418171        -4.5940691092275046      0.9187970061686916       0.3167683883671333       5.206334960648423        1.2545853479074953       -0.40604476767628084     2.1235833491043534       -9.982435876947395       -1.693810781194772       -11.179958162867734      -10.953029018852275      5.568758682897474        -23.45967055179935       2.7202596987197367       1.0662277686064412       0.031205323100187754     -0.5688360368596392      -24.05998071768036       150.02272179899256       -93.60285077785355       142.73476081108174       -94.59670161769571       -36.1288393358991        10.316672230041576       -124.21641457357975      -11.577574933780198      60.470321884000754       -141.96038470283503      78.18965345921288        -139.80820030580415      171.39743948480066       47.69108723132146        -167.7913654991616       -66.09925056867155       -88.60446974092716       -154.69027157777435      
rwgt427                  -33.84078430365602       6.8408037250480005       -1.0600009347798278      2.8842889607194246       -2.0086525524773036      -0.9658356093265852      -0.6350706690132121      0.801523174989403        -5.81033048163447        1.7308810365908887       6.9639033834467625       -5.111988173397258       27.553644083128574       6.333778390794855        -2.826781744841817       1.8165095360949213       -0.14660783235326585     -0.3137234759870331      -89.139247686989         110.69907824454839       14.937743577108819       -21.433115242774022      -124.0813450615226       -81.4751082770438        -130.60129762535763      -164.31374700122123      -49.23065579260128       12.226359943340299       42.221912484423996       -80.2173860473278        -6.088009611556458       144.97011820172008       19.58559168738094        -102.23536543414927      -43.05128288869932       14.15170625830882        76.9743060443904         
rwgt428                  -46.88386656720169       6.567243510749203        -0.644065861642578       -2.1865403262610728      -1.471518644488011       -0.056842128453169494    -0.49091125776664624     -3.768651892109804       -13.323567230153639      5.759253903588734        -9.164957579790038       -15.014654831322805      14.915805889814465       -18.274494052335577      24.412394561698235       -2.5580868702342467      0.13488251029384496      -0.48128570422939104     -161.53428337943888      134.23739384978336       125.88591195228867       22.549348814626114       71.70521056100844        2.8124928713119175       121.28142538171335       95.56613207524441        119.6303957957578        -141.88971725100268      -160.45466273079654      61.67539483291736        9.209537087829403        -52.03438276699143       -75.39900417718634       -51.28756622323331       159.30477296297028       62.60262605659125        84.42040910088991        
rwgt429                  68.48315799039676        -2.1004270687461775      1.3794548327024942       2.5925565816326976       -2.8756162315394747      1.6048648116643083       0.5323556946258023       6.293506794445462        -14.659030834988858      4.435177118566676        15.863905554279377       17.198550017468136       14.148378406404596       -30.4211309152815        10.3912767444927         2.1010823721855028       -0.11724076478224404     -0.13924357841364987     -177.93255878139632      108.7325323534381        -0.3728197135511948      69.49609644215107        136.41225138414507       103.25690411760553       -27.989237168233956      -56.62625315523093       -59.38560552012903       44.09724061377483        -5.57744805017569        163.8326305112193        -53.190973475030916      -84.94231431433883       24.907584150812625       -37.192843821067186      68.90648281474813        57.78498338551748        -66.18123410490522       
rwgt430                  -85.89481554933155       2.195028417118116        0.7464169352889642       -0.9336330234982788      0.2900278091676549       1.8966929796171557       0.18617177562603204      7.080737103729237        8.71706918697435         -0.235880971021178       17.49718931971948        15.919436550076071       3.693439629590614        47.01267116488755        11.410126081871212       4.532452597015498        -0.1401306875245367      -0.4052810097784312      -170.38166514528243      177.49203652130484       133.61447647281034       -141.5366270062108       0.8444989007050765       -160.06236368044466      142.48618722425635       113.3853817698564        -111.40772308908568      -146.93102260482829      167.111677196767         -144.61022498856934      -53.98636486863187       50.83040900150394        -105.50398355421017      158.9611247173923        97.73370838842169        83.78575569612934        -110.37765040977824      
rwgt431                  76.02368614750878        1.38165037129325         -1.0352420948820569      -2.3287126067541406      3.9220777009438716       -1.5338291449068748      -0.36519915072575176     3.1237583745190003       13.723735893003525       4.130938630578486        17.17192530207307        -16.108532708283803      -16.30348122500976       -49.61100092020342       -24.02975051097254       2.945739897775078        -0.1699871543896729      -0.5415169087425811      -179.76646565476656      86.68947562481668        84.24672437219874        28.30083896742545        -39.13854845532276       44.941360877700646       18.982914532782843       -139.04693974189735      -76.06174514532857       -127.00568770250513      158.90513445968526       -150.24922188569968      14.409666857486258       65.3449536103179         -146.89172550607668      -107.50157653074221      178.0263835816147        113.70485027306631       1.0856298984175794       
rwgt432                  122.67671923380385       -4.944356699581027       0.821862550268915        1.0597306722480093       1.1261766344313937       0.3913450843858497       0.2520965423228485       -4.436987157811364       12.734238291299672       -5.589506934748174       10.56002075485264        16.564472755479613       -9.187981623200898       -21.733336068497334      19.67680796398171        -1.6105709051458037      0.17633330679035242      -0.16180311386570384     -86.04331407416433       72.73040455809519        125.52244422447478       137.02655925623935       133.19718384885113       71.26183142194412        100.98891718016142       14.945155996701345       126.47241648476057       -44.320746979325975      -37.66459335334034       125.29286296667789       -145.652318798903        113.61360827138924       -82.70623600888565       169.06951820871586       74.33383539040969        14.711311509884098       4.30633700527963         
rwgt433                  -128.20457517899263      3.07699461680384         1.0876229321598394       -0.18662437381385688     4.420209412674277        0.6556581908622872       0.3684460784724706       1.9704279077553837       -10.788159943463254      5.065691544329361        -2.3419484633184595      -8.011820147033214       -39.338340654229484      -29.45472868184591       -37.14205771615436       -4.492166484215538       0.04492092388428387      -0.549285405842184       127.61153363263685       18.867727930869933       32.781548633796604       70.29492158530658        68.24100653183825        178.10289173572767       168.1974011321338        -106.50205544684283      129.5527201380744        -143.91614398583283      83.28320368876138        35.444570599304626       72.74523798169929        -76.60775523334921       -91.77798240100847       -139.3187130220356       -123.36563038061239      -11.865357209524149      99.37168397807216        
rwgt434                  119.36935281944352       3.8632581758179017       0.05811255419311512      -1.583992055655181       7.106823561882198        -1.7017435254608548      -0.5727404644928613      4.370853754171848        7.6912282651516115       4.601788849451902        -7.261642512371335       -16.99479111335993       30.92681914051478        -23.058839472219358      11.506314112994936       3.627552440440464        0.01635571775749703      0.20654337252263077      68.02199153383341        -136.23698706796247      59.964177564471356       -73.7035886724162        176.50767358542276       152.64458055031412       18.6233697230972         174.4563121603112        8.566180336164336        14.687919096087143       64.55174393293444        -153.7850751534761       -82.28712135102286       46.6862917520867         -175.8660878760581       -106.83154633276438      91.00283610335987        8.858431712238684        164.96929453989173       
rwgt435                  -2.5942230537424393      2.7101327690774566       -0.34594980790913143     1.7370960017304071       -6.826437658372384       0.7593579626700908       0.06872197473203179      -1.3396566488808315      10.027599313870148       0.45018949797799124      -1.56762275208062        -10.820187461095715      21.825246930035078       -46.667888404640706      -10.08168925484054       -4.56657562977137        0.07398650756419423      -0.5110807836400032      125.10737237381034       -88.99354045865175       149.29520185746372       -177.03720240224766      133.47876441490473       -174.82059547575395      85.43375607887663        123.33247889740358       25.828829467379478       -162.43610846601268      -7.358194067545185       147.29963324386438       153.6892378162441        -74.40528210835511       28.20172569961497        108.06561178474595       88.04737208463803        110.17441723699557       -4.600700323251829       
rwgt436                  -54.10746253549334       -1.5105140679242535      -1.2873021260252033      -3.141771768521375       0.1327730682687429       -1.3684088208655647      -0.22387851301275052     5.068912731875158        -8.921614588012961       0.4099128307197928       -14.302342584509663      -10.463748858271869      6.866136369565268        24.06350959867207        -18.739673929376284      3.817263264261852        0.12840594294383245      0.46082452038005084      -149.77735289640358      -59.38928397541976       38.03730573908351        115.95889677810698       -49.08445934891927       -135.07970215454162      55.04404425222319        43.67730581237893        165.40858299104912       31.33650347278632        114.01739356026707       -17.403411844972         146.28496848821152       161.82125603587764       -55.896282875513336      -6.915473101741071       -9.12853096657372        -89.58811138961735       84.6938792625528         
rwgt437                  61.49291664625599        -6.339145110089521       0.04068818695298848      2.9191591149498324       3.4506094544830663       1.5786370462093218       -0.8042581018231963      6.722569131890698        12.891557036857716       -1.8323848755071266      8.754064736560807        -16.391206113417883      -21.665531741175645      46.97864035514536        11.99994872280125        -0.35274491882401726     -0.17458194446523648     0.44431967929781735      -169.73764822160132      -66.20847365218764       75.27210088522088        1.8373568912844007       -177.07318328515225      -14.95120575327988       -38.192100986362504      51.61084354102226        -125.26268636266681      12.250123785129773       -94.03865100492008       -162.88513376376537      -72.53117889372918       83.16933375211858        107.93074908220484       -166.8230987602222       150.29773248971617       -2.2602986717242572      73.9957763094497         
rwgt438                  -142.27389672995855      2.1146431328394337       0.37717833030429637      -0.8451852551521926      7.455847439353954        1.9990213498799565       -0.14157988407743105     1.4759599561076344       -6.2225826410350304      -0.11983825996625619     -12.192824154286335      8.03652999222308         40.45713505546618        48.19382923542403        3.0501319134160383       -0.44282166413825497     0.013310504607917079     0.06228443146434126      89.26406347882147        53.42681477718793        145.60601437983343       88.9071023332678         -80.03205709585649       -92.43790766531413       60.99038823042579        168.13502999850647       -143.06474348625227      100.71777113426492       79.53185248680273        -122.08664789448932      -161.4955671519964       97.51550244122899        127.40137068619413       85.02376016847228        -35.367157448943175      51.2333967683912         56.449652617530006       
rwgt439                  -57.694082110592745      -6.220102283786708       -0.7078094692652142      0.7650811972668081       4.397792525245036        1.8125286917119245       -0.6064719283463449      -6.476050912412514       -2.9493991532440074      1.6892187942038266       -0.28409174938723325     7.534845460974676        -29.076684358003064      7.943642669868417        -32.100538403217065      0.6753317660695703       -0.07328732250757618     -0.11144974780916028     121.17595212352865       -69.48211590628101       -68.41842716123692       134.2058783078889        88.38510522309372        -18.542226429416417      -71.60290860561676       57.53029783715638        -80.59966375832028       16.690119611951445       -127.70905777554718      -42.55529456747519       -61.19887869839637       110.71735849672143       123.97805045093116       92.61294802230105        -86.7154459406659        -116.00283443292699      -144.5909619923166       
rwgt440                  -105.07847557385604      3.7205660026262892       0.8618482236011646       -1.2312555002366037      -3.0992865186945826      1.7718597905920102       -0.49563396687608313     -1.0553842282485935      10.895145622730862       2.4882859112905304       -5.066168492602024       0.845549183594315        39.79435198650816        -24.308979501724853      -20.694743067416706      -3.2534001849302556      0.030515312566500863     -0.33950081098975077     -67.22832165069534       41.89009661202732        -159.60449571013015      69.78253165301854        60.93621295993461        106.00812671546362       -148.62411436120124      68.3786608031846         108.02203772628872       164.24941936328491       -72.93787177113477       44.16100645824861        168.32458420928964       58.11796970784394        -4.985082079193404       54.647343731905835       159.40177771478352       67.51449196196643        -30.471676088971464      
rwgt441                  -130.96209625831113      -5.2691135241885885      0.18393004855807615      0.2431706659929609       -7.037407759603469       -0.21973749345407567     0.7385583967498248       -4.255554969921596       -1.0459370881591799      -2.750423742536437       4.02850410987244         13.194242347045531       -3.998528792406013       -2.110026145559587       -25.521874800622292      -1.0736591048193111      0.10513532282074417      0.4297680401516032       -117.99832863638994      -14.406131171884738      136.1785092693865        -114.36032400785307      -170.9947439139644       -101.5384227028327       -3.5695085783566185      -46.51299628684441       -96.34554581338277       106.89425165144291       139.95559367314502       -120.9270620378227       -114.8797134433575       -89.12932851944514       136.96669086375704       133.3450019346651        58.451687898043474       6.315763333981039        104.58515553043333       
rwgt442                  160.6111369173471        0.40364432607004197      -1.1600248223172867      -0.5312257799954092      -0.2549770243774159      0.0460445881712217       0.41722800355117307      -3.5639455970847385      8.644078710715416        -5.2406047008514705      8.713712054364176        15.357893351273766       43.1395640440214         -40.44725205350406       29.666931109952372       0.11278432790318593      0.16359440084549692      -0.4751464632998298      -81.66075325719098       145.82910738452682       -51.39321698403728       -22.968896981664017      -161.2299421055871       152.24348867593903       -68.29069831673885       94.71512470475409        -44.598042003915225      -90.71448876721715       -33.652455489627926      148.15922207102767       -124.08504953603278      -13.039890706335427      78.61943232116175        161.95607896716416       28.92611084112781        -63.66877187615998       92.53519429593814        
rwgt443                  112.23533272296766       3.4335603555682104       -0.45207295575781314     -2.8574279197490204      4.672983629284898        1.8304352018407841       -0.17312743824767096     -7.110524218434976       0.16105860521610182      1.4293114858442282       -4.970903599665334       -9.024581022126577       6.024319419950061        39.99832575596494        -35.10628137401075       2.086413570579672        0.16873776195551388      0.6105539702792772       -38.17281257635463       30.28289459942411        -146.12808040492655      65.49874287465843        31.77101295435577        12.174104185038004       -39.54559430558163       97.72553524500984        39.7791942897465         84.73343435860681        71.69348735843849        156.00145053935165       -107.9801586606902       135.8526336698535        136.3516638365515        15.43384414222922        -148.07933728654444      9.663757766859362        -104.46218865098078      
rwgt444                  -95.39517461196978       -3.1524186406798798      -0.9049431352423698      1.262856985003074        -4.975024727427623       -1.9648574536760142      -0.644790480890193       -2.6939486714821452      -13.35876512413973       0.0018300258899124344    -0.16280507570654024     -7.422327346103694       -10.552752033429542      25.465971324541627       -16.312059050974007      -0.40957869635556676     -0.11429769021136947     0.44005923132029856      -160.94632420403286      104.07304359309097       147.14990241153492       111.08076699015913       -24.94757642113575       -68.04917241927566       161.24743071960995       -73.26116174570987       -145.3836301020907       -171.14107890462535      70.88373720604434        161.78602399976484       -11.38170478899383       -157.38864628434075      -154.18084500132218      166.02225118690546       125.88090057940872       52.041417650072134       -10.122943654850616      
rwgt445                  11.475514072743977       1.8945324696192953       -0.09292888336353777     1.7587490393442442       0.9868219091821739       -0.1309995109378117      -0.5351890228523271      4.331291012528314        -13.523655952641265      3.622096100833472        -9.419500902061209       -4.97968742973697        31.406829844480924       -47.08215373666552       -30.300227915540017      -2.6010162113589717      0.11537407917354342      -0.1972084592610583      -119.7804004439845       57.224241855036894       -99.28497718094259       120.39731301905204       -164.59189206392503      125.20081239933245       114.8329319020097        -22.726076984656345      -23.506212358308886      -158.11037455685602      5.64545661694288         -89.34446497845587       -57.820088987813776      -160.65498992576323      1.7228335856813715       169.56837055189743       136.7607323554546        108.38794529755972       31.10401347058854        
rwgt446                  21.197328539812446       -0.3490642877473764      0.36397447423400275      -2.284895164638651       5.2316224054683165       -0.7082913395920762      -0.32994064425239666     -6.380351803157912       8.599019260306541        -4.296728447975191       6.826709778279987        -7.0829819910176735      -32.26338046523059       36.22284661496445        -10.090595188845924      -2.581279738519955       0.07792429432948184      -0.13821375934636654     -98.50447718404843       -41.646289585568724      87.03891750293332        -22.818787069976565      -5.664498878106372       -140.82666521524652      177.38605510253427       -142.31635105803946      -6.830993483440864       -21.513062323408633      21.259608335377322       30.505972992678068       152.98426954911724       83.99827154649103        7.9389525154485625       85.69349488862059        -128.94383229888342      -99.9949538992286        76.45798553302342        
rwgt447                  123.88326933458444       0.023460732669809303     0.31800322985102136      -3.122213162076114       -1.178752944432845       -2.108841343590173       -0.7849059356934707      1.3982828458829077       2.5339149458380703       1.2449806107055243       -13.643316909809364      0.9722228359984761       -37.14825372548181       -38.106128683303865      -2.694962386895668       1.7918136560113087       0.12629442958758308      0.5579376289003116       -111.51996820555414      23.574454773742758       -21.413551586049522      -9.45808335971654        65.56249080124786        -118.13364879485577      178.52980967153053       -61.669390827162445      82.40076563943279        -50.762341776472624      98.10079689666043        16.954374359179013       -29.214986592064747      -122.65240952576646      37.769057447639284       82.06257222222007        156.85550438845922       -131.18768093617564      -171.04408108813624      
rwgt448                  -125.19365389274301      -4.235005466552156       1.1197141954300747       0.36035937992417066      1.523484967095662        1.5486466544035995       -0.6291414234599793      2.1631839027341355       2.1687831033316876       5.155195806258815        -0.7591579128283072      -2.038689477844887       23.27573184982971        17.983675597751983       1.6132179888986187       -1.9301008835547404      0.039080970444599544     0.26352624898876653      -19.722889453804527      -112.87753086545227      -101.85915983202952      -95.98285217345318       -147.02067692691026      63.04921256728426        -135.27597859817803      -118.56718379710622      -121.91957891301513      -35.20138828641933       -132.67853656102483      172.3601572452131        65.25459535775781        -137.36062138669493      29.74509405741233        -29.824601528469742      113.98003641267366       100.32213738534608       138.07510714627728       
rwgt449                  -77.42655082195705       3.1636498593707953       1.407530502039226        -0.2070749098931728      -3.388919124245114       1.7790113916256587       -0.6945194128358088      -6.012709842296141       7.926970819759948        5.829475523536585        -3.2842534848513854      18.619295051344558       -33.7433526482355        -40.5459688232881        -0.6838575158355127      2.6743776676651425       0.016953908267065942     -0.33940741242475925     -30.653975991756795      8.768474388859005        -113.10809322447972      -126.6579677207922       133.33465641846993       101.79004989102998       -13.300216912594095      131.26262685501285       -37.789402055747644      8.988992854968615        -123.45979801819526      16.65314889797557        44.12288771508949        -149.2501507828037       -125.49605543486946      -43.58843628515319       -67.54467778121308       -175.08470377493015      -13.028430587217827      
rwgt450                  49.164951435390975       4.403454092011837        -1.190612138650454       -0.7320067992485675      2.98913334895035         1.9526625937333626       0.5153336400501145       6.421518369696698        14.564523712216971       -1.5539396957132832      -9.334063248769956       -14.3296808346021        -33.95425940714209       14.156475866480093       8.307378872000363        -1.8998286546571412      -0.06311367579356422     0.5037711266024455       29.30789303197284        112.32192234884684       57.827562090450755       151.32408972212437       -113.40208468490033      -46.016000354789384      164.5551925634664        177.08387691547142       164.10788521243222       178.6510029363556        74.10842121083928        -25.795202052886452      -57.15562428405282       -98.43942408568894       -126.67633940897807      165.78770624307896       -94.42085206016328       -30.772595431418893      88.61693081517996        
rwgt451                  104.88499288602162       -5.440416904925776       -0.09864028578747286     2.261174759978287        3.4671379587420965       1.3588595569455935       0.14209018943293517      -0.00486363926632194     -12.361497071710826      0.4401423961259878       6.017461573508772        12.954020371430268       42.401384493444525       -0.2500263111282237      -27.42136807232162       1.121143787822195        0.1326851082317701       -0.34403001242100434     -66.25050070643016       -9.577194658806462       -112.16210212277906      151.68201957452123       2.7412779248197694       -57.4232412270286        -9.53948082379668        -25.02900289812277       -58.94882234473411       116.82989428725472       -167.3062533353512       79.94909204507968        173.69178707213104       8.444876031333365        -54.11530053823111       142.30574937890378       -24.780727377219165      21.129897011489135       -46.44245683392214       
rwgt452                  -34.867015825150105      2.163892485627163        0.7465481900837709       -2.546601492311658       -6.926036104113209       0.8722881517066385       0.040325200082070856     3.0501533713778874       -2.2497941246987114      5.118098213809574        6.182492330535272        -5.833811408767415       -20.663861771627754      -3.5051259439333933      -23.06129648432789       2.487173623432251        -0.011932824728678793    -0.30882669884117114     170.60542694325187       80.6623838012278         177.94991534260208       85.90194072892325        -49.01567497230113       -29.832722602184162      -138.13044874921366      86.21017383715042        12.177966780934184       -84.1389921991686        -10.352120577132155      57.1440677104635         7.7737108307541405       31.941846223544843       -174.55124715045528      167.43593408249114       -156.4423387942337       -28.403850543050254      -37.46397788230317       
rwgt453                  164.72611254454404       -4.248757638338223       0.013376179967076407     -2.818799915269071       2.35978224800931         -0.10861080183274785     -0.36734083309481486     3.694279393758083        5.61305718249767         -6.088041087180241       15.433929269074419       10.428874343376823       -6.571970587177972       -6.497689133566247       5.788660627119562        3.95718436498038         -0.037682521451143924    -0.3108968010007779      131.40039110269038       152.1833793288443        -163.74660287555088      65.39070356297253        -135.1075000436191       54.00453939811831        -122.13651570680899      -126.11684424867249      -5.589317316935336       80.00527147046017        -126.05484406868585      34.625713477445174       -88.1123353141366        115.03399325789849       148.62339585106668       145.7286636044018        -176.47581756078597      68.90810049647453        31.23964457878799        
rwgt454                  -142.49857208125474      -1.8349814496740962      0.8285707779471558       2.830499895072654        -1.7668155593638337      -1.6998325046178375      -0.1382668752353221      -5.9224053559362275      -15.027893201222383      -5.957694527845591       -11.090831907073312      -13.499161064475018      -28.041475577592575      48.46661410655916        5.133396795030741        2.661760804301178        -0.04291952666396043     -0.25932874815800566     173.54890223567435       87.35152939541535        -172.50246608826765      96.64221678114501        -158.64558370154833      -0.34614250081972386     39.315369791993504       9.705292907245763        113.80860402585375       164.49105892669706       19.24196177989583        137.14373929108598       -136.5932854252744       85.75348480407877        136.36402373825564       -155.2769798276367       165.38760740546815       -171.73759160684642      109.03028979339939       
rwgt455                  50.98278589331855        5.114566441560348        1.4716540134344627       -1.1024201390684367      -7.303008166052139       0.8577945109022442       0.16327135064646892      -5.313102220294743       0.38303768009848405      5.055535113763948        -3.3670796042188282      -11.153868507147948      -2.881303298184555       -0.8312061098237606      17.272838153881672       2.2203949366497495       -0.10923675678084427     -0.4570008682001363      6.520623070144353        -157.83937707805876      -19.61869015915417       -13.616474379393793      101.7346121031618        168.36421451867295       19.722637480601207       48.55541795378326        35.64277815702209        -69.70415219680805       -32.351669355996506      -170.0154121780138       102.49949495627595       46.103163677111695       -170.11191327261562      126.01875803472024       -42.15244835757227       22.077262963133904       4.621447650651874        
rwgt456                  -106.75371384137405      -2.286657440556726       1.4237808182345348       0.5082765223494721       5.681117360899085        2.1364432868344667       0.8079245233619718       -6.8104530942333925      14.778792253101358       -4.813149295371108       15.824464413337125       18.50186053110742        -19.747419605455423      30.286235324812708       -21.147539675206936      3.067464650353803        -0.055177795804467245    -0.03557263626010243     7.266839747234513        62.56296901825493        13.819169405412907       42.94104161581265        -154.61020755397         -99.15473902323139       131.83221029843656       36.157120672790455       68.06212181147615        164.4065589992316        17.48120601865986        98.41996013926979        -109.21758814395709      -63.45972469027545       -164.88946557366484      147.9946283731536        -153.67714492142616      130.3947983940164        -179.25430824192972      
rwgt457                  -151.99922155598114      -1.4909411433386248      1.1720479136961977       2.2349086139605348       7.357720617019684        1.894720767739098        0.34761424131430707      -2.8710854411203117      5.837435814318681        3.9546038401165937       -13.74537183554634       -5.10701298491502        -33.37056227108633       -6.981015874269858       5.460699600463677        4.5295671427183795       0.16723631803806577      0.4322110672482803       38.03117912198556        -111.89472459346446      -61.30300583893434       5.082434071824935        106.12919218352772       -85.54961508933005       -171.59331831007606      123.2651776618032        151.5652770112962        55.785991657297274       154.93626928030335       105.310185952876         105.19612415566854       82.50230767128437        -74.90175221664502       19.44290472556213        74.13117273474461        105.64072839151282       -151.3241667419809       
rwgt458                  -96.46941064060809       3.9186235462108856       -1.1199154771582935      0.6793321818053211       1.0316772350020464       1.8897993395149473       0.7864893930869206       5.01702543983158         10.135195259188329       3.164261768336143        -3.498338789398506       11.091843366781461       24.548024287563834       26.026953387396844       -16.538752594108992      1.880796959922015        -0.15644189858484342     0.18971051025439867      142.6322654944717        -88.18890419007833       -11.414422275396333      -160.2009955167814       -164.6229901514274       21.310098522243152       -78.98520820770094       18.69961120617316        -18.172400465473117      -77.14719679549927       -94.98694251339103       30.677016911360568       156.26971896061667       -170.9163243273409       -143.93621072033022      -132.39272557602604      161.10706580495264       105.14291850471244       142.9952534140288        
rwgt459                  -32.77847006983376       -1.743127111624827       0.501204311717139        -0.9133203531745031      5.109432567364356        1.007631250847357        -0.6338232987123003      3.455537449890236        -1.1567390223088676      2.583615165455596        -10.866003434093603      17.37347646506546        14.648668037415717       -18.722653441014977      33.035371420559656       3.681511578657016        -0.11914344439148908     0.5606858957661475       22.667451799885725       105.44379866104919       -75.21628562136891       147.95569939722634       -155.3546680592801       84.63659064281524        -144.30477959990938      116.62934079401106       -77.94145274141474       67.58552351554442        106.12561142633893       48.85485428275936        102.37821949455798       34.654349737624585       -49.50137372806816       -22.445564806314678      58.72074445842614        104.44504243927281       -109.26623495444558      
rwgt460                  123.58920241372243       -2.8222431572283364      1.3352623627620666       -1.3713626781720485      1.6385215847372567       1.1196159838539885       -0.35129889762320504     2.7625655882802063       4.373413195585108        -4.8834810248431         14.10928886005432        2.652385573795165        26.266574107750444       -43.30061424513603       -1.7677692074738758      -3.383781023121627       0.018882362843900213     0.17693720380231892      -8.43162533803968        163.31554446262925       -120.96641529279407      -63.550694531006044      55.62861284207736        78.42783939594489        111.6494094047896        -57.450490153143974      100.97339768339731       -92.07992617975651       -58.616924666493404      2.484278522140073        94.559396977907          2.2322302254106887       -58.8416761786565        -55.00753804098825       5.19088854377901         65.9238917644451         -75.59525610047415       
rwgt461                  23.21898204640098        -5.775675669589118       -0.9002531444701639      0.46129749403064313      -2.9122512778536436      1.4489538727335636       -0.4230462781349035      -7.782100630910844       -4.38544138542305        2.9660336026968412       7.497404988025455        -14.218880829781858      7.433362565134409        49.92404363187424        12.65311824819522        4.132312763861           -0.06106980627333829     -0.20303319536982994     83.35000435633822        -135.1161450585359       -92.7093086812662        110.60913813428164       137.9359276473046        43.09391016742293        -168.4644119978128       141.58463537106059       62.58814385922577        -24.238358293407856      -112.60827742419781      37.189375651295705       -108.67342565537066      -157.16296524186546      165.38820210044366       160.12348628876828       170.70820832459168       -165.15392494561524      11.010653992883277       
rwgt462                  -168.13939018757205      -1.523111484253584       -0.18632431150802486     -2.058522126144242       -6.574771294980498       1.9751895865303033       0.3043179883800522       -1.2368445592478228      -14.616785153942702      -1.7549708710520084      1.70037693911884         -10.791272041489236      -11.56971125395038       -3.454237518296587       21.828278962379365       -3.266555353898881       -0.08691460046786595     0.28690807349136205      -76.72177369022658       105.11719402276486       119.55021528984372       52.6667132293382         101.78722486197876       -132.5250163174435       -149.3919981016651       -97.77713199346691       149.41692987856248       -42.06993795085066       -175.96796440696332      -9.735468372119726       -4.653493632428194       125.3211357130316        160.3495130359313        90.40536899638516        -80.55261985911777       -162.8231706081098       14.288446247767268       
rwgt463                  133.98166696750587       -0.27337129753238365     -0.7433574013577524      -0.391749632861345       -3.0785310009019318      -2.0184299120824245      0.68589183512143         1.5442097232181942       -10.084948046234201      -3.806923596514986       -13.991735568276962      -0.3896108069359059      -34.11537822319248       45.993429695338435       28.10940916692725        2.528636820973899        0.049053235495623765     -0.46754208056859353     -125.67827387860396      -17.638607548099145      59.32869942383164        177.59164369007783       18.858964305579434       108.49836330236002       155.0402337429108        -29.443851485057593      -130.3071312454785       156.34634048339728       158.88596060232226       86.4556510947117         -94.53604007018771       169.00494101846556       134.97400901182033       -62.06880959098284       -5.322173346837701       -4.358360555114302       165.1885397333147        
rwgt464                  -11.860501073649857      1.1356546424495315       -1.1479045109345836      1.8608896185390478       1.3075149937230677       0.303006081925016        -0.06456114496267429     -6.3087424185124         4.432478264074582        2.4518660392918363       -17.70346688238388       -11.068654043589845      2.3572891257161075       42.14439363674906        14.188578876529142       4.532364333768063        0.01163869250527122      0.58946544615206         150.37923843556842       22.61816473933763        166.5831463037636        62.548084135787576       59.35165432741837        86.0682060289451         77.4501805588298         133.30733798195246       -148.64668531020766      -101.93902966185425      19.462884701340784       8.466764888820393        96.28809462404064        -99.32452838484093       113.11481754737497       121.03620930326775       156.53964483579972       164.5247078764353        115.00502579663765       
rwgt465                  -123.65839009487496      -1.8927753238196177      -0.7966148229782866      2.1199750120114578       0.5219214572737378       -1.0342237599121116      0.2856922788199061       0.6833032463729358       -14.76488191432769       5.482760547402467        -9.422288837618753       -3.355581839963552       32.86091650399085        2.3848473837849014       -23.72184624325055       4.332845830560418        -0.040398028647330886    -0.10193368577517936     74.361109617387          -9.003911861552012       -166.41459941265092      179.80824898962607       -130.7821277173278       -153.57195625240365      94.18522478464064        75.04317819633215        -73.4776228082656        -10.838034448724727      173.1546568665592        98.40156543874429        115.46640618117812       -53.75592346377414       -50.00812086421459       -28.945203481704795      107.6476155456802        147.38641696313266       2.864064678975126        
rwgt466                  156.85954918720688       -6.278851697696057       -0.22256953437408433     -0.31769398913334124     -3.9423509003863066      -1.9075354360904315      0.3262788655841038       -3.1211424792475784      -1.1744182760293125      4.1801295748953695       1.1924846127655115       -6.619280737721368       -16.657022894178464      45.28425227386431        -37.68496495490195       0.741561457732347        -0.0775403636545471      -0.08867609355752082     135.32115570491504       -45.444535222741365      -10.444371083589402      166.07582926404052       -140.8063746134068       -106.89027918026736      -82.42312073953053       -82.43666109586654       -145.11625238717636      -106.90933919595075      -151.69070461968371      153.50107443850357       59.98842965031656        -143.14429498714236      -62.353775972622046      149.77163499573305       -109.06086567483179      111.69009180902583       -144.19043070757454      
rwgt467                  -6.407936958350064       1.0224239495249838       -0.18876739124139452     3.056551117549539        6.1638679555045925       0.8014330490985015       -0.4905636216477514      5.245652885551364        11.17568628440836        6.392486696986184        5.785257484199203        -16.912860361891667      8.124076964721539        20.98237069796518        -8.958332470886397       1.6937277770021701       0.08611556606886539      0.5334482683417435       -69.83041851980913       -137.1304878057009       -42.64965116096573       -123.5917110763944       -164.96863318789087      92.12699109664311        74.69002912054063        46.57556246932907        4.080658422020804        -103.8211739497216       74.06200323124287        -117.69544493539794      -102.01022856036869      -177.63806418127444      -1.5671760382686273      6.935952745182931        -17.66436345276665       107.51898606790337       170.6988896151829        
rwgt468                  -31.16838991657795       6.926166652515323        0.3146584547443827       0.07720533929178997      4.624819643965948        -0.8484476931284799      -0.5178426499756078      4.566420537222704        -3.6641462257351343      1.8221123304456146       -14.591148952833771      -7.1605364712565684      -19.456693193295607      -23.70957874999187       -3.454623415886374       0.6039032190992177       0.044948980199613964     -0.41639664543066085     -60.2655375790478        -31.056419869736516      42.44640758436711        179.02268669216562       11.046265838192909       -96.2597184905819        82.25533441914502        -105.93381823807432      19.34047421561283        44.41190962920936        -52.49601993898341       -160.3662119094878       -85.57975884189409       53.711615249172894       52.80013403120884        -13.627197697160113      -16.561679782873426      -96.23258982092416       53.46096839651608        
rwgt469                  -159.36148878879573      -4.667951376475683       -1.0721327528267708      0.21415135818087538      5.762291463608305        0.11557988259007201      0.6862739664179383       0.5423355021740273       0.6579969347594865       -1.7228411214699797      -3.5151951333807165      3.3320043135966273       20.14538723185082        -21.620249155190148      30.313547824701104       3.837927678815566        0.12272331357863875      -0.19098799287324797     179.28876879513706       -117.40276354767339      84.19750320675871        89.9765068932117         120.40700512846962       -97.01824679316492       -99.44475617937248       71.72344534991288        -144.9685355956458       -53.33787459985017       167.11295256868175       -120.98374047317931      -4.221251688502321       -130.61570149378778      166.68555607362754       -81.1436071070891        26.845883952305712       -80.78241313662551       -174.92414585818338      
rwgt470                  158.11061245907644       -1.6841628040688885      0.11661498563788841      -0.2792715508826795      3.406915778544551        0.8298540569839274       0.8028830138539513       1.8935207873256088       2.1065667395073397       1.142567900775628        11.540011811238905       14.27108999405393        -30.587057937044754      -20.108279858185924      -28.493050723028393      -2.695847297285611       -0.0651165494144688      0.36680213305026255      179.96014517848937       -75.06370359216251       153.84300394400236       -152.85935175644397      103.18851811060375       -22.353983170694136      -55.16764540248576       -154.34730363878225      38.89327878735841        -34.13805430565168       -145.03231882756234      87.80494749731531        -152.63074732269507      -59.192423043041245      -70.50773038536235       66.67659253243414        67.36594682595987        -71.92896254641049       -66.35331662457595       
rwgt471                  -89.77118972463002       3.691548614911828        -0.026868187477805172    1.255354429513531        -0.6969793163928193      0.09260704317676804      0.5853043471546366       6.607407783985223        7.817048770610807        0.7369989940552921       1.9043957912535063       -12.664975752666782      28.37440024810988        -24.95897804661788       -17.273638124883124      -3.343874763380529       -0.13639236931773488     -0.5245067514877476      -151.46728820798052      -139.65218446716264      33.67434583480966        108.69628521861534       55.13853861792137        -17.608375214995192      -15.785376330774426      -170.81069589333407      85.6830391457022         -47.03141232549322       57.33109455149301        14.120973618940525       174.28700220042862       -110.12179307284065      17.499052658067114       -125.87927799640477      95.17363949088866        -30.08936168529371       -47.701690785669484      
rwgt472                  84.89611666874544        -3.8954220621265296      -1.0824843362717145      2.9044892787202388       2.5270748438545194       1.171079851879636        -0.5582510565786711      -6.981896454783271       13.379301729476577       5.491332107412214        3.9243010220155554       -0.5198619490197132      9.917243915954074        -32.40626010789852       2.2982247695028732       1.2582246618944826       -0.08160191703988272     0.2869067875946527       21.088471463465822       -98.86568934616291       143.53932669523567       -118.32670388773454      -75.89466905757305       -109.03278000095409      84.73000083830442        146.8345757653388        157.38696514903648       -84.49928113724562       89.81485372745334        144.04937746518885       -68.44188477229464       -79.54447991543847       148.98329016493278       33.61648533423673        22.983864259802317       33.77026014590564        -132.59192482260562      
rwgt473                  -143.99878802178233      5.676445614825737        -0.09120051673511287     0.40468236754058573      -0.6289326238959072      -1.1099178414489879      -0.6550827334367021      6.372835451024577        -2.221129952693918       -3.1578356324222776      -15.801981644633988      -14.204771976797119      9.42925163218419         -52.14871612378284       -10.12163159578883       1.0944305858851937       -0.13900431972457947     0.25166385545722947      93.01887588287462        -101.89141250999249      -104.43789631817957      88.14906731740177        -138.7849034703052       -148.31276853499287      156.5042618263824        17.526426036258727       4.279855540201652        -47.044733984274075      17.746079588414517       104.65869037526522       -140.554749515542        114.24845703100351       151.15409717949433       -44.546027205998         -82.59794614220452       112.94030372118965       73.48028526748791        
rwgt474                  -133.52790675821075      6.240304684285188        -0.5874125795983475      -2.551570952815279       5.712094607158432        -1.187933253133139       -0.558684467199123       0.4785561504715288       9.734705021934737        -2.8766165066795963      -4.155529792026488       -11.491027891635506      -38.93708434721692       -31.05386804105587       -1.1006441346041882      -2.2316908852198933      -0.02505932554439974     0.18061445298801793      53.87416752105554        157.50691607995503       12.005488578749492       27.069558514260876       -95.14129120451693       57.2721461614658         -145.67559857569267      -13.637610407668234      -123.19086987391228      88.81852269932403        46.31590147171201        24.518632218020002       88.35312476535177        -9.817974872454897       -78.49549672909487       114.35985703213032       36.2267250608775         -23.765501657105034      81.95595755593115        
rwgt475                  173.0157503368157        -0.38356022221914543     0.3298153661634615       2.89607984960557         -3.330668354419335       -1.5414958631278926      0.6935687625918019       6.094089047272262        -13.967228714976217      2.1568186720959197       -14.047966232160384      -5.343390353599636       32.598776174839685       41.708904364856494       17.643224951460255       -0.3042037088047138      0.1005967202555389       -0.3230748546523838      152.42586051197537       -60.86195437739147       103.06142708779362       -158.4443561634329       21.16247768957041        -108.04884015631565      174.87792161703425       44.98365988189897        -64.65864226946894       151.68978586061877       -170.07587414049567      -52.68837369463884       -63.82947782563487       71.39131335983578        114.17352426151655       63.0584314700713         145.23976264838916       -80.92604130742419       -32.77135455198896       
rwgt476                  -28.297441673205725      -4.241954421128261       -0.5115380932078081      2.2826542796709948       -7.396709392893328       1.8712133383002514       0.7420761241710763       0.47553717544641305      14.739806789542179       5.922064353780483        -11.68472006016398       6.203967178710371        -2.4928949897316954      -23.50161124256263       -11.15616608036051       0.5396547677282282       -0.056641821991001304    0.00925707939403353      -154.0988375845826       65.35258222870968        -117.21895727707297      64.98488310435812        63.46322111009897        -152.2611658202462       62.144949055863776       -70.78424637014018       -69.5123625780518        18.789570981402818       34.26694835791278        -126.04368038665301      -29.013393897956064      145.91572804881594       171.27585843452465       68.45877768827705        -54.0374046294795        170.04951587986181       -153.93141640263315      
rwgt477                  79.91696856492462        5.049543929856706        0.463988398858598        -1.796049549601465       2.175118862186787        -0.7499929688142013      -0.22518588656718064     -4.388883727611827       9.432970283502012        0.44239449156109245      11.987497946732635       -7.918787922887427       37.467051759065896       -4.442893170807132       9.352854648775526        -0.31640415237201935     0.09185962075080872      0.5715145823579716       -116.7051295378129       172.66052457858575       108.89708312480758       -132.11021191895946      177.00801577978422       -157.89569913086802      122.90674615571118       -60.30916255149336       -158.13786350368812      -82.29709360586988       61.60811986745844        88.9630122448109         -36.02375636321321       126.00304750792753       16.950380709651057       86.5360561251241         144.74291182156503       -63.18896331101041       26.209941748471977       
rwgt478                  90.7608640292795         0.8313332840553551       0.5376247113181931       2.312257464819817        -7.279273691514401       1.1524199398088961       0.7239664263659318       2.582413337386533        -3.2329379308459423      -5.026112437517838       2.554434224971562        18.175664694834474       -15.679634669978906      -22.595844314263786      18.18384645014347        -1.7179983153875042      -0.01737081785985156     0.4183907675970481       -31.307145063882444      86.66093793010737        61.34735282731043        -5.184574077867467       70.55587579439566        -93.55547751223038       -111.30716804243575      122.85386430239072       95.54391287065272        -153.75972056545774      -149.71524925086595      -95.44429644183073       12.318211531849045       -30.606099646244246      -109.33109425327856      -110.46976707375512      -88.28303781073481       77.70154444863152        110.99783876426437       
rwgt479                  -157.1252731135832       -4.013387477603416       -1.1627393635122487      -1.7347591174114414      0.14191729106959805      1.7302238508917478       -0.2798707258638644      -0.3703138722222139      5.343003820674795        5.385794185757874        12.137900146792798       8.302226691417268        4.418117325745676        -4.627766110573674       -3.6791582251542962      0.4266781171434655       0.018669314015753807     -0.1045469657431859      -83.16378840360362       160.31063434959952       -103.78484593531557      -8.463546225620433       179.56143429055243       -104.14471242806212      -20.575629774477704      52.524802926378754       115.90969797119413       -57.14532741195481       -133.89718232729933      118.9298574430967        -42.294716316848366      38.717579076301945       146.2670001767586        80.06827615851995        -33.61871892059162       -158.18289815855235      -93.22652026599896       
rwgt480                  -176.66357934495548      -0.3737654264726258      0.5452866517980877       0.6909023562088077       -6.9541106493870695      1.725872143265978        0.3094127732802132       -7.327993756643773       7.284830623096283        -4.0084243809548425      9.656590427441365        3.1053467295145225       -19.06580654379021       -35.08556542327098       29.557318345193778       3.4123519101605737       0.14768967174043307      -0.5763737639267144      45.896478471094696       -134.17230484139085      65.85848199677753        1.1171596481525796       48.37819746127428        160.6313279618193        -176.5465082302677       -169.26231723768285      -104.45856451559058      168.4620893013576        -167.30434913078645      170.073964331298         131.90490105919474       176.14115303698264       -155.51173313971663      133.70317392344424       173.75105247383362       148.6430786681707        -168.58362282259264      
rwgt481                  -143.7257262338778       4.533995098476573        0.6268878545463339       -0.8026149008468271      -7.148374782603741       0.6435900382521678       -0.4244487333766795      1.3119723983681597       -8.343283800537165       3.5957742224577043       -13.617404221884108      11.767437104084557       -40.92153743311781       25.23528322253496        -14.181915925057897      0.2708489614638596       -0.16463496374781883     0.49828261655585326      57.827727855107014       114.91845720915245       142.36758627737856       89.14410507843002        -72.24685163285763       -160.42659390967012      -120.87660061529817      154.31895119342408       -14.172874395452112      14.771905057894998       -47.24497265811573       -20.79423445245925       37.72450828855321        -171.25116533987352      -35.875815301258115      98.61980656980683        121.04784970818895       -33.71092124620105       -136.9240676955746       
rwgt482                  148.2175038107244        -3.765908513687918       -0.8297480952912395      3.0008082730538916       -1.1753963818417494      0.15272787215201422      -0.04061694600173915     -1.4880447481250956      -9.856524473393993       0.6306790318573041       8.053696480142168        8.250956086617684        27.711221848133505       -41.88020400722448       -15.070401366470847      1.1919964664205498       0.10552215486380767      -0.33598845071756106     -57.4194186566678        -168.42511913479126      -104.47271151675707      129.54897542394218       45.83223341651524        -124.07835626631083      -84.67892887155817       39.559525506435534       -60.23927008126746       88.6955574183927         14.102260370415053       -108.46276701852481      156.2857348176638        -84.28113259494077       31.98590577783048        -84.85590136088416       168.2803485098608        63.255449164698774       -178.38398921217853      
rwgt483                  -130.0614686316044       -2.3801819659031604      -0.669741934765184       1.152389499884488        -3.603944159987006       -0.8741088366270584      0.21604781650807126      -7.642162392648116       -8.543118394820262       -2.2347302591792833      -10.37470915792889       14.299611604682639       -5.557986416972113       -42.1125089000063        31.379690269948057       -3.180236163090396       0.035441537392337796     0.0025510385641606126    -52.416028040337636      -9.247202150850654       -44.5134357225933        31.842230669022683       101.16283883643894       120.12376953019884       13.988619496983375       -97.04395192181475       112.0976586960852        -2.615415824916113       -120.05054686961805      -49.989481364876184      -97.86683191887424       -25.164807379845         48.71841420646683        -96.42969661968026       -109.95151566165674      51.18096408277094        9.221339125672273        
rwgt484                  -147.24389664192063      -5.3105120491531235      0.5071117581522331       0.4856171854496396       -2.1247081333408877      -1.3129414161320998      0.5254177611781239       2.871033035053604        10.985269025938784       5.6140860270057615       0.9549501128778246       14.073316684980178       25.9008389098487         42.75040614795097        31.382274090037882       3.51722324482523         0.07893151932525655      0.6225273567497366       -86.23861718499992       19.562386194738934       136.99137332039544       -6.779813818938123       158.14967375699558       -19.053614478704077      -2.3543197018441617      60.63385124434916        -101.60403629982099      -169.03095773574086      69.07664743535946        46.34724031474019        81.01305727241595        -174.38500713746086      141.43093369649284       126.97988245853475       149.61549245675934       -146.43297097952996      43.59142134740432        
rwgt485                  59.45332555548828        -4.558894155785257       1.0647569914401125       -1.2275927132628122      2.3001618634644228       -1.9960159421061612      -0.23410686999334052     1.0299424252595228       -8.14778099433903        -4.363069481233465       16.84025956770627        7.85354815268575         18.179751013848332       50.50041770625565        2.3850924289334614       -0.036316297127210184    -0.13501257109745105     -0.45782504621356923     24.516743097915935       -141.69947168514943      -79.19984281688215       137.73030961359706       47.24995979279723        -133.82078760873992      79.67748593893555        168.87533810254826       122.85072110454615       -137.41836329067553      40.40312830655239        -53.169433837085975      -26.76454809064785       147.8617357977185        143.54416064089634       158.46734666941495       170.03827851006486       41.34116739719224        -130.453208330765        
rwgt486                  16.965303239355308       4.396441759636374        1.2762785806634847       -1.7573944611011978      -4.911171034156361       1.4776815921916535       0.8083539033951188       -0.5200789642585049      7.829344249621322        2.758955851695301        7.092916424647047        -16.994643747086734      -31.47013161820502       11.139892963342447       12.379121435833511       -2.2128819445852144      -0.13270506644028338     0.5733093009674611       -28.451595884615983      129.0746132413363        152.52756284856366       55.83678166968696        173.43375037190128       -20.2497879824316        -151.1195328083179       -125.22169494250323      116.71104077448075       -84.01055610055681       118.81909660356916       101.29825278223376       -7.793668766685414       13.267258307611058       -73.263782245657         -168.86779247553932      125.67103458043994       94.79579343608776        -171.0734230436263       
rwgt487                  -129.4767790857102       6.631197762853863        0.22180798404083024      1.4102821477168979       7.297178429908337        -0.8205408405505958      -0.43632587052034866     -0.832450402882464       -14.176912043657051      -4.343582312258956       0.23858103401546416      8.736129955844333        4.080886933198471        -53.089668427896555      -15.908892447818161      1.9854963432019623       -0.09345597870678435     0.49914177432252693      -112.4752964133906       -125.66507585319988      25.22579685185417        148.30424759197666       -167.31460488461593      -178.06751206214685      -119.32815473467579      -115.614103325063        0.15214114783168498      -12.319145062209543      -88.7088924972739        148.59971011258392       -48.2218496963269        -121.9273169114098       -142.88428794000606      -65.01909646970743       166.38862511216564       164.41190909326644       75.10895584182487        
rwgt488                  -173.58827273218844      -3.083386784547052       -1.2346888186792686      -0.4163677983328662      -3.4515015441691013      -1.5241432230158911      -0.6666087612858609      3.0758137075508207       1.2725452688123617       3.9186801703540333       4.815201661347576        13.519691814433273       -3.072793249663718       21.913993948967317       -27.764493213157895      -0.7384275185392397      0.06805247828356589      0.33464308613566585      -160.93727999083904      177.09213152068799       -3.0387353970982645      127.47645517905408       155.94591511488886       -34.94346750750054       -79.88371828002768       137.68524298319176       -171.35108719530194      126.68265912300802       119.59684647445647       -41.197366402997005      149.09588225093995       94.85400334896258        -169.3399760910397       29.74674704384981        33.5940190262225         121.75125748904668       173.2830750842934        
rwgt489                  -53.48042017393048       6.800578426362812        -1.0241673674137826      2.5112521504439584       -4.43205914217118        -0.1608106479387077      -0.05946944256348774     7.649273047907939        -14.937820275995898      1.0896984766654176       4.400830823643144        -19.39786344438223       15.901244181214985       -46.03057066240307       -35.518465703514565      3.4259841738816696       0.17409940208350405      0.2731128066930312       178.1559958224645        157.01148631954118       -4.66403283405117        170.77514138150008       66.29101487050355        28.917524779908035       127.99622018997496       -72.52449418778819       -29.973985090268002      -65.1216741587474        -95.50421343990628       88.50996608156709        173.69960361481156       -8.245869189452065       -43.60320795638904       85.53502991254811        138.53416773361107       137.76039764187334       140.08591661407604       
rwgt490                  -170.55901830554626      -3.399323804825059       -1.3923565435334062      1.2685722886113826       6.699316580281174        0.3126131739202491       -0.5503581728231861      6.847294707262029        9.007162246724771        5.9845275995591205       6.782897783110794        16.229926605519147       -34.56402925560667       16.303484128442136       -38.70081518105773       2.1595321989619594       -0.03224506300931615     -0.49976498821165394     137.00983750982925       175.2598544507673        61.975140782503445       61.94464916765335        -44.62203972413849       91.1174274345737         167.2631582118965        -161.45392461898953      -169.23620026057074      -90.59045478233702       -53.91748910990141       -138.72747038580468      -43.947713270761824      45.82076257600204        -18.465916005482853      16.69364350232732        -130.93164891854565      93.056557087096          43.768707068143584       
rwgt491                  -23.06172078009385       1.6574329992064127       0.18563758398205477      0.39709711208458076      -1.0232883781803084      0.9313294717045002       0.5005929975340742       4.811031786940446        11.914735936705863       -1.0002320979376718      -11.485648763809941      13.398872951712569       -31.322893510760007      8.491872317368788        32.11354734876765        -4.560560062919741       -0.09946499802915565     0.06866433377820058      38.98416485292367        124.70901801872259       42.85493703528712        146.62978114781578       -153.93669988020446      116.0316483128766        -31.56952497355269       34.119518359874576       -141.08147592019714      -13.411374946860917      -13.206928233667071      -4.29640202919785        56.175311413693066       -147.31057666140146      34.24465329405609        -41.84013690971358       -151.7406844379751       100.73399398991137       112.9536650668918        
rwgt492                  78.16358488430876        4.360311522405508        -0.008846579747630923    -2.3273571509773463      -3.539605913116672       -1.3270479949796226      -0.3028092932512432      6.877227755996395        1.7778901173277895       -4.901641922644069       4.46127920575017         1.9194613366081796       0.6189809957620511       41.05523427777251        35.12696088857372        2.1692117384348046       0.14301267235212373      -0.4231743661788194      90.0173135064017         -53.6000463550282        54.88646871502473        151.90887043208318       -90.44589827301628       -40.49650062283962       -137.97090244248506      -149.78903095776027      146.24038636593673       124.36083343379636       98.13964407329166        121.30071782005211       151.30877037302616       -123.04098015805366      86.32526427527159        -93.59318473895134       -123.99012019122135      61.90911047604473        -10.922869977865759      
rwgt493                  -76.07724469930281       -1.1571114391393467      0.6135378704857548       1.706209916898806        3.152639850305569        1.5391990511558653       -0.22320422873443646     4.017347725133011        -12.521310142250709      -0.20190877825263787     -15.830764458671029      9.467203820638332        38.30991649838762        -4.2997598581657215      -23.79277700841923       1.6504520594675194       -0.1637683321225073      0.13185613624016734      -4.766723293141666       29.87891539338827        -115.58546315949638      128.16525959230523       -115.0404171835609       -99.46370532865964       98.72264789332701        15.089117174359501       39.57343856307071        95.65828726623937        -156.3401270720569       7.583155621935788        142.86902901775466       -33.58018810345246       -60.067288209737654      8.525329172377326        -130.37348383632064      -128.5413934068119       13.917070112663566       
rwgt494                  96.51400145932632        6.947935483457388        1.3060344117984488       -1.1777099852861936      -5.836570944860286       -1.4766776706514189      -0.7504847116242496      7.301249942816395        12.409730935228424       -6.318559675772611       2.695870276160342        -15.08390224014167       40.33027873426782        3.6380332675873106       -22.877436541713582      -4.167825377979679       -0.08850184641945433     -0.5003454776702558      111.24224575861467       -41.884172269018734      -151.87056612869725      23.9077023480248         -85.07237059228555       -174.14271750909748      -83.80612677902886       -137.52130760502214      110.24415467974472       -167.38962749804355      145.71701446986435       -44.35386401199062       -91.66762508389105       -168.9488644048904       176.62969149753167       142.97290545732176       -36.08807892955738       80.37773284920297        37.36594957759863        
rwgt495                  76.99588632828176        0.4884288409258417       0.5749762927452255       -2.9450047177778047      -0.4205079557504847      -1.9592324037665412      -0.3186792988815972      -7.678611956072782       4.807876599572701        6.341927997635162        -12.160388808101342      4.8797843241105525       37.211279077234906       42.05091015644281        6.4533126541195          -3.32517481332794        -0.10780947471669107     -0.4794483026495936      117.16573464716993       -8.88580828174446        50.33434169847058        -164.31543864798502      -157.97543703171743      143.05957314711185       163.92289278196807       -152.5604729227873       -176.31010564348716      126.84138289298812       -78.13549747460875       177.17938576773696       163.4107850271826        74.8330494429801         -172.09156062955827      -113.67313048033539      98.42038599169337        -84.59016613033502       -175.42772550620865      
rwgt496                  -21.61234646467136       -2.766145756746          0.45009578914662973      1.3640893811905999       0.546162583776761        -0.8991713228347566      0.35885848833689815      5.116032549899768        -6.179805778745115       -2.8669015670562246      -10.288912798762905      0.949794794773787        15.427798084029718       -0.513680180218195       -9.030105288750903       3.284239295404392        0.15421151788606724      -0.4898952275848763      176.80318687964723       -136.64603593132583      -30.098697395053563      -95.46048931758793       -119.14135285841171      102.4272978873617        -13.281724907706831      -22.11810773879435       17.572486492309082       5.3860772977856755       13.185089007963995       -88.32983304400446       88.98180605195762        44.893845742318234       2.8631833632360326       -132.50610003180932      147.0329378062541        151.0332926724089        134.51956707360506       
rwgt497                  -133.69732754078092      -5.765337642085511       0.29713290106819024      -1.9626753715867369      1.7146974903605319       -1.8616250518169077      0.37336637704762343      6.946948555765597        -3.7588338207880163      -2.430601095170573       -11.630399349590322      -15.727166330489325      14.319407543853984       -0.33001196544193334     -6.122111252285585       4.276418327146381        0.12888680468292635      0.5031210568177039       92.93428376657164        -9.449325948691268       117.10222444568751       -23.076698807969592      115.19980296191164       154.91033096279176       -149.9792188048456       46.35892805601503        -168.3110848618316       19.60185128850449        -148.7245890559914       -161.72121383956485      -142.83524833773328      0.23403937489911186      52.19943557187338        176.15198277165683       -6.780001600486884       -169.68757172127167      173.92485037864515       
rwgt498                  -44.96942043058951       0.23420816930468913      0.5954139548338315       -1.6806753606649327      -0.9850836623508368      1.8750725585476116       -0.040526164246943885    7.382279693088248        -12.572330987383951      -3.8445927853325332      -12.193649682428019      1.384071219859468        -31.94473244648429       40.76826745599723        -37.71290619609002       0.7369109484683172       -0.04028442540612684     -0.24871730736540615     26.732377316672057       -84.47161427078227       63.95560577630775        115.79723318293372       -37.44663948037601       -106.75875983972749      -96.27287438080292       -175.04476853123958      44.99280136910673        -76.60215349520946       -91.22482485527735       -62.00418185721669       70.6268728377971         -64.43432824172602       61.121955556710816       80.93842863120625        7.45782391544671         82.5312180675432         -56.11879180216697       
rwgt499                  22.05888558545351        -6.262402952924352       0.1610648035412161       1.3306268821158218       -3.0397780605503018      -0.2089252695953543      0.547373770284957        -2.7301592380920354      5.418738677603653        3.3757890851112897       -2.858718532847961       -9.97474728593131        27.701174557330006       -14.978024578108318      -1.14628881276726        -1.2013236944499859      0.16895636662170688      0.47982680448468307      -152.25149625219404      -102.45413793537301      -108.13982257180275      -130.89248406707821      -56.168303928448026      95.92564303014899        -168.6218646407822       -86.53355490237496       -60.70439252372924       175.06797378887018       160.21864004609648       44.597068789765444       11.370802624846903       -40.98591655204197       159.92029654862642       17.41224424822704        158.23475372371394       77.7731666367751         68.7609632126962         
rwgt500                  158.1807120584284        -2.461141878393825       -1.0193130968578505      -0.38063244267472074     -2.3204248276432136      -0.9038498820781531      0.5397517822345965       4.818627827930748        -8.049999429393143       0.18495978560150217      13.464203302740724       0.37225186138343247      -42.957552805415034      -18.807162473066434      -16.024825003858563      -2.2429561878765085      0.01771799720847647      0.620395749938213        19.092705230354          36.72817319750541        136.0397622146828        -87.87374775811668       124.1433036343351        87.15682055444512        -123.23070091034177      57.86839285642637        9.119375361365229        137.97199141923244       55.990758481704944       -17.23460732198626       -136.29965120584146      -64.78553903604804       -122.56116389657043      108.20343379711392       170.9758266390474        -51.57808117721464       151.5584707580898        
rwgt501                  -112.2988449274014       -3.218597230166546       0.44140058100505075      2.3448424577812332       0.467111914417206        -1.0330340356451784      -0.2184574244433647      -7.441572464002289       1.2616750647015849       5.967659469466028        7.3368876734699136       18.12143641351482        25.047716472623407       39.90698946980572        -18.725765405473158      -2.5906158518150235      0.030306165046431827     0.5101877867921022       141.11462868115473       18.932063616173423       112.54650497015746       -8.73652574294286        140.74268148532212       -50.100473600064674      -24.68892045873065       -108.45583426437794      -114.13992364628744      -85.13152780262533       132.46357526295031       -156.3257655109951       -161.0467876524657       -86.18813436192187       -151.90446125266976      -89.82323148751975       -165.87555735142593      -41.10633002038389       84.4709048167116         
rwgt502                  127.70680749427328       -4.92202614295951        0.012668975023055973     2.5886891880912817       7.217543368495045        0.06903551972911304      -0.2685072414641376      -4.450717959327754       -6.099182509577474       -4.363017369384908       -1.1387216062932453      -12.11964209653842       24.455600462511825       -11.363429627024964      -2.917522439323996       4.117624489721878        -0.04163994987090616     -0.5610314169990572      -143.8899408368908       32.608955129208994       56.74990508844223        64.71156419260743        -125.79824985068336      -130.34717854146368      -140.5693288490882       -111.51429764380354      76.81380219388512        -99.84551154248932       -128.68933185423424      174.71508139447798       -0.6211680210078896      -171.40142771126762      16.89480200766903        143.9578531895698        -15.471279631939268      -37.072576618892214      127.9788160343798        
rwgt503                  -119.66348989060768      -3.899886844770404       -0.5120513457816518      -0.700185464069222       -6.651195361376967       1.5603900481485091       -0.28369652034172965     3.6128503180708433       -5.6709713600146365      2.2952197456741157       1.4595541662757263       -18.096464337881923      5.369442904896523        -17.177665720450555      6.214671926092727        4.1361311410388915       0.06703113259562565      0.5779637997355817       -76.79157290695879       -105.91348166886692      110.68716251970363       58.26667978608583        10.517876542213713       19.349794061622163       25.515285673060163       33.10208678236597        -144.52536570507         42.46558226863121        20.943727354875108       -39.215261680852564      -91.32593668750108       1.010952906486665        93.46725722144481        -145.55407723582573      62.14895859469445        -96.77786462487558       76.04348010574643        
rwgt504                  -68.33357196443663       -3.36243846795396        0.05546269206694898      0.5281669948716439       -7.433301938314533       -0.7267092836611262      -0.054930052293937215    0.3159620522744744       4.455283402712766        -2.8290783619206663      -0.6314670636377748      8.097401537068539        23.75756719276316        -30.25105642579928       -29.741403938670903      0.43149135252906223      0.15430208471046902      -0.2798265671631775      -10.546398007889906      11.518416269940758       -163.3397489680023       -87.30864799418354       49.12660048975181        -147.72949845901977      46.84085268771645        -149.67051353628597      -93.6451849354453        -168.97838995652734      -40.01657441808595       28.51052351244249        -9.959927644969923       79.74364202564288        -122.98475297237783      -100.65093284410814      121.24363005598292       178.21868180143343       -10.065160455301992      
rwgt505                  133.8864925230747        3.3784128150203037       1.3458662006769513       -2.811206408415061       5.013163151002701        -1.886909241037357       -0.18877075524763443     2.414971847705689        0.17899779926407966      -2.0941259081020114      -9.395617336343305       -15.815623502741158      -3.280241837765736       7.231737944203864        -9.142344890718249       3.79894178021925         -0.1685319480919938      0.12053952669845691      -91.49345783106281       78.03557857246449        72.82913308737525        166.56916622098498       7.721456206585572        154.60925142635153       -125.38380278807571      -33.9751447249663        -161.0845469750912       -179.4916107331315       -47.924195439873216      -22.550469388454587      -137.3243902657067       168.4608967949107        12.087306839168406       52.01971993520388        127.39045719769575       -134.1461798470683       5.570894400432763        
rwgt506                  -31.76928588403763       -4.3974699213033706      0.9332845668807035       -0.9790403188624697      -0.5711088513994298      0.3286296219159879       0.4082233937636286       5.043214629609108        1.1532495072264197       4.533610454492834        -17.295020819537026      -2.236387541744598       31.787493433006233       -10.858307968678112      38.53259253207224        2.320356983614891        0.17830033771777337      0.5332502213056308       -149.66004324447664      107.98454748704461       -174.68232878175698      52.64002865339802        145.80125469270428       -42.37294816046119       -176.55821144191736      59.68266786572312        -63.138406859799886      -32.7258891375171        81.0391903835872         -35.37894991126751       161.4532480514839        55.46333877805594        83.86760905860297        140.21524065323848       71.39567695698952        -112.57040589910646      -176.55559226774443      
rwgt507                  112.05683970158225       -0.1726850619399567      -0.1413042100841606      -1.313495213313916       -5.875555973115533       -1.4581953640972958      -0.627450150691996       3.439496440437538        -12.429938616938529      -4.01044828247211        10.572355212418227       17.578664616811928       5.223401992564092        -14.06681821807689       -32.089054288748805      3.138473445436879        -0.17037233535307925     -0.5210362570808785      -136.7264373616893       -146.0497182170827       -43.197702211742865      -72.75685806667681       94.79333968890177        -121.60174630811201      64.54204490441646        -21.705665533744423      -118.67374399007818      177.62046936601905       -4.394161688486804       19.85458281726082        79.79311039216509        -100.92757380560623      46.43836508500584        58.84273707692108        -177.08169827470164      -20.764209297203905      124.87652059703129       
rwgt508                  98.42173161609207        4.9204409018473845       0.6616173579933047       -1.8024751686474758      3.998497846488881        -1.4002234933890991      0.5480475430625418       0.9037246283861302       -5.650942897366338       1.488973798998166        -12.000715562621714      -16.785423524141546      37.51230145989837        1.3274912486294923       -32.703993502307846      4.392723888192069        -0.11207960280095607     -0.3072360695888153      155.47181595448473       60.14448459561984        21.70919816651329        28.263495643248746       51.21764039590184        -12.234496463442213      13.654816056701577       -42.302758542989665      -75.7010548064109        -155.99213579694856      -77.90123476235455       -88.48533774543584       -90.29796662433212       82.90779293177707        112.38648254154435       -7.011524232698548       22.98131718006084        -109.8729116903934       -70.1234166305796        
rwgt509                  83.33096343213964        -4.238668710659786       -0.31231661498733443     -1.5754447064659494      5.692154097092098        0.6304144386246153       -0.11878424498848772     3.2738741701270646       14.219750567965068       2.025466129894861        9.637473309234473        -17.350633933235905      29.67573952345205        5.430177572320666        38.65992386582066        -3.857974044351618       -0.10338390521466581     0.2118213972136369       18.04974512050532        -16.831512129261995      32.39479510063583        -145.53838044646207      158.4232100115081        -176.32059581356083      39.777667208984894       34.01180885489359        117.28844034051843       146.377986617156         51.38346921154459        -68.0105216032901        -16.745773781474924      -114.34970026884751      15.781427743202471       -58.09733304263838       -55.23626761291786       -141.69647597648083      -32.925661667804206      
rwgt510                  17.551652038752707       6.800790137653684        -1.1713452121579         0.5466216169205822       5.072488499443697        -1.0441224819958903      0.08885079782119787      -6.542546628765972       6.0513808733507055       0.38424914891687134      1.8645929182395058       1.4922736990740582       0.6460425290937835       -24.710167959491464      9.219800731272542        2.889165572433151        -0.07297208716685753     0.3124405577829361       -26.35551354311866       73.13500760066395        -74.4488273133702        -130.92410639356575      -89.40730740249933       -25.990284464482215      160.80515150267541       -42.923136555033096      -138.54721417032988      172.58702837287717       66.06663758865386        108.87388560993008       87.90610425005724        83.95689396472017        -100.71408987269442      -54.25184036980451       -69.30761938327164       53.69972266456014        127.03640770510628       
rwgt511                  4.341592113620038        2.809317491088451        -0.36513269922114944     -2.694451776361613       -2.11149184047561        0.45417655558903247      0.261512015093871        -4.199274121852119       -7.246300611750967       -3.860129093263527       -0.9948034583372483      -17.555886512173327      -36.94779137031203       -38.83277714656179       2.3180124906334925       1.9086062013880571       0.12636286316764822      0.3466233972379378       60.43489434304789        -60.73372310528353       90.19272876799522        79.31266002761299        68.4909092771228         -2.987020103661962       -65.4874494722075        132.33869435125405       -113.06850821471892      176.22852878850978       88.60540341430288        -60.561786380338475      -59.799375879138         7.189927333002771        54.51594574522619        -161.87948959783745      0.8275038620280384       94.16122208002326        38.66433768497299        
rwgt512                  -10.553056094434481      -3.8988982783852513      0.9047694188175253       -0.715953364696932       -0.29346617584532453     -1.7236937217897665      -0.42466726343768646     -4.210171004190262       -9.695036861008418       2.9361477760896175       -17.886741693137083      -12.675897279568563      -36.6854198159573        21.863081839238262       34.25094420699466        0.41812575033124944      0.10703709070283357      0.5577290355814516       -108.04758152867626      169.98910373309673       152.08802415534706       -173.35405598300946      -47.13240145119539       -13.8531730388992        118.55473071623868       37.617569245601004       -158.2783110300381       15.6940707884267         150.47098551426848       39.98475384758467        -172.41483200023652      16.81133576902161        -122.98443568145113      85.444708336546          89.63787077006202        -145.6534384632683       147.5445494677288        
rwgt513                  30.845116079047727       -5.525349785900909       -0.16077258983472453     0.9987101958758373       5.072090795502655        0.37433777577999905      0.5413444504027645       6.209705829891479        -14.242616386299266      2.8262692027699643       3.2221846351678742       6.755140954840769        39.696574817314726       -5.125236733378557       -23.32232561097375       0.5179731185424874       -0.08372911301091679     -0.5574474920589008      -81.61344506054243       -171.2533197728576       -66.37802014690055       -159.19964916803906      -6.040001402426526       40.84465495118411        -84.29072856419313       97.08355804679411        -171.97546492070109      -161.66252980820107      28.349477621820768       97.25744049432308        135.64335378400693       -148.81986338127365      -84.50719020370289       27.543161202911392       0.09493925731658237      -163.23960010375959      -21.404907631312682      
rwgt514                  87.20579101601498        3.564663405944553        -1.4621175601464431      2.8965207991413724       3.9912764738889877       0.717903508641931        0.14331601838619334      1.0594183074932664       -5.345241966700067       -0.038875814841270895    4.860932424065972        -5.812522271360432       -9.998769828116608       15.418797192561911       -10.602577582975151      2.1951436265208377       0.09849489139690104      -0.4315644780552613      166.1349399549336        -164.56227833975234      -94.63832331665954       -144.0259902064136       153.4573388379742        139.7318081883156        157.21467394932745       158.9236912075163        1.9708989073623115       -147.88498702661         -173.04889927461576      48.36626942484878        -92.55917730156165       -5.864136329417931       32.873539272015165       -96.92513472804545       109.95320015620274       -116.95166879900832      -106.44203358964319      
rwgt515                  170.9707528549401        -7.3349511336967925      1.18936804875486         1.9835869070071812       7.134310544902734        -0.8325151994904794      -0.21269800277867212     5.628985006986819        -13.016097990479551      4.866087032430176        -5.212012765237418       -16.07049016390048       11.956294365311727       -50.70944719844031       -22.898221913578872      4.078725430676959        -0.0054170562413072      -0.43315559936834086     -118.6451114471528       -56.879350085946356      10.234117422441074       144.60044052829505       -122.71304157829952      104.92638633681548       -140.75016644849617      -34.21040185174314       48.19753672080188        -22.339509980621585      71.67959215016978        29.18557347074963        59.772787399258846       -120.98706591670407      -179.11962077483923      -163.2061641157319       -8.011910491556876       14.606291220088849       -131.99814348106224      
rwgt516                  -80.0024271690294        5.659216617734384        0.5646010281398925       -0.14676698261964383     -5.885938461081607       0.09427734743158611      -0.08375142119442758     1.3516803522923775       -10.053189054244168      -3.557957473192172       0.40380809750741165      1.5735997040580472       6.720497044255133        8.843408391650215        -7.9051419176991935      -0.33010616237571        0.02682975257045614      -0.5609222575560691      27.328930224941644       -84.11375746467311       -44.986570899693305      -46.7531313582881        17.258627996325174       73.9460173976982         125.32097529873016       25.569660866405314       96.43643083254517        178.3517579026837        -110.86345166602253      -110.14867078197798      -19.851600794658253      -74.80803101653441       11.325272331239319       28.69064110574479        -157.59898624476645      39.57330390758952        -145.9683053581781       
rwgt517                  -84.7426270985427        0.6644885416684394       0.2824847474474159       2.561553166906301        -0.6914238851589074      -0.533862760628981       0.0013746570104221645    -1.1400084880754946      12.480679063661785       3.8121504148881318       -9.904909926490324       3.3006604604134075       -5.509080423339697       -0.6967388960323717      -27.403175926382957      -3.751593364474321       -0.12888501709321035     -0.5818783242761789      -37.74468652402686       -114.2583435824078       -117.2858192124759       80.04182111574096        -93.51116724018136       167.84319032305774       104.58820113008437       -137.88293926722423      119.55848494092339       137.40768591864656       141.0293656236434        -165.49795119549987      -50.202521278872695      -131.13494147552296      -108.70170505888609      10.155055374297007       17.771494874895694       -127.69916843414455      172.7910368801157        
rwgt518                  35.42257689500977        -3.612995710483867       -1.086661948546687       -0.5137263073611589      -5.776689000399772       1.235347113627554        -0.5793859440309082      5.697520048377826        11.948975910064537       2.08807894542902         -4.55258502296147        -2.2339404582882345      9.421569343067624        20.850482523198963       10.523296857072324       -2.0296625251500937      0.10817426362370441      0.592152191018973        24.59207339174307        -111.36467684528705      -175.03969905413828      24.285575974147918       9.64704448430598         -147.61562900023156      86.5039184345236         159.18745280907297       -109.37303482904814      -64.79002669241522       -69.47307314465638       167.97872403168628       70.37068458749766        62.39484081454643        49.559666169840995       133.37692847000966       38.48294868906149        35.670145383148395       90.3046452391178         
rwgt519                  121.83306169023041       0.23299554471236306      0.6447747358169893       2.24490835609084         -2.5310062982229145      1.2604445502184047       0.764507390596755        -4.423064873153884       -7.5541252787627915      1.1048787150367554       -5.376707340405666       16.114892401931336       -38.11479348617404       -32.81316615843304       6.609762104508327        -2.386943773232326       0.052799508317456584     -0.42628311724492        76.10598332839714        147.77894601201285       148.54361729560668       -4.9291773947149125      71.65112832035152        -73.91410592618995       -68.07566702868846       9.68023331255094         -6.130881986442205       -44.88280678345595       172.88755305767313       -113.34271479191645      98.12664373452196        -169.70794755828047      -78.07837552731928       81.9822743565324         -117.78966571523674      93.2680115373065         123.91309084111867       
rwgt520                  -140.94408712565837      -5.8220075302111125      -0.378998246314183       -0.7552950280778878      0.8554489373833825       0.4192383461654212       -0.17914926879164983     -1.1943148570409665      4.866879136520318        0.012399394300206978     10.779898132262076       13.523769077596668       5.41450567379286         38.64339291514031        -31.39808887389892       0.2593079433394445       -0.046351688925972606    -0.3924279368333433      -168.61887452704204      64.8123080233716         30.420348332678827       -167.06557659030778      7.954974339100801        -50.60432672561595       -53.197729822823234      -31.011163870630355      -148.50618737159172      -68.88687535458953       -92.6932442956168        6.003288741241789        160.41234929851242       125.66497515793236       -131.70250747247277      93.48170398856644        -3.131239958018625       -69.71680222872494       -25.8112303989316        
rwgt521                  177.2186133169336        -5.310674523779653       1.2853928417409455       3.061141594478732        -2.5268800552642983      1.2863257386218159       -0.7057441946147561      -1.6585990781907514      2.4560984349919757       -1.3081291856166102      -5.586644294473285       3.7220854245528763       -0.5233207452766919      17.643809647651764       -16.330802019710845      -2.9514060080684397      0.1505620009972865       0.5126385628281344       38.577033193915895       127.33970758381014       143.61170146229585       -128.9240201495728       124.39428970133173       -6.963851953629302       -56.074070107949126      171.82427512535554       -166.65922187103712      48.50600304797322        -48.91465477552154       -77.4162055276886        -163.8150898509328       150.19388940398971       120.5631214695893        -89.06461253760254       -10.027344787951733      -37.05663920216293       134.07446800496103       
rwgt522                  -28.80741180664262       -1.1035411243547175      0.30358472332359465      -2.1321456669650494      4.8464919543982745       -0.12189079170829276     -0.5562673619838384      -5.201326967479463       -14.216058968370856      -1.3652324337503794      2.2978714688341775       19.38505868510275        -27.80570204634616       -11.740311777549806      5.412586380700688        3.5619194831030523       0.02760732965777571      0.1415609760404798       54.37386116323529        135.67075074328056       53.72924357198653        -8.0407461950943         -107.98532307362085      -79.30844810683422       145.96909038394796       158.66641439846387       -92.1021250812256        27.457467133248628       -68.01143118717907       67.40181274687987        90.21074503190516        167.32110142441007       179.48377304610017       104.49312045922028       -6.657575710913221       -71.8061610650128        90.36665008662243        
rwgt523                  15.03685280491871        -6.931335796620347       -1.268650752651015       -1.4273046366873068      -6.078390150881816       -1.8126882836481455      -0.41997176067294073     -1.443024137991297       2.4563150369752265       3.485033982097832        9.38110632138287         -5.414218303414124       -33.07839718148476       -27.73758196637329       35.97280661797974        3.7421556512540537       0.1704729768338542       0.5320722649435613       -166.7302806860951       76.86779735924694        -18.5296836891159        85.9215790606035         80.67235219682789        -159.4292169249547       128.36503409818988       -157.00430728423277      124.75997560970706       55.420509335221794       153.61617587655758       29.321869124828595       -24.97771805198198       123.79810694115116       -150.1968993634605       82.4461721283455         170.80572230397956       -51.653149939522336      -21.19951405381346       
rwgt524                  -24.005227587635773      6.840709094584761        0.47569508968280405      -0.8946497345872575      0.37082335671789757      0.827070993525898        -0.05467240904251769     4.672440235389726        -8.27705372501332        -1.8930133275521008      9.534551817454542        -10.130547078075866      23.784030721092464       -21.488588612316267      16.37905951145035        1.0032202733129898       -0.1584256407347924      -0.4612033121247576      95.76168813596388        146.27247020723706       135.85092680365716       -112.07124966492935      -2.1749725854608073      -87.58223128878143       10.334828715581324       -128.8885262232416       -37.35049342478774       -139.63797045798333      114.83468392418473       -158.40853436444308      35.76152551031973        117.64886628459226       45.436045491414745       25.727594442280832       177.60943639551124       10.883793490067177       125.83636736601824       
rwgt525                  152.3019943884031        -5.9905027347300885      -0.6958959966699554      -2.5376908785539363      7.390968105254249        0.5345011852327204       -0.004180794518004127    2.1281940350163593       -7.298968236406685       -1.5790915636707927      0.40897977393207796      -8.016462256895915       2.2063079298619215       -30.879956728267352      16.725676707689274       -0.8068662683579908      -0.13516280161122673     0.05276145706155977      -46.327075098503514      -107.30213609817517      -47.67017257166111       142.22764975300197       -11.479982735208779      61.52363453457295        -163.92683349337372      -156.06148028926413      31.001065458295813       -178.86208610344508      127.76886844842642       -168.14875320267214      20.733624403480178       169.93984167757498       174.00435963228438       91.85419834474664        -121.25293547628186      172.9077243388054        168.3129517046101        
rwgt526                  8.540270334543663        -7.14135966432584        -0.9764960035502452      -1.687151193517933       3.471295713583986        -0.1629365557509912      -0.6503995927028379      -0.9177071489310364      -11.457501529318186      3.783049648726415        12.998668201538582       2.217450923818319        -30.370448911644502      -36.189656956325194      -29.901805723893403      -2.94736038410331        0.1391058134753927       -0.30729942438605545     111.64104641655626       -65.76155212592866       -28.112119776965386      -150.2464921650535       11.334991531881144       -73.67411923899408       163.26117190783856       23.887653343794767       -64.66243433589732       115.35509913798484       84.40169559905814        -97.0257445005362        26.18447938047484        -6.909462197704727       -167.1014574867121       94.18095594810416        105.92671662488783       16.535951749888483       -93.53095945905355       
rwgt527                  43.3214648350602         -5.942519111386964       -1.2905693708548165      -3.1375676264049543      -2.2607801789560567      -1.8189653617550647      -0.6419222963367714      5.031678951695015        7.7587037528732665       0.9277282864002228       -1.5611198024693849      1.1729631588385452       3.668656547089313        12.107625248741186       -1.0148762068506088      2.6858247926219105       -0.16351899928300695     0.58819484820273         173.53200036843418       -156.1285167488906       -158.01197085202776      172.33037057122272       178.88730190502355       71.35258050852434        125.47629425142594       67.74093218935087        -48.02294722366861       -90.71622052672242       89.16264362981008        -34.75866320043002       146.25778279646192       91.00268554827375        -137.59494246513086      -1.9017539403421324      -65.74547113878711       -23.708354405795745      -32.80983357175546       
rwgt528                  103.61468912346089       -4.2229559679741495      0.10406451688772922      2.770645139039056        0.29564474524028217      0.7669256274787903       -0.7646726304413384      2.1019388693427734       14.703012721303082       -5.955270419974663       8.459289574735546        13.375781103835948       26.15806326033899        -25.272415024145065      -7.983870457631021       3.586179831091531        0.17423157835724662      0.2508211028019438       30.61322849289604        2.1793303273495894       -50.610844639331305      128.37865145004588       -142.2325788007089       91.81532688720478        -23.2029073009017        -153.88913292671316      -171.48625375069068      47.57798005178714        37.528403833911966       92.46437263936053        26.18442531672514        113.84307503317609       112.64601313875619       -169.09470260557703      58.868838932269824       39.71458817083851        -60.41424194038518       
rwgt529                  -35.03136369178284       -1.380381421894568       0.2556329234584991       -0.3910631373718707      -2.540472582789967       -0.6407475635390456      -0.7550569862150005      -0.8149012438846137      0.8934056209350558       2.0906118273693224       -12.842413203384123      -11.851403535528656      -16.33601008917564       -4.5798198410225766      -29.264526027254803      -3.998689819447496       0.15133430042038015      0.2047995623344786       123.69986749450271       -1.817810421529316       169.9903380943221        -92.53762649388928       -92.55167349283103       1.8912334984205472       -134.99386556302656      -148.77230608385213      -135.65543601076055      157.02963892052156       101.74651368487474       -40.65970527608724       -10.918708414021353      66.67534483733624        -84.51164653450479       92.61808681523013        53.15894339263315        165.5045352789291        -87.46737318076065       
rwgt530                  42.576945132000446       -5.389107037646411       0.9505307379922316       -1.4274691467031895      -4.370802539656696       1.3213912692057534       0.31082782124171504      3.111747375611725        6.2059232924319865       1.9197184284872986       15.437628778902713       -7.640148240413202       29.939351147752063       -4.155221869936604       -8.312772415578507       4.055461082375816        0.12191932243304882      -0.16952823620446456     -79.44484365530145       -122.15061007734288      -131.0994345567614       -139.24235183676         -63.27884033664678       64.92734852343628        -173.31805603609388      -1.5612032411015946      67.9053403159312         -44.579678317883946      144.3017671483068        45.26588860483858        157.293380272452         -160.30423218842103      -28.74184310679894       -123.37478244994917      172.64452562238932       129.47781822983035       37.761626788327334       
rwgt531                  10.189491916469308       1.6457090576974336       0.1084029139405287       -3.094698763150264       -3.108627661240469       1.8825942468468795       0.16265552555592422      1.4403015813391944       12.166117878138465       5.811321533286314        -1.3502604269187763      0.7319051435888042       -10.833924713517028      -11.896937549002097      33.96560046954721        0.6837615187031716       -0.0702392850110201      0.6067680242626118       61.629036359481205       76.61034895887195        -125.10665881947075      130.51420317281668       -107.75123116349249      -136.06564780128872      -55.26051633237289       177.01905371230106       -102.75947264186306      -138.39078010755122      22.20477646500271        -68.99304365358829       31.09880677622604        134.90629396455813       -172.34813110865787      -85.02817434192465       177.20198451620155       136.38969428166888       50.66099882376753        
rwgt532                  -97.47457273067657       -6.135185347447685       -0.2566496060163157      0.918809699716463        6.177431643114604        -1.4882790136729764      0.6559489077642087       -2.737764244817475       10.008695126335791       -3.9480948580346924      -16.966873284187407      18.644703636110158       39.71660744354686        2.061911584043351        12.476070284996602       -2.49964592303451        -0.04812685661246438     -0.5533826671312648      -65.31126561067279       -76.55290814431538       150.2945019367217        107.0655550913844        -140.6499416970477       -100.71655188098362      -39.15588264905108       -63.62922198219057       123.63517508104712       -146.46495538352053      -162.2111633817707       -156.67979154148537      -145.40689492475752      -78.38691587145361       113.04808443259697       56.91124625689781        -64.16333840829826       -29.65634521443866       149.73242982348887       
rwgt533                  4.320119698179212        -7.332114553585824       1.0414618941929599       -2.0208484308080057      7.076454812751759        -1.6205560822904763      -0.26641677026366073     -7.069139415675946       -0.22173736494621288     1.6402995201808181       3.4442427185984776       -17.05384026806103       9.711105563182862        50.01740235021052        -11.223080917759102      -4.555074773147568       0.17060105912361984      0.05842856804607932      -89.78493591592466       -67.37928725960343       160.13122659791054       -86.90600225996393       -126.22144040014032      -171.70046431788032      73.72558218569728        -77.97002585671997       159.7559266493147        6.37645824429012         -116.85976219941705      161.72076298469176       -148.99984109177456      85.37526063661           -142.79010635306966      163.06538997451418       -145.36932040389775      -83.09464672390675       -150.18393400818763      
rwgt534                  162.66500833124246       1.834421957060596        0.5926043308160429       0.8090882936713046       -2.6526795058628885      1.1510132805628621       0.4301307409022901       5.337080145096432        -5.188043381077888       1.6871106770158004       -1.246389611511571       -6.615030033504173       7.338331745436719        -38.712509374543885      11.907365619401801       -4.409720042876758       -0.1550577326957979      0.4962998179767705       -117.47494841437128      -42.51279921533995       178.15053465829567       -24.499285354717045      -159.69373137505778      160.20245933144002       107.21020729056738       -18.450748732845938      100.73132068430101       -147.8130141710564       36.6540504679389         143.34506096162244       146.5348440388682        -40.827862008758444      -11.033436789027434      -34.67620676054284       51.60770048385129        -50.208164020095126      -7.06381330188259        
rwgt535                  -38.68648494567691       2.810351694318375        1.1114405989141571       1.8055905948385762       0.8230314893246486       1.4335109860452584       -0.1793236026923135      -7.1788336676612365      -5.556048599307495       6.0069732681167025       -8.513070852626363       -15.868295746426842      21.57021173656051        43.713625168936105       -19.912452963233633      -0.15012148449565021     0.07758986949218316      -0.0034319230945452084   0.24252317530707046      -121.80778108444838      63.508912376159344       -136.1028006336939       173.59510845681683       -66.42149618309386       -147.0040088580785       48.07036923650739        -52.717580043836634      120.87776495959338       -173.72892900071622      31.840226000784895       -165.3341518762073       -175.01532728905818      -108.82836408249963      78.29623493414118        -30.93787820128216       -7.285159847661902       -8.344327324565995       
rwgt536                  -171.56689255431988      6.957645850625172        0.5958829524059543       -1.4623842972586556      -5.9656383566497455      0.5626953676452171       0.29072071773894126      5.525041496784444        -14.089406465706745      5.817223948072558        -10.615181584374884      6.041868266485903        -6.235820518520505       -5.884917401768206       0.499280957789459        1.1160620922650981       -0.013226353323279316    -0.5365298882793988      -103.38732225425557      -56.63437679184652       25.966194662455962       156.4190136782089        122.2014169208897        134.8467049342642        84.25854933587613        83.10897586120126        -126.15472735492266      -20.407420999671956      14.568617152058323       130.39888842607195       117.2008459206919        -26.225950596570726      58.82496998211528        -103.7437875945032       -166.22333678326666      -69.09658976993799       -86.50647886307752       
rwgt537                  123.56451601139054       3.9253489429761794       1.3051660382784378       -2.4908351641014415      2.5434586397199226       0.19432371173854301      -0.09965182725717958     -6.601145092999527       -6.038850205762744       5.140341274965733        -11.267554116018758      -8.378526489044637       26.423039186299746       -21.974128272101517      -37.12640997352237       -1.6943700927921133      0.17498142288238788      -0.4681494470030467      99.00366199192308        170.62561277870265       95.95288037686362        -130.0841631104555       -175.75828809304244      -90.0688242912762        149.19010929043077       -113.22942516286865      27.962844954103048       38.317459516529254       -133.4966586589254       -170.45861739131954      64.30083553610012        -109.17178242021403      116.48916896091634       88.86965467009918        -44.834168253118634      169.75504695850213       -77.28229469526457       
rwgt538                  17.039659456346158       -4.48514516227629        1.313422665369061        -2.747356345438965       -5.0022347508026055      2.0707997021917737       0.037714924813622375     -5.9111994125263045      13.276430232016082       -1.2680884525421332      -2.5623511961203036      14.083631290132814       -3.3631829064950836      -49.85003372603162       -19.494017917762083      -2.8216055575309014      -0.137588187599483       0.14415518384801362      -26.621547441159436      15.164816052131698       -136.21029651669986      24.309969966248588       122.90519100450916       48.419307348166285       175.83948549535086       170.0749233204458        8.783627996688551        -42.845793435652496      154.85794120019779       102.83386853523757       -70.37513644663409       65.8473205789719         28.909572859239034       -119.72186885919578      173.81248507056046       -158.88007924904966      161.79364761156745       
rwgt539                  -19.805416910575474      -2.920832488156327       -0.10573321905034572     2.1695278550361454       1.1902056203059743       1.934923001968588        0.2397945959810106       4.032832272863492        -10.807952146698819      -6.413668264319417       -0.3645473587638399      -0.40519479595743135     -14.507022188293899      -51.63017179403373       0.715497362182866        1.9429287827636186       0.10111366789126947      -0.4013535005772859      110.30429175509573       151.80471635445957       44.8955474920966         147.63514138234706       130.55447640139585       -67.0567934606504        112.00738190151276       -47.163689978804626      120.271732639231         -16.355565457517486      -45.43971222242726       -147.94767847962166      60.32014416652001        158.48297898803855       176.43135961432745       77.33750682858857        -24.02613709942574       92.52756753780739        -149.1587942104544       
rwgt540                  129.74482478657347       4.812754913366454        -1.4541676018061376      1.6911305730380848       -7.227231516245227       2.1418482654659408       -0.10221089679647444     4.503239979423236        -9.0371176151166         -4.523692709792222       -8.498692974705124       13.272315125415147       -34.91458742152152       -12.253475696732366      18.037540091324153       -0.6556336550657242      -0.06646669480865156     -0.5018061220418737      -127.54935213294283      -72.28399532244423       56.69451260037161        112.25308385592729       151.69291041412077       -154.32265714427032      -71.10940122643697       89.12357446006479        -12.093039379808232      -147.71077391047848      174.38441219587742       80.95910169224453        12.16407427687912        149.2817431719841        -121.91338738840363      110.56945118375279       -106.15523420797768      -116.61743486929521      53.1063498995496         
rwgt541                  134.0032159304938        3.0632995610388347       0.7855468900184903       2.1349499578486135       -5.780810491428499       -1.9031749809461662      -0.4671735668529411      -6.0856267128360155      14.078398300979774       1.54628677790945         14.94078058516083        2.165030998171485        10.638077583869823       21.175181449980016       24.93752946622015        -0.63491086023219        0.1100539433665706       -0.3068282047143425      -178.1798188117412       -175.15684826426764      53.013455601850296       -164.009171552827        8.251268796364513        155.89505914896586       -142.34924662433366      -168.49452432216776      -67.83706867566508       -175.76021356204842      -71.01296730293897       51.97111065207184        63.38844388968673        33.36852030355689        109.49284380071828       5.231955997218051        -148.235160365451        -159.546484525202        173.4370493803355        
rwgt542                  32.35333930128044        -5.280674846292536       -1.001730094783915       -1.3970679789243694      -6.937245008406651       2.0409892463822845       0.6497149246144345       6.175497085406605        -1.388150129278653       0.7469204594028565       5.254677109559292        -15.256775574125767      -19.532223594176873      -29.221191125839397      -32.03415061017902       1.5471302995993934       -0.12697315088336678     0.4846209768278761       95.88546463056599        -37.56155316459237       121.83401109914115       54.93321952955972        150.0139415863992        -56.221510491890044      -103.42644919772461      -69.64629097717082       -18.841614199705475      88.0097479896325         174.2894462980504        -132.69404042800048      -147.13213012192904      61.56637715966292        -15.130868289436705      -114.5080239187573       0.28297174162776173      -138.0289819054343       -7.0625903165237105      
rwgt543                  -89.90119029056993       -2.4066521797755343      0.6297163685567446       -0.2608901454984087      1.4190955655946382       0.48240098605097437      -0.6383240641844136      2.7007787319822407       11.40515281359082        3.112192037078124        -3.771263560029812       5.789330192342248        -13.81923744997588       -0.043218305689777026    -19.848048269195793      -3.998715821857218       0.13629746236575224      0.06268715044931472      -148.71020154059264      -121.12134055198521      -109.16229455665062      -44.907135785492244      -111.83672697739333      64.05051297407624        84.6841676896642         56.71089144043626        -9.469048025619713       -117.97021890329523      -170.98592837673272      -58.663726223329576      -14.945696925863842      -15.752082482905251      -24.67526581243891       124.11123882793152       98.46646021387403        -84.81686747597375       -179.1975748415776       
rwgt544                  -101.79609428716758      -6.961451370225264       -0.7926312487067017      -1.342968142194926       -5.356394138394828       -0.8606593467717512      -0.5379369324345618      0.9318367274914712       13.57554252802602        -3.57660785400078        -13.488184232548985      19.02621805892926        -21.91003350536004       -30.568307522700913      -21.9078863671939        -3.8489581388706586      -0.05770053015734053     0.4349590249287584       92.2052599614484         11.483699987914804       107.50713797298897       -160.15753041495978      152.3831326003251        -58.26640369690584       -5.154759996791739       -87.37382637652499       77.19564856744853        103.76098662782556       -176.22861096383718      -63.76212718631949       -88.43242699946074       -8.883875392505246       -113.2393078072503       -66.14597327602813       -174.98992406617518      123.24718825461395       116.74693486942516       
rwgt545                  144.40546011800143       -2.903595656267993       -0.3291790427412671      -3.1025306992148027      -6.58140348619264        -1.6399174246451034      -0.24554544502153197     -3.9859872617764425      -3.39184008313309        2.2151869499103487       -1.8255120701788599      14.27469956665174        -20.68846581434134       43.087300324228295       2.0049790153341576       -1.3002279241011006      -0.14639907394044738     -0.6114363030094573      110.5518588725464        11.96990277122714        -97.54122300257913       -5.010576538008621       89.91921980680684        26.97212544764119        123.62126803286691       12.309856720936295       176.61643855218972       -44.28271105339485       -143.4904848443778       122.51083883729837       114.46288944164274       51.52341417635341        -129.46727154191515      -139.23235086883685      -34.001241911699566      -167.5018658977703       -122.57203097616156      
rwgt546                  24.65594411276342        1.4258477854366403       1.3924231358507362       -1.0255289174035274      -6.571702654696895       2.0574200912707465       -0.3756705467700569      -6.439603277528083       2.8362108486263544       -5.1899633281124595      -10.131428698996553      13.17600858029654        -32.97587134988572       -49.09448714874044       -17.693558182458293      -2.2999251487396357      0.03506805534434579      -0.6001672896729181      -35.024925893932306      -86.13879980027205       -137.29101341921         42.467199046219264       -146.3261814428458       -26.65385819575505       90.98977556736531        99.26011611360707        108.58671939157927       -14.033640816547546      17.637759749105896       161.04737216783542       -136.40476265994084      175.01864441809295       133.96514516540248       -130.25236423318574      1.7382869740662272       -29.81701553440098       -82.81085664973305       
rwgt547                  52.99695168617009        4.679966884424478        0.37859287232514194      -1.302768942503751       5.300727574449899        1.9686838504838327       -0.646932122674875       5.677500589117302        -10.864927046894454      -0.7572165406388756      14.24347670788854        14.480995559416499       -1.0114962878580513      -10.824828942368185      -6.84059403074815        4.721618541091118        0.11564733151058254      -0.5818121820566248      -177.5696704142752       20.40700136769013        -53.95194040471634       -118.14727625296601      158.89757504648145       -0.8015089091398124      63.7404524244827         -37.29546739439655       123.69099153270508       79.61278859790593        156.14135564747903       -63.4656940319983        -27.38012387666808       -156.8119756587741       141.8587722667197        61.95925882530051        3.9363260657467265       85.10236715473263        14.130660530933028       
rwgt548                  -122.37402003163189      3.096051684002762        -1.0287301073892683      0.8451253205963347       1.036046224346002        0.22420243039648335      0.31837864006524197      5.515787691812158        -13.917494900809936      -6.041413830043595       13.97204953611768        -11.809240613365002      -42.22479370274609       -1.034893688188319       -1.5990242089519526      1.8776120278673618       0.034343407188746455     0.41844636523794765      120.7789785677038        -51.47833892955438       -20.846823391869805      -60.20202923198826       -139.54514572959368      133.33802428614297       -29.247021018861517      -35.09916240171967       178.47814616173167       -96.24703770995896       177.45794737714868       -2.534308886855001       90.63092787089141        -24.840370714575073      -110.24900959946886      79.38810639432978        31.475973134520444       87.70933330162961        173.1042531661871        
rwgt549                  -41.2639292372875        -1.9224715567205664      0.4388782121331536       2.18715227714541         -4.992239408534419       -0.764127205859811       -0.03415654732051154     0.5304813444680656       9.90319003552166         -3.057956589427796       -5.360552046369005       14.496895042638329       -28.05697746862829       44.202374747659036       -23.086737358952746      2.0549387658719107       -0.060763903883409465    0.5063473376149307       31.9352207120142         -96.73181945925491       -176.1477437345749       -25.92268729958525       -166.86092601843782      6.585169898677748        -172.7703699791781       -0.1043021321819424      177.78438218153207       163.5398309644401        -124.10602967963233      -153.88305086042453      -58.3964912061473        46.52478315749781        84.8338743816372         158.6018356596798        177.3841327558082        142.65517067548          7.778802705350216        
rwgt550                  3.2726195285080166       -3.6896139535579184      0.7552015362548545       -1.8668283100012464      -2.3218608645709216      1.9251179042696873       -0.5851817491173816      -0.4241824491539825      6.938601760925565        1.132899305464524        -17.129684704810977      8.95610337702978         24.636508675529157       16.507194745793242       6.662867167491484        -3.837730632948807       -0.10816307199301418     0.5820253413843416       112.06131646272405       73.91231835640528        75.88312316414911        169.32798307754206       38.18835470527182        167.36119274311966       111.85756204745661       99.0956698799489         154.2518180395972        -1.002652890954522       -64.41735421342354       -160.85977622305035      19.594266127519603       -14.619074672877701      5.851994842135866        -28.560249916946276      79.82919426113483        -4.1736405517615935      -64.22560948328852       
rwgt551                  54.02177930958538        -6.477838883565488       1.4618422719501536       -2.1309035502631133      1.1375578844894854       -1.4637791260905137      0.09627065371657917      -3.6087106824273967      -5.827379925854686       3.317588259363866        3.9873447307211443       -9.773817705975938       -25.45402206166405       30.354001942552017       11.272603229181364       -3.6580521360580143      0.1519358307149154       0.5274808590235452       -3.480969297686727       4.46652719318331         101.3114477200254        -147.77794121555777      -59.026964794767835      -92.1040378586662        30.974553322912726       -93.58245708805421       -59.89738594034688       -166.4517421485055       41.88305174758389        60.42754760312363        -172.38882306920192      117.05244197336873       11.819462614560223       -69.69746618759433       151.50634459170618       102.3381767186508        123.04795660008295       
rwgt552                  -165.9780469842912       1.6690670100313865       1.204367158596033        2.557712879661355        -6.085990179065756       0.13973931222113034      0.5670859337517054       3.132225162207699        14.042794487052763       -5.072124204786572       3.2841068449782327       10.035508371884475       13.882155786283647       -45.85391615302836       -29.810871944819926      -2.0411160549991783      -0.13825891826484707     -0.41653726994126616     175.82334569752254       178.17983509230993       8.854815601022239        139.38172760022508       125.47482820273456       -23.155301055334746      -28.771802369308062      114.29386581544787       8.014128742696244        -40.20625524589278       -79.96583337964925       68.45731164879777        140.52288416777054       -6.4871919159649         -27.32415853752417       -158.75709185196703      -165.38595982258985      76.99355094281538        -178.32489944971448      
rwgt553                  132.4429211216829        4.143752848127153        0.7545851119965696       -3.0890599261196305      -1.122795542239749       1.9606926217087826       -0.32983021689142733     5.985365108243413        -11.985459348005381      -0.4083035231507708      7.693545831077515        -4.8794409554981115      36.31634437114069        23.26784220490157        -10.909755630863412      0.037705605594998914     -0.014034883341767057    -0.2246891377970921      -145.89755814515865      4.491314901928973        -162.90128753678863      -47.68632148126437       137.26652722213475       40.111250777424374       170.57152367016346       161.72059815200134       -20.220142463789927      -101.7507069595587       -142.3765108227765       133.05272413004263       6.274662651471402        -10.970164213288172      115.70427767990066       177.42465488605552       -62.11682541261304       145.8178388233083        -36.94566665891614       
rwgt554                  114.78967044092735       -6.377305670145213       -0.6554143020776589      -0.7253587857312853      3.3949959263815597       -0.06834214981064468     0.1107273839083619       1.231665043024301        2.877607528387596        -4.3532292233999295      -2.156619326248954       18.175142496580598       2.0924290532342766       -30.368791905603217      11.238850775542105       3.479847041986007        0.04256552432519614      0.42879604136859484      -38.72303745829748       -26.32361954216063       -43.56265122822063       -1.7007026633590954      33.79779812391837        -76.87464602151782       -80.6075919285109        113.31415113202661       84.03007964159491        -33.26472433415495       -91.03908064249937       44.715387203743205       -21.360429231720815      31.002513019515902       -144.63956482773688      0.3131774610642992       70.50231054293741        7.051457501821176        108.22113127146571       
rwgt555                  40.260823343737314       -3.1360605201148726      -0.3161005085228483      0.22796954877822184      3.7239802305176752       -1.9877044912536785      0.5754814189879625       -0.2249032054898361      -6.698000750060386       1.054274570557177        10.372723138686176       12.220666140844564       19.893558801448073       -47.9068085523914        -12.476537874879423      3.219871021408517        0.17075141729668142      0.017011768086910073     66.35556479556067        75.8274302614264         85.05440254489218        147.17418753904263       71.1345198398227         36.27670969153877        -174.14988391825827      102.60921466982501       -46.95917374140416       125.89234997498426       3.866980998301983        19.50898304138775        -43.58294628920521       -29.38472606672417       32.47264355824967        -169.4759140159858       -122.82734710564625      51.06484652502934        -20.881664928645733      
rwgt556                  1.0420879518526363       -6.394608017333752       1.4625242996259933       1.1223274684443965       -4.991665753947648       -0.15259266038899        -0.1048186857366672      3.0831044386639705       -2.4199718234952776      -2.532015802478124       7.8946553054697866       11.84362328838169        10.181819908782131       9.229518776071458        37.78918033061812        -2.8725377645477614      -0.0504935699214383      0.46857814971804934      -175.11802559615782      -77.14672121518842       -9.048519670487678       14.52731173439335        -0.5851445809605309      43.515718467933965       -135.49274346558016      -61.442300672023634      62.21680536439405        67.57445247013936        -136.1833150547336       70.77985320621738        -113.32693667474862      123.29819842852771       5.766595137466908        146.64986264952313       122.28483987866309       -146.4922729024829       80.54520366431905        
rwgt557                  96.51191590986235        5.284925191964164        -0.38384530716961174     -1.8108386374951735      -0.43103133268464955     -1.9617057867419443      0.5743538784437168       -3.25730577471725        -7.704079068267854       -1.9502282945710077      10.938657341009808       -6.630071633375076       -26.551995384863154      -6.096805595547288       -31.00602089290309       -0.15450090083873036     0.11831635151649877      0.03507863663660149      171.43511757480803       18.159479787777087       -42.71108927315794       137.44309504518276       -93.01302338737815       94.11809663992216        -95.1270198149979        -89.04992391029899       159.73396858366436       135.2319406794461        -113.94389111716892      -33.66464691582817       93.1000637112457         32.87796366561446        98.37536649690554        89.21208692466865        -55.51990154644527       177.01030381972356       -94.17890934362376       
rwgt558                  75.60002597316145        4.579254654531868        0.18355521259865237      0.5276362453282011       -2.595824987257645       -0.07712467435378523     0.25359270685708935      -2.4000224406313286      6.779289823122184        3.6258337791745294       -2.8177053100796883      8.967330535934554        -26.105148225820813      -44.45796600233517       -10.325818087825379      -3.8989728992408375      0.14917173832384317      -0.3722784564559467      172.09624571576626       -92.40972762040109       110.61075372407066       -50.89256341351688       84.15916297932057        114.61616845166998       -59.63545141175945       173.0841433828624        14.61456819044082        22.558692134504497       -85.6930212395817        -161.98316133942157      -72.5129425909028        -175.5651803281906       131.5786689736512        15.372510462951936       -40.81878950898141       -63.09019740185175       165.73636111421854       
rwgt559                  48.62401663816334        -4.163072978127465       1.0123652973914956       -2.948813771801611       1.8131023173254093       -1.60365576407678        -0.04174672371700194     -5.9323199784275715      5.634237026046954        -4.389230437722206       3.079452155894586        -14.415172999052526      -18.075404347068226      -39.036955499890325      -32.55904943895305       2.9773421455277393       0.058397741140474746     -0.13659226065068025     -31.394510959610614      130.99492155127712       37.46230877247859        -174.24494970182008      -72.79108354618147       18.92394831111494        -77.85361989516956       107.36462655153753       -128.1898061073964       118.87516846900792       -83.34870962890739       105.18854444529944       -68.65655726801259       -124.43630676219183      85.06770401835473        109.87647018212141       33.93729592059191        -144.94990910374352      -106.18710648737152      
rwgt560                  -88.22668465685322       -5.977536972717692       -0.15924356890275537     1.3375673128285346       3.3757372676758273       -1.1872484117982318      0.19900961949974705      -7.300967103781683       4.210691595802377        1.7558500197570623       -16.298253936857638      1.9829384681722217       42.29835449491915        -16.02152299116547       -32.30991737985001       4.196811004774718        0.08171393465287702      -0.4503167880420107      13.342768664830373       92.96557635383243        161.2225676915288        -109.14967558298015      -103.92079908746986      158.8290460277808        118.18055504288219       -33.56892480359696       -174.4991860284824       81.60987750548117        54.916831207574745       -29.926033482067794      52.140958220957714       -67.9252805507961        82.9743362071327         157.2019603304932        -133.8697826994665       52.781034690088006       19.893840721154362       
rwgt561                  80.08723180597951        6.603012586384021        1.2890043238785853       0.6486983810917373       4.7309191698685265       -0.6489295427696771      -0.760797108056053       -6.340117016474353       2.4290586529037164       -0.5768346009387697      -13.657995552185248      -3.4388750104942467      35.419961616835096       -28.225634581471937      3.7898059860383526       -2.743175547487484       0.06089832759993147      -0.4624644364556757      137.6939701795252        137.0257979130003        3.886756016247432        -152.9768555290295       -174.04664288064515      -56.48571614216439       39.651742563921914       25.973337201034752       121.52335359271092       100.175835313672         3.1242038962955405       17.91360197590126        -72.13050679883142       -2.9822545910894007      164.22563385684305       -32.134559951957414      -65.27997182047325       45.71044506146245        17.35547503921174        
rwgt562                  -41.98215498662134       -5.394119599356416       0.6708038997757273       0.9093028028631007       0.10429074046119258      -0.6815374661900064      0.30987626490864817      7.577308416371946        3.024284042720428        4.852142839760342        4.12994833535544         -5.262588660606065       3.59236420086156         35.25626655386195        19.991235568937135       -4.180574708753841       -0.15973473302008528     -0.1416599243619548      -81.84977901424124       -116.50565422008856      31.573065811251894       -97.54068133563426       119.57661917604429       -2.2743347783604975      -43.62913045032616       24.887053129243014       149.77976460120163       145.90204079113192       -29.32016981730493       -59.490744594548545      -22.963573125188617      -173.5528589800152       -127.56971200668872      22.79664465425836        75.7079649001252         98.89257051523674        -148.29032064754574      
rwgt563                  105.98055123115239       -2.1601904481517504      -0.8663932876992797      -0.5700264325884836      4.959989372433899        1.6085911644036845       -0.5698128727397771      -4.863987656066964       -13.49041949258252       0.023524817808825205     -0.8210050688171329      -7.39672394991341        28.581155911773507       12.521846700112121       -29.459290339305323      -3.8630004938597637      -0.11006456119942491     0.6065044231185487       -136.87887372553263      -145.04309324948485      -115.14928472698084      49.18873413033563        134.58488702516587       24.659724925902026       48.8372551610897         -134.72132047196584      -161.14042615135375      57.379246835248324       90.00896651979076        53.74035254617269        154.4478634649222        -113.05519256378619      -118.98332442098558      -153.57773008810258      -130.7517283211389       64.48685455521391        -51.05432407606597       
rwgt564                  -145.67380608390883      7.159457928332411        -0.5605433005826833      -2.150611799575584       -1.3972657946752856      1.0333997964066421       -0.1882530865196237      6.0006614101379805       -7.858965964600678       -2.762091297342737       14.691557555000813       16.784522213876848       -19.021254292250127      -11.205144529767189      -33.07889823719135       -2.0808494300240765      -0.04646728175577852     -0.07630283229186974     -144.24750631947566      -6.630152451654823       160.47200856686692       -0.1190713636473788      -60.096706802719694      40.51444369167044        -161.23400290110732      91.00580407941169        126.16330931218442       117.41772412621918       59.340452209757046       -35.98471120822313       10.577612804651238       -101.59320275559445      30.34253817373647        31.70748253416295        -126.4923570335736       -9.461387041389486       84.77214300463714        
rwgt565                  3.035873476158855        0.07927870974109119      -0.3581201012623758      -2.9392323002335417      4.022365675031379        -2.0365597048784347      0.5258717664998676       -0.7887979165919266      -8.908115517502445       -5.849001620139312       -14.197966097009179      6.748149871173062        9.269037478659136        -51.65142977722559       36.47251568435816        -3.4531514965522185      0.10349843573011819      0.3803366045253277       96.99397205499207        28.16199334188292        -43.51255935680123       55.22180626988646        54.1835451944452         -14.158661162578511      -100.17915200963594      -112.9032296948196       -147.4346145355821       21.810262925312287       69.6106226184962         65.37117566429788        -6.284246583415722       147.21776731855533       -161.66565497004893      -37.12652640916443       -88.52029952314938       -101.40285648635931      164.398564778084         
rwgt566                  -6.6189118109540175      3.2311709508788367       0.9845883476537389       -3.0231182733269084      -3.0287934999265422      -1.8345934822469796      0.022384452726544768     -4.474856096825263       -14.707155026899278      0.2501379282913456       1.6873009708890798       12.93963686994254        -12.148900907186722      48.04818738647879        4.127290601076474        0.29753991088777276      -0.15738963060370784     -0.008290164251005261    27.834593106597197       -122.87559882018385      -143.88134144290422      36.04192448251737        44.47919108120533        -121.71059639441464      42.891104518671085       -102.31161853079303      79.15351398353431        147.30114204288623       -90.22526664727661       -75.5786462788783        17.06314961352939        -32.582512057540356      -11.239904063184127      156.6031460404128        148.60590978143557       -5.206308111952012       -138.08302834815635      
rwgt567                  -72.56231393691498       -5.787087554814034       -0.911891885382497       -1.859950993975459       6.828809168586126        1.9903610177866216       -0.4110130313423073      3.5937876924930423       -13.762874150374966      5.976272007696478        -4.74894244151557        -2.7533552142540607      40.67541065105861        1.8940342053411925       -36.86576721587892       -0.44961276061170885     -0.04002190339699907     0.26305349611615636      -18.551711193988922      23.285914450526974       -10.317138242589465      57.79447413420422        -97.56739116780236       -69.1135164758236        140.53904284790144       -150.50710714720987      114.7455716733703        -64.14264229914968       174.3530178221643        -166.45380021178428      -48.99412521634275       -59.50066184067681       -69.61052959705664       -78.1555060259602        0.6056307267344891       -124.3573247753296       81.74052941622028        
rwgt568                  -81.221224880381         1.5271875662865595       -0.4378657888647304      2.6406081224525106       -3.3644684973691454      -2.0617378463520906      0.7330496352690024       -5.411091397955895       -5.852916174661786       -5.118523556621923       -14.015372263958717      16.997546757641203       -37.28110696982164       -40.24948489743855       -33.004149459681734      -2.6741468601394134      -0.09183776933740886     0.41972895277287925      -4.788746323121131       -27.158723020694907      54.56086506128719        -163.59204619927786      -45.491336445812834      -42.7564139377283        -102.91227379257387      -166.58593872674942      -77.6418329142816        -159.98245546171677      -127.41497798619912      54.30241895075707        -17.806212980025037      -139.9997610338224       14.329445526240221       -165.90182495474224      -105.72721409714153      -28.502887836474002      -15.545818482940916      
rwgt569                  116.49319576122258       -4.603692998259135       0.19249276494306478      0.339891819773833        1.2055324092606554       1.2135615664068542       0.7602606795845075       -7.693815492191689       9.150700724213195        -1.1940898855542006      3.986089685229455        -18.44504402652128       27.064940406132365       -14.634786150553005      -4.4919391719010235      -4.317505818890299       0.15453128298107816      0.23707685245315835      -179.61482941863852      -171.9523129678806       98.59249953558339        -59.760319028032725      -85.73083531229155       38.65158019159179        129.09827767540054       -55.518225206738265      -72.45858334030576       117.26943232298282       118.70839564408419       12.653798147424936       55.363647773619675       -89.7046909968773        -115.43100486689782      12.951720308165392       10.20847321760931        -128.54747918718647      165.9210107295171        
rwgt570                  -169.00786827704687      0.8514594205025618       -0.3406739323572263      -1.578840044295673       -5.400354873347277       -1.1903434234974393      0.3715105256032607       -6.369510678948826       -6.462732188335943       2.074131903492047        -12.405202539311281      -18.315531136916807      -16.091117254267473      -31.46739978571036       15.972240853250483       2.2494316613572325       -0.14244961275093343     0.16817461879345352      69.75720930374504        -76.01279641014017       -62.79891872264129       -88.28963566893356       6.133977253887508        -151.57570472559155      -127.1457936675296       -156.36140252884832      113.53507938895734       27.061171091235337       -75.75909845774491       41.16627035343595        -61.32165011432062       -30.777212117854674      -55.31110885787648       141.8639546204921        27.014755183899297       -81.53443917269378       -111.8054352309088       
rwgt571                  -143.74877451480305      4.509040793106274        0.372603324509148        -0.8108036314442444      0.9735484871730815       -0.6153455246384418      -0.34732286889113956     4.117437309402594        -6.897000613446398       3.1742307829557816       8.811026804338717        -17.4587080562019        43.8374011817331         -3.285469708924566       -1.9724043396160837      -2.2854899453213857      -0.10789868092888874     0.2668643971779623       -100.57092870269832      154.14341612766714       7.9860199266233565       117.69964748079553       109.62941232234351       124.49695959919546       -27.739103641146045      -29.424308761567545      -169.24855931466465      160.20999550646832       -145.6548832464133       127.16121088574414       11.344323118562329       69.21638871222379        -116.65684955874708      85.72340687370104        -38.08301707288558       35.491716792410045       40.351563557381525       
rwgt572                  151.23078505483932       6.795832916100003        0.16618599956040647      -1.9213751024795485      -1.2600559247456973      -0.19123671886308902     0.5651518451630004       4.895391329592127        -12.46575346318263       2.786318481758334        8.783391863919636        11.479058962019796       -26.222190095884784      14.32416630386102        15.404533090164179       3.2715818560406262       0.17147829508561285      -0.6192756994806774      -49.76136004679532       121.12370006802541       70.35693011369136        1.2123296279689555       110.84800666978106       175.5401651437736        115.25998185397401       -156.05244366686924      -118.76302402318132      -141.2666516686781       59.955820752769995       -76.69185592254166       -140.3292189712106       -83.1159772945436        3.8932057292961133       108.90728241978263       -42.40643408698904       -92.96284285022818       173.46511597180557       
rwgt573                  -3.285746596908467       1.3398204492167922       -1.1488935621218368      -0.5044714151941729      -0.11342925492683253     -1.0606934535022081      -0.3490265067600832      7.110612572013191        -13.148395130005458      0.2127941614410629       15.135809330556391       6.838784811347956        9.514453640888192        39.20235411055448        31.41605652481833        3.206830862039965        -0.09512369544482471     0.023367441675914313     165.40990325934348       -41.343436046229954      61.0789770105163         -125.03393260160883      176.0435178426576        -10.108284070021654      117.20362732428475       124.30404097634465       -4.282401932726685       -105.31848498887041      28.83336252283101        36.95907753340373        -155.69163955004078      48.5093835776043         168.07332423176717       -75.81984105534835       -148.67555258253003      -18.442299335935502      92.95079238793465        
rwgt574                  176.31981270905231       -5.452611654123832       -0.5789053022083643      1.8291354860337083       7.166433132296808        1.8834545583846105       -0.4868298925931299      -4.841847816994569       -6.123078324288949       4.304022805379308        -4.1710590971259744      -14.5599163216049        -15.092888325903772      -12.075333498803268      31.281155718939416       1.3999078115855932       -0.14878730073793925     -0.04826688210623464     -51.96835538018266       -123.37219738999563      109.55318658307323       -146.80357292497425      136.91835548557225       -19.71453348706285       124.50818458786642       -167.41110764052928      -44.71432203011298       -97.81330909237272       -126.28040888962371      122.39397641873887       -173.99903425881828      158.85433287216347       -102.66467693757075      169.73553091980568       104.98503559359858       -92.3501773010295        96.66609259665807        
rwgt575                  98.62990195184983        5.686251765809973        -1.127696610011044       1.3685748149315504       5.903678926318367        2.1010868194085206       0.20620293004474344      0.36380460992686725      0.42761582118468766      -2.737311418157459       -10.536278418298267      -1.8227393076265308      -29.269172450582055      -36.64336473042842       -37.00691596221745       1.0229587006360656       0.06861294508764784      0.07159364566081183      120.60089708891047       52.54802803218806        -138.12668401979568      -121.46471712852525      -31.550536974744915      -85.04670612300211       58.599443297427115       -123.39405822105724      -136.64143898839947      130.75718751059674       41.32648951608627        -21.33100201241328       119.24999163953248       24.787583833505295       137.0602613468193        -108.30464326060894      144.4151646441813        -169.30013970109138      17.201420027590046       
rwgt576                  47.01857477539488        -3.112525366401024       0.734308537089744        -1.9454068321598035      0.622586947657231        1.9143668933471099       0.7152642052873583       2.3554619151128238       13.72335086672243        3.2113475565713046       11.70616052576775        11.92502930750004        -29.015634183287116      44.66410795875454        -15.190189004928659      0.10160319222589909      -0.014867584746134616    -0.26038539931765503     -157.08403335118177      -91.4203062551356        34.167850790042024       -52.10168024975221       26.074778516397146       76.58570281650822        -118.70690255782249      -159.29211486098828      30.440332059528657       99.93965216482928        -128.37157488976743      35.57840271630823        86.69408818519418        -36.91320719372743       44.3078336851228         -13.066454180827378      116.5244910129224        152.05780897120042       -73.55161724546285       
rwgt577                  29.407169139932705       -2.3115185246119996      0.15075329572546492      -0.42871102209714884     -0.020667256136711387    -1.4549013932788883      -0.413352027569963       6.454317787146345        0.19499294551964041      2.578407913649219        -10.825360995646147      15.24768176142883        17.958140143847558       -51.4829671168233        -21.181425078687322      3.078216178294853        0.17268596544080234      0.3351979318990358       62.83688283725499        140.1940868433067        135.99726095613374       -130.2978134042266       173.13829136561498       141.44071449242858       113.51360188561904       154.10759789695294       -66.41938414769045       145.84551855623704       -136.4449815511631       127.1912905028978        173.66744516559862       57.33847305977781        -144.9692535360905       -153.0849536793115       47.4760992647567         127.1535484875879        74.03704635246316        
rwgt578                  -51.802361297573384      6.182051609731258        -1.441929553858332       -2.7957726034036625      -5.966008799513878       2.0308654164984694       0.44454354494222703      -2.2139061129304007      -13.693597128728845      3.710637698543186        -4.980085492577928       -3.591145391929903       -23.175843022550378      -31.095621300510842      18.906562491887136       2.5755456497805556       -0.007367417638460078    0.11832279020327052      15.98489004347607        178.31930375029214       21.87246852976179        27.994426814924594       87.16704275531026        10.573300184020695       -70.15028205700628       18.842082114580876       -135.55616580101028      48.66701768367389        -115.50245559897975      -145.02435296290128      -105.57122551958186      -74.95799980358086       71.42503523007522        41.944286301926894       -7.419933172847607       129.6586126453177        -161.0853932901181       
rwgt579                  32.35397253399506        1.7857038252234263       -0.4775290963173544      1.297306853779017        -4.453703484074859       -0.5621259856711847      0.5792340084861398       5.699318687981331        -14.915198798557794      5.564218296321828        2.084306005587454        -5.879599600722624       -11.633256164351522      -50.333398980392765      14.414248182260508       -1.270544997510883       0.13294347058686756      -0.25337194334155644     154.34934202503297       -135.14780900212844      131.70875232288353       -121.28508642057773      -3.0455400747241583      -84.46002434040945       171.3135892257443        110.60163328328781       -60.10628289586681       72.03126103200213        -168.44093137258957      93.13774492707472        -143.063793293478        135.48694065733815       174.43503323181352       -113.79371243044612      114.706926075431         90.89270234854683        171.8251259345301        
rwgt580                  78.54579113214476        0.8996995173730111       1.4012946056718          0.14273815552152902      2.2435214679959046       1.0453541729895361       -0.3876381059264443      1.8740582443593992       -6.787407009845138       -1.1108145598654735      -17.309250385070246      -19.62540533125708       -27.35056652911107       37.57843348243186        -27.783902839733365      3.6251923597114164       0.16635529901164392      0.5079156242290565       130.92685822398317       49.154574238092266       136.2924999527899        138.23014513951375       -23.177145286661073      120.82524522944306       55.376554578488054       10.0480530890095         -54.56019437090629       143.24644209207474       64.1020954028107         -146.37670523780662      -59.15392899591255       172.98840516552013       161.76072227825415       -139.46388847613468      -108.81991768249118      -81.82916998802088       -169.26478125766985      
rwgt581                  -133.4745898941913       -3.410129497202413       -1.1335317533488725      1.9340092548400465       4.900573417795904        -1.8076284176149204      0.16637908210260022      -3.9026701822960588      1.1553498960554975       -5.922436027644071       -12.263649645732535      -12.031803041174278      -43.791731273194216      16.54225539978077        31.69807572100389        -3.2861389432914825      0.039253472651607085     -0.3563796224400937      -74.84608440711374       95.1934046031339         85.5061200029948         157.6874103667938        -144.5301214918186       151.0192033818829        54.1154003727863         -54.18926778498751       -168.73219946355647      130.19520475871144       -61.23996126797505       51.85563042242629        134.082317862501         -27.869231697594785      -143.64867143005912      46.541144872145225       92.4595062404544         -130.9556401926548       -130.09691708201376      
rwgt582                  40.314894481142034       -4.828725321948612       -0.7168770310994375      -0.13632335746559443     -2.02350229777083        0.36247944498104         0.8061483214432763       -2.018476489725175       3.8579467781943          1.119996202416389        10.708463718304241       15.522247456916602       11.239997548438176       -5.504346179037839       26.842093182973983       -0.0470806109192754      0.12378605914283264      -0.046187391175988024    -14.241500295768304      -97.34942853659624       -37.095498537787904      36.192221575656504       101.48526242541811       155.24986150639995       -7.670731945661203       -172.72207114222863      -169.7326723157699       73.07577898265444        160.4462960877351        170.3396314561291        15.892247752461344       -26.08104370760958       34.02401608973551        112.55994287306959       111.05832683809524       -131.87544126898902      -11.74890332625742       
rwgt583                  54.420091446016414       6.443772920653887        -0.1953709606895555      -3.1149275221023447      -3.1398034392204064      -1.2274355132775507      -0.20324675110824075     -5.230909765267365       -0.3053240356895337      1.9742438917935399       9.848373202745837        -8.547811720365603       13.651806479980515       22.461883842256952       -34.669028302890304      -3.7815411044815055      -0.12070185034381345     0.2579558224170605       -86.74873893276646       65.5934110143213         -31.88457458545878       -91.83906191861394       44.59184337615986        -170.7153325498467       -65.4557842332152        169.73157719706535       0.9151293941837366       7.714720748860941        -113.58966816068508      -64.45286496979348       -108.77594710150385      167.7844994696224        176.17467018412003       -169.06191086393355      4.235196892204414        -125.69853224328206      -141.2276691297145       
rwgt584                  -48.36081112300295       7.007091719738139        -0.4980257125159666      -2.0432676105671215      -5.67970329939806        -0.9142451663702302      0.5569281355423046       -2.1228013058697695      9.859535382126158        -4.979274793611902       -5.13971383720877        -9.767075980720325       20.003562290612052       12.339816963304315       -25.982912554537265      3.252718438807838        0.16608560719928395      -0.17766278151113857     156.55809704658844       -34.9552449429774        176.07047697239926       -68.01064919623228       140.464012394346         164.58591361043227       -116.86973309278976      49.33867462483761        130.54821594727855       -152.04807556860035      -59.68066434212297       88.46302917355348        -5.097744040766827       -92.01027222510919       172.99262824375688       -15.433162656128161      -3.38830683511884        -111.89084650056876      94.88018991756257        
rwgt585                  -91.58413170111041       -4.46253686356049        -0.1776293465686345      3.1064423247162996       -2.9448016594375748      0.10529943040327838      0.15029128857243956      3.6688229359866193       4.398725595636144        2.9268347381612827       15.528098638252395       19.38983400786291        -12.662053826332713      13.941859465034057       -34.56576548144963       4.507632199681865        0.15664277838571006      -0.6186685005362283      168.3941818096656        -120.25798046076044      60.847990033122755       123.15588253269556       110.86832431398665       149.386042549835         87.50026807112243        112.59867234675147       -176.33720774869875      6.69148209242465         -79.25577756163007       -102.19700767249157      -27.953436437350064      137.47211259158325       5.9477714176649386       123.98723278068996       -68.02268339327695       85.7839264605538         -128.92535696580413      
rwgt586                  133.93898427269863       -4.817667295766407       0.26069617124839506      0.7163607233800224       -5.3484655166953985      0.3492918183655709       -0.06988576268376123     6.106143455738091        12.38094764250658        2.3019007509074925       17.174024518786624       -4.578811657331645       21.904501757429657       36.91273442041903        -4.470434953633891       -1.1557852630832035      0.16599056858776645      0.5026266487166903       21.878748057464577       -151.17590431799323      100.47904042076073       -141.38468092702163      -24.746960569916325      -70.35062662364442       178.87202404996174       -176.44852379138086      151.73786931790647       47.9522375852261         -105.06564079259152      72.92327979962803        170.21452914641867       -128.34144406588345      176.5156879781008        127.72148942904158       24.387717443155424       9.176454581433632        -92.43776148018685       
rwgt587                  25.248078789910466       -4.621713442226426       0.48962455618308587      0.8522169821526724       -3.0567727375011717      0.6089753941890423       -0.028407217139154617    -6.849454410177145       -12.747159512666338      -2.5790574850266537      17.667040642608107       -13.78612005289105       -23.60160731903125       -28.809473422084924      -5.862733689506896       -4.057391996197111       -0.13014107834123237     -0.3606881637398591      -71.93565360447286       69.956195655084          114.89482358625207       26.852865941506707       123.38241430645542       -45.34086352316052       -84.76416400652347       60.920314273732345       -62.51184805811714       78.21479727487826        -174.7282187497294       -122.97342087569385      -111.67346203141359      -113.46648626158117      -0.3574332501524111      -120.8871829610109       -144.46750268372125      -99.58076403318205       -107.4704964884226       
rwgt588                  137.31113048177502       6.2959017641864845       -1.1407404162214256      0.9937559929531181       0.8775645063688327       1.2091575776275914       0.3106696367654962       4.092763750347172        -9.876681945235877       3.0812677804359296       -4.403178879579437       -15.134928639424425      -37.83523070589238       -29.453329181476303      -32.77472378905767       -1.8690410349376854      0.136802482926204        -0.13423705020540233     99.79522229788438        26.784542373758825       -96.19278303894887       -74.60191519212005       39.63792215855531        -29.684374110545974      -139.91474160996614      -58.11147858519887       -106.73964925560938      148.3336346876302        63.25127567776855        -98.89464757478243       -45.03531937379947       -0.3610394211477228      -20.556228180901797      -55.43136451313087       -141.54477014744612      52.98431931582334        97.10336056881312        
rwgt589                  -151.56508635485804      -3.628460194537474       0.8692677961996902       0.41118678688070887      5.8280937043660614       -1.209038166720319       0.046588685314010614     -4.129505494249509       14.681304895250275       -3.899956174726289       17.595304103865402       9.720258306319373        -22.983766558367186      -35.98785830803196       -17.330909790957016      -1.382608481508135       -0.04676960771814995     -0.03655306247599277     -126.66300193582993      131.34632988363387       154.62993252008874       81.27043332316708        -106.59136359255052      -19.82649738554474       -112.20788569202028      171.15310649153577       -122.59638642057705      123.29566524355539       17.176188769410743       141.04492160710515       -92.25053421886005       -50.82346848815442       88.38388705297109        119.23073202222201       65.67419904605526        -8.292706637288319       -142.7821950317355       
rwgt590                  85.66612255052547        1.7638524531319382       -0.6945339840274013      -1.7520149460306795      2.8705144258734396       -1.0492737393440148      -0.06837363750635772     2.61172064278066         -8.00005804002117        -3.86931113031221        -17.519727081912542      7.810562259786916        -1.1771461432290522      46.05298520555915        37.234686342203034       -2.790107560701381       -0.0819542574349992      0.382594531204938        101.18982580576841       170.5315620495806        -5.0866563532811995      178.06483728030003       61.573306333018564       68.21552683491547        -165.99610919441682      -163.0470539262592       85.94197366109239        -60.572657108893395      65.31348246968048        170.07803291899967       109.72608268535436       -138.217158835094        -129.95227135942255      75.68074679513825        -145.5533588961165       -115.20353764802599      -52.370424229351016      
rwgt591                  177.58123762926567       -5.569145240179333       -1.3750436405902993      0.8155006017128286       -1.2558125826218554      1.8463159536024207       0.5617346821111338       6.172961899043712        -9.699609903782699       -1.4849499887271342      -11.180911491962828      5.491593265320276        -20.21583367657071       -27.41401407211883       -25.664120433847145      -4.112895436907605       0.011804827936116702     0.21347544894674908      -170.41141904559151      8.19269071552904         -161.20308438206618      -175.94123528966105      -74.47524328668149       -152.40856354245375      -34.20323472719204       -79.04761023558062       -19.250054400437136      -62.765621321433144      52.99733575908016        6.621350023824618        -72.39196237925603       -20.093228018971274      -6.222319689706808       39.23032761190788        36.49052742116913        17.653609529242487       176.33832392957578       
rwgt592                  48.02913155856723        1.8408824820541208       -1.3581276211190354      2.9866934680536765       2.9853030844062065       0.9129406571799263       0.16888860553176355      6.254205997147959        14.660915476882685       -4.154665753010853       -12.578910217891892      -2.2153212395683006      -13.11731782927016       6.169361732211229        20.300730918681424       -0.3215657945542567      -0.09445618297336447     0.3543904281013901       -160.44512184541296      178.29106229407358       1.4811885257595065       149.01618898085718       -175.16407879596417      106.98762266015655       176.5439587433852        138.6852319343734        129.80526211187396       -3.692098545615636       114.1772898509522        -138.24431332080073      -161.75391594392676      -152.7530143000245       170.4770114010011        -146.40696541620733      -44.39698642469588       -64.4882410704706        154.00707642673223       
rwgt593                  90.25480205283151        1.817314385529003        -0.9906231537391703      -0.5829942725326975      -0.05734170192185939     0.567578523718038        0.6599901622107189       -3.329843109609718       1.6495039447946063       0.7962512612940271       -15.72947526863415       -4.848054872351964       -8.518929698857143       12.601836531552706       4.299501235104543        1.0589861035025416       -0.03774991388991328     0.3408819789483739       -149.85590465062188      139.38774923493162       57.79241413786244        -48.957171570010985      90.60126019979765        20.36345783355469        118.36374656037793       -8.832824495893504       -143.21684581335234      -74.35722028280408       -177.62005030802172      159.50944615749899       -50.47208963827367       -121.832973927923        -104.84981173398754      -5.755257882887577       -70.63567940813246       80.427049451882          -173.91399308875032      
rwgt594                  -169.94384095553656      1.8469059175371294       0.38441299021600317      -0.9094587084493142      -5.656248700474766       0.33430365938545714      0.18343642234026292      4.6352735824496625       -13.000418904006894      -0.8160184396260748      -3.2035322303430736      3.695440577117168        -0.12218361641983932     31.66965057699261        -0.7825046839224683      -2.8056469484770044      0.08081208628689607      -0.2951961948575509      92.43980713049837        -87.02547597877013       64.26493725125843        24.206732740536665       8.952191063223523        60.54366843542067        -19.168339340928753      -91.49981831067673       0.23485009957718717      -96.30176376912385       145.73016490157704       13.260944983413026       -47.09735086127435       -47.74314368347643       -149.57581282243123      -97.30340123345319       115.55325461103058       -70.23281631466953       114.71481764526038       
rwgt595                  -179.96423540535864      -6.797814597148267       0.9790177079939675       1.6017832956925995       -6.34321846275342        1.2538259126514228       -0.07791338096628353     3.238128184078449        -2.7156609841991184      -0.08427253622708708     15.828332469960849       -15.859568457274406      -20.080170389307796      22.340906593629086       -28.110864052523006      -3.1944055556531916      -0.04511629175928622     0.12379893139662568      41.534885033624334       73.82809536625862        61.94523007329133        -116.01192890456724      -26.165241881199023      -70.3567510787639        -131.9679110650673       46.2351936013622         -13.638930697142285      -124.87701282569394      -74.15510920656638       25.085252472176194       103.35465654284303       -54.20137642826404       -37.61394207620157       131.2766464965457        10.59986548871359        -31.087224876487852      73.20007590032745        
rwgt596                  119.4222178631249        5.380382081884286        -0.41302761703989455     -2.898570548755464       2.21898909533944         -0.09017877940393015     0.0005397902105716001    0.7732938638441462       7.572535042641924        -5.546227191543254       -16.222519683561842      -11.475100725873482      -29.580824397867428      50.49370210892714        -8.618016204494541       4.220902911751121        -0.13810959614347623     0.001699939462072364     98.80960856841256        -51.339755019333495      131.52643917421273       -108.98377591813045      115.1987025154499        179.67333695840392       -145.86057555480977      158.38045824165658       -99.94725684010608       161.90753385694057       48.172170809040836       120.47518953761033       -136.31812246525942      -151.74059218644624      -50.79148853262612       151.33035571422033       -19.425410717405413      38.26948638568703        -108.9109743318017       
rwgt597                  134.48352198830617       -4.915573216837269       -0.7606952607141578      -0.9267943181825617      5.902453015130732        -1.1660696825404657      0.7904854078704753       -2.7054585033246346      12.178741709688389       3.6979573536785715       -11.119270105585791      7.002407901530841        42.91634877744728        -31.477270733383406      -12.607671807349995      2.702422210973948        0.1348448818282238       -0.5024877612799828      11.434246276672695       -136.243766997834        -81.29507319240082       -135.0110381587966       35.36989723644842        -124.31222844913646      -152.9813630965171       28.049701805540025       -139.1523246563329       88.31274968968114        151.8301012883457        6.2172456948370325       -95.97869806037214       -18.975970198903212      -86.59432970680616       -147.7449263932321       -111.75805589644281      31.943306617615264       -142.06554368890704      
rwgt598                  -142.25531921841383      4.753461858165418        0.8630641279667748       2.4702663093918904       -3.10839708528668        -1.4523670204489367      -0.7263986995891725      -4.372670461024736       -6.8714547629659535      1.8100266848476725       -9.913785549711138       11.692953979874627       7.3403117221742775       -13.597705418995318      -25.015672174946488      0.7184695360325613       0.10281209272737979      -0.04503331467322569     -94.94018819325245       147.24334577247345       98.81710464056283        71.0579185386581         97.14921635139984        21.234667418782294       -86.84294384964417       -4.2069021843100245      101.92687651824667       104.34178944490122       -29.41001676283082       19.425502085311592       174.50685548809696       151.23909509603078       -8.107543672251609       -177.86807744720178      159.35879762858445       88.8490910048647         100.45950049804924       
rwgt599                  133.02401070862612       -6.207982506569549       -1.1845701442703667      0.9699781905020757       -5.14921602744905        2.1177006694950795       0.03165919754356039      -6.440044820820197       5.49567768210386         0.6405302842445781       10.36586937925297        -2.629141270170379       22.981764776297993       33.40035856766181        30.445613252900742       3.8702212020493825       -0.054929363643339946    0.4985701842705802       -175.08891839722304      -107.37989016886125      135.45176485689746       47.77117958189609        -10.36933595901084       16.368104040453574       -143.03380081782265      4.724603201172158        -116.65310190555034      -145.07882808179608      -127.26414430901902      61.244741065364565       55.47901486871049        129.34053946474086       -139.85162677166375      -60.44047152045751       -129.60197481204875      140.36813290903825       116.40303339092912       
rwgt600                  -70.4846111680927        7.091927577968787        -0.20431620026427022     -3.1484841797673138      -2.8764243670828407      1.096759098347956        0.29129758106324477      -6.783458144458094       -5.822579243868473       -4.658467372560196       6.424495007917784        -4.687687333908881       -34.88654180347917       -18.4102270457304        -12.394331537476255      4.617596139731816        0.10029184396041485      0.4985145546756423       -125.65435688198325      -98.45289988801072       9.05309435620373         -144.54812973560897      169.35446454782038       -46.030528392872526      -70.55802370654534       98.94857184350872        155.90073430090325       -88.84179824741965       116.16000619928423       12.806943751250913       -45.6885751475441        -98.68432920449152       81.46598228115761        -114.8904724110055       169.98540198429026       69.1595542942118         90.46284824724535        
rwgt601                  -93.25469371949055       -6.576871901753986       -1.3484411549025053      2.850371667829923        6.9080680674478          -2.1172673787096197      0.5484057119635339       -4.652849941989491       7.705143265104773        -0.7317451473080698      9.237590610550047        -5.572244113931726       4.823484756846938        -8.632555268290325       -15.861525816514245      1.8910534110295822       -0.08046383259074925     0.26644538680964847      88.81119763518609        -19.653122107426356      -160.7884805195288       -120.88485270048096      81.24989767929611        14.883298711481757       8.800679489464756        -98.33047986061761       25.37344442078964        45.08741462444314        137.7813511601937        141.49426578979063       35.25002543218764        -160.66142407533192      92.51515969782076        -51.87067877534051       3.2014691221304474       -106.28457726509201      -111.6610076843007       
rwgt602                  -62.108961294398526      5.1277607540533845       -0.04831675222588405     0.9664375917514549       -5.528313633759547       -0.8670786670020412      -0.8079278613937653      2.8089889235125236       -14.074160361097732      4.125586446886317        11.113425354928562       17.47104961351686        -15.813154676967272      -43.731708589705875      -9.92818993396256        -1.3839576898068544      -0.045934925572425456    -0.3200610280422287      -12.321762059788654      -5.2765878435079685      17.189804018189932       -162.7241759644007       -98.71365355177187       -167.5116340534589       -5.084304182651437       151.85984451356808       -110.71070846997311      96.73882593133555        137.56203762064462       -73.67438895549734       42.44782514579197        -109.7339860697785       135.3951220853338        -92.39775163431499       -129.71117111461314      61.934745532646474       -46.101771192906284      
rwgt603                  177.1910480161422        4.755791365057852        0.8808963015976394       0.019830915302620156     1.4779147330351616       -0.8832955083154364      -0.5080772515473526      -2.7100837392549995      12.160618021559468       -4.951445948279433       13.362429492106685       12.664660693648479       -36.59089358587784       51.46038762143981        -21.933166150033063      -1.8861402011552584      0.09579112217557939      -0.08530179766125223     61.63771664970503        8.777841987743074        -12.501191707731806      -42.18376668215245       153.39242868042822       -86.45068520899083       -28.43011451275808       143.8706675449762        45.878406788019305       87.40897532322242        81.25884609172317        -72.51719247953848       -64.42668725692889       -81.89257417476762       -130.32565780952388      -171.0443123085131       -158.8273926188738       -159.3749570344971       -5.027783368716285       
rwgt604                  -54.756173781479845      3.937169907072012        0.8108655806896954       1.8082178352128384       -3.6927415641253973      -0.9588032711452548      -0.5356274294263953      -1.0709020341363962      8.98172908384067         0.6716675503223621       -6.106050131805949       -0.24849933144205494     29.275968094835463       -32.29904352458894       -1.8689708318718914      4.154764096667252        -0.05402533481174979     0.5978109180244168       65.19838939438597        72.55023358733783        -152.80170961088427      -177.04682564479435      -120.34140180316359      122.49221668422246       169.49849032823164       -134.69810272179453      -12.887020239568045      105.07016930478846       -43.233888926211705      79.74642220397783        -125.28065884829232      157.5841335551284        -102.00900421037966      -68.67277182458709       -32.97505826205662       -14.54533333043409       -82.12156342000759       
rwgt605                  -77.49954236617101       -4.955693052824603       -1.138442415881041       -3.088528727421485       -1.9412091167832832      -0.7654203150675254      0.03511251037327501      -2.895695593551853       -7.268869848040313       -2.7851211675471634      14.37016155505816        -17.70551607700284       -30.349062592458672      -8.818135410680725       -16.05067829648344       0.9684256521502919       -0.1033971733163824      0.512106702928878        20.111926796823894       -96.17629016533822       121.08374222406235       121.04063396482496       6.827049627876278        144.5652599912218        165.2743903009184        -105.7620224908749       -137.49435649868695      101.66182755708081       79.48336390215655        -143.50336604502112      -69.5853345285638        -163.76696175474257      -142.2266508301022       -61.67915195413579       18.207798736009096       47.673263809871514       -88.1092114161742        
rwgt606                  130.46140648268266       -6.819968935298469       1.1060750687480059       -1.7411658833595791      -7.050129674858966       0.27123479716775245      0.04125300565531764      1.2838647511163837       -11.567187718039143      2.9187535716682405       -6.779368394609463       -14.726023763301766      0.8193722983827101       20.927829794362424       -5.3451272659218745      4.124358850408299        0.025100471156123794     -0.49345679639120843     -124.55037284645064      -65.91356591779002       125.61554148333585       -2.589296647565334       87.66370715473374        1.359543807950729        136.1623245250051        -132.7394625475194       125.68554371538966       162.17887329543834       -116.027407286429        -179.01782086395232      -102.15006995250278      7.284845122739654        -14.707565971347407      171.29354003389176       -90.67754180044555       176.8035100748637        -166.9463467893795       
rwgt607                  -114.71109333835562      5.6302258754180015       -0.6403556821861695      1.5707073810903855       7.592799777956154        -0.7670242550216648      0.09457129024986932      6.517433811089954        4.065862247923544        1.010095654940688        15.263810469331496       5.504157760898671        -16.30272722989463       12.777299512852338       37.169713919524426       -3.9697562051952726      -0.0007221323839685101   0.5706864585839245       -5.213593265130839       132.49443170918295       72.83234257966515        -131.28791943561114      -152.12192747837602      -41.45400185763799       11.157980441399786       -111.33402337384618      -138.6920281211343       42.690753820094244       164.8886363454169        -49.16361436264526       11.946833868589266       -10.02140713194737       -99.9495553672357        -69.30199145337093       117.79279506900934       73.55994182492822        -91.48661508531758       
rwgt608                  -71.83226509847418       -3.811625104446152       -0.16483120560045217     0.9935767388509973       3.1012005469606354       2.0459278760813207       -0.6102531328170526      5.008809223608682        -10.398673878673167      -0.0962465327484665      -5.6347822952565085      7.948091492711985        33.13187323315876        -44.198994674357294      -27.66375489039595       3.1533907703344832       -0.12371387722844955     -0.05735704937151165     175.05140597714808       153.38440026164494       -11.47889741191048       53.45018402504385        30.682076000165694       36.76770511266179        59.58304161473242        0.2710173962182125       -2.5024586391122625      -124.87270350348078      -99.31332578814592       152.45031748001702       66.70606047737706        -53.15952045277437       -175.32286119539864      35.52496434490493        -121.1647920746081       11.995617503589585       38.810842239262          
rwgt609                  -65.0242931703335        0.1735071500638634       -0.9555203684512035      2.185538122296836        6.389747302721036        -1.2333051959540404      0.062319612703976235     6.5563589579946          -1.111175107556969       -3.085725739907901       -0.5372491703815108      -11.357749539542736      38.34298178703601        -23.464647856306495      -9.562779402368566       -2.7402186650582325      -0.11609682384494131     0.5350188339012939       14.677765716536925       -24.110807795507043      135.67783287938522       -62.20105928124269       -11.449638589075732      68.22712184197894        60.20101167290039        -111.14887782450002      -109.06148125412312      173.1029059769612        100.48078450537668       -101.66370598731979      -84.2270499117321        98.15374498562778        -99.99513336600877       90.08963652865981        -36.59053256640652       -40.96851794169896       -118.79292490478969      
rwgt610                  -12.15958816462117       0.5801570502097837       1.0835957668626295       2.020347782476228        6.1884919210569045       -1.7852598794135641      -0.7154402456253809      -5.094349718349314       -14.42573942806763       2.4895703895140233       13.168500471958154       5.880595834174475        -27.63247774524615       -52.63877325644628       -31.590071040143812      -2.8430813125383434      -0.027215704158785547    0.19085238630247947      118.22163689213113       30.18553167660005        54.55789829302938        -118.19585319767774      -12.972387745947088      34.27812390630871        49.88314987816642        -127.90866197667306      101.37691851197809       175.72710018115356       137.6263815087351        164.6068454702202        113.46759803553522       -88.6901872171743        157.4563061560827        -43.52435102140248       175.7787719441065        -177.93082509731346      -128.13361124434223      
rwgt611                  4.432003632902308        -0.5931828555725236      -0.22434030219815448     -1.1150001885012077      -2.421975093101162       -0.734970540429553       0.5484200451804166       -5.841355970694348       11.094351289816625       -1.3384408504401897      -5.9506462660324075      -5.363889441205831       33.714447659985225       44.77596795620941        -16.711308918969994      -0.44424350123680156     -0.06792931354435792     -0.1716039616215464      30.97150332967601        -72.71136670230928       -25.931952063571686      -125.46115041019983      -83.11078301620266       161.5169718688515        -98.13468508765197       -63.31545743929388       8.395743265896357        153.54906622152265       115.3672929543585        107.20973311728329       -112.58597944638736      47.821524104716076       -70.23598724409528       -150.8650789198055       -132.19356238628254      148.36593280376132       -27.895693850026134      
rwgt612                  -173.74134720763152      -4.742207234900448       1.114476410132107        1.315647681915375        6.515894663473047        -0.9402407737579384      0.13522882632919853      5.132050860451472        -1.6686787036473074      2.2152587928586556       -16.197280499439483      -12.855450940573439      5.719907945247037        7.288096295549657        7.198800529720806        -2.308955083287434       0.01772199836300206      0.42514456837292613      41.95843973840934        97.18332481942224        -2.539747277892104       -85.41374091974228       145.74914048227856       -143.99510075570475      70.34352833688601        81.53721922358318        44.63867188298116        -49.63483603683338       -46.39723345560154       -109.48140516383809      -37.53223081658757       -156.12246124542907      54.999288779406754       -173.94209512900213      77.73893220399088        72.80958177808279        -90.80546147562315       
rwgt613                  -102.02560276486135      0.903097393577073        -1.3965699612433982      -2.184473393077946       -1.0329919856161034      -1.0660367990653223      0.36316010451839364      -1.054744963718953       11.715397927452454       -5.223192544235812       1.8834852372835442       -16.169013816760717      -34.05972865371578       5.207716610065518        -27.900194347731546      2.6554466979073226       0.06463726145140736      -0.02398768405660401     28.397069760742          -114.58212586627646      -152.47806202343259      -152.9320545895054       48.55501428553703        114.57897843471869       62.33336196684249        53.66641813496267        -36.87577510959272       134.92239392035077       -4.511800646850105       -64.95955816013357       101.73975667259498       -6.4947545893992356      -66.26885341344607       -114.05835486670564      -86.611257843854         -66.10189960318866       99.12028462428816        
rwgt614                  -158.5369681972331       4.977161748273152        -1.0456006351051574      -0.9601829990851822      6.875836995497073        -1.6521237935390005      -0.1023448565166919      -1.339925821135731       14.36437944878833        1.8966421226098262       1.3368210990313365       -9.646030529073732       -6.929564709524293       2.4887228777751815       30.6374314546549         -1.333864982877503       0.1354489699355958       0.5125918953429077       -14.516488109759393      -162.95720770973844      -120.71865640284548      115.66447249567528       112.7178115050142        10.236809900674842       -160.64424452549713      90.40546672225531        97.97407255381444        59.60884490181718        109.66568543288184       -35.48496645483624       -50.22636610908182       39.827309356011824       -68.3387374520711        121.0326648905039        56.03101601104589        39.270139772797364       75.08252538529493        
rwgt615                  178.57024913448168       4.392159474360267        0.15133940399279533      -2.6913764604409645      -0.43573905826826564     0.6876463822139982       -0.5075523689812544      0.9363900449922555       -10.601515846996005      -4.847174135329812       -12.120976228010438      -14.662462208848744      7.182858397095444        9.380652108286199        -36.621929279791004      3.0279817912398146       0.05831340909178953      -0.23422047586011685     158.72525520668387       -48.69198009144699       159.09494772977973       98.8584794693964         172.97880819189703       -34.086594279495216      -163.27013295037938      -60.04511470567289       -163.10991488013332      -159.89274066709973      -175.4351822930963       -83.11315713053055       -121.02697136107287      36.641827345942346       -139.76878839267258      173.389121581442         107.12955524682155       25.055789667159416       -64.39245848470455       
rwgt616                  -1.4990335116109463      -5.397756671492726       -0.39499903924324364     2.683477991054348        -6.406346382307336       0.7139212629532743       0.5206870136235273       -1.6718906669976983      13.570102757531686       -2.856567315769809       17.936867786947005       -13.553470846548862      21.488554152132963       -46.857620561231855      38.10625456617383        1.9024972905142272       -0.17137248397470126     -0.10979727630777392     18.257831592663564       -46.49371454547287       3.5417372244110084       126.46593428114915       2.5702872367182295       0.05811563499125327      -105.43699306475148      -108.78712501900608      128.59967001165177       -165.61814980774642      -117.0720864205074       176.77543312964883       -40.73588917486305       -96.67064261487693       -144.8905072817588       173.48815527539443       126.6765152020796        87.59393843883532        -99.0959712137556        
rwgt617                  17.470890768562043       -2.3542301697995995      -1.4427903098728498      -2.194830826713916       4.965830437082532        1.456242994530787        0.8001000658112853       6.867143812120145        2.264740333822516        3.312140250125788        5.25867827287173         -16.008021093985196      -10.227461782832563      -22.312683271270174      5.517908046323846        1.2990319763772336       -0.09880898073169173     -0.35615309138911694     128.0460230452657        -131.87037076420563      63.92177936196725        155.53526265491467       177.2101351593829        127.94784311325355       -34.81320879316533       -16.85453973906894       -147.91189252247065      13.022493417015937       -49.48188201965641       -178.6722019887973       -70.59390784115801       -136.04379041464858      -116.98637253716025      139.93371232036623       -29.330330178673222      -123.27637742890198      -75.66899240035708       
rwgt618                  -70.10319723275455       -5.437872464652505       0.6392509971073002       1.7956951539107653       4.38739692433554         -0.6165842059738378      0.5371019321688095       4.098099134454597        -6.591844120345263       1.4684168525383487       0.02460497468711509      -5.608688251227042       -36.22577268865153       -35.83131661000749       36.114506942961924       3.796724693482613        0.1071467920435707       -0.364316273180161       118.14125293792478       136.3226589145549        39.08165946092112        78.34080062312688        -154.7198864371592       -15.999465331797126      88.09343486673231        34.74571680869397        31.328457030813553       -69.68247350497586       -55.253903160813394      -173.152245050226        -156.84654607119302      -154.05839625676506      -77.744413811032         -178.64454409451795      97.74307767612885        151.87359875215168       -65.13444339355289       
rwgt619                  -76.70062942251762       -5.446217180247951       1.1049753221456837       -2.6651773655809174      4.809603184408354        -1.3381677339492888      0.5814707133435169       -0.9566740427301079      -4.808199214791127       -5.310386374470979       -7.778253148122921       -14.46896803859548       16.371890132935334       16.282942706103583       32.55764443075614        -3.322901007738383       0.036419525544990866     0.4584545152838023       106.9677795178124        -154.55580350126465      0.7812445240841726       47.49937025815984        179.4187447660995        53.05406460083134        -110.04468009854986      17.546255149972467       -109.4528473723214       -44.843555446877275      -152.01707375993954      80.16747433161919        -17.859505326631705      68.79256080745947        -98.95790219969368       -58.190287647722045      78.78190876262187        -166.82713842719406      -54.637190703408606      
rwgt620                  15.711093138632407       -3.3569038226533063      0.757232054243538        -2.092662815615855       4.495925197997035        0.45425138223266126      -0.6558317731592178      -7.692243823795738       -1.772435489107803       -1.308753233568578       -16.22888494176296       -14.115966866422232      -2.443218133138785       -21.029744358861485      -7.987530538113546       -2.5273338685351754      -0.14139948576484582     -0.45451552233565007     159.43332489321887       -59.30350470017798       -176.59743411396337      3.560912435936501        139.30622862559778       76.872881907188          -176.09645845567832      78.49507109249555        107.78247647590422       103.51576034110735       -12.070341448168392      128.73382327113916       -26.713961615763566      -64.81426054460424       3.1356109184374645       154.47193733613494       113.18286233571871       -160.98913889830845      132.55050689419318       
rwgt621                  -77.11693726001516       -5.751621423273214       -1.229992206060332       -2.985913801827199       -4.134740882043349       1.7699792582581781       0.023401283825245867     4.568251605669661        3.7349815567978055       -1.2135469728795725      7.636920625008894        6.376328369116486        -16.904691746933867      3.100049084097847        -23.62430206139412       -2.503588808120889       0.14818763424061754      -0.24178577005466084     -128.28242902830834      -117.27820913809393      86.99208087399273        31.865350041660804       -176.73341794038836      -172.0803766731617       67.03778660763456        -88.29593724757618       -163.40561415078935      101.6710100208769        136.54416089475842       -72.47231834204771       -1.4632611621801175      -48.456523447604866      101.96375028171059       -125.07763276128384      -147.87287736355395      -4.574038238988351       77.13140052835797        
rwgt622                  -30.418134068285354      -1.7764920936806359      -1.3034092715575134      -0.6003744650500167      -0.9385342173652065      -2.097120738130713       0.48116351295584603      -3.7433119871573135      -7.3875827970071795      -3.503344414309662       -1.356311126579108       -2.275377629306334       -30.952443295321135      -16.07927511317088       -6.83863379878408        4.487464219884291        0.031748164937635825     0.4969138978163804       149.14282848787576       110.71165313853942       81.41106750470942        -90.5485216601135        162.5161336257238        73.56141768974769        134.5741527203723        138.89477468714728       -159.00607312351542      -0.11301004079342647     66.02752370330086        -51.452017995582736      -8.646557706118216       125.77716437408588       -173.305933652312        -67.31305847060281       85.6739893096609         30.806103579674726       -55.614829484659424      
rwgt623                  105.28841434479273       -2.5615659974972615      0.5802494668998837       -1.7466720019724131      -7.119600221708254       -2.0630814975095615      0.5697650981010292       6.872660862791258        -13.646687188007082      -3.169865667398934       14.44930784947195        3.3517365046494554       -0.3907523687535459      21.547378353728732       -34.03142488005302       -3.1726315522388893      -0.14803278237764222     0.26432717800738514      -144.47835751125766      114.70224350786185       -6.018387516010449       -41.171484974502135      -44.30132690818462       -59.97521767295852       43.76306443657589        -85.0261801486744        43.457316119334905       -140.6758752624882       102.1749099979611        -151.9991732264544       -142.93786805691258      176.66272289089704       113.80295584113014       68.16600436734055        -26.64327769137003       -158.47544827259347      -101.38836700378359      
rwgt624                  -103.9012369594261       -4.770866025703061       -0.4200464169453477      -2.900905584011925       -6.477408356641631       1.0164512585548784       -0.5758975129562071      -5.91714670356679        1.9343945032516388       0.44115471853691357      -13.319043554198528      15.219492361433481       0.31652168406622394      5.039145855864142        13.239947887242963       3.8699048266056586       0.12374108505713471      -0.07506713707347801     179.256606554041         0.38331066867476693      -14.596755223954517      78.9205223924111         84.17080988583524        163.86618402142705       -158.17698812977403      125.96889823684023       -82.3806241263998        12.895353180456993       -178.68001591778875      76.53323639282809        -130.78966819906654      -121.0698064170113       152.56049746028117       87.92190221265548        149.79753592307236       -129.1300320043569       -43.68720759061486       
rwgt625                  113.84319071055393       5.381837169574816        1.1265840276271761       -2.6847022647430063      0.14207290989681987      -0.3599283601162697      0.39874399299319196      -4.141363458888991       7.291506538079304        1.9151618100962846       6.2130460546515955       -3.8360369428164596      -16.163686540295025      20.236341563345846       17.572581884531857       -4.0665401713466185      0.10422807693277719      -0.2918762093606969      -45.87831435783431       66.62596503524773        -94.76020054743735       -133.58695727064784      56.54127608192118        5.019743854046624        -74.40653194129825       136.45710410347283       8.638866563194625        -140.69320749910236      -120.78243556980917      118.11618326412605       66.90500030889456        84.75366939441216        -99.06579652768248       28.310687322307615       -152.61212227338692      167.81391528811986       -163.93038137007437      
rwgt626                  167.37517947649422       -6.378894147909496       0.8432564843082153       -0.8031433145461131      3.1086583808380706       1.1643891768188035       0.21295498196010332      5.5512784859243824       2.7684262297334747       5.140155464093871        -13.315465234888986      -16.03002741014166       -39.803735888672286      -20.076945858243008      -28.968183218760473      -2.922920156007814       -0.06895277992752875     -0.15795426080999364     46.36732899864336        135.1295780589225        -160.38209025874158      156.6357460484992        62.84526036365065        -38.83847341227357       -105.54660589745677      -97.79073883691852       -97.4775080996493        52.61981498716284        -12.17907756459104       111.35533867020126       8.312581789828613        64.34960051017731        42.086728184710864       37.5533313728115         89.83643190309209        -49.09823881687447       -148.59642654615953      
rwgt627                  -79.7699973378437        -0.3766669108189271      -1.0841549347020265      -2.821136711135479       0.09360405185557585      1.4163018717846128       0.5763983650141409       -6.169631838019959       -6.735559044027447       -4.152151580334272       6.694328245491654        2.164601370985036        -38.33142513073162       43.64754976593275        -37.15244649181704       -3.748013332668886       -0.09440658744862815     -0.09206788080832795     -127.4066895971996       -115.80939520383703      158.02936450923357       -175.37442281814657      152.5487709613397        123.03561914384397       -46.96519002950538       -32.04382842263462       33.36265414128164        -21.09344988909487       62.63854152857405        -94.66734225650282       41.98833609298518        134.28690572941696       61.364469191259104       -34.97272326147885       -85.50138865859877       32.49335875148299        129.91453416226057       
rwgt628                  172.55166636489832       -6.419914956986426       -1.2165873647744974      2.482060969714559        7.530026696738194        -2.1194914373061784      -0.5580536964797591      -4.118027684918047       11.840241783084672       -1.0517752196964496      -16.665737720083637      16.376578420605576       36.76841706915128        -34.18042264433656       -7.125394083784439       -1.6189801240341661      0.10152549396062427      0.5997791337474215       55.651519500379464       -114.14091951523754      98.10925490479707        -177.51647758362677      -68.69418441620206       -140.4266746252858       57.32619898851007        45.54554474109531        -99.52460754486782       124.31334700533051       -84.62238278212557       168.01937347961882       80.53242485002102        -127.36864837863558      -178.78880954788158      2.737552042945822        -140.26664704292637      -137.85244324309429      48.62597065105439        
rwgt629                  150.10110836624398       -5.691268985116897       -0.1986514711961005      -2.108375034379444       4.520684419734243        -1.0724012654935378      0.16160534710776642      -3.7298914125333855      -1.438703478028911       -1.9654292657393748      10.32141694647935        -13.93812185093609       -28.906175316175077      -31.888655650256574      -30.67854776292571       -3.7330130177046934      0.0914809839232481       0.5811778003512394       46.24842434414637        -132.41207656509417      164.78399721627846       155.62197317577227       -68.694445378028         45.1925160641064         171.83518065412085       107.86508732041284       131.45480428791956       51.081970583082295       -159.98039282772353      -33.34865906644342       -75.72637198337955       -93.26129550345976       -164.83000779596736      -116.49712784574096      119.60013733373239       -8.116343524438662       -82.47284122282608       
rwgt630                  146.61613273284837       3.971993774192728        -1.4603213951890088      1.7147318744227995       -1.7673463150456392      0.45716113555325366      0.720335042861475        6.013110092439944        -0.29327669591187266     -2.162601632067757       -3.252906978633405       8.806055630382506        -28.980898428067263      51.54724247404346        -29.14349442093993       -0.23442959747956582     -0.16552559057402344     0.5285209402140162       2.3820240794266567       21.92478375974025        149.4750098406342        125.68941948611922       141.2062899270956        -129.85964004782846      48.220454569626014       143.1379569277588        71.55957769357255        -88.99898020891827       -170.7853501570543       -30.406548812152465      -82.23114316719253       145.1810612007144        -95.25589491672697       -31.792746545885223      -24.12359893730479       -49.448272406435905      29.135989765994907       
rwgt631                  -149.49627345110045      0.1106768242178644       -1.3279214242808692      -2.685343700720077       -7.498332241469343       1.8725246510593938       0.5983984436950314       -7.5170930551143815      -3.5401602437423616      1.631846239958156        -14.15282871889778       -15.971461971898293      2.116728212048301        -29.751650335905726      -3.001009157608472       -3.481102275819439       -0.17520456622676642     0.19255613211007672      126.38201185730668       59.307767569771755       14.331479190535248       39.61804978480748        -152.97948342235404      -60.25996183627875       -64.53951926187032       -74.18715878762937       80.78120460313545        122.5873588621306        43.17541211762341        176.27518563573767       -88.15313170038525       62.16926746468553        140.9190305301804        116.20684472407652       -21.495414912076143      -166.35823164002954      68.77452359523377        
rwgt632                  127.33885040944517       -4.70376011794205        -0.3175175498954841      -2.315569750407474       5.935624604081935        -0.24086600766343413     0.1079464138450984       -3.1663552309577945      5.0475783320240595       1.8476343765573109       -10.357095153177736      14.258347555699011       -23.68070356552653       -46.35314946162577       15.501984105964745       -0.6436562439764515      0.028909301661978776     -0.3649928422335107      55.49150893745269        -78.28344609411107       -117.11804311322263      -132.12397013530634      -40.645382645893335      163.0775052718409        53.511149520239826       -74.24249489757992       97.30508517441172        -74.62068801746696       57.22689529884099        -20.11981780999872       -12.962242436096034      -77.48386013062522       85.8110488117157         -62.54810228756472       170.34735145351146       -40.51658828370756       131.58513849844593       
rwgt633                  -34.820751885637094      -6.87506378083277        -0.2714234502579256      2.6944521693808117       -3.852230210973605       0.023286448697750206     -0.40914901055928615     3.9020817081695762       0.5561490251558876       5.785612240488877        -12.524557423104037      -12.96854129228861       24.894651443374684       27.90858149526683        -6.222259580351569       4.15370517035921         -0.0016637027144345007   -0.23425426698465807     -61.665306522782345      -120.86493689321937      30.685636239549268       137.86549758736953       -172.37331497220435      -121.38723033164442      97.2193603072605         31.80105405973228        33.29915162740335        -177.6160250227603       -112.9825115174709       37.62518467281521        34.53346819926438        126.80088623516076       130.58066990388988       64.51407060232398        27.55501705727994        101.30389126155944       -55.94600224703912       
rwgt634                  -84.42005893283951       -5.115759852787001       0.13343863141354784      -2.1067442553026554      -6.3404072718003235      -0.29447776745244103     -0.5748931552639124      -5.2602458973646655      -13.708789665358669      -0.6315978331630525      -2.0897945795584185      14.48351777338047        -17.693944178270836      -34.37166266931713       -12.279262431999985      -1.8987235536945501      -0.014163649323842287    -0.024382878554073284    -76.21790874014708       -178.58366934168893      -65.82310580836511       -103.4624807464629       66.1828677984335         -30.55098663063876       -111.20928477073373      6.225247153533104        -137.74775266673538      -58.52090133178142       -54.34939069128342       18.927846664997077       41.29830927950789        103.78925010158014       11.456449581801252       -178.70602864006324      7.93850848946613         0.6167783318394982       174.35575033824819       
rwgt635                  -128.5569791843925       1.5419330576829902       0.9305728094073646       -0.32142095495313905     3.0826444007198504       1.7641448219819655       0.32478064006142615      4.883318265865378        -7.208526563410134       3.7236227872027747       -14.333581090188417      9.015048483140138        43.6879053924396         -8.27569962134249        2.935359388241821        -1.350810728240786       0.1662350578356438       0.3665673722878884       -17.034974323080093      136.87420233639165       154.54628558767973       -135.03411008520794      -95.56423341070784       -148.29575744555208      -156.86428037630913      85.20308521315087        58.53800456623887        13.363801012889638       3.0184117242337436       -29.124833513372664      -164.5550040003491       -94.22331789166097       -82.46040888732377       -160.25398035829255      -70.19060263178604       49.795393081221135       19.651668401432516       
rwgt636                  129.40719892815082       -6.949001328216755       1.1817311192452509       -2.461270050902533       -0.2757312830772056      0.8727834691173695       0.37878020283440716      7.242016489760101        -8.199847727153719       -0.9997828407825695      15.805486250145478       10.961844457172148       -40.917128425344366      -6.4214057906879916      -23.271616064348272      1.4179139722256915       0.02811438535022487      -0.5344068489634745      76.25783796612524        78.66919626308743        115.74697653815826       99.15441491590667        147.69506149636481       127.37136408995332       -106.08381461789894      -170.98444677611144      -77.35905045940949       -67.92126614459404       72.75314381458006        167.5528552120088        -53.98831941413023       139.10739102050093       -109.86518845985361      61.51807011882454        -73.81611125342656       29.972275830944312       -26.047290873465016      
rwgt637                  110.45354658316239       -1.5126344829086031      1.3951871763772645       1.3891941878153053       1.2892106011981426       -0.030473188594454914    0.7018046540259613       7.784521002415137        12.477963093148805       -4.863904652398185       11.997419694470718       4.0239300414636965       -0.9893299333766379      -19.67826733489487       -25.456752829820847      -4.698751246625842       -0.0949612412779768      -0.32484417323045933     134.92975428925484       -31.180326223622757      -23.85958229002307       47.8922271999262         113.05277651033589       142.43301860277785       -36.87019307093334       6.572710019919782        126.45275196317414       -27.95189302442907       33.473567587069795       178.14677767208883       -50.16789817738152       -111.94634905825659      133.58555675575587       -11.358483847346776      -135.24158927493045      53.94328950809361        117.35534017257169       
rwgt638                  164.5227275328312        -5.038716573729622       -0.6067002594795402      -0.6134998054651635      5.0413811958994845       -0.8386111273700134      0.7256647259893025       5.686086282102743        -1.9593710798453863      -0.7124859093482812      -10.498950494639608      1.8265553907975551       21.0361036208826         26.777583236740128       8.114686720313152        -1.3510817332380545      -0.09699611778697124     0.528815067055003        166.80708864174665       -32.611969439793256      115.03499589941663       134.9954451886917        -90.89831161295929       67.2006986602652         -112.0573741060763       -66.72318199876253       36.66284266027421        69.8061268974509         47.59383961682411        0.16473444566059925      99.07866367218594        161.5196194650468        -48.90834546104358       155.78607379665038       -112.78486666085107      -45.50595316592043       -26.792159657356592      
rwgt639                  100.1491963706485        -7.212409106468486       0.4415279877086469       1.8285022392530035       0.33469485585137004      0.6181926352198763       0.28605871040219366      -7.352701067777171       7.390240809343933        1.5933426727549715       -15.80048297923842       14.218191174746885       -41.221230837882665      -52.02164932288638       -1.3376747541315268      1.8354259458773123       0.15847067524995712      -0.14160029666314278     86.5657725583252         119.59444047430702       135.86806812471707       -65.43492858253089       -104.29880123921089      100.24652259942582       59.7336631692954         53.05928190203804        46.24068731097125        -149.52994891320336      -44.7862317740765        -27.45430535929941       60.88942903988061        -62.965780770889126      98.7301264352999         14.808278217904643       -79.04391910328548       -111.04497732980114      43.12972186183268        
rwgt640                  -59.8949318301548        -0.8068355460992604      1.0614916776280816       -0.9000095089404767      -2.924418336981489       1.2836034153723563       -0.18151804413477124     7.618288214656741        0.7514493712592518       -2.451728617376004       -18.019964515325373      10.745739464406025       36.32802486816411        -36.57747335160833       1.108663144483046        -0.8485000818177983      -0.11102919366501042     -0.49490973710436326     33.292928114406436       -101.74622140578184      33.38826340166531        -91.621072016739         135.67226110806723       72.94849773586304        100.05430277297086       116.05800822679049       -44.779016256524244      57.87726646520642        -45.3807989521257        66.25192577996705        -134.8935884101267       90.66657227799323        -23.69306649852527       36.99007186573465        -35.0939022948873        82.38275602813383        161.7229491176695        
rwgt641                  -157.1603071207163       -1.4849137398604748      0.4877117675612388       -1.9260817253707256      4.111725947148992        0.9111402232045136       -0.08711130832342462     -0.6644840576819542      -14.928233006890716      -1.997065422276422       -13.675361076556268      8.946746204384297        33.816624189842585       -52.502401510912684      17.3962921106314         -3.371238406245329       -0.0062268687831261715   -0.12298698823116039     -150.54883309299893      -166.82192606114475      -57.8842303264657        20.98270666170015        -153.91845541005569      -96.65224729595701       49.74831816647608        74.07915547015526        104.95433813051693       56.35355571241999        151.55417237123606       -87.17316301458673       36.58592236617238        -7.264414191440125       171.22146019705866       -127.74403118551015      -107.92781092361324      82.18250916233495        79.48570434434623        
rwgt642                  -38.96203327843327       1.2796472448195564       -0.07782605491765948     -0.49010915723512216     1.7455688450433477       1.959139256062644        -0.09465969745742497     5.288635470681153        -4.456461336526944       -5.54256330294837        -10.191201342366107      6.593824626082583        -32.00130829236928       -52.174624960343245      17.635518191264083       -2.3967455664205017      -0.04991761705759837     0.46425933642657824      -127.71275312127213      127.73415851812115       171.86057164348694       139.5383913116906        82.28595545591378        84.27512787177568        121.31058249774753       -36.74367185235798       9.773082013995264        -164.84369764965143      164.4289024704246        51.90967560024413        -17.147421871670872      157.09010839278778       -11.800816843620282      -154.92158319126486      -154.25536637034196      -11.939446725305743      77.73133034372756        
rwgt643                  71.82146089852739        4.5278847786012095       -1.273469192422896       -2.791462244900018       7.114112431399823        -2.069578769316237       0.35355289023556047      -5.6893533207042175      -5.118858025490304       -5.920327721135669       12.623359825613132       -12.500647160165393      -6.334275365072465       -1.3517402959659819      16.3824409748726         1.3907941391581558       -0.05833892913040295     0.014975989358728903     -74.11977422619871       91.65601069961548        145.6857278465506        93.61584481567672        -135.85554323613366      107.35565284969732       36.882351547045005       172.42687960707207       -173.82804587782564      -168.12038788857825      46.39052911881177        110.53471651513291       156.9268867537367        -163.48632834264617      44.421206247654595       -121.06398228500844      144.0400991751863        48.403730168864996       1.5879364229441535       
rwgt644                  -67.81656880972332       -2.1456158977135855      -1.374031037005223       -1.5755915995145988      7.544098262534238        -1.7986985729858742      0.17077973593847218      -0.36422229877676404     -8.082831778931348       4.898550579724674        11.050842421293641       -2.070275448603912       33.37524335363764        -16.61256121799036       -1.7850686829560658      2.607978881958239        0.0039430524305850145    0.5723112693601423       -98.70817721509125       -70.86026076001342       -74.74367850030279       51.766386877822384       160.8274439271255        -85.01832950448762       -23.189263000933295      82.55494002684219        -69.77809448835936       -108.17593701507381      83.74009529866481        -106.74170745266241      -90.95626743017516       -74.90132604951019       -112.16144353709304      164.98849244736556       -4.42235878238219        -79.72153630769674       107.73424026880195       
rwgt645                  4.364695107273121        -0.2226289218750379      -1.302385400962753       1.4872549790862646       4.266136687460813        0.24859076413524495      -0.40605719469784196     0.6639689648523914       2.601438221380892        6.251367095771753        0.8154537265412181       -8.988659033794715       14.83438373213285        28.997887735212515       28.591812023710588       4.522250560401533        0.168567067560716        -0.5822052331335673      -103.33244307086257      177.6050662472298        93.13541752260323        -34.686657466981444      136.68719280798462       -8.801253844867944       -4.845283572253834       124.59472503519254       -161.4773219872553       91.18545661176472        40.2184516545893         97.24991931265015        -160.34518028853591      -149.46594390423797      85.667356048714          144.32774234437136       162.2403681884142        73.34082025036835        151.99256343693912       
rwgt646                  139.16145671150093       -7.307853321053159       0.9845758541327199       -2.1571877554850167      6.945101207561006        0.9168461629857778       -0.764507650364588       5.518160113021849        -1.9327308330444666      -1.1061595349102777      -5.471557209325393       10.99921562941283        -35.90160055322261       -39.615568467119374      -18.497764375154137      2.857596288751729        -0.05314788153037456     0.5380309142572369       -133.83096337046445      93.29900054532544        84.52665431944763        -132.02952698276965      -30.93750321158035       -170.02906589424833      126.35409246549284       -165.45069217495532      -158.2621573723941       173.79930395720578       49.38868376520773        82.44731164686141        -107.32631198094631      86.27440964563482        53.306112720794744       -49.06279592797847       -58.06915652791983       -175.3748843161365       -138.19297718117775      
rwgt647                  36.82929869088761        -5.830247376671444       -0.6382920380913306      -0.17371913491123703     3.90127380966255         1.3699769085144782       0.3796982814613261       5.431997494477705        -7.535249040194915       6.012128548228013        12.133823311100898       -8.36089554212127        -41.94812664697949       -32.058727001081394      -2.707134593388659       -4.427267458866995       -0.049237072043866736    0.56486106726439         54.15125770470965        -113.3384737365801       -5.888677935769493       -112.2942280428646       72.79378890715248        -87.68176678177495       60.73954719851966        63.267976916592914       45.91235569336706        147.85780209840118       112.87928883956437       -68.94856045407157       -119.54075198361681      160.04942790333837       -86.80314710976977       -137.59420157166804      -104.98518966641419      1.6918088779879952       134.81306337818393       
rwgt648                  -31.694449420615285      -2.1986063929006585      -0.8361240053013432      0.12379759925555467      -7.2596645336079275      1.3532258064068827       0.5916825764423663       0.16119830946611735      1.821796235132151        -4.102141172965655       15.282162365501684       -19.610818130542757      25.306755035759593       19.918737148360933       19.563910229727213       -2.0051746204662213      0.14247718307116802      -0.5786023608954151      -144.99828034779233      105.38630631718047       177.13640731189133       -56.237469180572035      4.610505004285102        126.5886989253591        -178.5376290005532       -165.72853850667823      -20.661831000665188      57.16747909600744        112.51199188291764       -174.6756177839526       132.7146555902899        -24.09463408670888       121.38186752253074       33.16287156142249        51.18984541121006        -83.01494548471359       -62.906634659900476      
rwgt649                  -110.71838179242786      -6.580441422294874       0.44150955266809944      1.4955435324680115       6.272287324616062        1.9697029285918437       0.1013416787434559       2.6392915335304528       4.244706719840849        4.9005643366610645       -5.476843956272258       -9.23509379894394        29.995469201348925       15.930234812480222       -11.956525005976033      1.5902010010247611       0.12701371710136122      -0.10543546327315345     -121.48139004775909      -163.95861480899418      178.23955539946212       -145.58940378281903      3.477638854058739        -71.41721866280527       -91.74112483325423       115.4697401889033        64.9977774676475         177.0731140690487        36.5841633950769         -17.79915045884431       71.94294866383777        -54.29679027121122       -92.42072156026508       -26.700224261847154      -176.9959634561509       98.17199657967637        70.82798316167649        
rwgt650                  -3.574674384765956       7.500254635815845        -0.3272482512856669      -0.5105050163352325      2.6809144654373362       0.8906090903380388       -0.14168872915033448     -5.855749499707747       -5.776550997025453       -2.2170328589837283      5.520122409009179        -5.493761854316496       4.172782000163799        42.81682568979983        -17.500996682255703      0.350834452774345        0.0852001641021446       -0.07085432677042747     72.03337687041855        138.08852559911185       60.11980750588077        119.2029615161502        79.11463266842605        -131.20316897871334      -158.81763839714193      -63.098404324985594      39.46869022844902        -56.399265009252034      105.6200519680927        -73.57823118200439       128.2468451668302        126.96761387472628       172.45996877609218       121.17261976671443       24.993095345876498       -133.93268521923426      -177.34343273061023      
rwgt651                  -51.3412695467791        -1.7462895880042684      0.7957027975721946       0.7989650842483513       2.4583756539958426       1.6685290478331907       0.19007263031840727      -5.182911112871203       11.69911970041765        -2.9291276659756793      13.533465425113416       6.609013280872404        -38.09749631778614       29.501987061235695       -3.9664370902520645      -3.3762619197585604      -0.1556072505111413      0.2019662504070464       62.887726912898785       -106.03630014661778      -90.6029292296391        79.50013329342102        -32.04115931864635       -169.72456367966691      -15.511494049848835      28.97284778555499        -90.11098007124512       -50.08144160248278       -108.22164405518832      -74.35189758104825       -33.95070564195984       169.1702853020701        -122.40960309249435      -96.8737717839853        -172.82720010993458      -47.084407274978076      44.27338353495719        
rwgt652                  89.21147429884041        5.625216637957771        0.088005200366011        -2.275588101420496       -5.984398606651327       1.491107441147471        -0.2861884158311587      0.30892464070246195      -6.360593159599736       4.734912828062404        16.847400733407262       0.849584831710871        0.05035211360474534      36.8811098577074         -31.390930062323314      4.374175031571518        -0.06522911402543141     0.267618964285526        26.438410576001786       -154.83350198591867      98.24590718333388        85.87724759717486        128.1412404045937        61.673485454640286       66.27216179988676        -122.46911993843915      -54.05747664657579       -76.29709675713079       145.0047069102368        -138.27916235725317      -131.29345525766354      -88.95162616564238       43.16315105764866        173.16715728163717       -142.43736211692791      50.80296565521263        151.34585731999607       
rwgt653                  -168.54093181918088      7.085153379524612        -0.688329059105753       1.7278871111317127       1.9766662184268355       0.3641541741786556       -0.6981143846853568      2.334252150010511        -6.229323911449246       -0.9116896211081293      12.190198966088708       -15.609021424013768      32.591954167413775       1.8158802199296247       -32.65786478427584       0.7264158124510569       -0.004106968040377579    0.08914971501770619      -25.285543061866406      -6.041902157128078       -26.2894386550677        35.32013670053175        36.95246997276425        56.30324399011445        -2.9034897289599257      -130.5886263221154       -139.88889204257737      -134.49692754939215      -117.26738479700032      6.403745918692721        33.49469827081873        173.90109576954166       -56.436478266185674      -3.6697030583101764      -30.767733108106796      -76.80504405122056       25.83055924080074        
rwgt654                  -26.347169844447848      -5.091621467087192       0.9709359214981672       1.2001693792064128       -0.16267773482607772     -0.2821679424408552      -0.6054761529529231      3.228296723781825        12.312327052998999       -2.209076607088809       -5.40516076663617        -7.734869869903797       -11.25110952754212       41.27715170661928        31.482602872220966       -4.079997640561077       0.07148122591687561      0.16453729462785383      100.81075694780645       -141.42596557569738      -127.18755789095609      -152.20062158968634      165.1141475820853        138.184776323184         99.36148192038365        -58.207496027621005      -86.37463162271004       126.58621188319893       159.02027676862184       65.45830514749275        171.22245181351042       -140.99930737965695      148.69896972206004       -77.13865681168544       -20.670354370555742      -1.9035878896900158      124.21508409265527       
rwgt655                  137.17546680226576       4.167248870378537        1.3510919259980263       1.3136541463348932       -0.9332486957196346      0.704449270780604        0.2856781651923266       4.364683508405936        13.325955117320941       5.7882759584686365       5.59346995942391         8.252344748372927        -1.7210910778274737      -37.03748579058714       -2.4075460711908363      1.927670651080775        -0.02084783120498604     0.42856959521623705      -92.24222934405924       130.53208338780877       114.89778654021688       170.35275476659842       -45.49848683953428       156.3787714221438        -124.87417983141337      94.32441907675212        113.27624023657705       40.356251394495814       -49.74198234854771       -10.368864418281731      -82.70864193729084       9.296713337411404        -69.19764872087767       113.12264338584987       15.867147190012162       51.16865864418256        59.63816531983787        
rwgt656                  71.63767241685744        5.385032612008843        -0.8037561155079619      -1.5326769336384878      -7.031897144311707       -2.121562944037207       0.3531076954950123       5.202813173358906        -1.321047173775078       -3.6097637778220246      -0.47539209108725444     -12.347981370532622      -3.933504892049733       -43.562813103477794      -22.24385098464081       -3.1996379606675953      -0.0019725973668749397   0.44599124287621394      58.59988810937284        -175.90628174133482      100.1602253876332        130.9326412997956        169.24681403495174       91.11133330630116        27.09012604657383        -13.920899394972395      -15.950111858617504      -65.62722554818653       154.06861194844907       -179.70699762469636      -44.05954618557823       50.11672484772441        -143.7997416233075       -140.3898285876074       -86.05268248973604       49.65973894984475        -40.43617863818653       
rwgt657                  -35.4646116741942        -3.103408677625816       1.3840452599292654       -2.0508980209005943      3.58391056580024         -1.4440321201582142      -0.4779075117446013      -0.6410262797514026      7.5634989345297186       3.5519680742992676       -13.926173180051721      -13.193855827491447      -22.23099435130435       -31.664175742460568      -26.303021825595955      3.6262981015565057       -0.03129034439789774     -0.3995413639375903      84.40848744694324        -14.908956908043393      -99.1560992923909        96.51177972005291        73.43346828775378        120.88521196959488       -21.5419711360758        -102.22688585392285      -37.611166958958705      -174.3549691191015       177.7668847373401        -107.84749113387926      -70.70349843272973       44.220676070055106       175.84702227542613       -178.14958619136468      63.30988450938952        -162.43735166420097      -42.11985864909994       
rwgt658                  -60.65862962466343       -5.33130598844928        -0.6338275565423438      -0.4048746225242845      7.410027911293808        -0.1720298916317924      0.781406367494921        5.221788050734324        -10.426329173206824      -2.726678977499343       1.4905676263856478       -17.763337768998213      -22.817304481147797      -40.18945105077656       15.564207400766378       -2.0417131721478996      -0.04252234396855284     0.15024541325735363      -19.854305464526533      37.999967434923036       -129.33367437336597      154.31079279145064       -26.41214079733828       43.01332180031969        -175.91762350453007      -47.48266340783974       -151.7476064427335       -174.0591980277514       -11.449605231791224      5.645662718144621        130.90859340831167       -159.85936474105895      -29.802643594141045      4.5212670541464774       163.28075887789942       32.436224702963585       145.42432282223706       
rwgt659                  -28.510803600672602      -4.528000040715547       -0.5674618938786107      1.0539126080845023       -6.603445108993063       0.8151309000940428       -0.5582313902540976      3.52984477307563         -7.59452941577008        0.6165725892114695       17.445314145997635       4.418961086033214        -24.65216661729262       4.410054081962372        19.525396209014723       -3.3593436308204474      0.13863867736489144      0.2984099735346317       -42.744387013793585      114.19053441252049       5.867029453689071        53.79823877135661        -34.206999190721916      -0.060064387244722184    148.24914583225353       -6.407885070923953       128.02484563610483       -103.41699252020562      112.98489559829432       169.21054591325992       129.93279915270824       -140.77312425401956      -133.69814282055364      -63.23631901572088       37.644229042201744       10.217036051373952       144.00071965550381       
rwgt660                  -159.43189935027243      -7.371938262967108       -1.073098015812115       1.223179553814452        -1.2668189714157307      0.05997200970924155      0.6308179699973078       -3.5655994291483513      -10.701962128316179      -0.39309684403180967     2.9247606439163967       3.9571190282277975       0.5216790880769508       32.84691546968237        -5.088474581467366       2.820518119325823        0.0690699046655108       0.03622785143227791      -100.20821888611508      -144.93790953455834      115.8207186453273        -114.39455574659569      36.28713114630469        106.07203510525136       162.83893153201603       -60.59423761298369       -21.597449907657534      8.592145846525625        -75.5167767534115        163.98517214118732       -86.02466892737674       60.15258887344612        52.553712650511414       -84.23379879341948       -143.41605383200624      -141.9082632021509       158.15090424221785       
rwgt661                  23.343721568613574       -3.9726095369452077      0.1981207183704412       -0.2495734531256164      2.730549679065998        0.8771967039861193       0.24209108389027234      -1.793088605290416       12.699062851430401       0.0781044843164942       -2.4815335609352474      -15.727727320173376      -18.54567728239453       -23.866596342090766      -30.276601359471485      -0.7232419053580115      0.08722128793755307      0.5060316738839593       133.2459422339884        89.00505466815423        -156.41991026393333      68.48145839241914        -150.57608584804217      100.19636131448414       -168.94790170146555      81.04046141648001        91.62299205285552        19.6830294660042         141.65807177129665       78.36912925473416        35.744928064980144       -4.607938707610288       128.25593427877118       -125.80876467515088      37.653143683936776       79.88227661775488        -83.90750607136243       
rwgt662                  123.78285001268159       -3.7301528270415227      -0.2833307222424377      1.21687249194735         -1.7579277954666033      -0.9364102411983022      -0.18485235485619467     -2.975193177387049       9.461529630073652        -0.41916599999645765     -14.598319130988424      -12.99246676087007       39.66513894366791        -45.78523394877088       12.749797724795457       2.891365137770265        -0.027503086582270908    -0.5848337545453733      25.16984081416851        114.74467368550432       -44.45920920940196       -129.16712421187455      -58.701361140498335      150.3229185473249        143.6628249478435        24.033631435892374       44.154205080018386       -19.421955017456895      -2.5813982475315242      28.10030967703713        17.53352387609442        4.07537297838374         117.42322091207575       102.1872354652433        -173.29917773639895      -15.58989626222845       96.70927912814614        
rwgt663                  -107.65525495527349      -2.923882319943191       1.1524124806837885       1.3220217529170588       6.199545572661107        -1.5078827195965645      -0.2619000928764792      4.726061892912113        12.373882325407891       4.993387713571549        5.101228351721616        13.525004098327436       10.444729650433175       -14.347701344833688      -4.060301124930909       -0.31788998790977097     0.006847078297672837     -0.13231174679227353     -50.905217220855974      94.08787898892433        -30.289134236312407      -133.14578869749164      -108.34225175214883      -136.79352916022387      135.15914187944645       106.02077602976118       72.00115497954448        -78.19502431730146       -157.8488450212784       -178.06026148855833      -40.01184025122686       12.633193024663711       -90.40063736944697       51.84326622126494        -43.12291367113207       -81.8787906445282        65.51179702531726        
rwgt664                  24.559141401003927       -4.942945475103408       -0.8050112481894206      2.609661599524271        -1.313422655516491       -1.6929989054293784      -0.225245875633738       -3.062221503523787       4.483840427286243        -2.197626903713446       -15.886158062252784      -12.919696160898923      -20.89134528453694       31.879675979048287       21.86765291782021        -3.650433891689186       0.13089029989889606      0.3939905918356347       -73.81468554478906       -124.45266956549237      94.93546992491241        -44.896162196404106      -124.16316692527127      -38.642177512263004      77.1744420028752         45.818318503738794       -63.78268409224012       167.56767988595698       -75.87040241536982       -61.847211421779775      38.306947309647285       -177.33655681723545      -25.320920275997622      115.93593700963794       -57.372566049053546      162.66020982115077       -134.8163102597773       
rwgt665                  -60.81900511953316       -3.0598646395324476      1.1093525200423662       1.4531891240930639       5.410255671363252        1.3253570113937405       0.7159696275808438       -1.6017624317366792      -11.688831767987061      -2.4875214761202686      4.677312489242468        18.38760742504313        -27.87409133850541       -17.101696264670863      -31.63810081927124       -1.1198379384172785      0.04534110790571269      -0.14878481601344756     -122.42717518742069      164.8187045292844        58.20946777279963        -133.37885705784018      81.79205372038132        -110.22935754361147      -74.15905833505644       44.19488604843039        -51.696588103597094      15.465625433641122       -48.46392801669336       -108.87928801990374      -22.269827859446963      -26.604967851534553      139.61090565780955       -41.33576545707686       -52.35188787606131       -114.24658645807823      148.39504717439155       
rwgt666                  156.57735929617235       -7.084896027514935       0.22434619669384426      -1.199008938417878       -5.565005196258503       -1.959554476281106       -0.33105179820970265     -2.469048109431343       -7.5876744812488885      4.152669732839042        11.492710700188084       -15.646905683195993      7.246162445881588        2.014823823809188        -10.87354178691897       2.911626547834749        0.13866366203236086      -0.27460513727058855     147.63405758050834       -70.32791744413416       -78.87546601218254       27.675161811219624       -7.545981609389173       41.315084405809586       26.791739923333978       -132.0772059387275       156.9105313147145        139.62686665183213       148.94285905140435       -121.69188543877337      128.18832427275402       31.764585419839506       99.74200183460505        -113.9396091297617       -63.10306826658244       -168.77146726919196      32.15210702366849        
rwgt667                  24.33907526798245        -2.9740043124508446      -1.3508678684173716      3.0099628457002225       -4.7615707229329         1.5648029485750414       -0.5744956708374197      6.73873091987065         9.86390045490188         -6.272718082201347       -9.387403824712447       12.504047035089592       -19.66463662339824       33.73992236130847        10.716485316477403       0.29828843620615153      -0.08491425436168605     0.024940808213114507     -169.20775938198136      -41.735374063383176      26.772330112478755       -40.459185009951796      1.3865479943523837       102.87981582929456       166.79902226871582       -159.8402116573672       168.91056407967284       -9.342298823792134       -39.66117441923183       -160.3702005307269       137.26881478355574       25.678563947298613       99.33034059076215        176.40341963543864       107.47473793282438       -111.85291619254286      -154.59424653198565      
rwgt668                  -7.643520299636833       5.775051002093618        1.3616953446268274       -1.4235000560504825      -2.8489321512220265      -0.5294535869753938      -0.13831177864004285     -0.8014103344416288      -4.8365075987201         4.010286648821186        -16.01951146360734       -15.211141679832195      12.629094028251345       22.450609497437952       23.08896758955214        0.1922894856554178       0.027474348775432866     0.5057889213779875       -51.36923980008439       -36.90861821195628       28.214154443030594       -24.62420348951312       -142.39908250180346      1.978804033729915        155.39039636059562       -30.5638168274877        51.49663363375686        -17.094604717218687      136.66995340247996       -22.24532753006639       89.84915394548602        -28.061488273883867      104.33006271076783       -90.63701574759588       -22.169909430330023      -76.31941687326892       166.70888943486625       
rwgt669                  -175.1679790497208       -4.99281879846345        -1.209409960579762       -3.082377642263901       -1.4623482719383736      0.9402216122692337       -0.3282946361776899      -0.12659492277286244     5.204843854269388        -4.825983188190631       -5.360418768260027       -5.192221139100255       21.123591252787847       -13.413859587676782      -15.60216270608537       -3.7188598592224693      0.029421461680682742     -0.01910575424738903     -57.707643082804964      74.37156945424633        11.087771077213773       -78.50165093692416       118.03387655131661       140.72836601052774       2.252215705599241        81.65047643802649        -114.53839105047209      141.54153302969524       -96.22287062798694       -96.5270562443098        -172.2236122551969       86.53294804423575        45.12863046257198        -150.7444073460261       169.39763777874424       -162.48990869653633      15.794719255521613       
rwgt670                  166.27169048097585       1.5750161604814528       -0.23512699381111313     -2.554838139465606       -6.339196454579313       -1.6196180980467143      0.03802834004984701      -5.45560152272826        -15.066839069376192      1.292662783861176        2.076350289880086        18.333916797160754       14.835193380846299       28.38990750989069        -5.831027079890738       -1.7457374142064221      -0.14921650784819085     0.40688268379088355      41.69651154096732        115.57811297807547       59.11438225797133        -80.04358998735653       -45.803696807883455      -135.86317263447438      20.88284467502183        106.40992784575911       49.74491849164713        0.011564765395689847     -95.54070124917182       16.860872210569738       -166.5786881337855       102.10448318131012       -72.92031625395907       47.51046588042382        112.78574765535865       24.796131602643072       177.35629042524192       
rwgt671                  81.99858882547073        -0.6926414485130472      1.1870620325724401       -0.9389729010523933      -3.0844233248810147      -0.8340157885725443      0.1882599682619449       -5.092953948794589       1.4935583966277868       -0.15176612275860446     1.2726198686937593       -15.750766308019642      9.637410900924927        46.61250453474837        -6.119472120817058       -1.7500808743352878      -0.16999338953270135     -0.046228980178469214    -165.88631456787968      101.314171960122         -63.21029699801757       30.201476072386072       104.06307055694208       75.03877918119474        143.3157356535508        43.770124202289196       -85.96280480171755       13.730659721986143       -50.4794263485727        86.96771937614187        -166.79597444849372      76.94496443583142        5.397766301393091        129.74190085483298       137.5025025067162        84.61492239467788        33.37446034831186        
rwgt672                  88.22842379130378        -7.3732604017947985      0.14272283317478207      2.832634221545878        2.801145116220555        -0.05371780902032608     -0.26566550618498075     0.47596525872279205      10.550670061867052       -1.1623909105061045      -16.080317183675987      5.160246563966435        36.61254702193153        18.272582891543166       30.82484741770321        -2.3997315557648196      -0.08701807087148161     0.3743866581332781       155.5091839962068        78.11961904321498        70.39473779976998        118.44927880272672       64.30067143399194        -7.180611965299818       -14.726158701507217      -146.9414360158584       76.67204250643908        73.42236543235896        139.1740051401842        -63.50875852105895       -178.74264900791525      5.197700314395547        52.85813388723258        -124.1305207395411       179.93396585714396       29.026271727104415       -159.4344541646478       
rwgt673                  178.95191737562408       -0.5813477375415355      -0.7070482373058695      -0.6107385297579557      -5.618515941657284       0.6323654780111059       0.6541740181800004       -0.22174044412301797     0.2516394716377892       0.04406297655221536      2.6140493723716673       17.44442598985733        -37.12450020993423       16.84393831082157        -7.3478961946232         -0.40711591128983216     0.17098771148082648      -0.10196704522943811     -66.48352985537502       114.22059055806938       -76.04571180163231       119.80621036685955       41.76002180749296        -32.030722491034794      113.24973827370826       110.10912843188089       11.812151659963433       96.65283825291255        3.25518814294            -82.07675764161266       -40.6487807648233        -108.30329387358671      -97.02301720037309       -56.143759452574         102.48438356961401       8.336127678298311        -34.637723707984804      
rwgt674                  84.50423074932189        -3.1049579504803146      0.6033029439651016       -2.7074776661190048      6.664721869657246        0.38767514936097625      0.020769943584943773     5.901386149648311        -0.4603140314845149      -2.8821384557171745      16.86399439366106        -0.9603603548750819      -35.376155641782276      1.1606479620904793       -2.2255795800995912      -0.2547047547861432      -0.17605508716566615     -0.4516172449817917      -159.67562077981486      27.815836735329555       92.98441912164782        -66.55927425504154       10.348908361642458       -104.43357695863202      177.45888694938327       13.05940975948431        83.35937397540488        -145.72543199892948      1.5213066830922628       132.34769778123245       142.0703950878763        58.92704663049338        -177.5458012329438       57.283736043135406       -103.51186264292464      -120.1000130844211       -29.863241773236183      
rwgt675                  -80.0064242376869        2.205903556504393        0.6067635522900112       -2.2871593708752336      -2.6051708489736916      1.4681617041529136       -0.11168522481344723     -1.1142131318754114      13.990166040864722       2.7329498575669984       -7.648528153314048       8.255831236262853        -14.1064233391884        13.264840385715544       8.181884642951289        2.8019132218354956       0.01615910623291389      0.18426141143486896      -37.807560684427415      73.75729806999752        -146.28707720961086      31.693470998724507       -120.3819942824731       177.25026006701177       -95.1124019811436        -155.67759644822874      153.80402868202998       9.011519487994349        176.09631210407002       117.76078862369985       -163.42545441368512      -44.70347142163155       114.00221958995752       162.87736486521567       -56.732286193635716      -145.18217719199941      149.41511114634937       
rwgt676                  128.7149089933352        -5.762158975793507       1.05753829298705         0.9916061365674906       -3.6564555629599056      -1.9601136120931204      -0.41154585920978776     6.596242139532083        -1.338362303125514       -5.350773503325887       -2.3854225850790716      -7.815977030220624       -30.21870124044657       1.472471965939711        -17.822776166116302      4.582089411403572        -0.03769859478421328     -0.04518029091623377     -18.815260069650776      69.291624895755          116.338771206334         -168.36892034454476      -151.66407110336212      -20.139171995457076      5.544952543889991        158.18244420256332       74.78992621245231        83.88541110424563        -5.220126686712575       68.6245242424072         -24.488352829367926      64.63740786805019        -55.09004272417336       136.49544400549667       -59.508813184666806      -118.46188724493217      42.47906639390496        
rwgt677                  -68.40175561352174       -1.4511948403445647      1.3508123983746632       -3.030376192024571       -5.271040908958813       0.5209035011039309       0.7484806012156611       -4.777964419749779       -0.8868998635257359      0.8297823231191312       -3.118293576135409       -1.2845466170209612      1.592996310257682        28.3934217624591         11.991256439350195       4.475822935063759        0.07221089526743552      0.23248837715824866      -120.0291060759573       -27.52599731560676       -1.725093752189764       -57.17338719869768       -37.820439448740274      77.74476238821791        138.9897979033246        -14.823706884240039      119.61674176857457       175.27117313619374       177.41728700763224       -158.43034100726052      168.1051897398549        123.34222909370828       22.98977354822145        134.67268683710773       -98.32361461122883       168.70594034033041       47.07252309914753        
rwgt678                  -29.536269027103117      -5.78682517767153        0.42823716569804593      0.8777073570142795       6.994002995233256        1.6242793183890676       -0.6417246849965976      -2.0992832406535973      3.8165238637997305       2.469663935095319        9.728834155256706        -19.128047392935173      38.22815451142128        -4.86253987463693        9.226665389246591        3.57698886536442         0.058761990460378694     -0.4686886586129851      -134.01475089978612      138.61758321743667       48.01344172118468        25.61177418423324        137.38029410902584       139.8626957076849        81.49792361900563        61.20981883465669        -69.89553551398785       -171.62199588399892      140.7573947154778        51.823908081277665       149.3347871854948        -31.428340406652296      91.89158131570395        147.70975679390216       1.20284073632385         -125.21806515189978      89.04523490065424        
rwgt679                  99.47174036755194        3.557610139088525        0.3238731578779823       -3.118239166877879       -5.585582025803943       -1.197611697699588       -0.5527795574961005      7.341607527353928        -0.9014515305761392      -3.4887651676504086      -10.661179337014591      -12.692698388461004      -35.17708430832885       -43.73131363367252       -37.242580898395495      -3.6267279201459264      -0.015391640129670092    -0.5786316868185613      119.66915691350118       141.33039186017606       52.0034859146416         132.25539631941177       32.40060970284907        95.37240693451213        -168.20672449305837      -70.96677659222465       -16.717587617458747      24.795020156248114       -11.075288797120635      112.35348957220157       54.98141542368873        151.83416061655487       -109.99612079051114      -57.167035262776395      153.39550158008757       -48.60608215082854       -93.61286974084523       
rwgt680                  -30.909549316403655      0.303747584670889        0.453278552179768        -0.977656300093602       2.767330300960971        1.5094351727425424       0.6942250342280529       -6.813871359611669       14.109641701378848       -5.447321619633319       5.286185302678586        4.4313396366172135       -16.13658459714277       28.957059706545195       20.303906718539622       0.006980126203004033     -0.03211517835788691     -0.15413418601727752     -95.04187045970221       -113.64246155066061      -155.73318565712745      137.14014456064172       157.61157542980988       170.46535804898332       -177.06897030268846      177.89818241600221       34.362120765172364       -142.29355545680284      -136.28774511828584      46.4693037834808         144.86281716558966       0.7598475014914925       20.390569825329436       -61.64801668516529       122.21722069515545       79.40053781154717        50.13142249360459        
rwgt681                  -124.59703402354461      -4.9409090521326124      0.9008607268998172       2.7770524890246655       -7.5991460687452         -0.551531418376964       -0.7756636297385695      -1.8238275738004983      10.87930455473333        4.062287984055741        9.299228785312994        -6.004345836850595       3.909012983362018        -25.518495403679523      24.204644838020705       -1.2737316364125841      0.16418795527717805      0.3817506552777087       -124.28654572652265      138.1326025395038        -154.0656135889925       -144.7587498258511       27.311571050567295       29.62580344252831        -93.96006199486045       69.3460988924441         89.5224282830909         41.370519266570255       115.58726633734034       62.28003455449198        20.283112694172445       26.005664369426142       78.62074052800409        144.36268671407197       69.20753194447983        -60.74367204405398       167.52417334010624       
rwgt682                  172.20344836409515       6.566054485379374        1.053402143077918        0.43388348255943         2.903718454194257        0.6123765912735828       -0.29638362600177626     -1.994130456155216       -13.996950672838137      2.613445092866316        1.983645894685349        -17.475972790874508      -35.692551187312986      -14.066915240274248      -0.5353838404896152      -3.1834987615722894      0.17393115986525337      0.1448798040938304       -43.23634253164215       22.497794897963303       32.33250880418814        -112.82199210058994      -68.1383928596006        25.028918126305484       -151.0583476477105       79.4389822528691         -17.14412389954407       -104.44205810702852      17.926139717771804       175.56262780082835       1.0897987509677591       167.53568158740194       158.58244169976837       -52.35180219389207       -78.64567602693786       -144.34283801364924      -177.33902991110477      
rwgt683                  -83.36045448903283       -0.42646855732186495     -0.14508944293088355     2.644266882589924        -1.7124174914572619      1.4527458580184476       -0.7954623899626356      -4.348287967207128       -4.477767712895291       -0.05730695894723059     15.785082345179639       18.836183878079744       -42.27651663183387       42.38994881127638        24.252555905067958       4.1523116369014055       0.12930299421023328      0.046690679092411536     6.514176095983231        84.14308175855382        -30.06132812780018       123.64739912202731       166.26709905326118       61.47154756805213        155.119264944944         -162.41487858641912      -85.68009644347124       117.47812842012576       -62.49987788987593       93.62860432320957        -91.20482322544103       -46.14036007878525       70.10955868784566        -20.289777192906143      -88.8831255980693        109.82141696704883       86.01744458012803        
rwgt684                  68.06645061871728        -6.538067923487883       0.820651830770051        0.17290693046993066      1.1161503117930724       2.0631504260444182       0.3081241434447948       2.070473680876913        6.64594948482263         -2.5316788467867166      10.897592137648456       12.730795028993285       35.893610548152736       36.313949301019264       36.442080097473976       0.3402903473246939       0.1709925293117518       -0.5424571925987308      -41.60031793490438       -87.99879126830776       74.68288985095498        -147.64036698770133      -101.62040984841263      -98.19415752798594       115.51987899839804       -67.30762369337448       -106.5855359076354       112.90108180698854       157.99012088357034       -73.44664633804335       17.47437426988577        159.7867293505791        19.793135577297534       80.43965681598871        94.63619639504526        -163.45433446510964      174.28424204796335       
rwgt685                  124.18062992771792       0.5430050657742891       -0.9406465383450064      1.796063452130582        6.949931648850173        -2.0421192889491873      -0.6703646522361538      6.242090332196965        -6.788095353562156       0.8459961498318362       -13.888895944512537      10.600230975954933       -43.73191572161084       29.06160124749735        19.134796308528486       0.7484185316638969       -0.13868976217619766     -0.42616694108010433     25.10357240332675        61.293310237575696       68.22957958311659        98.70515974878504        179.82373938084515       -128.44570495238213      172.2684635564546        124.2505526340637        81.04035454670503        -33.784766933361794      73.00721775725589        -78.8325640338835        -146.89595002717115      153.84327313638835       89.95274125469803        -115.61450761658602      -75.18320657960467       21.554400683748725       86.47762040371333        
rwgt686                  102.7274195146137        -6.835234835981155       0.9472225079406693       1.1765337233487987       4.67101461391448         -0.7997599918038878      0.7432674680404809       -1.5821496692958164      -8.991359853642642       -1.2650911700429344      16.285701686698026       1.0894682857109856       21.85216797594363        -17.54358942747197       32.69895092263812        2.2048955264595884       -0.12029792567585468     -0.5048341039592185      24.926780760314756       60.86279169874703        -24.100319365363333      169.24439397138275       91.1999236424088         109.85174198015397       140.13534225495312       18.83427684969115        55.16153285855745        -94.53300204703554       -55.119265589326716      36.62038485069286        -169.0013091804541       -128.12933910552474      19.169117051454123       -171.37624308591373      -15.216100167926527      147.03778470214894       9.308128074933961        
rwgt687                  -82.93719775414755       -6.543774956185369       -0.8044607107017727      -1.1953207036074598      -1.793161003622302       -1.9597273126302948      -0.26134517597372076     4.555564909675954        -7.455692276626885       1.3770375843052358       17.035427498368385       16.921284939835054       0.1759681553467516       -1.420707925919487       -10.188421762936038      -1.5650007645446382      0.169700332987553        0.26971405610339094      40.00243644304007        -110.1451763457141       179.38633229710797       -93.538127250915         -133.20047167928303      149.6581977952356        74.27362366129725        -91.73953374875867       27.692872589316693       -50.07281023549868       -22.786906006151526      -57.734760585245         -37.779125340892676      130.03288844638064       40.93562016187883        -149.7368573276812       -84.64995259249808       165.9097886055767        38.85677571777302        
rwgt688                  -126.16031572673396      3.362237979441992        -0.7976433442412781      2.1544639519588946       2.2876222030358146       -1.3080430493746034      -0.6684781546544809      1.6335874988676222       -9.518519269177684       -4.126091087121349       -16.12779781230859       -0.0660228305045436      21.672677550649368       -52.42805250524491       10.602736560746216       -0.11858240314106805     -0.07748403370348318     0.5483737861541288       155.15851923979454       149.10785684583556       -173.62872452317552      178.26299877568135       101.47658535791754       177.23469176547133       24.82176206104893        -81.86576924947127       -18.864310028346324      -145.51949713928065      164.33780739677138       23.2052895067269         163.52071012165425       130.0122606572607        -34.2544892240158        33.64592952489386        173.51310768127632       161.32896872980342       -16.401545839040807      
rwgt689                  -11.308502945349801      2.683762381954243        0.4566005908559012       -1.1800628546715342      5.516592542137104        0.5504985839592642       0.39267692314666536      3.8448971849705247       10.825983771598551       -4.282834038760772       7.256192142749196        -9.505014721754554       20.58837500599536        -2.47929527576013        12.630536168914738       1.825972979444841        0.029648490849567943     -0.045652373504908916    157.6103505052318        43.316114871268326       -89.63047606764644       82.17471587857324        -38.531492025260434      -131.46343840830582      -7.967399693722513       -64.84935888799015       -20.07726654820263       132.28311821307318       114.58838003690255       -113.01367966316391      -103.72771411417064      142.1342972806322        87.91348498856337        88.24945561387233        -159.08921812182925      140.75080638796322       67.61399247829732        
rwgt690                  50.542590615490894       -5.532909339808606       0.8456310027832756       -0.15043895999189472     0.5212247260625844       -0.21087186537100622     0.38851874057698943      -6.557930057737253       -8.783610463532579       3.7772211155404154       -2.77521422874422        -13.959415465724764      -37.2088834825277        24.575278210519784       -3.102297277100419       4.182591609725121        0.042552074043468696     -0.5108487104192483      10.062584244490068       143.14543602384344       -123.92231220750413      176.813307283886         28.693997957367515       24.104216881577372       70.22597999517927        168.43943020428492       -162.04429254762854      102.51704157728813       -127.47075072480854      -19.484251002008165      -158.18208938102168      -4.635969013955901       159.59547576963354       -96.4280090667985        -37.464989177930875      165.90650393659126       131.56644623558424       
rwgt691                  -97.65635532037767       -2.0529157988995523      1.3261251485197942       1.4453793693437085       -1.66284895885377        -1.1937097394674043      -0.2615747487143376      6.340834021509411        -1.3831617505307001      0.15230168663423616      17.640763566166285       -16.696536946499194      7.217795662072447        25.485088526676577       18.155147507826854       1.8569921249836696       0.08442520566104078      -0.5270660074767821      126.81530244637634       92.21356853945895        -155.58334355578535      36.10063258828569        -96.9501921823779        45.11753010450599        80.56168865934484        168.20217602753678       53.53425335866845        -133.66892223788113      0.6635416187844498       -17.170367067066678      80.18618090885604        -128.4462145060294       161.5022793227293        -17.418122626295286      87.23802562502158        89.98776948434067        137.51035404180925       
rwgt692                  -9.480247526854725       2.2658978792018916       -1.3528500684024494      1.904398518082763        3.7450675059743546       0.9653882212070095       0.0009754915490183258    5.942549453332368        -12.919060850759003      -5.536831784607373       6.33560221941849         -8.312764500073241       16.58242824952533        7.552293958713065        -4.625722571621736       3.663524591600142        0.006174674617709375     0.6021112798585649       -136.3392414817018       -15.70315044831861       -143.18945304836112      -22.722785991239704      -8.668623119863497       -126.08666438387519      -127.26950903633048      163.27032831356382       -35.78152124422863       114.51080744859848       -158.10961192598035      130.73904009030275       -96.70159595237926       -97.18621649159324       -177.94737711327204      -33.33180378380945       67.00176777234907        -55.54967360464147       43.577835364606386       
rwgt693                  -4.510377168944643       -4.644327642799345       -1.4039014589354981      -0.17931717277810755     3.9909804454887645       1.6815882210969          0.30261435300493633      3.523800387242633        -2.9950050109072244      1.2806123918242038       17.777049568307874       19.53189990422502        -29.236480618348505      -8.500391160201744       -1.7787881159026426      -1.052061387884542       0.04031455969967304      -0.016630185295909206    1.2869432473236486       -57.06705964678132       -122.85500721024893      -80.07503622907467       90.45443567943704        -115.31029127374431      -178.24415490385698      70.96846074716305        31.290866484676997       17.235575568841227       75.71982708462974        -176.308495927823        51.78797970235698        16.67413668404268        -86.71706150557938       155.31419435603044       -130.43177264140502      -82.40078448645916       28.259528065442282       
rwgt694                  -72.33504971105425       -2.862299279932156       -1.4148627578308524      0.41101636307552436      -5.575257447772656       -0.31581564953664376     0.7955934030830023       -4.398163036487764       -7.017789934476577       -2.9185025240221694      -3.905602674786474       -7.655386098490574       18.899130336173243       11.45064685400763        -7.996329148372304       -3.493347718123898       0.12147773345220886      -0.6164522351874158      -68.14046960108638       -92.81623153896487       -71.4491877572831        126.86219660791494       -68.22158189168904       -139.62392370013018      -148.68184085512823      -14.743856929168516      90.46975343929972        88.13213725189848        -45.550482418054116      -63.33240312934382       68.90060826993044        144.55776496534526       -21.19549908653599       56.192375338518644       151.07387686886727       -3.8246580606187877      171.67141601806935       
rwgt695                  -155.74110159200316      2.6730504545466305       -0.4565628908392696      -3.0144137472613166      -6.852676122427059       0.14800975606558042      -0.09665522221764689     5.951940269760377        -7.6157780496228344      1.953982133872163        10.803517855116851       7.472223360963685        1.9140104323461742       -50.10827399997282       33.68496246224255        -4.603458490851692       0.01253779930950466      -0.12976532592252032     -99.36576299248084       -176.30753233484774      145.22082483722482       25.0847739425478         53.51896445588241        -170.50275322768795      -3.044926451956883       75.85014582172641        -97.83261716098994       -18.104423757349593      12.753959489196149       -67.22979461239758       36.76678767680599        -116.82022399025342      -28.538090989085646      -19.15277727098902       168.76213281945223       77.33033535544575        0.7457674651779769       
rwgt696                  50.32001756509902        4.951688750189224        0.5547081275831254       -2.9025465145240723      -5.739199404407067       1.9763053252479668       -0.45292582471752846     2.5763936756917536       -10.724434033333765      -0.49511035296952866     11.906339835110504       -18.739247299793348      34.24677697278727        -22.074354427548858      -29.424364271194285      0.3284005156357983       0.10227019433547424      -0.4754080601801302      -154.80172832329993      -90.66912814372961       26.63412093985076        -138.30374864002107      -61.243983343636415      104.36772191943402       21.98237311094252        -146.30287272804043      121.8042743685429        170.6485249473967        172.79782486800275       -22.780398269122628      173.00126257726743       56.5183969095404         64.44110864251505        14.14087073086904        -122.03304694346646      -27.767250372617525      109.95646560446636       
rwgt697                  85.40733400971948        1.6728969444566077       -0.11452552703758245     -2.7008268264874586      -2.9892638503852353      0.5033869168229628       0.7198225348222922       6.070362514298018        -4.371789415545029       -5.541797764091632       -8.904497867439945       -11.363570409374622      43.19585478201846        -33.00639071629524       -24.222556442375904      -4.625857664522274       -0.04683571647907481     0.6294428000859463       163.5695179767232        -94.51295133127974       -93.41537765240766       149.1170309275937        66.05811876002824        -52.057834174731795      -26.40925675567459       -104.95789747113771      154.06408825262406       -133.67283967431374      110.21538338481167       -72.84962546196121       -44.25729895444721       -123.50634970948454      -55.58179874076403       29.417678504055942       145.79118774735628       37.98368146806641        -163.49309036493128      
rwgt698                  -103.59805641231745      6.495025424971344        -0.3796324470748911      -0.1693414935184805      4.350928583013488        -1.7693420994427553      -0.7782180728031833      3.8114698457277134       -0.45571040619151937     -1.4243377662042782      -16.590560869161276      -19.44325670605415       9.265347512156488        16.17124212429721        5.835258932653048        3.791172404640534        0.05397582445101387      0.30683184096266936      -125.645430464188        163.27536452602976       19.871110526536313       80.13997763517682        -21.18712736931326       -88.39454886311815       -44.15358284833408       42.235937902101284       4.024393591788055        6.957739141204769        164.2241300100149        -23.01930438941747       136.66738681595382       10.593682697330252       140.02855020505797       146.4436990157801        -168.59388366367241      -70.03203691286097       70.64039626130275        
rwgt699                  48.83029114466308        -6.221623613484217       -0.6905295626626733      -1.8966951329075805      0.5924119241121879       -2.1178626090899617      0.4904116962331324       7.6210436441608325       9.459281125507477        0.8775310376890246       2.8043592097781094       -17.207259650722925      -9.199967713807268       2.8467808219794506       -22.212620005361543      -2.2628422668332906      0.041322764853029825     -0.5637443845181731      143.97505925391414       -120.58477395854014      -67.30889930165833       -121.3752194207695       -109.9975196453345       7.004431630939791        61.79510450658313        -30.272784538514543      64.52638170999248        -99.61990765863635       -123.66311653957601      76.27558041167765        -75.74342204970155       -86.89436893147136       142.71931421233518       -124.73881229940878      176.67102170854866       -107.23414864158056      -133.0723410768779       
rwgt700                  -0.6867477121401464      -3.605323908951521       1.242409182780326        -1.237207819704519       -6.3707730639496605      0.23026093580852347      -0.7707262000371449      -6.853579829372719       0.16502885759765817      2.5571378995276373       -10.504297615982342      -19.860659608420036      27.794415136414017       19.739471795391466       5.848366521179088        -2.4753593878977584      -0.11481029852610726     -0.4641187012734397      -16.359958678184228      175.87194144123583       -132.6720645791808       -4.986997584483021       100.07785682804933       97.68469564351648        23.149656656636324       -24.161425197588784      147.33528719156982       99.13251576924142        104.18240597802264       77.905117099579          -104.10030937230167      94.50112189817287        62.74521964542268        126.89668364424705       -73.44349552260847       51.4093993225562         117.09274368250215       
rwgt701                  -20.251349393894458      -0.09372206375036285     -1.2363716878435658      3.097346779968017        2.5400240858744407       0.5500880311249321       -0.1116569621916802      -5.175935517817241       10.006051765100867       2.5790466195221686       -5.908345677218545       5.935023806769998        0.05567879357495542      -45.59371197433994       -25.012973536523546      -4.44826878953565        -0.049343755580515875    0.3092149907515862       173.2239799962959        89.09558374560044        -128.4033721250088       18.98971198841201        -87.05780087739774       6.386551261393635        -21.76129992970749       1.725833186008174        -89.69716810883168       35.352515829717134       -176.78648439504917      -61.98415132185157       -43.049039491825766      22.494322699052844       -134.23966580907177      -175.52164555224934      131.3411430613467        20.923278658179356       70.43501092319198        
rwgt702                  -176.59941340242904      -0.9952332640320076      -0.27909099884515176     -2.717936030680281       -5.196589856458928       2.0404122255533497       -0.2824031190480494      6.675660979659516        0.5407174003651196       -0.8422183694101335      -14.295682116993252      18.558643199702253       -26.850317797624083      41.48985608075455        -25.80900203409186       -4.242279637675979       0.08095980113945184      0.414126700355573        -48.573226867754016      -148.40209419556217      -118.83300001776047      -0.869425255437875       -38.760998370786126      -26.757098895734316      132.38410833565877       -104.70715489642559      121.34673571686005       126.33564850122076       26.42133488952203        27.88327438096951        -125.62640624066456      -132.59394125212745      -77.06742483313323       -133.11837480007125      1.8506157831966732       -39.83217789615864       68.77929051762777        
rwgt703                  -141.56379071534894      4.230726391938732        -0.9266740109198609      2.7451169391247534       5.794210533632572        -0.9289583122884548      -0.18821585439208466     0.8066844080128819       -12.15991245341303       5.397161929544447        7.137874354050137        15.486956379713838       42.80529795513927        35.61866796545927        5.037742021389185        -1.2709372045049525      0.016631389842881206     -0.5162550943722295      108.72498546762051       -144.11127720473525      15.359742967792187       90.79574311232176        -179.2003334178093       167.26562939093583       179.0267170342837        -76.60037915410682       126.97499383991385       139.23221980489905       -80.88225146114172       -62.11230011339097       -83.54620539469354       -17.52164362220364       23.692147582052286       17.06980144878156        -103.54503518582966      108.77303194325015       -56.51663691820896       
rwgt704                  24.757211858026125       -2.402569098017392       -0.4866347202150345      -2.53664566180464        -0.3536209258706844      -0.08839037906751113     0.37185535306461626      5.382678213027716        2.2422879742271853       3.464621554786918        -15.955692659569966      9.447830741323024        19.062269391949364       16.045866875942963       6.6565009464426765       -0.15040742023979448     0.14476694428716902      0.32578277450837834      -136.2221977592734       61.63443095555519        131.1377368426257        171.6765588170582        135.16080310670094       -154.84494835116894      40.351253618147695       66.88117193373964        -62.198231702039394      -40.568254008671516      -164.0758800716531       -164.03419909623054      126.05422830152446       -2.834041072879245       166.49236457512052       97.37229093790319        -165.91052899751642      -78.56079301128392       -99.05339556964987       
rwgt705                  -37.462964478211205      -3.386759340233594       -0.39144540658828        2.8663843394898105       -1.7879884746106436      1.7093330032603387       0.16482348848992323      6.189386658126131        -5.804573016405538       -2.019842594446261       -14.983735872732725      -4.447595090118762       -25.77756698383186       23.260042261860775       -3.262714189897686       0.18540598057903868      -0.1601215539306687      0.39279267183534505      -44.348403046122         -149.20028016240605      73.2689849276704         35.36907381140108        140.60388307090722       -39.190269866003575      -84.00715524092018       99.55240705785263        -58.78203408636257       160.85991735051857       -103.88047460427728      38.51603836605497        -44.47655689388458       -9.142462875109231       -90.9409258205629        19.301208259842184       -159.11533116555768      -39.32956504312176       90.61902728365214        
rwgt706                  113.82440721907108       6.841890061003274        0.5294364042139381       2.850214909003344        0.9591209453559841       0.8565047491061151       -0.20735499467412277     -1.6334735643014433      -6.766846350582636       -0.6664421420422793      -0.8307060751131168      -0.7582258077655197      19.30878321314775        18.348785714735925       0.22645964362664017      0.6055559975851947       -0.010767046280363346    -0.133838237057762       3.997793365442618        21.37287982398672        -127.59182017964855      -144.395301164565        130.09873160766625       39.295292191061066       -142.7200121048789       46.50375800207789        155.64253591326178       127.68212517528622       -50.726961382632794      7.928774715942012        114.23596698794722       -2.428244085101767       170.68030965734948       99.83222483596086        157.80226011712637       74.49170564485601        129.13367890797463       
rwgt707                  -91.0132219047983        6.865696924480553        1.447860759959575        2.8311801515630375       -0.7016944498882749      -1.8202049490284926      -0.5728124050753316      7.784933532320442        -13.22147749156023       -4.549411627025792       15.5469487845941         -14.525237769104097      1.1103278604648992       -20.410810000208265      25.844444945338054       1.588741218945434        0.04903492775966953      -0.25535229548051686     51.59940515111904        13.006706245097803       177.32962072282731       -84.93605279368194       169.1288594768247        156.9078668459358        1.9384522846949608       -85.42452588952504       -36.654343043056         162.68435228739486       -140.71307177302987      -153.63979150313696      -157.63053103273856      173.78247255273004       -58.1299457714795        32.90431142923205        -32.313323920393         -81.31205809047162       19.117751499338112       
rwgt708                  -78.20633699392995       -6.314348784581988       -1.0046494079476196      0.6030820916947328       -5.797690381471092       1.910348194329273        0.5421599858773101       2.2642597952688375       7.675434026791933        6.250997362746878        2.1738541555333875       17.56177205219253        10.760726709061572       -5.894099648024962       -18.3192600186091        4.366128741334336        0.15200160077837072      0.08874573103496564      27.29572540909831        60.09325832850243        -125.69105874714887      -3.2740242489448406      -134.63445816479495      48.6441044357413         73.47945108326286        -30.93449749405505       -56.11129694770723       113.71899009083864       -167.1443103170769       -81.14180494186088       26.17327475773709        150.46055856922226       75.49894343966216        49.15082590445337        -15.35445220716997       75.05395096655343        -154.5121013925954       
rwgt709                  -132.64480437802905      -3.3731458389184343      1.471213189302026        0.6798926007974857       -1.0464578538962623      -1.5873613816187468      0.028505299484133828     4.303050950136771        9.878153279400081        1.9006691635257056       -7.272577574929663       8.292347531293299        -21.818695346566617      6.6833642755939024       -2.8770458098451         -1.699477682769777       -0.02931673976621149     -0.2153818952029447      -27.368860051801818      173.79284078902958       -1.5835857689495754      19.510295472585767       -90.28432833441344       -100.08746485470263      -74.74773579991663       -46.06451535231281       159.77924578186924       146.0915180547628        8.481893855592858        97.54935972043154        -162.22385059256067      -51.8506913447072        149.99413109413103       -47.519190680648904      -163.85196325496042      81.0344361870412         -74.449175376413         
rwgt710                  124.60535605224675       -0.5133479419282203      0.3720896131120315       2.0928677086147527       5.522848102080895        0.8601953540990106       -0.5000921641812239      -1.6045770513036768      9.815536366779689        1.0968247584218096       -0.6750586093321047      13.799097668505482       -22.096351962519375      -41.395054173151934      24.293748085445984       -2.9186621046732437      0.15982265208880847      -0.44356277823549817     -22.969935673221045      1.6061801171714194       133.93013437453385       -18.68726807434345       40.581420295242566       -20.785629581979265      -74.9954339642251        131.6929031955642        -169.57108501791953      153.57266523445554       106.07635875953423       82.19495802271717        13.43776449565263        56.751498305440805       -81.85236092765435       179.08826242412914       -178.5798898921238       17.38615242287196        7.26471541626114         
rwgt711                  66.89722429766968        7.061819560955487        1.4627038929628509       -1.3184397757226887      -4.970782697670998       -0.18630949554289233     -0.08913043813103727     0.6027305586213609       -9.283842562556751       4.284294121933517        11.117479139990838       3.0609880431429524       -30.14413532687341       -17.16778382054744       37.203723405599774       -0.5707630931051204      0.06130768693392677      0.17333886519650532      -20.352763455891534      -99.52711412049084       -92.29437383675008       -167.87283432904002      -174.0564789452695       -18.468295477078527      86.01541648566416        -42.13944594121608       -123.84550613232895      -40.91647875340769       -57.83784985917647       57.14219019046902        -81.6372730031134        102.73565862716015       -166.65293457085252      133.08188698461214       175.14079530349238       -61.58015117671002       78.31813618497586        
rwgt712                  97.94064356272764        1.8107364081475295       0.10609613231145953      0.1920213166154343       -2.2130937073130923      1.6123623339795707       -0.5892684433850002      3.8602241022185586       -3.1428605985783946      6.116461940868955        10.015619906031297       -19.090663244721135      34.29338994245876        -37.78439709822108       13.318638636484081       1.3125877283149823       -0.13308901668770692     0.3758279331671591       -127.64559996920785      106.5576135183428        -32.039123985909555      127.29919689616196       58.1642988940668         -104.46143146672772      133.726030742092         -142.71561374012146      172.62066071739446       -40.60300239209329       -28.473303333915595      -162.50182440407943      -65.21561520401914       15.641519272079336       -163.8312036480354       -115.80948377393617      -100.73628690559067      110.84152767606116       117.19498573562004       
rwgt713                  -51.476962866321486      5.772035956671211        0.378246516543268        -0.49197067177587517     7.252195919201641        -1.3538552443479444      0.1806060281960501       -4.269628607277371       -1.7202856131429591      -4.347004885777442       -5.804354251997706       4.916019244511716        -42.61832207347828       44.71697785334388        -8.801219776014161       -4.619104885942656       -0.06903282292904452     0.3618888625572225       -160.85773404424089      -74.16022118665694       -25.899970897678628      -1.3096520419197475      121.63308607847591       151.45090242570842       52.49951460468324        -33.78230468080804       107.21527434944369       108.00231760115543       19.74018929183987        174.60519246944273       -11.777024181116218      -59.9984576701314        -60.8567834473354        172.87046550331644       161.19994557510313       -32.22072985474017       13.918834731551726       
rwgt714                  34.80447491416351        6.5028326171079796       0.870269190957867        0.9098509185312285       5.750132669731599        -0.8970351219311541      -0.5904146014723903      -2.6453763274646915      -8.968759529878268       -1.665466942625347       13.238425459192232       16.79781200244811        15.611373549008611       29.958908898154903       -27.315560756514195      -1.5604641366060208      -0.12728512938648157     -0.16612616908025218     40.47253373018643        102.91322769166226       -95.69594019959763       -165.73268841655994      173.8387966844515        10.911364972695566       125.23447450947992       -87.80454141528352       -155.95749617275993      -174.7208237826083       163.5365082250771        108.5623411114779        91.02488551309148        -5.878277139766368       -78.40407880166552       -135.6088990386288       -55.638051697947915      -79.10394152533905       6.354011623630527        
rwgt715                  152.76957921695413       -3.5623811712996436      -0.31682379167561026     0.36671288360499465      7.491638028784127        1.2427322409793948       0.10561884908894759      -3.7798025166972717      6.8402197917369065       -0.4374236663601341      12.126842995283013       -9.649443490403323       27.52747622365166        36.93591010762219        9.186558777297428        -3.5827689833841365      0.09079998993351829      -0.4782901749395975      14.302178370242586       26.43909864034663        -14.936103357042583      -164.48342826031904      -65.70433887900684       115.87727494340572       110.08385100353314       -64.60067280610662       -142.87139261497845      30.495654220549227       83.23550901967911        112.11637878736894       98.89056419946326        -149.61078305343725      -85.83343225811734       16.827392861042142       125.54416539042211       52.98362214025329        29.298220446369925       
rwgt716                  -23.81512073297199       3.02283635646645         -0.026426883668359435    -1.1260740718041116      -3.2354807569528257      -0.8579725016944464      -0.6558574350470148      -7.6864953695015         12.044559743969781       -2.682278948193134       13.85622074599214        12.6486929178565         -25.128667109755646      41.045672541845605       -10.581867392236258      -3.2421978524898294      -0.1616438766710298      -0.2897877440263852      -164.1223243242922       -153.24124427496162      147.52273268414484       123.32392483920404       30.738656675043302       -120.66408494465064      -146.56411342312748      78.62486240046633        104.38765886337836       -61.58087372221405       -141.371223608912        56.921422267374936       -88.89999455156149       98.91234714788396        81.96009445391678        5.727653576831159        -173.8822535128219       -143.55535647641113      33.92499762376323        
rwgt717                  177.95882913185062       4.021658334426511        -1.362359129697667       2.641644029050262        5.187578703157614        -0.26608501877709845     0.323200971611151        7.448573200887192        -6.723779934186563       -4.061771873838035       -1.1636490010745923      0.7449235986711393       -6.377106966956383       -1.5700519041144574      -29.36143973907108       4.141211425235719        0.03264094340669185      0.34604684236824057      49.03747600964158        136.1842382350929        -153.55920017724173      129.84227484137557       -67.81824220422216       -154.90876343034813      -139.49122872374272      24.50892528832304        14.767382882610036       107.44198100230915       88.63812080981916        140.29868408348506       -175.54821333176855      -28.022609314821636      -90.81057722542353       130.94131362078002       -34.868773606253114      102.53630765396787       -10.558887050119552      
rwgt718                  -58.05134414983388       5.319798422207088        -0.7421063689499431      -1.6691948343461114      -2.6752545978987285      2.1277905253879035       0.2517377350227923       2.951140632635558        9.32259446381861         -3.7579289975992944      13.577700973106829       19.620972121834384       -42.300243696822236      11.890874205480372       21.446295905874074       2.2167762871614283       0.02093768460185         -0.33797591106955127     -67.14535982875914       -127.5533157642195       105.9803830056095        82.66923011797456        127.60351741955702       -165.90119730468942      -114.08856463233705      11.403656972164669       -170.4821748293109       -50.80426854955908       170.34548190704334       138.8693223877017        -12.47499403086644       62.85906079860092        -158.62913048266535      122.60464461687934       -176.67647804772002      -18.233540791441698      -123.9614514037446       
rwgt719                  20.629850712244945       5.426988471212           1.0139525648612986       -2.73220850908187        -5.735260911658845       1.9044197772955198       -0.11417521499348393     -2.5681127458145516      -6.721549870455593       0.4906444517884765       4.016643162549002        -4.128315785074674       18.278083387664047       51.770498301229765       2.167704374236692        3.8938147414996607       -0.16306853745871788     -0.13644921992026537     -30.68093085909365       51.56095874891804        51.16145536132797        -120.34260607247414      -145.17193036663576      94.96707140294257        47.00086230969393        109.37805734674481       -32.021971725868724      -178.58314789846216      40.07753014739447        166.4666372052106        -70.72200995079348       148.53917940872907       132.0261721328995        -177.62368726324374      -148.9503378519304       -97.3439215453359        70.73795981299835        
rwgt720                  79.24784120733699        3.285130929210607        1.1407280590623905       0.16965640603701715      -2.9387756960731517      -1.1723473842614247      -0.21840512538147505     2.9383820976802335       9.692194414901163        -1.493020240039213       8.256897406536666        3.1967960607409545       30.537963725728062       29.179513545084646       -10.141225671406616      0.12483057398350539      -0.1299112697286123      -0.4384502230164948      73.07822497658782        -114.62441975907207      -103.79530114950227      78.07745372248615        165.27453667522877       134.52038895416803       -130.6503342377332       37.86408978693282        -30.525045843055835      77.54107259599073        0.3449934798919969       -12.700375871371307      121.71485663789684       103.61328356683657       -56.11031275840698       -144.04832142027308      -72.18364186550681       123.59793501659897       132.89845498806199       
rwgt721                  -100.98474865597998      4.451675507574973        1.3479099913087265       -2.657104228824268       -5.485431408573312       -1.9440136636789493      0.10113303229959225      4.037932039847592        10.318166942519401       0.9780678842334698       -16.383438884202878      10.790366346986378       -23.346059909326268      50.419551981382014       -27.23619347765901       1.9841287906793221       -0.0639717043199957      -0.11430754827888312     41.06793741479805        -152.75608830586444      140.80940004387378       -7.09597693427105        109.26478755359858       75.88479870455606        125.49160853781353       -91.16212085473596       -164.25724255195567      -151.49219868048752      141.6851525607732        45.81154837888326        -122.08331106774536      -119.82380413778776      -143.8884622167685       -125.28364688383334      109.53069200106364       177.47770550742877       -88.55055576185526       
rwgt722                  7.5639846935432615       3.142903741005491        1.0018093982415073       -1.5158472001187393      -0.5125032545351011      -0.9042544898846216      -0.11193650814100142     -7.501274041574489       -2.611450146318786       2.78146079272231         -4.911000119550254       19.074484247310167       32.248147877953315       27.24649116464269        -21.11711862310762       -3.2631197387301567      0.14252698230367122      0.5260492989970006       -113.21344235819092      -1.6801367082122454      1.3779873620668184       15.79513423206157        -53.444097020666064      -161.7129087370197       88.27225456796617        58.168829667160736       -174.67475943816257      40.7918861751985         135.21026366434506       14.28484096446087        -120.84716417039205      -39.97122527405185       -53.702112776848594      55.156455147890085       18.297764838600045       -15.709538110684292      70.85842058059012        
rwgt723                  95.86852364318793        1.4862258295409747       -0.28619324062637763     -2.545045545348782       -2.4076165493239285      -0.733013223927947       -0.7597694878886392      -7.594035422992329       -2.270101595319158       3.105886388397165        2.97820339474967         16.5252110791248         -23.44516321089642       25.088840280023888       37.87534323866274        -1.7522313043693996      0.11565958162739043      0.3638579686726854       128.79557158705228       -169.00725355112115      -88.54240587303862       92.45112400053608        -82.08042540600394       7.494311294345124        -150.1311796173272       16.53835718472962        83.5786868865344         47.55029582260016        -112.93273139660744      -2.714313980402437       64.45905567915227        -174.13901769113062      -169.2312281619933       -129.52004687669748      -131.47837009433673      -175.89236828428142      -38.695536630402586      
rwgt724                  130.8491638014317        4.431246454898528        -1.018592559143291       2.628346255670385        4.960952676148885        -1.54446472166584        -0.15359015740950788     2.2543497232317824       5.951300245300043        3.94675245846795         -2.457666773095557       -8.97519425730616        18.06924539540477        3.125223812342931        5.426614043537839        -4.734179523025121       0.04823842009969495      0.6295035920729165       27.535393731492775       -175.94435200678421      21.430652116764776       -0.025650790398003664    -132.80498960972795      26.768420082552154       -59.587164871791174      -60.37777171330052       -71.6336607677188        -110.15581475439373      94.30447398349156        34.577001442355225       -29.04054108232151       -0.12928428732359976     -93.41266302928625       -91.35495386569679       -99.93477831680026       168.58455944707964       -69.23122475147714       
rwgt725                  52.795209269776734       7.218090668194445        0.3080204660316139       -1.3983874281087054      0.8050853853465956       -0.7830721308942608      -0.2857810674292015      -1.5903076117363089      13.002136674544477       5.747926835553166        9.032056814663939        9.285454387514758        -31.40962669739369       -52.95853751461122       2.018784115909355        4.432021336185095        0.0750084997296448       0.2849488881892409       54.391915166623846       145.1179108734475        -153.95612708601874      87.06139620237104        14.18748697081557        34.990065261956715       177.47901674426646       3.961157878923956        41.59084638038462        88.86602839578586        104.8480504926967        -66.44641634308894       -64.52587270990651       -127.10556068267185      31.25575412382352        -50.80893777574593       10.392478276160602       45.065471056897394       -85.74973147883203       
rwgt726                  135.11470634114755       5.319867247773421        0.5693304753547361       -0.13450379377059596     -4.411058347882217       1.5841976992774174       -0.43208254614483776     6.954338528285613        7.5412013083562535       -4.171429532249144       14.942233099352322       10.444456487881009       -41.504572844086326      22.90562237164373        7.611119420941144        -2.963824638511052       -0.0791368445372776      -0.015824855574055885    -16.298560074923785      88.82543874893474        167.53538006785396       51.51530713419612        27.818162121651568       -92.73808732026177       136.99511278441003       -120.40869381995549      67.39379701968392        152.0180911882846        -143.42958344472711      119.90480155775106       5.607747903332751        -151.83568737993934      -99.49638815602302       -79.0308633112367        124.64948893840528       5.0589008660490435       -134.01258769769774      
rwgt727                  -11.667066221814878      4.224066575768977        0.36715351306379684      -1.9678078220219202      -6.655827384677418       -0.3464771027051019      0.1035817565154924       -0.2050690715525727      3.2336867501912856       -1.896144125894918       2.113678899462272        -6.200028747972635       -29.977161299841924      47.78478649447156        6.048260897007729        2.881129182792354        -0.09338409443392974     0.3376884598587514       -53.9566820505874        110.40447410496472       -15.078033063928729      -146.7796837815818       130.27047896291816       174.37587537875044       30.574842954951976       -138.96766154205042      84.00861817202951        -125.51233680946851      -175.84500097459264      -120.08642510654963      8.017130117229641        6.0956231284553155       33.78064491974857        -135.84754531970773      53.74066866698857        -0.5773527808326548      -13.606097928640793      
rwgt728                  -161.25300856037234      0.408393100179282        -0.7391786053551316      0.7270706433742089       7.12814157189897         0.1701198184314494       -0.36838823678858446     5.234464158796164        6.262294782429741        -1.099873113418612       -9.038712008768034       -14.679837334479874      12.57543726128224        -26.728246934686986      -29.40231158763025       -0.40748200254773437     0.05970313281921241      0.2946045967540578       130.29479449016185       132.00316526470158       -25.321277250798545      106.86949589882539       -178.9906586854116       -136.68199167832643      110.9510368419837        -173.17938185658386      152.51523200239967       -143.81284600632753      83.27315864647613        51.82842712707131        146.4450086711838        -130.0482895282309       66.1693633402237         143.48943453666124       -49.22583929501252       107.06684957400961       47.093999126515456       
rwgt729                  173.8554058168014        -5.629819388916591       -0.5674849216622923      0.24766435632166406      5.248004295285112        -0.8944707997965466      0.427586312868814        2.7210772641050047       -11.668969871814529      -1.0060193249118763      -14.037341261693431      -15.196139782673137      29.514764766187113       -23.095704969735248      -12.576328964647733      -2.166726916784185       0.09425873092524378      0.1083558114511457       124.92829047833766       56.66692670332236        -177.45890948782022      150.64386773164733       -155.02039869806907      -140.14167718312927      -67.0451009728555        -64.9605972999174        -147.4953181423668       -162.20467388583742      55.04395884218215        99.98986651417067        121.62856662338021       -178.5214797307567       43.25826044248663        62.29814904199836        -65.78960105450754       -89.57277890807316       -93.70978977149908       
rwgt730                  -170.44008762347912      0.8660254574626096       -1.4545532261787104      0.3912174907772217       -5.46751996278274        -1.4169311850520963      -0.8069159307706525      -4.264278192095636       13.527942557084081       -0.31283722770063527     -3.2072228323033602      -15.975653876904808      9.416543929182673        -4.2613634999156815      -22.006739065009686      -2.802327527421656       -0.03990432835593294     0.2361696443393344       -1.9036192649535906      166.88688782202325       -93.989657297832         74.55922093203336        173.54445112677962       70.14270308909414        52.84250910592243        84.14936478208813        -153.0212839850322       121.249102675821         172.11593287339184       42.07782803195332        -168.53624527381302      -69.73633803629141       -114.47198689295524      -86.71716089668504       -125.10613484787808      -30.34043372192602       -43.86405697238479       
rwgt731                  130.64503234997903       -0.8829498245399501      0.23161462966121915      2.004369461966503        -0.05854125704808766     -1.9495528576147894      0.66357252189133         -4.599501017112159       -14.014582245453514      2.982905637961851        17.87213714081983        12.577583002386646       -11.096338464907646      -44.40083726061876       3.213001845721955        0.9608213457975694       0.13524765791339788      0.1999563598515045       -164.6112876289505       -96.36253626793274       -12.280083326252168      70.11189865162183        67.46882208051437        -137.18739120358683      89.51667437638662        -104.46149054763477      -71.13464738728453       101.4013865531058        61.08375328206998        132.84631334116415       16.915736042528465       -114.34821706227659      -20.57050417220728       -111.82490016399707      104.25320013443877       -110.82559283878284      22.639392014286102       
rwgt732                  -39.693450018930776      -1.405755853301443       -1.2127966236050405      -0.5615202112474549      5.633793722651371        -1.8657854126386608      -0.7072202771215959      0.7865369297342246       5.426267835967593        -1.5765394304239493      -16.70346674312557       3.8577061183952566       30.489756902987736       -6.944249511391092       -36.671837285357626      2.995324385082859        0.070276690795117        -0.18042498431619175     -82.9731528910842        76.26376996687833        -146.8222377524223       -12.89411559105551       156.93648023457223       67.47557750610852        -125.56505458257143      -149.76395893554178      75.9894223809564         -162.98316826728725      -23.709992971777837      -105.01552763403846      -14.80188171074937       85.53800102121477        -24.758544713364103      -175.51817521938045      177.6088473645877        9.702910382226065        109.85853771957926       
rwgt733                  -27.190643850486765      -4.807098333035515       -0.8473869119061185      1.0181213169026284       -7.014855040623983       -0.709150452239379       0.15950537966097655      -0.553422670380729       8.07435903679935         -5.2286092902444885      -8.343127028242073       -3.1018182676073494      -43.42939084689766       -42.14540116778427       21.585880756685476       1.7332676910136051       0.096775561442209        0.022374022963947193     130.31471671454835       -101.63522306636139      -102.44916211213157      -178.56989390637435      66.31386927676837        -15.622876624135756      38.53044875242185        55.760421382441166       -108.2797586830959       7.016005820105249        -21.445654207220798      19.936672333140677       -79.70679971250485       16.46835959772997        86.24557953710678        75.68728397524643        -61.08186696789407       -8.478405390619542       149.30385606798347       
rwgt734                  76.86683073000154        -2.7992389433339193      0.6201257630412689       1.721803396132981        -3.918958400324492       1.2133576961793864       0.40764053423939095      -1.700865897483009       1.9552966304636392       5.200456506579712        -10.694242335147475      0.685303766110188        24.180470625561966       50.98486952096408        -6.2855721770229         4.605740587661215        0.0695680243498212       0.553371354013887        -9.804286159679947       1.0109851264687393       -10.575857911423526      -16.336953962846195      113.88228487233062       -101.59220331405403      -113.77573099069849      106.90092972168458       155.21974325562957       -53.72902445009518       -58.63483238950316       -87.60508663035475       46.087058048098385       -83.88134401949513       56.89570388200863        137.19648109357183       -11.993796087720085      -41.3804227283392        -103.74990086696145      
rwgt735                  -52.10801347583785       4.872964333388354        1.069161441504962        0.32064563169901383      7.180994199766953        -0.35838873885979305     -0.3924627748482482      -3.7536358378389494      -6.292109295766055       3.373559957965851        -1.9997820567408482      19.438364533855413       29.201239786091833       -4.107203316864279       -26.72646509463561       4.600397813487536        -0.00611528567933603     0.2869204174761104       77.69479369141322        7.416666357464635        104.31274711514567       -77.06835746128255       -36.640309539528744      -37.620573830404396      103.98076795269753       -97.14630540831821       7.287746800560569        120.14437775534464       -66.2564166257423        7.990245493742947        153.1619755725252        81.78630715134045        -172.2948427444093       -5.464790463127855       -179.24374281906762      35.47834542327686        123.8107549589725        
rwgt736                  -161.8306519074185       -2.5457748097092425      0.2406267965190676       -0.6838866289092924      7.307216584114462        -0.9993369919128521      0.4503431562385405       2.430254661999773        8.607712714919707        -1.4630843987405155      16.893234496396474       -2.627868919067911       29.913847249777533       1.8860818544734173       -9.149238847775315       2.211039994662465        -0.10878713619986875     0.42378848662931257      159.57322712604378       105.08114161260414       -129.87518560757687      153.83843627052676       -3.053643507300052       28.65241983667292        154.0930347477094        -12.47345954880231       80.1062117083066         36.42199066701306        137.18679142666127       142.07067878690447       111.8361743840718        -18.136104659267687      -18.051031785506524      -18.80383123019007       58.056166915705745       40.27095029047007        3.266337136137821        
rwgt737                  168.25756896642383       -2.4858165057773514      1.189689464293515        1.7781423426664587       4.660344912731945        -0.70248486505747        0.7634688837627484       -1.2967718153367311      -4.23145259150712        5.6190331081046985       -15.035280811879208      -2.386013948197988       5.720093533502833        -41.424754500659006      -8.89817768647725        4.53506421217361         -0.015081068829628036    -0.4221581363171977      -121.1956943587688       -164.204921170362        -19.008564643997033      -171.24348422318886      10.878833809600934       40.80140542140208        129.8976362017932        176.81044005725465       -49.38343236608338       121.67024576494538       12.069723646995499       -134.90571502684452      125.06416707030644       153.73386134055897       -84.60187912105572       83.36252780112432        79.65150922465034        122.8914954867322        -8.400574945908602       
rwgt738                  117.59473970849507       -5.108946726733405       -0.034149659902085405    0.2868720530444251       -3.094221655031924       -0.08383093687341114     0.7587727067280021       -3.308610975887513       11.13603063211788        -4.0846043332656805      -1.4169509712706514      -3.7148518633802716      24.26275529032209        -14.911198817212018      38.44075616024749        -0.8157142780997133      0.17346049282393355      -0.5511365546976759      14.598376526393139       105.04325179888059       -101.04711597410935      -44.66497891205708       -167.9978589013134       132.11007562318173       -12.788923869148789      -127.37867789527826      32.79822593127767        178.08991169522028       -67.69804534666089       135.9246055167048        98.6976775898687         26.8959633646987         -155.31712924570684      -160.16552378686683      -132.06214827092668      76.38167593710222        112.65165225997958       
rwgt739                  141.6937247473312        -4.5503015491953445      -1.2716049488179981      -1.736540522930192       5.2160936640594          -1.1764764718445773      -0.731894906490015       4.844820746450854        -12.441445278806924      4.293732297164922        7.229984410639933        -10.728894303275036      -2.971013456063588       46.71077272415201        6.226470361956679        3.9025612752396253       -0.1267714509656122      0.08273254828906751      18.644978138897443       5.414698626285315        -167.94185095138366      -83.72025656974787       65.24166987957773        -73.40167885864183       -65.72818953293313       -71.83452163497276       137.63989134731878       145.62650180538736       95.9793681960121         -78.63116748539265       -122.15021611803714      128.92278783366282       -21.5284063988789        112.1503121438866        23.08649555069087        -49.43393377726915       138.47166845743106       
rwgt740                  -147.90915346883344      0.2434221451436338       0.5684459656712615       -0.17350390159294582     -7.395956551611686       -1.9595418368000146      -0.6040092844139406      1.300480853494066        12.10100331320838        3.6170646452028556       4.129181167586733        -10.141777881922284      -43.10687127800842       -38.71367135162704       35.777202577239464       3.065458858454237        -0.051087174830228566    0.16075640353210785      -114.37964672098104      -4.220590712836355       105.49243767038377       -170.78081649786256      -52.19385200820527       22.497013303782012       -10.905324573340295      -42.654349694542475      32.40980375664344        35.0852684252186         8.411622169380252        -153.45019228639225      74.78034038873918        -150.9453823281333       -22.21878316932606       -52.803243866282926      22.58915102909114        -173.7138941255949       4.567244648836464        
rwgt741                  108.48568650470179       6.736014369817448        1.1990826533688195       2.1617883069394512       -5.313424645246028       0.15899955315627867      -0.43575250600075704     2.2970101156451603       -12.376338753950469      6.167256562003624        -16.70958992842538       -13.05590156481665       24.743619794738336       -38.59453877758818       22.966199044811276       -3.048539221047552       -0.11330062815711617     0.1479017827026079       -8.417349237250619       89.82930807443182        8.18814596638586         172.0551887424051        48.96154887205449        94.51435468348228        -119.15571510021155      -81.51869380188657       -158.55021465976498      -45.02578690537342       163.35882672130992       -9.97821961401732        123.01687419853158       -112.45827584462643      153.84222778614554       43.63662263181405        -146.91402319339332      143.52250656925372       116.94300817446282       
rwgt742                  -126.2866933965239       -5.4424164299691125      0.8181987893860552       -2.9983492606377533      1.176784574319873        -1.1469109523580747      0.4784024789682635       -0.22075748177543453     8.496210294849302        -4.6335344208097275      -13.90533911555368       6.819580442595708        5.494515186177047        -11.820984346600554      22.141271908626024       -2.2916115496436307      0.05989396735053659      -0.5053043131968721      43.27752834822289        105.49070441348721       -3.9121735761438003      -125.06807543416315      -107.64397421618652      -149.6329097091933       21.443616329903506       -157.80488020937838      142.17014927527384       69.26638791244895        -2.852142227808315       136.39079349684164       64.44475821560542        -50.18814588524782       156.61699551057495       27.312079386109872       38.85341543701932        -37.10621863851003       17.421112243137657       
rwgt743                  -20.97880564238895       -0.025635969093124267    -0.5319459993926778      2.7330728663663804       -1.953884107903746       1.5329249265256348       -0.047345317528277975    -6.988342160804612       -12.500495779098866      -1.3341042314993263      16.82658889215883        0.18281740516804135      5.672306564432901        35.58389591762574        1.2229251156023864       -4.532268026475045       -0.04824418571806363     0.16755344690278207      153.52374749610516       -107.96917412615822      -21.932851544716243      -24.57734122731813       -11.89428386624752       58.47769202671441        23.43354254272586        79.46926102505859        -61.616677717488955      -61.043345580842484      -142.67974152568493      24.150976610509787       83.72753265990104        83.1864411584645         -110.7429118427389       -9.177698793442204       -101.92326057278261      118.00345284335134       40.91017651129681        
rwgt744                  62.07606569758258        5.449799917173277        0.4398360878231349       -0.6344974576238789      -0.1584822812104294      -0.8832751621276465      -0.2930547156079478      -1.0946980395994679      -14.966749754073348      1.4215410005893379       -14.742900996289777      0.2364124439256834       1.7923324267523242       -48.207808683475704      -18.547797971054205      -0.7089742705446183      0.019478073706741983     0.24462160193057902      77.61941792902587        96.25231902940936        132.39951159146955       147.7292577629895        70.18481703095054        143.4494881752953        -131.46287681207065      173.50975199968417       -115.79425920710773      115.40823554699057       -39.78121090594894       -100.52416164898939      27.2201675234636         -157.43591977067516      175.4996170753833        -66.93103751867244       69.35596401314214        57.673541517657554       -15.84405833103989       
rwgt745                  -43.88929808876418       2.259480221492624        0.5607997452315037       1.1848895337800256       -1.6332319564997446      1.5315775602810673       0.15357614368200834      -1.5441786433900901      6.16730709088516         5.142388023597608        -15.749756461026848      13.997407993246028       -11.30219329388369       24.385443648901656       36.856239253063094       3.8237913729701667       -0.018775275334438013    -0.12401580799902012     -167.38702821072818      16.632484124189375       -63.91055862799392       -93.31316398665629       -75.21481165769251       31.013001645286238       -27.331376877319343      -99.0649066884607        172.3941736218295        -157.46257030149275      -38.39397905597045       -16.78712257787376       1.413623048232182        -113.4075926067658       68.50932491883245        136.4925175927134        91.28364909554591        -157.60725554897417      97.69307644434332        
rwgt746                  114.1997111544236        -4.065389510492895       1.1755360787746219       0.008816694657011404     6.539128944013131        0.472457515877434        -0.007948635040239904    -3.5372533360311866      -11.927588534111905      2.011822193952179        -6.1188142317652385      -10.567580962144582      -37.78885654112937       7.587088638268703        -9.588107314979009       -2.744620837373735       -0.06174905876248185     -0.06450203506277741     -144.30373048054034      140.01534212246878       71.8822499900786         168.69292236433375       111.64099250954371       102.17977451097846       22.095762803347583       -24.249778022751457      91.1141863827512         -70.3596415496802        -3.1681126863843474      123.46811181167743       -119.50676499784913      -175.21187813142217      -80.48737540997134       -134.13732375008937      87.19667441695992        -70.01165566690435       32.604914076881784       
rwgt747                  -30.70841896731642       0.5028816779046048       0.336217410772256        2.876295614230571        1.710874506124524        0.8789457526175082       -0.13202425407476692     3.339884144539691        -4.855396175733182       -3.0725010902742493      15.236071697003652       16.376550041177573       28.306866425410988       -25.696259002575484      -34.568024656287974      -3.7285931921291255      0.13659388804575412      -0.43548043150900456     -114.1197840990633       32.0058069962019         71.5703423447087         161.3301111186156        -121.51112706573142      -131.19477158638344      -110.56663249583738      40.15340871774188        -71.66614088326438       -156.32369496202097      163.33693651796438       104.76478724732704       -133.3300197209639       -27.725375529751744      171.48775386253385       51.30917666919191        -79.34453485432348       -27.242744598520744      -163.01678354538547      
rwgt748                  165.30333775941654       2.2032789275202385       0.8299917293393466       -2.2147978733092524      2.829910036686922        0.6851893184702171       0.27976938418976616      3.8707173177483307       8.701240751974066        5.602885384323214        -7.9736839999860845      1.2699410946772858       29.38113838924889        -13.59696959083169       -37.29908043678829       -2.7819426323673992      0.17633384337596464      -0.09847695700564629     -105.50755384870716      -159.2872248034073       -148.10935052798197      -2.15401233012264        -25.789606766224097      41.02338282889406        79.98273080296667        -170.18697698414823      83.664684416255          4.047678753010501        -69.94573301504873       135.983420280365         72.355031782964          -7.508335323363781       -31.804589941830585      -91.15708720673905       -85.01647255852619       -85.16765645276757       -28.065025753688815      
rwgt749                  16.134011303384284       -0.8931576703104156      -0.9112012831824111      -2.1973597904677145      -2.8703993914303405      -1.8821583599426401      -0.23042975572713154     0.4560752973134816       14.80740108246286        -2.071309621500168       -9.70128291978767        11.656644996435784       -41.14581456332632       -13.33941163964667       0.3250415058231084       3.693479494436419        0.021633258963380725     0.35072680720535265      -133.82837875053656      20.141351510196557       77.98228583382019        -178.51527343160123      -16.59246185508141       -62.18151742739818       69.47727188486246        98.93589974158738        -157.7310384123699       -19.817361911103063      -25.594953380191072      60.22115870406719        -177.02778434528167      28.247490383200528       104.69336127141872       55.271435683800206       16.81511361411316        -107.7580335664321       150.41479572647535       
rwgt750                  106.86911574604716       5.223570335504877        1.4368509795426274       -0.39055594235789926     6.886154152943922        0.8282700844889144       0.5516539318126354       5.5977562486435355       6.308877396453298        1.511299101608996        0.09210217420137923      -16.5521073481486        15.810502329310985       -41.09019399172943       34.02000578024305        2.365210470696846        -0.05020881114122597     0.022795355969040032     -130.2697250548102       -26.026324346114762      -7.741680503577868       -96.0146638617695        -155.18371861622037      -122.2926438972091       16.413770278101765       40.09276803169641        98.67452652374902        144.12060794210805       -129.88143318892304      -59.45870990984571       78.89758543915906        -97.8125172880915        -73.87990216124757       40.1031029731262         132.17580301447384       -141.49251299240228      -157.29198813249974      
rwgt751                  21.492399348531677       -5.828256552160977       1.278579252389594        1.8894235795592227       -7.156241368628848       1.084924735375949        0.41585718432927865      -5.8563173440031         -12.623886718385874      -1.978687779096008       -10.51836311250246       -5.373645818767239       -42.73951873655232       18.098316269411853       -21.59227078984847       1.6704844541231543       0.020752654200200338     0.003186418629264165     -65.08871937676291       86.81504790229332        -79.93318276025093       23.93123206479561        -47.0193250786611        -150.38794561756555      5.37044564488383         -153.44543842108345      119.5467372786211        10.036161886910918       -89.8890936902402        -123.16768432311923      -91.44914074146206       117.98554262061111       -49.42683404780544       -11.241691190305971      -65.3968906240886        -113.41975100702432      -66.83930538113245       
rwgt752                  99.05706472035968        4.5056745344638705       -1.2367767081184002      -0.3930884472121874      0.9619222562388714       -1.4229342597071808      -0.5105045744511799      3.0999664063233583       6.8338509751502166       0.831101345765183        3.3602367839229466       0.09930476203119909      -40.48899324238291       -50.13617782444904       18.340151454556704       0.007304411242874842     -0.1240050678799455      -0.3723051836698402      -9.743787542559886       177.62778531692538       5.540807046588327        -114.42366595125559      -73.87199032067016       -102.52630312566737      7.617771345141534        -83.31429663649713       -140.60552058049564      174.88215846495552       -31.28575689526531       -27.42239932318796       71.45840946101552        -153.1963755733188       135.36799378539916       -43.72004290703322       125.77919776213128       -44.333465639959144      -37.13895666908158       
rwgt753                  -171.72594649914362      -0.06762746693967969     -1.2443626854491308      0.008326319979689245     5.08827940860508         -1.6543834715033148      -0.0586890465311416      -0.9985915165911976      4.40046841263916         -1.826414525233286       17.72135006560056        2.4133329505403616       -39.55819552854018       -30.753921042243498      -35.17152827076779       2.7983237027781627       0.034820715958961385     0.5776123866992425       93.91314184832333        128.10347551746605       -21.99664165565042       -35.26969205894915       -18.01219599153106       39.21451515672413        -126.51019013775311      52.725455322781556       -96.73692174838106       -37.444486587330516      52.60105297889015        70.96538981895884        15.02806665393473        125.8034646437095        -150.80586049692863      23.590241432883005       -164.4214085072772       130.5120205848993        57.64818105418726        
rwgt754                  -117.23809277955547      5.5483498092285695       -0.36024502029890093     1.136339614125129        0.6066390122869105       -0.35268381379130465     -0.5865332299479659      -0.4045236952674456      -2.7146064808086745      2.812695810260344        14.928216716395845       -10.855601482905811      6.378070989328478        -3.1434415685922303      21.172033128793508       -1.5201724111733559      -0.04890379177817053     0.472452420983675        83.79701187540365        -72.91904916155755       21.924883595027183       -5.9148694779668745      33.85367952414603        3.926659635457753        77.17272404004962        11.209836458642002       179.77343139505297       -86.76818639633466       -102.62784722861018      -129.03346389549665      -107.32347471676175      124.64817037072186       102.11523740777807       110.34280180193832       -177.71994606009855      47.0435658458789         77.06619983580782        
rwgt755                  -176.5758724771949       1.2582053046111765       -0.9752400701179675      -0.051524778067989274    -3.161392983559102       0.5575163634505746       0.5012616278695181       -5.212773520765937       -11.465501766679306      -1.2390517309422284      -13.469864221532546      -10.302339827157795      38.94647092066003        1.8736821631175644       11.868109243915498       3.0245499137815344       0.14678570602556223      -0.5736072031553561      85.20099802242044        -145.46031915132528      -146.06589227621947      101.69614849369225       50.48690372885048        74.25914430182101        154.66708410695435       153.83828374936002       -133.01645176289517      135.49920108792264       175.11083138636542       -172.67940618553328      132.06967272461168       -13.003295686204808      -69.07830799249673       -134.25681957792426      101.61206482267875       -178.8994202526948       122.59831663994748       
rwgt756                  -60.17123502470061       3.1180187145600113       1.299835486584546        0.9697309009434569       -0.0885192730283455      -0.9833242914640516      -0.7531037596539916      -4.678214049292372       11.811746991219913       2.5194125562387413       -6.806089869366639       5.576383889098047        26.188615246447597       9.686225890972239        -11.511646438882522      0.14480253890645223      0.14101610361948214      -0.6152195281535155      117.36039673202765       -161.68941534482718      -129.5865580703337       174.34595610565134       -104.86180620932525      135.48795911727052       107.2507403991811        106.62624863212045       146.21300312755739       -58.84698741792825       41.90652631710893        -37.313407884569415      -129.69241571952227      -52.69745390223977       102.86460004273795       -78.1203014486593        -57.26211214032175       62.35746055466032        83.205746091621          
rwgt757                  -82.6727803582286        3.8996180795271647       -0.8940535299222786      -2.3957105559177347      -7.38643460082619        0.23233201570412376      0.19688407106983563      5.686337348091466        -4.271451709156569       -4.229145329609734       4.273249329721143        14.303364623052538       26.817244641250397       -35.34635856698617       5.017777792583779        4.2805302143230985       0.14581368772472691      0.19959961861104059      125.58643541501414       -58.60653764404485       -90.22998357031514       62.94873612765787        -118.73997790153742      146.33546394611938       -38.366458732261435      32.004390415464684       -123.73078847206378      -67.88735813385699       -135.94926676215118      43.66890710301416        -153.98153135064396      -55.897157244739674      -149.8632723995232       92.15720411895467        104.55430512704248       43.37240267204248        57.20118456770868        
rwgt758                  -45.8596273376628        0.9298430432167093       0.5125180268767995       2.921002100245839        5.409816067684842        1.8538224592861154       -0.6434245179823477      -5.889726901096078       -11.552588300982393      1.964464016055084        17.772429847698042       0.3882682253690142       -9.986714003330846       -36.346904849734216      30.655477185206024       1.1455602619432623       0.1028803334470263       0.49783349171385105      -162.57045193304498      143.71540306091867       5.824302617031179        -116.80901732115476      -140.17447198711224      -179.122365454344        -150.5791123895607       52.46155448281198        -99.14329806651594       5.632270871147881        50.89314825184684        94.70256097928387        -55.79957338408066       143.95057967439539       33.746552014439374       -7.986021756966721       82.8288837388045         -81.8139567048049        -7.0073273392225985      
rwgt759                  78.29418564428039        2.1025668240937216       -1.0329592822328422      1.6221911558108166       5.074813879069525        1.202665036883185        0.26664227348228464      1.9587292472372786       -14.36372242076706       -5.560832019781667       -4.193985923463208       -2.7899160037965096      41.212311623737065       14.52070525923466        -3.9731410511640988      3.056833532402784        0.17486287314155374      -0.48895589230802483     -14.154388575581862      53.00917371138604        18.039708790858242       15.7834153236237         144.00367077664492       8.892187574905478        -0.9965677188925781      85.79569677530753        135.82915435667974       139.1956731675608        37.99792725890825        -159.0703635892749       63.861602198164064       -62.011476641534216      -10.590720053952623      -168.71802096441726      111.99371144295935       126.39615573682329       -67.26492689857227       
rwgt760                  -123.77792533550121      -1.3691888914958854      1.4089337987192427       -0.7256733813004272      0.013074990694446065     -2.097489074857766       0.4635603018156358       1.1652515822103124       13.471590212746467       -0.09789570540858161     10.318264869945672       -7.592174424202767       35.601983188574195       -33.31901354182049       12.15342861844686        -1.6755450235664817      -0.11885397143476509     -0.405543571893517       -11.086895725906459      -141.90203753428676      -122.40553007120866      -63.415641040366964      -164.0189308463487       92.1464253289954         -4.821704196177649       108.661629781383         -128.1302341543107       -117.5432979528073       88.43098869620849        -117.83222252116798      -122.1618933561125       -19.763027008611715      72.34259219914347        -133.7263764144099       48.63682241164818        146.52305955351102       15.306044055317017       
rwgt761                  -18.200966131849384      7.149012907418306        -1.0681506588148062      0.44652179085482135      -5.190832330283487       -0.5076804657938403      -0.021891185918369582    3.4638293862715335       -5.831089018053348       -5.338604274911064       11.132425061851766       13.656210529755633       39.17138431472161        -30.9374303362786        22.685310721457114       2.24601714652757         -0.1764621999725914      -0.1695975716045216      146.90714520755847       153.96780832483012       117.37260891213623       -111.180573539483        86.35009052253474        -158.88901173858014      168.96930956372563       -115.5919247754913       -171.44763800331458      167.57673622873529       130.4523009968509        -135.9850127327558       27.07614667001937        15.340797478594936       -97.7616654600376        -74.61008057437834       46.653265365931105       -87.06111136060842       67.44797153356154        
rwgt762                  152.708155730248         6.5518843174951895       -0.6202296709603436      -2.0688466975761752      6.9049468066795985       -1.2597967962279242      0.22236203109922226      6.473756587399522        12.895736902560714       0.27081158796915084      5.305228252336654        -10.537324038869748      4.352764152301724        34.870368724129904       -23.315150385384964      1.777664177094258        -0.14618598114037484     -0.27092369322339116     148.42623070465453       -92.36206782219318       168.18011496038685       105.97743063721498       45.16373410185912        178.76677280606378       19.706647305544834       92.65580870473059        26.636522249904687       -130.28516366839133      -93.08287754411299       121.38596778358726       -16.345876810428905      -98.65989304350111       -84.36587556183213       -147.9819618906858       -40.10763835513467       53.10013737684122        0.2166994616167699       
rwgt763                  -101.57931892618282      -6.609058508923202       -0.42486343755084155     -0.48011700522840384     -1.2742466113889082      1.5023039623258705       -0.7733422066239795      -4.596720791990919       5.036693540242766        -5.688736208435978       -5.086649687018939       -17.66866686779927       -12.971012102843002      -15.036836044200058      -10.278820061803575      -2.4860563179180226      0.02215270464132521      0.21275717789323545      127.66563399283285       42.355408168326164       -97.97548408931677       -15.12955372945271       179.44863102287593       -166.6277198990175       83.47505144443545        131.80653091511755       78.31772412278332        -167.86555847110537      62.329225162947864       94.71624617518603        118.50978337930007       -113.30535281471433      -165.36572696986383      151.45499250404714       -67.6533904058349        144.7288144165189        32.425969515522866       
rwgt764                  175.45821767258906       -1.154169249801897       0.11589252690773888      1.342969583686764        5.749536665950197        -1.5879951647650716      -0.5693597639842511      -4.861323782385041       -8.872076161613286       0.39973840553650586      15.580149166894287       -16.988469670160256      33.821570616909625       6.812420804147351        -21.74068544957843       1.7209235380131043       0.1673710960895004       -0.5964105397634345      -56.106437407721614      17.928654519494586       -158.27084086982447      59.661772618241514       -20.626043481084366      -98.04573634890916       -179.63904369285834      -22.942995650570168      -173.06718936653235      167.10370751298882       54.437843626624186       -36.93875064123108       21.248861449320913       22.093199249510093       -73.43395383939837       -85.06699338071398       95.03693811936597        29.090042996681348       134.90641945481673       
rwgt765                  -169.03423901652863      3.9878435277590993       -0.2644001717548081      2.6490366635126366       2.0262211828043366       -0.2468460901304923      0.2883850652678013       -1.8143456390969055      -9.363572768943326       -4.747233080074175       17.04026086158349        17.48828677455993        -39.42313953469506       -33.303227786845945      -23.71208579859873       -1.5777933430105913      0.14774530296109406      -0.1959666736816677      -41.31837403250151       81.88108035513415        139.01767952264015       141.40177770683204       81.26098284427133        123.18272906629824       -25.92705085043744       109.91684121027475       -118.78753241783261      123.72814772657449       97.31706683186155        -144.96644487279224      -122.02257644428218      56.14606339069209        107.63867384873987       -3.0031442375101562      51.65451737640046        -32.08022475670862       -30.483587430529354      
rwgt766                  -120.4637121832368       7.294215050659068        -0.9510272197888042      2.30254848453605         -5.3796751029164085      1.3854555953432683       0.7681741095800931       -2.9295958251773033      -14.779220361678917      6.008408604102572        -17.348550594323147      -10.54347419331562       -39.81874696090377       38.16808035963065        -2.1234413959824323      -1.6049032565117036      -0.14483446918015463     -0.299643601763788       88.99544214032818        12.764237109443002       0.27257173176016636      76.24099358994056        41.83619858525904        -46.672042152697145      -143.28732963423735      98.11043601483107        64.09293416284609        96.258643133931          -44.9779460764683        -24.930982450559327      -48.00958404370408       134.34393820429932       5.905012474548869        -2.063459585621729       164.41598038467862       -83.76892359363963       131.56758038170608       
rwgt767                  -114.69684872882766      -1.5792608333809364      0.41118599473679796      0.10569915621102544      3.042916371023523        -0.4497197750410915      -0.5454732329373608      3.53226791272449         12.106832379655817       2.445334707189632        1.0644468841902395       -15.944781930544444      34.01867674109036        -26.92979316185429       -3.242436489745643       1.7287074906226634       0.0314776595329396       0.20893129401276045      25.75227553437884        -86.96028016508448       86.03822584772837        -125.04885485419891      -119.7867066128074       -128.992214515941        103.57547038688597       -69.64766443186105       -97.52083269109998       -155.7979289322778       -156.65365755113052      -72.75128975892297       80.54305745759865        31.670098726314762       -75.45548307110208       -131.1590755829998       -25.215408969460185      62.33350976936194        17.662607112314248       
rwgt768                  60.87028705569767        7.350746223360621        -1.0604237216349812      -0.5398531432855833      -1.8672460862441893      0.8862919361842803       -0.0723156391543337      -6.334106505470617       9.218378990310121        2.005892421663546        10.833677998971709       -17.10254754333704       10.151487325510878       -21.063284716486237      -21.023565921133223      -1.512218270076346       -0.043255379237188224    -0.46298108921492265     46.081685418028655       5.434345004317947        -97.43643872163413       -120.72349749276253      62.90570380963766        64.11462257331954        140.36610284857778       -28.742537105530772      -141.57020076878678      97.40836670286126        -69.49834674165525       -86.57684651040785       -148.81608158978966      149.96578155995235       33.00745350422113        -91.15383614348514       -13.936820880670297      -145.57875315154544      -123.44635895245341      
rwgt769                  -84.1245408984457        -0.6026768557111106      1.14833245583987         2.477304582365516        5.57556430595827         0.2861251287412818       -0.46519145504743364     4.793212462869422        -5.326737539549168       0.8356617865117482       11.807884064350596       16.266946723394497       -35.20420498856333       51.96646855475967        8.923685938761146        -0.2819867300852792      -0.016398748190275314    -0.49266143665241857     6.3316871591037795       109.28672112477892       -91.85813192556238       -82.00948969495852       126.11050378874518       162.46851023765396       -92.62932773327012       9.02495967078923         -147.28404273916777      -127.9859261427668       0.2730627547012716       7.902938566083833        -153.51449487417278      -112.94011650304174      12.144961801295665       83.38670557171486        35.0738769724488         130.3419245195131        -155.61819706354026      
rwgt770                  104.99265595824971       -0.865485375395318       -1.3542440639191236      -1.7172562589479552      1.657979743773268        1.2831834339386          0.33839164489584816      -0.4245703167827637      10.94410649759823        3.986938641547887        0.954698382459469        18.683893522630314       -10.368878210338451      38.47284799146598        -27.358568553353244      -0.6521194564405155      -0.06911795259981048     -0.25478273474551755     -116.8930568765904       -126.3738007345481       -46.03067157357199       -66.15106278394775       -73.55221219208266       149.08555909918863       -24.269842482088904      124.79057882004713       19.895635975068558       37.807347663476804       -109.93941837471787      -39.46960338717321       -148.2964575740166       -86.48707897422733       -19.789400936708972      -101.44902496497151      -77.71484332333229       93.3728675880343         157.8185665012562        
rwgt771                  120.53962530020732       -5.422602007781736       0.8918363439615955       0.22383035197572232      6.228590073593901        -1.8722733193896277      0.3065781688497511       7.356203680939957        13.38889144766015        2.489408078768621        9.532408660664018        -12.465420292692233      29.039855146429474       25.530626051750062       -4.429945069132529       -0.569287117565235       -0.09993579825830655     -0.2633943217747989      -87.10402452735967       -48.29116205046745       -56.891050192647526      102.74670726955407       29.19080563485076        104.69035396409129       26.161040577997568       152.6417014626013        138.00770816673435       -72.90529117002309       173.2034199298455        83.89643149523533        -19.447318985481616      47.310130098171896       -67.8176025485963        -71.1761428734692        137.26418131462026       -58.433303151758054      65.4479843598433         
rwgt772                  123.53810579629271       6.605854712581903        -0.22845182939682696     -2.813129820861745       -1.779897816061566       -0.47714592630720065     0.503514660078223        5.26195687959087         12.442543330375695       1.5524980847426573       5.544122616085364        -16.037670335269276      7.301956487836819        10.75550679678964        5.699378269593382        -4.71971651535813        0.08181024715429863      0.08028110782472131      154.6453953076657        125.89998165025293       -177.1702355725109       -134.03718358133162      -76.7269664253121        -138.61514930590474      69.43376259281462        153.75054254315944       11.30142983685036        -152.36280263180498      142.5230191585868        160.17614356140712       -164.9112547977353       108.12472596317355       -62.10202476091301       -139.15449608721963      -84.43452279182254       34.26549340966881        -21.895865247698197      
rwgt773                  -80.01224668866828       -1.791885007189646       -0.7918713511967159      1.837448177669307        6.0399880779460435       -1.059541414969192       0.5266369922287981       0.5665634853587198       -0.554612380183924       3.2832877953709687       8.743666675582997        4.936349894569986        8.250095098160742        43.27376702349275        -3.794639478866614       2.0269441665816723       -0.1532986657857978      0.43740409335896413      144.4278008079482        4.5239541014130396       166.30253918718472       -9.153463628487373       -107.33226365249051      44.09545071249423        -115.06786290932055      -28.790488779270333      176.70456266646352       54.57565641606877        151.14932779578498       -161.9521755124305       179.83603710745666       -147.63220768975393      72.52791848193246        10.656431357864847       22.131511931017684       89.7119575219964         40.38423541911189        
rwgt774                  161.1252376508674        3.5722126672737433       -0.9936407307745261      0.7892643532793939       5.787524532133748        -0.30228372487370736     0.1297414745219545       0.9451183508835497       9.681086695011246        -4.052813279111641       2.966106957026742        -8.174584509696956       -40.541362838450866      1.322072822096736        5.481682135218122        -1.815382468566424       -0.08505653601566851     0.42536260327418896      -101.35859309978096      46.62513213396099        -52.887594441092816      -172.68805962460536      169.25522077085674       36.484448129565834       40.4455556559991         100.55714344015104       -50.018307901138115      156.36216689970178       67.51025447800566        28.084605400265957       -66.58399012043351       108.89283285830243       -152.16913850340714      -159.8227827767883       -17.242875510859932      61.37310881754465        -98.94183962978744       
rwgt775                  -138.2315603565985       2.025917850986068        -0.9180313696277222      2.4358242693863774       0.725872868954351        -0.5329952130303424      -0.5780522295918218      3.356177022314733        5.323765671286008        1.6525102112802443       7.8169342814593215       5.722455821833474        7.8668461936714635       50.98306425417313        -11.463068040303174      1.1438622486496142       -0.15347649186113962     -0.5939453998620579      0.946533688539489        -89.63363288686296       -130.6289079629032       123.33136771456566       -84.67902577481492       170.46884124801124       14.33558399906238        7.294158727291176        115.55479436360304       137.3494420098035        -127.12074003370333      -74.48671545704245       79.52846030724021        135.2794363616664        34.953700257518335       178.38234212695966       172.21215941339256       97.04917329727238        144.56954567291          
rwgt776                  164.57804846483248       7.373308641954995        1.0611209446443899       -1.0133380840247899      -7.186677609155283       -0.5345427442316475      -0.296561685066949       4.717894594466764        -7.099769379797998       -5.682106671970479       -4.691031625054057       -7.070251568467961       -8.64288117901745        -9.400566196347242       27.012410210426523       -1.1825207840814178      0.07529424469727558      0.24593582711243067      29.756158846795046       -131.42910810505487      -75.30296781505916       -94.51355144665548       -6.900733062113886       -122.82551360507497      -137.4295063322494       -41.01455022776335       57.407347102253794       -80.32648084569503       -114.41047080510334      -13.88179228025578       76.34037744107519        -145.7923767407032       33.25254508121978        -156.75122050723218      153.5275498869804        67.03650257645833        -65.22449620385945       
rwgt777                  151.74302551943856       3.1043283914835618       -0.22861162043602556     0.5188813037814648       -0.32339485367464427     2.0046998393388438       0.6017232992590962       -0.6267490694915381      -11.280527843466647      0.7354448538805354       -5.188558329159097       -13.885908732825751      31.010910585792345       17.53157061453996        2.665705124519768        -2.7775135990188335      0.013086262597375914     0.4267010866545572       -89.59200180587365       -147.14002743520922      36.794050763087654       -28.167386595308415      -19.19323352596939       -45.10033058101021       170.28802796697505       20.767639837139313       54.7742476174665         -82.62530453420646       -100.64904835051497      -150.779479700376        111.81081728148615       112.1925570470263        -171.2035421999475       119.08776570874824       174.15385892067326       -159.05624706323994      -124.03206826465401      
rwgt778                  101.04227665915619       4.205250446242975        0.1803424061971688       1.2696696537444803       -1.7483249800101728      1.2715191570913715       0.3231934321261012       3.0928156545702494       10.056216237486165       -0.7619705030342558      -8.506540467030119       -2.587105621249467       15.659012754201939       -24.43831468553996       13.724880776679356       -1.8075544351514452      0.03562396543458332      -0.1556263564524255      156.30024463406124       61.9356677498333         111.95251978728584       -93.53364279375175       123.57957145317391       -172.40665181731296      96.5020823348363         63.9001315761229         -148.72449957275566      41.63015813394185        -80.43864129621008       66.25043059763232        142.4960525058823        -147.0021117639899       3.115737102295384        77.04521815087497        122.21048962576253       -136.9638371179339       165.25985168192653       
rwgt779                  65.00294502922958        -4.834979148650541       -0.1325544058726129      2.435209869022991        -3.5393440180844085      -1.551981842468957       0.3089294244978411       2.935968075338942        2.8431049887574105       -4.301296061222523       15.126097600609313       18.478186043166254       -31.083074212451123      -50.842410148472396      34.60360016631353        -3.5146202507820075      -0.05680779281375706     -0.3337097697526795      154.39298051631255       65.61785935472099        -140.35419918816564      103.31767335491747       -91.70147683260731       16.040984009351376       64.84592364022896        -65.9457559349791        -143.6799576700843       73.52878797396804        11.164541693845763       -85.01088670436346       101.20276002376414       5.195096120845278        -170.38776701224074      103.12516816764355       163.31387226294493       -118.98030539287195      10.409625349192169       
rwgt780                  152.296673212791         -4.956982894090933       0.14553510412854775      2.268976992292382        1.1031540542670069       0.9005118000131809       -0.22815817413924688     2.766017383899194        12.650581436245009       -3.1511398848147807      0.21681928197136813      8.890493721257403        6.728685766189358        -18.79204912992899       -23.157898523077037      2.005348069000396        0.05903764081862037      0.223298063459348        166.35912622955868       -64.21190796285546       -109.74310285666343      63.58243851956962        -107.83428249390667      42.88081308878657        11.357731774507812       -177.10235174254169      105.6565189369689        -25.971946060939956      45.01134080005073        55.79362423094753        -76.84867937262788       146.03826192913976       -88.48013414483647       51.633120647823176       90.33508237508545        -47.56085610443236       -0.09290780914218999     
rwgt781                  96.99580783749798        5.3317023769985115       1.221306761687807        0.7936410728428291       1.7836389177972496       -1.0389209560481596      -0.3335456311055147      -5.025491092824957       13.001817315417622       -1.9110660762592326      2.313751079933006        -18.936842394535944      -13.403560304088753      5.9569579433928155       -16.406344586746297      3.218480976038279        0.006069646150140773     0.5340741597767703       58.37866402706874        -62.01366878787583       33.68006353663225        8.49800218397263         104.86584201196541       132.59478687195804       -110.71226244230112      54.4714073606757         4.845788443038373        -4.961797354168056       144.32214418141098       -133.72179987422302      -120.47678214440953      -156.81363552287422      -48.22401335505867       39.25970286475092        179.08925150591602       159.19950465615966       110.67401169602084       
rwgt782                  -61.0727463710041        -6.952614888709597       -1.1083617278324733      -0.05436264316860173     -7.412994393384354       -1.3816119149529054      0.557223361573516        3.134213021980016        0.35566113896173057      -1.0076676075813973      13.406432794341605       -10.145958417256336      38.95492322188167        35.75893184334865        -12.000829479988568      3.0716394219190875       -0.1538445168183636      0.053440767708407        -11.86124572995135       -129.4064341368893       152.04927435560955       -43.212991523668876      -103.1951271059554       -140.6663662857561       162.3801526351033        -3.509666621421559       -166.25194478415676      177.54298726244332       22.740245932617          95.65226394993266        -62.328723354339076      -57.02732186066653       -150.85288751199775      -21.908522895933345      111.03427915350068       -124.1924975314401       -98.08446236751595       
rwgt783                  42.31968623347831        -7.285566442920587       -0.5313820193949048      2.841112208205126        0.39064901206919345      0.624493948058964        0.37526280358448827      0.8409423506582323       -4.451628303770297       -1.995963631888821       -4.372301632079873       15.116287499333161       37.86989938334743        17.07321943333656        -18.740817637750933      -2.6905572327831155      0.09463508371966012      -0.03990780979960917     168.9290273740836        134.00759626537058       -51.05278426370165       81.81310011141545        13.639553684402244       -158.12316911593058      142.18112384288725       -46.69923452240232       106.14307809422303       -42.118108185310604      -156.42081653183342      177.69685964063814       137.75423611397093       -61.981773848616484      18.0568898093224         -25.04161354164532       -2.2102220966085895      46.77549183933098        -109.92248435113913      
rwgt784                  102.64262668039385       6.938430799903679        0.4842627071819452       0.5395608276795762       -6.628447757335655       -1.2949993398789932      -0.050739800529208345    4.359885264680039        -6.1575709884548715      5.67272540564155         3.1197594331340355       16.78504537504284        9.665676941176699        -25.681351564875765      -21.25425434641493       2.9443485382317984       -0.04397338941127238     0.1877953985355223       9.374634078532267        122.35566280415316       71.72903496975798        -28.726698858008433      -72.59939934854275       -36.987320774706745      -4.938955937007933       -135.1978241046084       127.38041056513902       -82.86832643355235       54.93765708721759        23.399180250281916       -44.64140562117305       -145.57690366253175      -89.90666632406602       -85.4635351523162        130.5277445535155        -123.17404007180278      169.47594637277774       
rwgt785                  -173.84283308070124      -4.931793760442124       -0.010581636233778946    0.4109877153496848       -3.532010753808633       0.5661222077273957       -0.48044895223226664     4.609333178402825        7.146974739546597        4.045087275020062        -7.539382446856781       3.7420964373279944       17.902380441131115       42.62316715637883        -30.63872307223379       1.8934334468458403       -0.14090815243299143     -0.5437175649661184      -124.08070181372119      -126.35423253616008      -92.58446494755049       -49.539449198477456      142.98649329340367       110.6059625482996        -6.638338642571          53.58682817760703        85.90139439332881        102.28822507868296       146.5770780233716        -124.25600295040968      -157.11321172407565      60.178213063934805       -83.66027359651116       -12.110293860774505      -10.86175990605193       101.65780363570076       140.33038360024688       
rwgt786                  -35.683041849394186      6.956401076013694        -0.4050481887030779      -1.1629734361237771      -5.826444231307129       0.055797780729685886     0.11166878236902689      4.91567295094337         -8.590346606436427       -2.580845805742798       -6.699357532351234       1.4981450612349505       -5.086065184771755       -37.92949577412432       7.774129131089843        3.7496825270047953       -0.15449147950943462     -0.3967725950653469      -7.637048009636061       -167.24662001645885      121.37213108169965       -174.6049327466187       124.22781720914514       -93.70081431395545       61.001746449012444       -109.30840403092395      -149.76500910070007      -125.48989422981424      -102.79191315650327      -45.36150688196332       144.35932509356394       -111.86517959856302      139.55693333825087       -9.805204056211068       -167.23374752049776      -0.2854088098406464      175.19895144268634       
rwgt787                  -32.12372791765796       -5.1369194196818935      -0.0006411195385553903   -0.17980070535584547     -1.3548057471277914      2.040249855073451        0.8083607699722164       0.5829927357445763       13.90985497939418        -2.1825096366862553      4.455546827986378        10.193470713490974       36.31490748053817        12.940495879625786       -9.386740490757663       4.1406471030348335       0.15286664929005794      -0.23173215413021175     -146.067384272232        77.98334519855109        143.93868828995636       56.24774512905404        -3.0028135275851753      -45.71949489255394       92.01305000463333        -115.61413963227056      -58.93226189614656       -35.859688989026154      -36.41104704088772       20.344082201350233       -77.59101559014681       -74.27146328680051       4.971085209168592        -39.09787161009888       -136.0279102808502       91.31666622442629        49.96424687337412        
rwgt788                  -10.300956151808009      -2.4122047548430663      -0.5125736642158376      -2.315911125688698       -0.9679928117421595      -0.0057552178946158605   0.3563195033395552       -0.08933655661171969     -12.828766074399024      5.624142872759311        7.292037825350334        -3.611111056125573       -18.48710765503699       8.577811784152814        -31.49856389460719       -3.9673622538839313      -0.142629843416343       0.08903233624165297      142.18248437074692       38.53396152494727        -152.50363701846652      -67.16840878831006       -103.0292026351315       -88.18846497757232       -109.13594734451381      -168.83022154632846      -1.3177706673045293      -176.19973424266354      165.50559837721073       77.49906196864583        73.70807329541407        57.05460015832048        138.66500305404423       76.41336801490144        -49.082755470892835      138.54172083534337       61.22995063739074        
rwgt789                  56.43834369208989        1.036199671026945        -0.8895188901541101      0.6768820843792076       -0.25280118234485816     1.6064946332124284       0.3497151649293111       -1.8844959188934451      0.24256862551436598      3.256852295819792        10.86404385304181        12.3195604468131         -37.819525469015886      46.474579831456936       -8.412635653975535       0.15577604216632412      0.08584841489257355      0.4133453289929868       -151.68879945868662      26.00513969370232        63.996276262752986       147.08692729938224       -127.62573003961174      103.65612487571656       -78.73742678489282       44.06094338778652        -105.18134976531344      -68.23542543952962       72.37865998135067        128.39822752286017       -57.30037614294535       -24.53965232078312       10.029781595527652       -158.6855256617903       -25.942406357918912      16.584556828736652       -66.75078999609178       
rwgt790                  57.32581878749437        -3.082872308112152       1.163546712651019        2.264452921852879        4.981812027291845        -0.5837288514892585      0.05305316753801015      -3.3321295539783495      4.5279060790611965       -6.17757592149168        -8.456809053517638       14.860268005761938       -6.241273307000846       45.352892368680855       -12.30438329831225       -4.057647001674857       0.06962204560757096      -0.5589817716683225      -115.39733564737361      -142.25443734155306      60.25926010917016        -67.25324411268728       -0.47109326814225483     3.1757947857026636       132.23407168428383       -114.26808237979274      -44.53737859175595       -29.776694963937985      -11.484659758709398      50.041262130819746       -167.5563842029638       -20.275531556279162      71.40851129093409        163.5574143804257        4.06561044483729         91.63193358335405        -106.26921782806569      
rwgt791                  -93.97681683919224       6.846097150729173        0.9973517406843244       -2.7461790911184427      -5.417782176861188       -0.915885010033771       0.7240824260079266       -3.92309986703033        7.899869729913096        -4.296751642010174       16.4792963248468         -11.441957286859335      -2.684111289715233       -38.97560631893848       13.096267100573975       -2.4676330658650447      0.10401923311513817      -0.21361357376678686     -71.41183668309209       -169.4853909325193       109.04947390894392       133.3520070607853        30.20171590200181        -73.37283493894117       -144.72227995626264      146.2509668742846        -73.11608337427111       -74.41570422333898       111.23184477394625       -175.25013783396977      -130.74249117073572      -15.495523333155518      -131.23526152296608      -147.00817115348343      38.32718791524786        -71.94764162003327       -26.72061620283307       
rwgt792                  -106.93675494332682      6.2302659418547295       1.2774925325099244       2.7484502173011665       -4.045655971112399       -1.6510785459519546      0.1826559534475234       -3.7727362152100934      5.858022801136986        -0.8181940095875033      -6.968257124831467       12.264819616104688       7.823272366620884        -52.35755796992954       36.115307525312886       -1.9953729400887896      0.1701792555717459       0.5007393995786417       -36.60057702438752       -72.22133998058116       -55.75498115440139       -106.89904574260677      127.78685069293687       -61.80822787635523       -149.42360984324228      74.51148047035494        -39.03883268754706       108.51216470871162       45.17413644153052        -51.08511490326387       -141.9496520116536       -149.2102468294213       70.99114740644958        -145.53069695624606      -32.0958717641991        69.56078411406708        -58.073527233366164      
rwgt793                  -168.9829290913212       5.5467883139291585       -0.10987096244263306     0.24520493183051784      -6.688141264353968       1.3314228161117523       -0.023295674055089144    2.1124888390745147       8.036346514932752        4.850765647971974        15.881529840320376       0.25287518660509534      -11.368803995521532      51.370441793607384       -7.704525194424054       0.24027232137257482      0.022518531874475778     0.13351393537933465      -5.341700281856447       45.23852979850446        143.28537852231523       69.11937608441187        151.43018118326495       -61.148351719465424      -1.1379194871955463      174.59605380135264       -49.04050982730345       -120.6335915008481       172.49967568070196       99.95912137343038        24.588225258939758       -6.937325674431918       -37.22984855189813       -115.01950990164606      164.3519156419129        -162.47474736881657      168.43984769461383       
rwgt794                  90.16334036135163        -2.836565558112012       -1.2739507315477312      1.7504808216354295       -2.4924573681038016      1.265458239711832        0.6800690867865606       0.9343224518618376       5.087195992719369        -4.334195221570626       4.713000112904226        5.070014664775858        37.70569748080909        11.860740102403383       -25.35214408855075       -1.3280651729923072      -0.11227193235322372     0.33757289151685554      9.520536490801078        88.35484222829746        127.13634690810926       25.1812119414474         69.6631022725507         -126.60571764500611      160.42248074327853       -88.21560046305893       -102.48805908813435      -170.73282978683665      129.45061407344224       144.157960522            -63.61901146003004       -106.96850567876531      -90.67126673805248       -87.26634671848903       156.2787404833033        -34.10293446069966       -175.2625319922969       
rwgt795                  -168.70023814717976      -6.136118089342218       0.6348722910197873       1.7021366993849414       3.931493768252569        1.8409499231225097       -0.27134194048722615     0.7197151100907826       14.641135506569935       -3.4688457589305837      -14.833290916443596      17.090708152555898       43.70777267411896        15.618938585331577       -17.74611179804058       -1.914268324877849       -0.016343568469207176    0.06434375283264449      15.449780489382334       136.54627666058911       -56.66309431184408       118.47544654371126       14.319878234194249       12.489633188219102       -66.7730979706013        -105.30791986340712      1.995619149198717        -27.151313946595764      155.52046111789184       25.79706517106075        47.929185830671344       -31.49203800680303       17.11212663390421        27.613388157939312       -52.86513072347141       -142.18183707390546      -89.39893766889382       
rwgt796                  150.2907754988671        -5.299186338427425       0.47637615580937087      -2.6193319322695294      3.3694384009437925       -1.147600095361264       0.46567020552538607      7.700027011368827        10.50551265507827        -3.4671618005585807      11.131862920156824       10.254768631728648       28.243783352527828       51.83451042894909        -36.490674525814896      -2.763208438732703       0.08053166747161417      0.23330267315956277      125.2936780677772        15.271300090931817       109.11576087620523       70.46993621164191        -130.15205821813703      144.87795363070921       -115.56728216535915      114.46875442736706       59.74075825237884        -25.76177015577781       -15.88554902339422       -152.7398714691255       80.8360664355775         173.3953598684435        161.30691071563064       -112.9111567058605       -79.12027944571011       -126.20794862199398      127.77263928790529       
rwgt797                  90.05292487339881        -3.8648652763761917      -1.1622146070520403      2.970771956924972        1.128857784832574        1.174769773316064        0.012115459799390438     6.587415731626543        -5.0032815019547705      5.018587736323935        9.661963204137425        10.142606711790922       -7.03346363264982        44.38534414380037        -34.84156751599122       -4.114441863479657       0.054003326196991885     0.3696555588980418       124.2463630458144        179.5761815893364        100.94203416786297       132.25051119870074       158.25819878985857       -122.65842984191238      130.61704274604932       153.0453516867064        -106.08585389446448      -27.49438372205887       165.24621384765084       123.4575475414191        -103.13495072780384      -136.94218732711624      141.56599239665047       -31.335840362602482      80.27498245332475        8.67439624494645         -159.94281592909658      
rwgt798                  63.29851695512991        3.402925909976612        0.9945190110171225       -0.14538679687975353     -7.333415712945111       -0.8251523056608887      -0.12502510975318337     0.4496672441961129       -9.770584827916199       -5.325340255222521       -12.470432519912565      2.645356678558617        -36.982355428411545      -1.4250880130197672      -3.2626303781568         3.8296624829387067       -0.15674295462417515     0.09496525683234647      29.506887012339547       111.84837491862885       67.63059458275657        48.884240432785134       46.955933822897634       -135.0732037299307       -50.67086617177367       -75.4684217546883        -95.36509772745566       97.42774755817084        98.60399013682087        -131.6545873202256       59.649062611602574       -88.79225336053375       -145.00598770447567      -45.82414434725678       163.9613254494741        112.73409712079348       -111.45766846036018      
rwgt799                  144.75821269985255       -6.558259176771346       -0.5430491013427654      -1.7948548072621395      1.0133734597629065       -2.0110760915119017      -0.5126258542838591      6.705281638280053        -5.192456265554499       2.664488500235425        -6.312248812142219       9.570552242776458        20.485686217613107       9.983367953331651        -30.44663376842628       0.26081597109183896      -0.16492559655862055     0.5190883148313045       -132.84791051804984      45.24023605942725        -21.56440844647605       95.05475966803664        -30.024710854784814      -179.77667626117346      -177.51701529195827      41.261129771562906       -158.7708737246541       144.74318351104125       97.1092299277264         -127.29240663059922      -81.67597925312992       27.526599399024718       -64.30976142892666       -31.990029616009338      113.78896400899833       -14.892619532386107      163.7405573002377        
rwgt800                  -105.72501675184026      3.372429823161748        -1.0926333875786607      1.1913591944726214       -3.129766240901783       1.5427430380902662       -0.779520560537473       3.4874220678519547       10.497600865877956       -4.747171735158192       7.556664776184846        7.762587874353759        -43.50208042441451       -2.4534078628825995      2.254020522105044        -0.8337166461488765      0.061136744296997225     0.05158039268776948      -77.63044743021786       -165.16645148451292      22.92534386617436        25.99809098906053        -128.2106252253271       -9.056122733878993       25.07141984511125        108.53263720992175       8.488566604044166        -114.07245255433827      38.30320169353968        -112.68421755348335      -82.34341631504016       -80.65520152938251       -120.01362818799373      -63.918545623471076      54.033933852621374       -144.92740247544788      71.8554541468136         
rwgt801                  87.72386748347628        -4.694704761770073       0.599168697046941        -2.5724237066421143      -6.22107441834102        -0.6785110697590682      -0.11770416668843742     1.7754953558208078       15.115191189664898       -2.3793480773825877      -5.499025773353658       18.38772553142873        -15.93677172452064       13.643517842008038       -0.5430925607453005      -3.00460231987942        0.036916225239580824     -0.17612152130207015     139.528458982646         -140.38379044879375      78.21226850051698        161.4333272525804        45.489652406737605       4.977996432983787        -11.517221714253338      95.09532005602466        106.41180849823684       -103.08176610273665      -48.62744264571802       127.32252535363085       10.381824770221584       -152.0665022893524       -72.49372500952136       -155.95374555363807      93.53317849348258        -169.19957874440706      -131.7542144970596       
rwgt802                  166.8193577668016        6.29095341274003         1.0495767875714541       -1.6444948800103432      1.7846768378096414       0.22776274296241894      0.3422765665040466       3.744328024394604        -12.771113151938236      5.2433575971542155       -2.7871664768205857      -14.023280447902232      43.36702425103138        20.144603091262          28.359560269449275       4.122211085886484        -0.05954819290088609     -0.1933956903363483      -130.98491263468665      142.84107303713301       -128.58218380851957      22.77351321506822        -157.12427602414007      -96.6369356461547        141.7497989748739        -119.85937028219152      -60.120658909226876      -84.30853729800216       -120.03141067198774      54.497091074484985       38.18830882575975        -97.74417020733584       90.58512650564734        -38.84274962436106       164.1437979343179        143.77562989608373       -158.01106334916963      
rwgt803                  -87.67052335613631       -1.274693420488223       0.5864829071890425       1.299390275624975        4.38312596084304         0.5019884422519016       0.09368858622816323      -7.467318968270209       -7.210279081884941       -6.259604552323006       16.063490691208123       -12.948075305332317      34.49445433692139        -45.48277534719765       -38.35827466375573       2.0295329613170647       -0.121222208515256       -0.11563662867327296     148.17227192640377       -116.56748762096908      137.51489062793655       127.67261272498791       -133.31676816244422      -104.04754007349366      135.28789045257355       -174.77639719105048      93.40990116792386        -160.0612197879084       162.2053757749025        74.53970426930007        -153.13264674374454      -143.57164731848547      -165.7464118929156       -59.966965819049705      -178.50834795837488      -20.243777816841458      15.462129752576374       
rwgt804                  -10.754712736456412      -3.2113555547851274      0.14142078914646783      -2.7370784664621004      5.7373321971085804       -0.13337726545079454     0.7887935643933406       -5.513015977407784       7.333652513528303        -1.8798258035367805      12.487788524044493       -6.157750793376017       21.661439876088096       -49.51718376297549       21.915145195874715       -3.472140828236487       0.012194103294705855     0.010656056025766802     -121.65343543476126      -48.52942792466345       -107.15562114489735      142.70012774760409       -45.09491880691678       132.0867933142112        -7.490169918963176       10.849684982977834       -51.57077651389221       179.35470026836515       -90.75522228181683       -12.441546132693247      129.72767361664614       -89.13791780270981       -161.3512425665385       52.840275814799725       119.01035770915303       -44.90027194059755       -129.81917160198566      
rwgt805                  -127.96791767016535      2.357622389955293        0.4152480990837988       0.21577020841361527      7.617621289049865        -0.8735887076839384      -0.28361102066245125     -6.701432594020279       -4.869250481884848       -0.7363021571722728      -5.214708913115336       11.206924890537746       -36.96327403876797       14.929862677559058       10.287610080227424       -1.1069717402845836      0.025031664057915876     -0.28913250129852663     -86.70242971880052       -171.04062750199017      -23.20845551303981       14.199619772840549       113.29490959112087       115.40711720329074       135.86627287094274       -2.9854445815960275      39.48208561435382        -164.41662330949904      -108.90987296088423      24.960085193657306       103.24510186119755       100.3138860911672        4.365170605129833        -163.89554396841805      -10.742283455522966      -87.8741857414456        -128.85047281569587      
rwgt806                  -165.51624200330195      -3.1888727717694545      -0.2850341383979764      -0.8854571457861242      -1.4813827543558258      -2.130591459558901       0.6834656317490988       3.1647989880518947       5.319398086273594        2.443478758057532        2.7701602471965465       2.0638236563933248       -43.35820220367867       -11.476341855247128      1.9772753153572609       2.8043460273549483       -0.09228096284165123     -0.1273578454360006      -57.6993122392723        38.371201928898984       179.3259233735846        -3.2498146933013174      141.06490469601908       -74.67250282863596       11.499184483346937       140.36823593521302       -144.98732605329252      -38.32451867926656       -132.13806565750792      -84.43027014811679       -24.40953777166959       -167.29576405121495      38.651124835144515       68.97995774293881        60.72472199284897        42.69270704626172        168.07205305049092       
rwgt807                  99.89916332777563        -4.374734812191441       -1.4242466333787447      -0.9586272365897002      -3.2924452443565126      0.036303828165404006     -0.28453935845776623     -3.386670522748248       1.901036820163771        -0.7440436075582717      -6.486744334019173       -2.7960315466605827      28.065030278616177       19.776328417291893       36.165027184747856       -0.6011297038916412      -0.1650972304394051      -0.3120623462156289      -56.66819567564107       65.88446363645184        -59.946951204508025      99.71811974702183        174.41405213819877       35.49004357689785        -78.7336932218246        -19.8521168292516        -129.91576446055274      -58.35844968221508       3.2230026963998455       -83.82393030512728       145.73268627944327       -82.86063435247705       91.48564854045094        107.69232638587363       -143.87400295884953      -152.64801996260667      -68.26078831421457       
rwgt808                  57.80637431220316        -1.7084835299625158      0.20064174791080025      -2.418135569012513       7.18409275055841         0.22818380791895887      0.3434545086103926       -2.2936324472376395      -8.43889060487745        4.7080119287564575       -3.4931715699291512      -10.604693352860604      5.738979032944954        -24.582643200858865      -34.00684356603515       3.017845705388205        0.014395283542265602     -0.48712078822569777     -159.64171890049013      -0.3368513703950953      -12.10077106392032       1.312785000795401        107.73927070578134       -74.28064454348943       -51.745131938806         -62.36248622997951       -140.1444134366496       -173.07819487421563      176.7363841240903        165.66195782044701       136.31608165496579       -78.9117463167013        -150.55298190867242      -110.18733702684602      -85.38623193736379       22.815801118058147       -173.06083167018483      
rwgt809                  -164.43342637597226      -0.8133053232923482      0.41508307913119813      -1.7140802579200416      2.622244574884933        1.7656947961856027       0.054622587802204525     6.323270995797233        12.775758658041084       0.34866310421497015      7.662197812984857        -19.133334495088235      20.61545202664837        38.20060311857303        32.064380128028674       -4.070998537915779       0.052777685348168485     -0.11599330409093378     168.37297815948727       -72.40440103227687       -36.422566725322184      97.54780788994975        -126.49604337519509      -31.490618569123114      -38.2476490106711        25.488883992335133       69.82907772454595        46.728412000462356       -61.00635429231802       -136.08301932024594      101.25464053875976       129.74682935337336       -157.38952791197948      96.0711818177752         97.83684022278754        -102.34516297685747      -112.02366063373631      
rwgt810                  150.75134896545427       -1.649496494370971       -0.7095183474191624      1.716586794163062        -0.5838188814808092      -0.03568071085282565     -0.4527784354194685      -0.5913709987756794      -4.2205668699761105      1.1471399539021974       4.964864792229736        7.396679034044158        34.641585079042386       -53.029790292333665      38.708542816912896       -4.763444215467288       0.08661441411597715      0.09836084885546104      -127.58315117562674      -63.4475284984059        48.52715630566962        34.75415534348099        154.05255502038762       -156.1872065807218       31.86614353393466        147.700393239989         138.42586894025106       -66.59925913980383       -118.38427687081285      -6.1515801663624075      -63.3964646307586        91.2557952477739         47.98544970068937        -83.0774300277437        -44.38580369647505       -125.77566545488514      104.05671138098774       
rwgt811                  -14.356822115451877      -0.8005428639072178      -1.4260908447140261      -2.6270731517099346      -5.491452232795592       0.41566823913453943      -0.12696507731066642     -1.4408463606602542      7.140404915217829        2.95311890085919         -10.060037900098317      6.434704356282392        34.47687876044871        -50.593497710287565      -37.93878847885722       -1.6753079694123612      -0.007400392447491827    0.04881162953249241      -26.956809656253142      -67.02858639378759       4.755366947721711        165.1050410166751        15.256706448365946       -105.55886281689557      -42.02826497212692       -129.92343567677545      24.900513335659866       141.24573641399058       157.90818133988853       10.957582671256972       -179.30463053738566      130.78601165796186       93.25046412396108        1.4416308853350301       -62.33572969737091       -102.08140150502008      -162.66253894560694      
rwgt812                  -68.58597472232081       1.0241043806226875       -0.9145640927308345      1.3024214868117925       2.619694349506659        0.756809090086759        -0.30131456234639853     -5.043783826453577       1.650002940039414        -0.8873779974502476      12.937406508137705       0.5746930978817204       -41.60729267380857       47.797516663581774       -17.693378562152258      -0.8126560196848298      0.15325839298955746      -0.06731053381001395     107.59311457372883       130.31418202309203       39.69302943266783        -147.92804967672907      -21.359265620758663      110.45120119289737       -46.424270232751326      -8.289566218591517       -50.521205306863635      10.493255096478606       94.83785182937334        112.1740794322697        -53.903128685313334      -140.6461262775247       -172.23660756997623      -155.4264063212405       107.20572256992494       -26.186924370677616      -36.40724209188372       
rwgt813                  -71.63061544139497       -4.2357426942839345      0.5528330933840986       -2.151665811444011       6.780946930470764        -1.33210274475296        0.7349887215105531       5.789393247122438        4.519215501699122        -3.611330975237077       -6.927230429935047       -18.8898198185537        -27.142918991838055      -18.87381406151883       -25.40809012655096       -3.1597345117296944      -0.004498381103346244    -0.09577664823723953     86.09743296063237        178.771028761835         -73.43803812750097       20.820706623908563       -3.8874180168466523      -126.09704954408897      126.0574511217344        24.274210722763655       76.07753772732508        119.03464846041038       157.72497720279455       -20.875357925705032      48.74180106496294        39.400999405596735       -76.88629410287551       -115.12912326191176      130.13716339628098       -138.09938994726366      -105.70523394360445      
rwgt814                  71.54440601098227        6.409747851746192        0.13289350919391896      3.0305943046241026       -3.2912182182436993      1.940775478315428        -0.16652772125763882     4.56490614189462         7.076884856412658        -5.746069249572653       -9.964713934123202       -14.295392868786168      -8.787921456048515       50.95966590063176        26.70828969797634        2.7547626046683487       0.15252432875728317      0.49086730141640433      20.35392143211277        76.18960492299061        82.35807834074546        -70.98666629370047       -42.105865973013266      -131.80468231497045      85.03635155406948        -139.7719361389482       -102.66665776928217      41.392940797400115       -41.78713710841049       -138.90116415475939      56.90326532060766        -9.84490937810665        108.83313360221354       -168.28326678128317      -149.8213496689918       40.725713807659645       -1.776677331296895       
rwgt815                  162.56484973835472       -3.398675826322102       -0.7215485710700676      -0.8063770969924025      4.388428529576204        -0.5305259270496445      0.6506842041113119       0.20311177105184974      -12.646553741382048      -0.6791486057766543      -17.53564268883436       -0.056692869755124775    12.91497464056632        23.688808519659005       -31.046682532509053      -1.5558211294669606      -0.1005994132135989      -0.30483062390573884     -58.068430480528576      59.46292977525803        58.5343962637352         -116.2580679125384       17.071766196576107       -41.07855045388001       114.10752738096886       -122.31074721365938      -106.74043370281245      -155.1504930295865       -120.72808064921298      -100.04083907267969      -86.14623946213361       98.14773109154925        9.734591070048054        99.46909315186855        171.55974524114612       -172.3571491114314       -42.1754114883783        
rwgt816                  -44.00583318484172       -1.350520021569495       -0.8818456735333986      -3.1318415886024673      4.003538013204926        1.0625147119470615       0.7616005584466479       -2.4960398831391926      3.4438967160756313       4.565267976127986        -5.295342289836283       -19.40903286813015       -4.088758014456744       -52.513552237028684      36.54205961979845        -1.9463724470022727      -0.16520837009342385     -0.2156434847227391      90.58557838839573        172.01546724036268       -1.7087193452757106      52.19489607628631        -12.556134591671025      -111.98228272062623      141.0563927438647        165.10447693149865       -91.23443260525204       162.3252629822262        -103.45076283361986      -53.012571350655364      -133.8717835847397       -10.815161719501589      130.13855494378015       -55.87377679900632       95.70531445593394        126.34086799680284       129.26544819862602       
rwgt817                  -123.38447946136046      -5.578213024360068       1.0078072553457063       2.3475857706144376       -5.705983046110164       1.6669186169083874       -0.2697142628056416      6.55231119487481         1.7666283497470197       3.7720826741819504       12.914080053268396       -16.897279913989678      22.912703601236146       -7.846226915389977       15.537398674793707       -3.5111300836471253      0.1174157251475963       -0.2860573634824246      -89.22120466562498       98.06773400591152        93.54392514124794        137.785718083323         -131.04203898644067      13.218407652498769       50.615486976032116       59.33968499879822        -134.86254068442844      163.53458109317995       -129.21344413829763      115.80894592501892       -39.50258429728862       146.3512218939897        -40.88010397678062       -54.241609716570224      -78.93017283039873       147.91500932935202       70.39911481139069        
rwgt818                  45.24204938061547        7.392749334403015        0.6797116092770479       -1.0563945563311385      -0.7136523792546416      1.7493038276179393       -0.18670153100429165     0.4339240412006644       1.1921134869224872       0.8953895486731103       -4.789128683623041       19.735716053009227       -11.147297559654689      -51.14435941077606       31.328953200478168       -0.680431206227289       0.09606914748741147      -0.597310715790359       -143.64757713982914      131.07963587069304       -99.50661389658006       33.80348600495762        -53.2392687891235        -1.3853274388032446      -53.913083132543534      -46.976929606917395      122.9182053193311        -89.80676717583422       171.4307672927767        -18.100121324310436      163.23149207388292       -85.39813262373322       1.6444982472781362       -69.96966510016829       -60.27582544514043       122.59183798223165       -111.15966675842077      
rwgt819                  18.045385344679005       4.654630646573906        -0.8741969090028537      2.2125472846362246       2.5362402691382595       1.0623188805287902       0.3538732488159233       1.7372251421805407       8.50207480667363         6.076216395336294        -15.943027402230708      16.980356748378348       -43.89477726618545       -52.312573536360794      -35.70879344799826       1.9123906213061304       -0.04923001811380953     0.39153460321384437      64.90993148958017        176.25313307894356       -23.707091573958223      -57.88818968587546       -3.0593273400147893      117.76488733349049       -38.39414231783252       -45.59976775498723       65.64725265960018        -45.34912538370256       -63.09461363417047       -102.2519081250323       175.70897093738012       -175.7620160240738       -42.6848090040441        45.16145492452847        -4.630773894243276       35.35468542445619        -164.75733333983635      
rwgt820                  -147.80583884629357      -2.7670336601690124      -0.0024047000414337827   0.44550700431704593      5.410936847889671        1.5084859660649008       0.03631774920225761      -0.6903506159850501      8.457337811389912        -3.02666804199971        -2.250400199949926       18.856427886695514       39.72742127311071        11.641685366473595       1.8002374426390588       0.5679806498571187       0.1715249477474569       -0.5774629212581658      -85.95860811295593       107.56849668061909       -7.234391942145521       -15.241287048968957      -108.76952606592616      -51.13951532755593       -118.00773747598035      159.47187751690325       9.645297170662388        -179.60540031964973      78.64266351331293        132.7619744726111        -26.370143251641252      -86.36680395931701       -30.991492691679696      -69.61311671790816       57.632888214592725       154.24234118828747       -150.56407087383798      
rwgt821                  -165.41347471981814      3.2845529962025415       -0.5484159242034009      2.638753412942827        1.9149198379980348       -0.21230071524550054     0.16095568150288297      7.044744742189557        10.735050747067465       -0.1899736012305384      -11.33968500904371       -4.209511584922154       -19.13912075234356       38.11986585920715        -10.762484824986402      -1.099541601247112       -0.1304081075462011      -0.3138139052370351      101.41612327829853       -5.226559332495384       133.56795421691714       70.58785424243482        -111.39934531284669      -66.2503955172707        -81.29571995024754       49.605350082473876       -58.300419868199285      -167.55717025866917      5.8641312335462885       167.4406171127937        -55.804571019558196      90.90766624470865        -53.03523978688767       124.93234420995111       -34.31477963473594       91.72244103022649        38.616099754740816       
rwgt822                  13.780298740590808       -2.0863163862867307      -1.0356527064773364      0.622927807507387        -2.334128072431268       -1.4676050302239654      -0.2915601889837962      -7.399130891884262       1.1240758889993145       4.606342453853403        6.718677934142967        4.1560562090070015       -7.161491106895916       -10.18143433136374       -5.12496098270325        -1.5822047036877782      0.13802158728733072      0.0459984563566227       -10.640704070483395      38.51544375548909        -173.2329883376581       -114.53595157063911      73.23921948087059        100.4281937228053        -83.10274759068137       118.74809851243322       95.56977025999225        -99.83120341557205       24.30759732669611        -158.59109262532616      160.06411780010933       117.86348374970271       -142.20873158160117      153.6085745462163        -39.35881085048098       -175.36513644992976      4.7171772921095965       
rwgt823                  46.366456674563835       0.7425431549925863       -1.0117448418938522      1.3778950074043372       2.1612302090168285       1.9969266928935103       0.18080916362202304      -4.836501313514732       9.358297379873385        -5.945999722140035       -0.09564337860727079     -19.80248786039266       -10.014547911227126      -3.447486578864833       -17.303243319764483      3.959527221028665        0.15785449231013454      -0.506987413836266       -179.04570609389322      -9.460900331595269       -22.2867588625289        157.48046355822697       154.2078237650408        56.89840760875441        -9.003096676402038       106.45761822337818       25.432217107676422       179.21023183667182       -151.69468057646372      79.67355933929002        -38.71644418324922       107.4575810864419        -80.27304675097116       68.7427676416903         -34.05839296631174       -45.360394001488345      44.82871811368318        
rwgt824                  -154.75064894205983      5.387300561985765        1.4123233103188813       -2.712842097545047       -0.2015814462911898      -0.0911242813089368      0.7689502693407826       -3.8892998190250867      14.003359530105485       1.1934952613731555       -0.9357097557569674      -5.1006617241013466      -33.17133926787636       34.82871907340292        -16.520236640055455      -4.704717995499328       0.09745339677908565      0.5774376449348425       79.72486929708452        114.57085888554508       101.4102635752289        160.6012269580795        -38.78499174031069       26.433944285691098       11.48481583594139        85.54842882475742        57.55585524581193        46.69607428883677        158.66095260734397       -31.440208282231822      -79.77587221174363       -163.67580955677613      28.07986607635874        81.55565895882495        114.78895034709836       29.47199570580017        127.9809427373612        
rwgt825                  -110.29126538792764      0.7883664915587003       1.3253534777820646       -1.8505802839513754      -2.0066637008955164      0.7578450902695346       -0.5204238938558332      -7.140248081108744       -9.877635922425096       0.76266554053222         -4.410711600428012       2.6040128517701646       13.431040299197718       27.09317554482321        -17.967294462406258      -3.3583332699097195      0.07684886037504879      0.2042018989991008       -141.47059160584473      52.285311896481915       172.58003940804304       134.29194025832692       -98.28636302160955       -10.054416762617535      22.205347272149794       75.50504859892712        42.38426022951123        50.56701389197775        4.160225846692555        58.91959484658324        -137.0072780316686       33.26645423235436        65.22576172259852        -69.22265025974318       48.71067557304778        -1.550816296361262       11.868550238013768       
rwgt826                  46.136415227581494       -3.931539091673121       0.770891056912965        2.884850620506212        -1.340384383866068       1.783250574218528        0.21213322153213365      -6.916682632276819       -6.413886780642889       3.1913217321820806       8.928442889135418        -8.748266668007073       -41.83478750584857       -33.257535247475104      12.851658809661771       2.3827541652358084       0.0011303414723501937    0.607715355119192        -51.11885897208984       106.78977645720687       -173.8900807650647       36.94464884558195        91.39243570582647        -102.21061826461988      -105.77106123851554      -63.2127089270069        123.41420499428665       -43.200744700459325      122.61355802507632       12.173307959258153       -72.21469999927561       -169.49623190882988      151.01759634467084       -176.50478328359978      -176.880572396723        -6.802492405127481       25.562268645347444       
rwgt827                  41.00617987745346        0.447672668621796        -0.841176887574562       -0.47295922932198176     -1.6835219407025495      0.9164231775775988       0.20808805513690087      3.9504000087465547       3.237001923620358        -1.8796618101808464      -2.411200315000867       12.687833412808459       34.14682288809692        41.91490860730359        26.235076622442875       3.8583561394686043       0.1771598067095425       -0.010223034880141757    -35.22624862213962       114.50376429611998       171.97204823399          -118.31425207071163      53.29266433172768        148.79841491056976       120.566661644987         36.195672824693986       114.26293509613402       -144.69806850466773      147.3622352185613        152.34178622326533       81.73444860539172        -89.46034438839398       173.51845177024381       -78.75293232783068       105.90069069113508       92.20198352363786        -147.33684901283507      
rwgt828                  109.70365212184566       7.05869173570387         0.4434267055565657       -2.27618190214113        0.3846427973612556       -0.5826023805802827      0.4581337500858511       -4.184906839826599       -9.057477163956193       -0.22167804243785572     8.939122556494759        0.9430920514044452       -12.50776553303773       -40.6600633598362        10.456284387019636       -1.1234954158879003      -0.09332875087026662     -0.2913133738707892      33.09878494142657        29.234156449812446       101.17324193968341       -141.97671228330668      -22.169170336541697      147.30566797266493       -117.92553624408495      -163.36470412273005      -9.580142978306014       -139.53348826871178      105.96678457955898       -66.17358635396184       117.41464019208922       87.1105267375736         123.02992472893095       117.26658561147809       152.48213655900332       134.13053561955627       -52.85511537179546       
rwgt829                  119.95694558473099       -2.7871522575291756      -0.10525367132613317     -2.152151253763032       3.467654622997145        -0.3192772774058874      0.5364572793517972       2.0066904199684403       13.342230980285208       2.850970448377417        15.4867788530875         -18.969918209393374      -20.81549105305539       38.8580219357833         -35.899479994834934      -3.2648611834998764      -0.002853973066901605    0.5319521651640672       -67.93981413806915       30.104477099051195       -176.27050007373808      -63.05192100800805       36.84932259157378        -104.02231244813342      -137.07705417038935      74.89762162558605        75.09970337925529        174.78218840453343       133.55450616179246       -126.05050636612687      61.063992891079636       -79.78284624959221       -120.08980054371743      -176.69239601421944      -34.351531473849946      -173.64713949996244      -7.31237375050344        
rwgt830                  170.9946590705258        -1.5499109978580332      -0.3374833555766863      0.8797562077014671       -2.2979551489475663      0.35890733554470655      0.8055570602959323       6.655269032049465        -2.0130502458399953      -2.3139329785560863      0.05619089361989538      -13.149523372382351      -20.425686771862544      -23.273089266296658      -33.586697790435515      4.325471041370996        -0.009032269627855055    -0.24074654309045762     -160.34773383841684      163.67734780955203       6.932462745642937        147.79982032685757       -68.04865478423459       -117.71741866112816      116.58920435560992       31.55015354090773        -168.77203214170976      -156.6404551674492       134.58943421277002       -150.5497764110627       44.67974756398405        134.0180445627202        158.8133578344822        37.198366411311724       6.387006076939429        -177.36566941549165      -102.53590065535664      
rwgt831                  89.3441185404468         5.619875453740323        -0.2760056316026389      2.9096408832956113       3.6540616513075648       1.0328124862322254       0.39392581290746054      0.2272686839012481       -10.239752016246715      0.6496487918008524       -5.457503472820381       3.734750420499349        -22.9917081285604        -34.21217023088198       23.163144817183777       0.9039487533132124       0.017397478289647744     -0.12169293958587268     -155.6401760830012       112.31343960781379       95.5815338327202         -7.930529271659282       -51.418759396904846      58.06425400373578        159.75349525850623       -101.32206145208282      -122.1766059012933       -64.66007988517421       34.58028694057421        16.031604702620086       33.91185563468332        160.64759276000922       -112.30032114970687      171.76944281986647       -88.1946982822103        117.06367679591659       123.99230359369187       
rwgt832                  111.10479712497164       -4.86378587718494        0.42031245884105184      2.9735560276515836       0.13612868385203214      0.6446291292263298       -0.019976854408475853    -4.750920444923161       -13.517875584925877      1.7902792338921802       -9.16853466033424        -17.616399874733098      -25.010319118209907      10.655152358766536       34.36252148488637        -0.05987174706747744     0.11457821976796306      0.5806135729475305       -15.893961799822023      -99.34296263630375       -89.23101891325533       26.252522882149492       36.80955917882562        -41.76551759284186       149.71356353159445       134.1402772128734        117.75203685072876       57.49041991681452        -110.34936845720368      133.39355869756662       77.8316334316699         -166.03302899018004      -35.88869551258111       -121.87962671515172      -98.03080920296037       54.5001851388605         13.613726061169587       
rwgt833                  -178.82539781525432      -0.11533573871124236     0.5148397598650991       0.9200952170095649       0.07355024121693354      0.8154885758520534       -0.80208736997058        -4.249474463028493       -13.259501754267047      1.037120120738388        2.994500517032936        -4.309754503911243       -18.425452069887015      -50.90157546537949       33.36999649398672        2.666832747397894        -0.15194978750040433     -0.20250351697867153     164.4638591953791        -91.50887027818528       30.992371109954917       41.543278118801396       -159.65467305184117      -98.3755264580077        72.22570300067153        -135.21723517883547      -11.116494525066827      -150.74883866700736      -156.86845389315062      131.52617160574619       147.79492871175177       -172.7504882852435       -163.77386650004522      154.45018737582257       4.018325758083137        39.64628423226674        96.21489340191556        
rwgt834                  -156.97365653227732      3.5573288069608457       1.1016765914900846       0.8929916671412581       3.046538241296007        -2.1033720517450236      0.709604001776549        -5.751440701011248       -11.775051363131478      -1.914980220054919       -2.757506076432289       0.8437994947847365       -13.97722246869077       46.948627166584316       2.3251763032295543       -0.3967831733356473      0.10928455614672106      0.6135418890480556       116.7873507740419        -69.90583203492716       103.5843710210629        -59.93073209712345       69.68167711561023        -42.490427543228435      32.67495515698468        -112.93566031484457      84.85061979130387        144.5987550864166        114.53880038729483       -49.95724308333541       78.22164820687891        -97.45924797857163       -155.66677668113334      27.054156003916177       -150.02317334063954      145.36454852255906       104.64447923382897       
rwgt835                  96.73262308049539        2.802254974639564        0.13147170611661974      -2.959967032015631       -3.0991866370928385      1.7026177897347115       0.7687348554227391       -6.2086892065358406      -9.385480209243607       1.7373647141998703       -1.3397573262138422      3.176082354713614        -38.399137168068705      -31.079354797935487      -32.87121273984241       -4.4034410253752245      0.027526830363761856     -0.039492904639351734    -95.1920536344004        -166.05293513921018      45.91669908370861        145.72983554695162       50.55964194100969        128.10717902911807       13.71377000883058        164.5913191722114        -4.24491156759467        93.70368972122401        -89.80087035762519       69.55089877328615        -124.18214484838049      125.36212591141293       -76.22710969425015       -157.41797253935698      54.454599147323734       47.95491479680061        106.5808813932046        
rwgt836                  -52.90487055058121       2.7110081108447437       1.2736143853406328       2.295640827476733        0.29320824894535846      -1.7286655691666735      0.3422929493507054       -6.863530174662954       10.095312656040896       -2.8117622451463604      -13.621815801231076      -18.39528009643952       -28.631508175433602      -22.321452744245455      -28.2387144518784        -3.9801617582977706      -0.015924853894915464    0.5671425516809537       -117.80375399468038      -120.4419073408747       37.01873133956721        32.21660824939451        172.57227070825513       -144.61340853114118      -166.077211290304        10.056165250694391       -169.82616732350206      128.57020000981026       52.58849239751001        -149.0322736760299       -73.20860600588198       49.23597908500355        161.28478712536804       177.66716620480707       20.94607473421766        -56.76287580720256       109.10610231468183       
rwgt837                  -134.03259511513176      1.6762369778591077       -0.9204428810266377      0.9396789536591585       -5.201494407435675       0.5325116838049908       0.2224547811687605       -2.9483191284931047      -7.916376171665938       -5.168180499234709       10.376099796335208       -12.734906217759102      -40.39031514861722       -19.84960833974023       -20.657482285791517      -1.8314606985793382      0.17865024947292324      0.11495371651177733      17.397638382286402       147.27493204597278       -74.90719599146733       109.1490681824755        -152.75402987453015      -85.61944542422866       -55.4650929450316        79.12953144785303        100.14832976365545       -50.58234155186895       -87.12110053873542       136.2786803213176        117.9036121484337        -61.26355926522467       -92.99013476257291       87.9249684036833         60.31011955323882        -21.443607807689176      -71.19240568209096       
rwgt838                  65.69962939166041        7.098327274276726        0.2915946274836736       2.3730802244618703       0.6102703958383504       -0.2816389011173921      -0.693419313225086       -4.35962628678954        -2.57942041285302        -0.8949579043500568      -5.669235223726657       3.17636997305344         -4.536865971102273       47.168067371045254       -20.562760178486048      -2.8178664765982866      0.10777541940723567      -0.2696399710915445      -3.1420557861979717      106.89718824390337       -36.755723412262114      -113.87075477276586      67.37189688520652        -132.14771329571502      7.454837541048903        177.84043643009574       17.50648501903663        93.61270368909499        44.13035351868703        105.9737334737963        -144.06568574540387      -142.57475479809852      35.938798098128046       145.95579550041606       -140.0628000108794       -169.36942419614797      37.67766792917297        
rwgt839                  -138.4763448238017       -1.2458771959537946      -0.7181808869021096      -2.9826107697861284      -0.6131441838583456      1.7918056978346075       -0.6467514201204696      -2.2007292548900743      7.3326759649914734       1.1588079002870817       -2.5119681131779874      16.6932325351193         -33.547635767298814      -11.19479610135123       30.223519348426734       -1.7672411436397346      0.0672740682381647       0.23548946690009176      -174.85035202664167      -172.67802190939307      -177.60672221224235      -113.57852020198668      -8.05915400958122        -139.50942652316954      -97.21128100475279       157.73177679886385       -22.813166260695823      70.624376573528          145.9746003835324        175.85760813629662       121.3286993852646        95.74310307875021        -3.823466004448022       -69.07332824568078       25.696093391066626       -12.309562877761095      -12.234903265364409      
rwgt840                  -141.43826877972572      4.104703384610896        -0.28226903889240607     -2.1218074329362944      -5.025623802045356       0.7452574245297461       0.24805079279573983      2.290089280938788        -10.50899716655845       -1.98592168491166        18.11916402600537        8.0211480873023          -23.641478628166332      -47.12370207514906       12.769475113253002       0.8991274185636939       -0.08578368825304847     0.4102383214657138       50.2693654915995         -34.852122927184496      107.52500633173611       51.06853932449664        -117.23657386770068      -82.68801644176246       -61.82722982874053       85.68190280011072        2.82287330237844         -106.05482989543184      159.2459220851399        -120.7137859719859       142.80709275931986       94.70417470329102        -85.50725804088464       105.14620504301269       83.6337179278243         -12.494079350871147      -153.06974028145981      
rwgt841                  86.28545549058344        -2.9813954323157583      -0.8701009591929503      -2.0221516489575078      5.837572218953278        -0.5399552530693936      -0.5110979194629696      5.375772503156212        -13.761136411848556      3.941624064053455        3.424136806912415        -3.175644704925112       -1.5702110237058093      2.8132271361402985       -3.460585055314759       1.2783151958373447       0.0079891878894216       0.33000890897569735      -10.173812031952934      94.21336746514896        -95.70742647340441       -134.0890148332589       -22.476052301059696      -72.8214790919243        7.199123324988022        167.42934552805974       58.29015736255124        -122.24727741984009      -125.13589637589803      -151.22434215487405      -21.439218749528322      102.73112451343599       -174.60646725751738      13.52849156947238        -30.19454353159054       81.65130033163496        -15.490574772309316      
rwgt842                  -27.940213938145035      3.6677300714083048       0.8715254005579294       -2.475039623527853       -0.329167558477204       0.21276219020385323      -0.7416008034356092      -6.0926741002681775      2.171476895550473        6.297849747225364        12.10900315377837        -16.857530298560995      -5.134545297924085       -34.30245854860925       13.148928543408076       -3.8669154070468443      0.00948087368080941      -0.4354810956228832      107.65916933362143       -83.62683450104096       120.52677265585066       -148.93909694870322      78.01269303693323        -75.51420883392038       19.42729765932441        161.8971123721666        149.4277848018807        2.3376860624260303       10.591811923567093       -14.170022714941979      103.81450078044799       59.640185716761124       27.470556723498134       97.48882350016845        -21.986900186263284      -27.08248309010264       -170.63053350416325      
rwgt843                  -101.656515238054        3.6328083618415485       0.7873631071214551       0.9046090548711954       -3.8538464744487437      -0.9037668491328685      0.1349186018034606       3.4632763366453085       -7.364230983901264       0.7859541159504664       6.918808099161367        -17.108956522038504      22.615675751253733       33.33314215842121        7.2263054373025355       -0.2085146747013864      0.01631493916034063      0.4974284072637848       69.00683331595388        -179.75902857348143      118.4184752377879        -67.52006072173413       -51.998415026440625      70.20762724438131        -126.85083567596647      -19.67909413634945       -140.56069993933542      -11.248929577916016      126.81886749546555       -63.45260097281901       -112.84104343790595      -127.0444108082558       -84.05706141291878       87.28048910028662        2.3811787824943735       109.09608397610668       -36.70171737465472       
rwgt844                  -126.30476938259618      5.988296186331566        0.0541280223158489       -0.7221113400890702      -0.12027177010071188     -1.8870539515685985      0.6380653688972073       -1.4944013225501358      -7.512787228874218       4.574528876365241        17.91735157947312        13.294609736011033       19.42164863349433        21.695308150745305       21.858068437395353       -2.406056418014337       -0.0021754480253982356   0.22347736405613572      -108.52749531977703      14.059102692211383       55.90679470592886        148.9174626661909        -160.97851602702184      -113.04133520911141      125.65382208347148       38.203294626673966       -31.176676194544427      63.892171215416          -94.76522031088038       23.400483762592728       -105.77507067103177      -72.53539565284481       -111.35616339706262      20.01812388253532        106.16511607691996       -14.419373106259258      -76.71616209016196       
rwgt845                  -13.04351065214334       6.805120954953508        -0.7841664666860275      0.5719657115313801       -6.208415996918536       -0.9053060667872732      -0.0602673884218905      0.987794104913184        1.9001323090907043       0.7734175789440254       -0.557293564142352       17.82356658682076        27.661268468001765       10.373533022817341       16.60796591347868        0.47507059823765907      0.018311771624187873     -0.4372815220855035      -9.295389805323566       -169.5133781018261       128.77162088016303       -150.6361805408966       -119.77867748920997      131.65658589053572       -165.3234090667377       48.590613414444704       41.09111572518265        -148.39040924280522      80.64444975152662        27.07108511195969        58.65970868323234        -109.4350901436343       166.9538746114664        74.01510457446045        -106.9522133880712       -101.51953514229001      109.22906082932019       
rwgt846                  -41.63856973026844       0.18095335046311423      -0.4385974801372019      1.5506753189509253       4.971221508961678        -2.0890726210877144      0.037276511006589574     5.753221312766283        -13.70921367305856       -1.2602886652239063      -0.6791680661429567      4.188230595540627        22.5315864184236         -37.167776253149626      -28.15974333821143       -4.111883556316551       0.057153867800040836     -0.150510693445775       -37.48999289950149       176.33932308846573       144.1941944408901        -82.35453203682482       -138.16344019655654      151.30684112499142       -28.02833446289469       7.808447109769759        -109.67324441661509      -168.00190808541572      92.00476207715661        11.368940766961373       -119.71257689057958      121.3815694080102        97.46691962159895        85.91104388236334        1.7545429724033          1.9883128439169582       84.6741198220214         
rwgt847                  86.2092733732855         -3.028613593546825       0.26417862765695954      0.3600209079041381       -2.2193433905845685      -0.7517812084473003      0.38296401972910976      7.133680458073367        -2.1311069582549553      0.2994564150560093       -8.209609887534011       -6.281773759074754       -21.654782451846586      -26.141900917163         -32.82309838844058       1.8472732724005851       -0.02341434290557018     -0.39319897825755157     -68.30470851185206       63.16279248987183        -108.68528736365026      110.2036090859113        178.7279882132924        69.18969567528842        -1.3910810368315936      -42.66162027244354       -11.62696902960056       41.062869903254864       100.78756248774374       94.13567513094739        100.28987847892313       -135.6749673695728       146.24905198173565       141.17697197849236       -48.77708704095292       -92.93307852557432       -69.21441167978078       
rwgt848                  53.1016381880344         -4.464775216831665       -0.20914097012950394     -0.33611101686734113     3.4417197423040324       -0.35136971697385033     0.11005718866591363      6.817552764710427        0.7437007139708225       -5.719256371136275       15.765347664880863       -1.291122172106057       1.0261075992894533       26.34828164626873        -2.6486022165163305      -0.046552126944461314    0.0145550385129182       0.41184006607501533      -106.75637923390826      -149.16168806961008      148.4596586414454        13.75965259605664        -122.19189200978686      -80.90369098703167       67.13646635154473        79.07893465173282        -79.27483780527822       156.55038721031798       -107.46604906220445      -111.92324089758014      -44.74688106875817       -169.58200514345504      93.18493412354513        -17.61682154258085       97.55870375849338        28.079846206820406       158.49659391615165       
rwgt849                  142.79165450001983       1.574139610384294        1.449328948331291        -0.36085379811376184     -3.8076232796211835      -1.0294259552818237      -0.15274236160218835     2.962594984175751        -7.566728595645853       -3.3816814998706506      14.198188313137564       16.218144695953832       19.176948240877316       46.199660018840376       37.93289179641742        4.288662574274953        -0.10591144458524065     0.13570651198097117      -103.00038191197784      94.37577827853352        66.37428277180092        105.6869160409567        8.162443225264639        -111.69198054149126      -6.9466414923894035      -133.78800494630707      77.98570477718908        -139.58332762773423      -67.97622773125578       -173.888758674988        53.48000815986191        -110.71561168243237      -109.20636808846994      177.12235284622926       148.98789983086584       144.24127984941214       173.37311146622142       
rwgt850                  -94.93660242840888       -6.351057294086871       -1.2766531446075473      -0.5729073394164188      5.173650102415952        0.5005010994853216       -0.07320859581692896     -6.948567067504676       -14.51388797858486       2.311011572691495        15.679202919398264       7.23280558995506         43.94512139173469        -36.815289719928245      -29.81141346733849       -2.8389458630947066      0.09375395730744396      -0.34642201125919914     -112.43868048620162      43.639289666485666       99.2504412928638         44.10327233898181        31.423712641743748       168.17806740832236       9.840594282142092        -128.7879504970708       164.17110983819288       -27.460408330945285      -73.87708129789219       52.939000549068794       40.44038600213452        101.39660203879407       -86.31059585299894       -143.78370443319216      138.84304573256497       47.84829149443058        -86.15496383210811       
rwgt851                  72.59730838143597        -5.865363136990348       -1.1855425050034163      -1.456168316565917       -6.189719011911245       -0.11814621206724008     -0.27424406845192284     -5.264172566705968       -4.154628573960222       3.4167403380536996       7.990590783869187        9.545704019908179        -37.056663069064086      -50.87545535864411       -11.117113693373181      -4.681434932066935       0.16280488204481053      -0.08748321281344551     -132.38501487602775      26.781674932267066       -85.431691435287         103.63469316936391       -23.241106753687234      -5.048605740582417       6.3682526343340555       115.78454611032805       -57.932657972969054      15.069710240433835       18.96164909319174        -85.52080706092252       172.26470071853987       68.94625500667877        -77.60884530316353       -29.83068845257344       -6.4509207799046635      100.62509144191483       -93.04483890225099       
rwgt852                  -62.93875748117139       2.381204973148235        -0.5864152686185108      2.2498806636587254       -6.819477124373561       -0.8283643997473493      -0.13657834446303185     5.085001348390864        -5.12934416911993        -0.5659507473579284      13.65944290501109        -11.486915013555226      20.058018793363146       -16.15214033257272       35.83414802680471        2.832212711682092        0.1752663588170939       -0.06252683491898725     158.4404365604621        173.89990553803818       0.5454365618477937       135.51142785994614       30.662706377844756       67.31083976643603        63.90519522742301        125.80786138511007       92.53204179053654        95.72290835944904        -108.99013544036919      67.15451769879871        146.9200170734985        107.83144997144626       115.12141385586779       -53.427645979299626      -92.11445162238239       -149.12287488193724      -94.0200209080789        
rwgt853                  -121.24005106000017      -3.281787857034465       0.3602905351203609       0.6302703935336402       2.7627989662839347       0.060965999487195166     0.48030195913473195      5.0636870263777825       -7.221054808032075       3.759346406081926        15.450815609981305       -8.002194568079702       26.469536320088906       24.911840449908837       -4.151220624984539       1.3639992420270195       -0.030606815070900795    0.2831946912861807       -26.954659793823453      75.78988247172299        -7.132203222666789       132.66345864478268       29.08675098291951        14.82210605045887        -44.690126698681155      -0.008384389232418243    44.13273377756289        -109.59259289095978      -68.33267565799149       -62.98738803383304       -55.55387171250848       -43.74537581663367       -41.371817464415216      128.2910406372299        56.31862856645657        -121.78852628268469      108.44006152903859       
rwgt854                  178.91183697930575       2.0325264828551584       0.838535643662685        -2.468408537002972       3.5067104058610514       -2.0938773064976877      -0.8030508676544122      4.071877680666993        10.447559607249197       -0.1395353043828731      -18.15378015679429       -18.93245123416108       -8.143060549833251       -10.222472515190915      4.92797866363162         -2.5967072474327537      0.17444668729716872      -0.30178209095542646     62.68364158254283        -67.02930947679918       9.54547729961908         3.7769265045153873       164.42531027727665       -32.37015292517111       69.81494789650102        -155.1809595122158       172.72566533264637       -54.289359153296004      122.5993759063009        -42.24446510571647       22.92077991401652        -63.083175670887314      -34.84994280708548       108.09596237534396       -150.2997071842837       -129.26385099619105      85.90569338804886        
rwgt855                  -178.98447511293753      6.6032660838873865       1.3828004462868566       2.6442065434202435       -0.519706155549212       -1.6902669631039051      -0.49196596909953016     5.818368817446571        12.33541723975581        -5.754506714972091       15.74028630605558        16.43787740544058        -21.10069949178232       -52.56803728540207       -28.79147253960884       -1.1238511338942936      0.04538667741865754      0.4539970399969714       -84.17609326521873       -11.274324274280218      47.6615926255385         15.923222507044613       -88.06021309588006       -21.589839369758124      -50.778374266824926      81.82801159086193        161.14684830935414       168.6714797214056        111.52583449632095       -52.51670714425747       -37.28646523464607       58.436141476096225       104.04091194997852       -36.383701894686794      -162.95056774998653      -144.3199314246411       63.329636043422454       
rwgt856                  -88.82549108090548       -5.771851566702941       -1.3287454257638391      1.7696411766072195       1.324817486399768        -1.7891901661267384      0.3873259110306342       -0.10608119790691273     11.592632854401064       6.0319668098298145       -13.227064058651226      -5.813294516414743       24.58726480395677        7.383679997107983        -18.844461393415273      2.201959306996927        -0.11624475542533895     -0.5486455945114478      -101.37830422081946      179.00587685996328       -41.62096680442875       101.01564859232536       172.13611391938377       124.88542552618901       151.0446080252491        69.35285880406516        -65.10748547761563       -117.58755495429807      -20.474828956936165      -33.098608020061135      170.19887505175097       164.75046542827096       26.271904075839984       -37.612668302272965      87.45701708870604        157.29701166705524       74.15814906640648        
rwgt857                  -90.25934609197458       0.7412608027992738       -0.7613701789151658      -1.1371797254095357      3.4622624826540953       -1.5435484948515943      -0.7130786694966018      -4.493537367503214       -8.92513049902448        -4.495171037961053       -3.749726358766617       7.75564888949771         5.836275473505324        -1.7627019602084175      1.2316645870057172       -4.267357262305507       -0.17740512168272177     -0.18855671560699716     -99.09540961037197       -120.22804006935283      62.997567257011156       -158.8302027309389       124.53028872314275       22.26423691068473        -11.215613648227134      -111.15469044224827      149.35333523975368       -57.42518844036381       109.27438364070184       67.04346509464108        -90.11829896331515       14.108060289077656       -31.413526564201987      179.43698741130464       -88.58357391679836       74.16655652910464        99.4601196539798         
rwgt858                  -48.646187804201304      -3.695301368776714       -0.17584479114336138     2.4394036033527406       -5.0910297282637975      -1.7104861027267153      0.2744580702706425       7.627315665627747        0.9701906531705689       0.8665226736679852       0.6426848055490169       14.150693543692412       -12.44308859522156       -1.1838521624649943      -5.2849449702640925      0.08277072411414466      0.0638646247926756       0.15861461427636503      137.17700186917233       -28.79593011046191       -157.78689891397073      84.49408831928696        45.347972751321805       4.75524082667323         139.06010460528887       17.348128903986662       -60.64821907504901       -82.95247506429025       -57.372206142917776      -151.91106782897333      -143.7264242576098       32.88159220954563        175.59440392104614       -60.23221417346207       -125.6804680663742       -165.18975339050283      -79.10296968543717       
rwgt859                  -125.16035169730328      7.376657536301404        -1.4086256752783652      -2.75136545449281        6.314818691518674        -0.5533410322925452      0.020041076789568457     3.1731450077677676       5.680581561250516        2.252684088947108        0.7256420804408421       -3.584139928056292       -28.1018080834839        15.696628203641907       -33.049285818634246      -2.246778789750347       0.08056034546998586      0.5311306444046272       76.9947408088002         12.276491432106326       149.75103613473846       158.9403756926194        -24.20778956933222       103.74736098634577       168.2379240799276        15.644299703210095       134.39439668586039       5.88371450196334         79.59183324373481        87.29590913814548        -19.957867287139436      -26.64596372409048       -163.1745753861526       46.585429947959454       50.38939005025418        177.34993857759645       -2.81369834162453        
rwgt860                  -135.80161809595003      2.553792294897762        -0.03180849336477021     -2.488114203877535       4.02844310680768         -0.5303156259242015      -0.05116775041187316     1.1956258906098478       -5.528230392274281       -4.085512659033917       2.1940898783108302       -18.48721419727658       -0.3759341378324592      24.038131158652092       -19.653711513570137      0.41592363433241175      -0.1470953170122742      0.06133231744594092      90.02111148073169        -0.7993771191068504      -37.872558053440315      6.685642842718977        -111.56416705274383      -55.56475431595784       115.18005416585368       -0.15178974608636508     82.19243725214477        -76.76745738146019       -149.01099364733415      -96.05205154707325       20.066101352907907       118.32851829533615       154.47674426531069       19.169891368532546       -26.406213258198477      141.82272345167127       161.43454272124427       
rwgt861                  164.98917681939736       3.1291612798611643       0.7159856318655418       -1.7575487400582257      -4.256404308696617       -1.493695997695275       0.06842723401800255      -6.3893227929037755      -3.6420887352656663      -0.6549418101128328      4.518719051029329        -4.509912544266358       20.908058133812318       8.21397390769824         -38.199337511487585      -3.3330071274097635      -0.16884918105162677     -0.3890245290620349      -90.44272330045918       -141.77592543804087      5.387175704262859        -137.44688849054816      -162.93942151646033      -41.283812738982306      -116.59364759258408      13.832019502291843       67.01613225968151        36.01628292383771        -132.519273368904        -123.65085225251028      -90.71744923925762       -20.321563761578858      114.32837403968392       23.61743155086964        12.523839302743681       -131.19168153928217      157.10918611695388       
rwgt862                  -60.830963433279024      0.9972376006109434       -1.4294368653994878      0.1185573173488117       -3.3330152673935345      -1.8819200722775216      -0.11006861180919902     -3.209245028118178       -8.182866604829368       -4.029989276424384       9.936085218065877        -0.680887830583643       -39.183321114469884      21.72725473666351        -2.7352027144986835      3.7447789157581237       -0.12277047912391835     -0.5430463074735826      6.673108739897913        -74.32829111990067       129.39253370497204       -143.66946069461244      80.5090690687573         -12.476594864667334      89.0589277660522         8.879623476203193        16.664994636153978       -60.45718924150185       24.52032196317589        46.075016146584005       79.36225971229243        111.15890772733104       -89.92066195889262       173.18155862490227       67.61704486791766        79.51344674524267        -121.01702602871902      
rwgt863                  -26.473524078022876      5.264370655315635        -0.4075198823203734      -2.89696338091472        5.979187207811876        1.4050748304854026       -0.8002029979710725      -0.9131832032144933      4.939461860816685        2.160195646415037        5.4478488919384915       -6.86106062741478        -43.36231424335034       -21.770281893014285      -10.190775873723268      -4.0455486408397165      0.13993828582970164      -0.032360407322909124    99.67825681096548        106.6586144588615        21.50505094116309        -156.65689619053185      126.54999503374461       -9.267943015717321       -136.11896440987246      59.08928757388651        -95.73190930260338       -79.77384596632922       -114.49549011185738      -128.90134403019266      -64.85966462423046       107.70593928777873       89.01975527442642        -17.73893732783057       -129.25316928730902      -156.33342836833532      -130.8689686211024       
rwgt864                  51.53314282374811        -3.7496727004729826      0.9681685182720321       -1.947730506072354       -7.254125946022834       0.8714913328813538       -0.06635821811725084     -3.412786176037627       -0.9150673708267725      2.751553146200699        -4.851466121606723       4.591772594231884        -32.577985338172994      -23.8968937523392        -7.203072496592771       3.0620064227896586       -0.14135337264437028     -0.04826538045956341     54.915420778670466       69.87683496035129        -37.63296562508094       94.50796082085651        -1.8582081215566575      161.0438977085264        -10.192527286084271      -91.1970345961464        -155.64242019319326      -174.82566009668446      -130.56276918435415      -58.94856432214482       169.7996968868623        45.39843379202583        154.0693946254073        107.33037780696253       105.26134039726116       -20.9228922581554        130.9614651315706        
rwgt865                  56.47449947766202        -0.23039568134248878     -0.11730440228176842     0.20441915144766032      6.416677676608922        1.317863486617632        0.7412610583281869       -3.107609492644113       11.802539315448232       3.240626558702548        -13.803864432243126      18.693479692945594       -5.092355497653237       37.678596992192624       -24.153272260425112      3.5569739626282075       0.07681786512034366      0.4416004603358433       -142.040984056693        145.3339143964642        33.937791445101055       41.94643986254496        103.0070399927281        22.6597894106184         163.47383544401458       -120.94645534780639      -40.23071956698075       -146.54027628072683      67.60821453021666        -78.48059123886063       -117.40239496289945      -89.49014330062722       71.35651926248553        -165.66469642864755      -39.0960853488335        -112.34395197893541      176.10332064919584       
rwgt866                  -22.78748156090566       -0.35382434232299786     -0.5673707340775203      0.6827378632584131       -7.288366541296947       1.131817683127443        0.24073572890087047      -2.2410714422903757      9.38596545163233         -2.371398957118018       -16.188088389250435      -4.298062894423561       -32.71358892189123       31.397080400420094       35.67356645874517        0.8760673084838642       -0.10311408330548509     0.09205692815285149      -29.30850273551181       -80.38659511645224       -96.62666765129921       17.356327836442233       -107.00721271067418      22.12037719351801        120.59494230535597       95.31756861222726        179.01788623487874       3.7805186205085874       115.64269911696101       118.62190817919793       -137.85664000546086      -45.927475875296494      173.09381473504965       20.90106048089592        -55.541091651146104      -88.73298473110918       83.21933368848056        
rwgt867                  -99.33890557990628       7.253033872772474        0.5527545656509891       3.129478305104181        7.329405950121497        -0.18049484829982032     -0.706626779940913       -7.2826455028920725      -13.229737490709566      -3.9014367462885455      -7.643699864842162       -6.079520713912643       -34.809065818843685      19.1141464422184         -3.660351053644831       0.07157178715457135      0.06090648442787466      0.11379556009630054      41.56013344397144        52.763297244026006       -10.83936954479779       -109.04553981787771      -96.8210385408207        -122.55290972815975      -117.36137745951515      5.386477959722043        122.10763632708142       135.63909687035118       -3.440277481027323       -132.03657716722597      -67.10013730323615       -22.819496409998436      -177.08112356208815      -68.4580178348476        130.58562563766253       135.95312397430337       89.17631717797298        
rwgt868                  124.62900066138246       -5.207857952781602       -0.9519381206439963      0.26324518151941456      3.245923385070421        1.5823391511765972       0.5603683822370535       3.0384209454606497       9.521633652988225        -1.7088842361217553      8.988997033253117        -8.010541153586159       -12.199434627751746      -9.647925416144794       -23.715918079737794      -4.294696563837238       -0.13429174989123432     0.15408574312983614      -20.23347085769757       -149.08429738945637      62.59376068187615        84.16345054683927        -112.51604551991962      -129.03315387755822      21.888738035675374       114.83957873361595       1.607381285160983        174.72187292942772       -152.05595370404671      -117.11362848913853      -77.2288034843563        -55.80374079438667       95.87482374463292        -74.62223523136169       31.72006548702356        67.41254239614767        -28.90164008837715       
rwgt869                  89.37268383463942        -4.801330035338292       -1.0233207246106177      -1.1811511886985746      -1.8227614048958163      -1.6231462082090387      -0.1466606888256995      5.230493943680545        10.641904816211909       -6.3037356044353725      10.840173656978575       -7.161375620075111       40.24212441088726        52.51246324838287        -20.356440344939323      -0.7116873768773155      0.12176454692861788      0.3047589644386668       121.57160661334365       -110.081610967065        53.31213063399045        49.25727709749037        2.1906718907958123       -171.29082138565445      91.8978167253004         0.6312078594074535       17.256983881453124       40.88327964423553        -22.417114160904788      67.93615622550544        -134.59607259098289      -85.60587953112696       -2.2522619974468228      104.85927319929175       -110.02950597497416      82.36053948716102        67.56672090059789        
rwgt870                  -94.87274428556408       6.632493648696578        1.06664083654296         2.1827728598464775       -2.7509964806243845      -1.1398676689545735      0.12801900261653942      -3.844491063556763       -1.4630530009763412      0.7974649350298506       -8.637853849821445       19.67557145285894        15.103931755353983       50.86574651389928        4.502666595254055        4.727580383887322        -0.1766787732820195      -0.21222699232247616     -19.158159141733876      29.549113332996768       -53.22696563848906       110.56672931985622       87.01659303593459        112.11051757383547       173.51681091786304       -54.54057601596172       -79.93491035992872       151.74114176709827       174.7811985049256        -73.51740650595067       90.45496239373784        6.606361895213098        -112.40878034551005      -124.53485183556806      48.89235586881634        -126.45618089284464      136.1034826257054        
rwgt871                  -99.85879613697259       5.780273079393097        -0.9856964030936799      0.8276799469333382       -5.425097721338039       -0.6564107142462963      -0.42373633015935297     2.723034857798514        -10.114226233417149      -4.261244293138185       -15.128031077140415      18.384263206422595       30.010211108342503       11.34762820661004        -35.6107834727778        3.6133956591367173       0.009503387191254514     0.3809631205817573       23.72608577778638        140.10687270109884       34.873486233001586       -130.01032657586424      -69.32623494147904       53.61153062214015        146.03192335072708       31.387383463373794       -175.83712178779032      174.69796704399926       -163.79788389608814      70.88447386961423        70.24024390845099        -171.81512503209726      -35.80417943382963       96.51589285558049        -63.256458104890044      58.07625159360214        -131.96504540802457      
rwgt872                  166.26372847632865       4.51829185232839         0.621881921837171        -2.759156863920225       0.20134522985722736      0.364881068900583        -0.4583994222139943      6.184993928646734        10.122445035230488       5.044314247398109        13.503164099236173       -16.858850674991324      6.309064254211144        -49.70258938860556       38.827677752913786       2.244019690667179        0.1617510301002908       0.11425938131735847      -48.70402265803878       109.41752836187726       -19.210261278702177      59.46462353742726        -71.83181894162695       -113.87061410453205      -72.48857053376118       -109.65385494688319      -41.11097910656511       120.8962192754147        39.31479047733927        92.12967272565862        90.44858913629082        153.2975592150829        94.00497363588988        -129.25919053655844      33.67945053078054        -24.689216431198986      -156.43883709667486      
rwgt873                  48.455131624507516       6.707678039215714        -0.6015315131302946      1.4924761749493447       2.3099193682905117       -0.8851958245912634      0.6063295790151051       -4.864713674084886       -6.769004432173034       5.224458491185054        5.87459759269144         -5.673758116646562       12.675187533779841       -34.74946722735727       26.21791388689371        -4.188445167763336       0.11271688690264936      0.48657123308642036      -104.76479859654037      -99.95811540694741       -59.627884261955685      0.5303410731910958       109.07887379164612       166.33706605881702       -28.2496389674171        -179.92357655109765      118.21581612636749       -175.9219934782582       -49.482473337966326      21.962589090673248       33.093762714063985       139.75074676102565       -89.57284854030857       -22.773946216544317      45.590230851752494       -102.7789600242872       -174.02330039533646      
rwgt874                  -159.0557957317516       -4.458415929988314       0.9492343383033937       1.0463608502666277       -4.800275003435773       0.5272275710851346       0.5012155171454169       -3.6494657961060613      -11.263713492490268      5.484238875310011        0.9156192877371083       -2.166809902359038       37.83234151698336        37.76387223271648        17.549046054678676       1.9191739371539756       -0.05569222808637221     0.38835811476184656      99.44153503802096        -149.62192467177658      -148.97498669481615      26.952706960065598       151.5444552913848        -177.65093105076497      161.24871385331073       -76.91691031880224       -107.95249601817639      153.65626023409425       135.64478946035297       59.66008199334718        -25.357475812958597      -137.43959850598827      175.06147729896355       144.99763715234621       151.92031654568518       -29.897174363208677      3.767624908654483        
rwgt875                  4.137121637921297        -5.52671782504936        -0.5849452140885562      2.0897631135106565       -7.551191193524407       -0.4479791375330846      0.5692218113520089       -4.91334864419753        -13.09567328178792       -4.925551798913789       -14.646925608808772      -10.400275094155548      -8.499187201450276       10.71414030042709        -36.607949526810785      4.483857978530626        -0.05556561666015744     -0.1907636650029521      150.12581733923054       -73.388642567878         -34.300418871198445      -4.197795713021776       -57.91704957160539       74.52550414361096        -37.27796830862587       -119.21843014266393      123.77542243029535       -150.7765700435474       69.50608409353796        -139.49008344192956      -111.28751374705658      100.16057694624169       -96.67308092843474       -15.851355634798693      6.466558196763771        125.22525660246862       -70.0182527086552        
rwgt876                  50.831953831076476       -2.6199332797800254      0.952251848589013        2.5675193608400972       -6.9489500726325995      -1.5818718192917598      0.5845848769450601       -7.060739260870591       -10.244859543941754      -5.137275407755169       3.4385765933951653       -3.3188617747728912      -35.99483741863138       -9.272677444549913       9.146127557205254        -0.4776650358317145      -0.02468091597518815     -0.49948466349848664     -2.8333946746488152      89.81911819759011        151.30596908040133       -7.152979917891855       -11.270482184965488      123.50987534298702       -86.86312531487755       -165.79401476366644      154.210589457842         174.12683629808367       116.66171487625377       164.01338303455088       4.0080940352324035       -98.88157422224403       -143.36013186346253      156.5458636220053        5.055198064607765        -67.26056812199775       -176.3480658463829       
rwgt877                  29.996225271925425       3.8756410340128644       -1.0340124661759296      2.12451088004301         6.202900451350445        -1.8222723162791834      -0.7303396970767735      -0.10597424510585363     -6.45800017945456        -3.668007975823886       8.699910057994781        1.6470123794466112       0.5174833172804512       19.11055366829612        -25.818440284758395      4.4768035105254          0.07073927770136673      -0.19660151646203616     -153.54581660909184      29.134110609717197       -129.96487599284265      -170.42484207994946      67.04262461406961        137.83946676819448       -44.26941986185736       104.98850983385103       49.72573115025179        133.23945343140764       -16.334378341132037      31.55157360404064        -107.31816593964409      -173.48184358238063      -103.20841441619336      -75.6246550571962        116.05084944947185       98.51628015102534        -108.61412824562233      
rwgt878                  -114.51489092626217      3.6594569404423423       -0.9158366669230343      -1.794971778582438       -3.2488283884634894      -1.0438463057173477      -0.4307655804392411      -4.315181268402527       -13.991768373504119      -5.247285309804763       -2.1235163093184717      -8.405345189422343       41.1548868973575         30.72084403291518        -23.821180500679144      2.5612156131855857       0.00021763704360014402   0.39713942539132907      25.877819799596267       96.50342798054771        12.963467901618401       166.72350393895698       148.8154750299746        -95.5621755829311        -73.17066756418507       16.522025432203634       -171.09068120568728      -73.43830860283546       111.62730481796814       121.60587031571993       47.24170461793793        10.558851557005738       -42.90244515391646       -13.984169578206775      -18.508259942859354      115.93919796038733       105.45173277982713       
rwgt879                  174.93191513313985       2.7832564321643547       0.6076592784378578       -2.7346254739416356      6.240703094909435        -0.03746760547558603     0.3095722199830764       -4.956589233640488       5.145108172838061        -1.1839481887043615      -2.287728177625281       2.2564683597498103       20.710352449184484       35.37361611592536        -30.610193704423622      -2.8483846919135494      0.17898161571287113      -0.5110403838027169      -110.1785596077568       110.20432058422153       -40.57716185909712       144.73378891581308       93.63550235305917        37.65641337920451        -106.47418561289051      9.598553815231526        8.123393926695314        32.1205717744939         105.55607049983905       159.0867859390343        3.298115781881222        -101.8239943818463       -4.521848643724866       11.333977072459192       -139.30291710610408      -56.90622641265048       -31.65868949355101       
rwgt880                  -152.3308027776473       0.0411680168430566       1.407656503858868        -2.9508791461665855      -3.3942572681752177      -0.052807034534404274    0.286099509245225        7.5174462154270065       -2.6526015264667926      -0.13866621552983727     -5.028221968148731       -3.673455770054165       5.181982794343085        -0.7658628161313317      -33.851338334880694      1.6036907873623454       0.07150452338147933      0.30974508545805635      125.0506225304078        103.43089645213536       -157.8219884973593       54.9646767690281         69.67347344372033        116.09806035641458       -47.02503242626224       113.75015235503349       -162.39251141310353      134.05067206069612       -139.21114890145353      64.68038110432653        116.3989714354961        -175.09933030214873      77.91835592729996        -31.80326244896756       39.944028633867134       -32.81647579790848       -117.39887520429643      
rwgt881                  -73.27792851892046       0.5487339541350194       0.6619703369917043       -1.9198732125195084      5.125741204605703        0.5724781541011761       -0.6878277283072077      3.920645083763424        14.33418508333143        3.7448849590279956       -16.65184042174519       4.585123614958768        -7.603159003418902       -30.164871829010327      -10.457516430625798      -0.7425549071646378      -0.07811918582606579     -0.13617706021351444     -142.9610225875751       -10.469747347182732      140.49621823956858       166.70148234399437       -14.592668065823943      -58.246758144506174      -16.885875109746564      117.67216701492487       -170.6774323136131       28.963044583704146       59.13744869832891        116.26810556645057       118.55320442351984       -68.25989631361166       65.59655032679089        -20.772004716584064      -83.69576509135469       -37.43584645230496       -36.01867636858077       
rwgt882                  -34.8515062912424        -6.519020326493614       0.01671351678959687      -1.2651656885197624      3.624538877198706        1.1625844136681422       -0.6690895513346945      -4.073594126650097       9.506299046129438        -3.625576609005072       10.735869200477513       -17.230182523933177      -11.006249879206194      -16.716510876380518      7.55460041008066         -0.30760574008892405     -0.08619203955613096     0.21744020929143282      -87.85095405937976       -74.79603992606904       59.44019810802163        -104.15223914085087      16.108561727003917       -34.755282723730346      -101.049254232058        -105.43462712827306      142.28604586123782       -101.96686440614667      -33.64679624554924       -116.59605724611234      60.55563439272689        -8.744537712802497       150.32558039118481       0.7695105254681778       -29.439838200729355      -79.91521502346112       173.26367673089686       
rwgt883                  77.59002029391809        7.472989248581993        0.7504904129070906       0.6303380572276556       5.133280178124659        -1.5967870193388212      0.35396014717609336      6.741719320614355        15.104516187620746       -1.1767653057170397      -7.4240678014998185      -14.21082226538292       -21.352092556972327      39.93275733914598        -28.114647615054384      0.7831122229383309       -0.006746292360637812    0.055232288349730596     -105.18966997660885      51.097806600014195       -43.91226360076024       -42.69146551303709       -100.67100380593025      -132.6869604825835       -177.77847098756305      -139.19240086551187      129.93185186117466       90.166713783587          -4.830869577237735       -122.91640201066569      -100.97889666990642      171.49006891620633       -141.66970123137258      170.1597395365253        -159.52345836353163      -8.803234890580114       -58.315216321898134      
rwgt884                  -175.06028919490572      -0.9795727356684081      0.2655408070560896       -2.436317404077399       -3.2822956982635354      0.43327132554649106      0.1327970091376789       -7.6394255928401815      -0.40155304952890525     -4.33004195618653        -8.240505045848332       14.804876449276342       -14.414628299434089      25.87263125842864        9.032516016465095        2.733961906793626        0.022893194010830425     0.6095431358839768       -48.94361807819271       -157.5586235825199       35.86071296438317        -166.93220288202542      -163.5488326306023       103.75884472960496       171.60242823882385       -176.5563824888421       89.94158936129628        -71.92979121561379       23.36266348835335        83.52210413350974        16.947413745313753       -100.25309963298089      57.00859946024653        -21.554452917822715      -21.075467032543656      162.93892262187813       -36.13170517676966       
rwgt885                  -84.75928455976418       3.556962528063594        -0.5946034262156931      0.4669116464751011       2.954857398895969        -1.1215233526616983      0.5266258147204901       -0.37208880630676955     7.435383716019672        -5.643803636081843       -4.054487099684907       -13.383398282341606      39.23468725878128        -36.20975262521192       36.96537963444169        -1.6335132623506112      0.15566058810854783      -0.4430753075043614      41.93448903142189        95.90551449610894        -38.05354448833339       -4.061113246372656       139.67089794976096       -27.220990879983333      -144.3697577357246       -150.95267823862173      -150.22292733356167      -94.31652427209815       153.5030513151786        -124.00457065601978      -26.074327492769044      -22.02705104297746       26.55090141935534        169.94058119688174       0.4832294787131275       23.74266088729155        169.31380603984462       
rwgt886                  -84.21072637192185       -4.078861813213211       -1.4734669331857035      2.716342273995619        -6.225848165712804       -0.8272682569867618      0.2207979899565733       0.5819136270427476       -10.173116208353244      1.0959548432204036       -6.755908010074863       -17.73148417670602       23.819382874418935       -41.69131508951197       -28.998902302334912      0.3204765403211347       0.06482983737829984      0.03641864183776777      -31.52394965157984       -168.11270562693457      80.03160907654905        90.46278292469765        -14.890172008864425      -9.747693466188025       36.35326091948022        56.26749278766363        -14.327249770567335      -170.64497392888939      81.07569458366169        132.51779539471943       56.85874967215483        149.28324164625997       -34.656711185013734      38.44196714914813        -66.50467910992461       -49.008242750705165      -92.30307007716637       
rwgt887                  -91.35150060041858       2.495870296298107        -1.196743553571878       -0.3694558175583662      -3.6263475873768627      1.5745650307241927       0.021984960329645586     -3.819499166167063       -10.404559103333224      2.5151137966795876       -13.417732868909136      -8.103067431929311       -14.23265376720229       19.126898192221873       -30.330029291237615      -4.229972043936211       -0.1737875965509441      0.511366764239299        47.73611280725831        52.40106491993728        -38.79544644878749       159.90637430643835       -115.53419690677298      106.13433978046527       133.82038584805315       175.39896768245444       -55.995356395151276      44.57428626091189        27.801005687433957       64.64023900874761        -86.32643131993987       5.719702437772895        -153.75124350503737      11.577849676103853       -85.06693232043634       -73.19778657132974       57.86068697827102        
rwgt888                  84.96825920545427        4.730574184266394        -0.23981051600792225     -2.746897921302631       4.994305078889527        1.541675255547942        -0.12475789794823933     3.9930817091791573       8.9898309661313          0.5407400249044807       14.636236712112044       -19.2262867049351        -11.542015393233854      -16.488448366451912      -37.3883841640341        -3.961247768896884       -0.1692975470163934      0.37050421056066274      -75.86993262224334       -148.3423576127028       -136.78659630268882      23.583220980697035       -123.49774975888843      104.24653195847173       52.07982950868325        -70.94983425393515       45.98895907362467        62.744205421483855       135.88671688317442       22.134264884043745       -135.81598962555563      55.01491174030048        43.1889718557149         134.61731385704377       57.46921939400164        -11.5044518800363        -100.67792816929315      
rwgt889                  0.0                      0.0                      0.0                      0.0                      0.0                      0.0                      0.0                      0.0                      0.0                      0.0                      0.0                      0.0                      0.0                      0.0                      0.0                      0.0                      0.0                      0.0                      0.0                      0.0                      0.0                      0.0                      0.0                      0.0                      0.0                      0.0                      0.0                      0.0                      0.0                      0.0                      0.0                      0.0                      0.0                      0.0                      0.0                      0.0                      0.0                      