                         ctp                      cpQM                     ctW                      ctZ                      ctG                      cbW                      cpQ3                     cptb                     cpt                      cQl3i                    cQlMi                    cQei                     ctli                     ctei                     ctlSi                    ctlTi                    cQq13                    cQq83                    cQq11                    ctq1                     cQq81                    ctq8                     ctu1                     ctb8                     cQb8                     ctd8                     cQd1                     cQd8                     ctd1                     cQu1                     ctu8                     cQu8                     
MGStart                  -0.8                     -11.14                   1.0                      -1.25                    0.09                     7.34                     5.79                     16.53                    12.88                    100.0                    100.0                    100.0                    100.0                    100.0                    100.0                    100.0                    0.68                     1.54                     -0.72                    0.7                      0.99                     0.93                     0                        0                        0                        0                        0                        0                        0                        0                        0                        0                        
rwgt0                    -0.0392852830889         19.010145114             1.49575640089            -0.965831350866          -0.0507026970232         -3.90071470798           -1.11258617401           -26.7742384603           -14.2155338113           95.1310442519            -108.869150887           174.506882506            -52.8684325306           114.90739091             -32.8336446634           -101.809353894           -0.220518823288          1.21083766248            0.849932587923           -0.764043423092          -0.581907313102          -1.07292342746           135.791043628            -110.550926239           -16.139937476            152.242645741            -159.647116946           -107.829857784           -175.275250983           74.1400908908            -64.2477251735           38.192889795             
rwgt1                    0.389511325419           -14.2256490722           -0.0191042771346         -1.07792800469           -0.0963206870191         4.41119331611            2.97406869478            -26.6033665154           19.0326893285            79.8918725952            -98.7379033032           48.3463203116            155.477754445            109.208854362            15.1915904519            142.610212695            -0.336321848331          -1.84073580619           0.509409886569           -0.514009850773          0.916980193402           -1.06595508718           -97.3113750781           -151.793757518           -82.2959297333           -139.809794743           -10.9574971186           18.160544522             148.999870393            -102.525342106           -4.90395424597           79.0762741392            
rwgt2                    -0.218298887731          2.57227455965            0.463711725704           0.341883418635           -0.00609006655416        -0.816727234542          0.842739083873           11.2704946918            -20.3572752602           -134.228488444           37.7566845279            -111.875793341           -23.1437180378           -99.4919349405           -3.26358352822           -167.281998278           -1.0561176743            1.72506357412            -0.595494530988          0.494826296371           -0.392199763251          1.10080408451            156.38221698             -31.0756404664           -49.4384819498           68.658509629             -110.349499688           -78.1263844044           163.212148153            2.90974690891            -11.797964529            -92.5323922549           
rwgt3                    -0.888661900663          -18.9843809577           -1.78186703213           0.991993075447           -0.0689245578999         5.45879571613            -9.43379559937           -28.8627744821           -7.73096793593           -134.304375903           -128.421461216           59.4216108242            71.5982147651            143.924750351            -95.7440850138           -92.3399827189           -0.506225457691          0.835142131086           -0.063479440919          -1.01228708156           -1.52914483104           1.25538385235            -58.8455705547           -146.472740655           35.4693756877            104.463404097            -51.7858934885           59.3433076808            -74.5205520151           -48.2332260862           52.733887708             64.801832143             
rwgt4                    -0.614104014011          -19.6898169429           -1.74286684547           0.0254258457008          -0.106628195132          0.884886400367           0.716494458552           -4.87525561178           1.44133087615            -16.5214133898           128.637195341            -50.5893652097           -145.783023871           -146.366292563           -19.1840067473           133.838951798            -0.791034127153          -1.88001781707           -1.02747231842           0.836814484391           0.83451638435            -0.129108066862          41.8096109894            -178.44589373            152.277185455            53.9378730498            174.324308649            27.3632116341            101.981721597            8.14994074801            -7.06633635703           -162.629257289           
rwgt5                    -0.798704755491          13.3045232504            1.13171310193            0.849437489373           0.0109248795896          8.32799098418            3.96219429506            -9.89085541403           9.90619399341            3.21796276316            95.2212803556            106.670641764            153.963801923            66.1741371063            177.036703232            161.273756752            1.01745434959            0.465076617551           -0.256748580458          0.890277187135           0.7804800181             0.0786365031377          -108.421807147           -108.930301701           111.644172658            38.0872504816            79.9280463039            113.367220003            -47.7362826415           -126.69726117            -104.316465444           129.015115399            
rwgt6                    -0.557266609829          10.6171822998            -0.102994716782          -0.112276904597          0.0759728580307          1.67727971771            9.7739271712             18.2680414665            -9.38866564361           13.4147864578            121.309634098            43.1102804262            -166.088485932           67.0571956559            36.6653670417            -122.75372646            -0.659364357134          2.43701843417            0.883390758535           0.190007235706           1.05945752321            0.962036149732           -119.935652249           -81.1456166114           43.5291347656            -72.9276775853           -15.4429821622           47.0984757885            165.715060258            -105.860798968           153.333335044            -21.1240270819           
rwgt7                    0.741890879278           -15.5789790717           1.38292062164            -1.06437799013           -0.117927072462          -5.60503929727           1.85947874299            27.8300381025            -17.9899386999           146.080229506            90.9630550659            -167.554595851           95.4159090285            -86.1994165904           -159.159242752           -30.191598384            -0.377834493649          -0.987367375145          -0.168942915632          -0.346544382609          -1.65416981093           -1.18021844046           -9.63903290231           -107.529020167           40.2261898049            48.1136614596            24.276502474             147.171452975            25.8033972782            40.3944819886            -134.036616322           145.996449647            
rwgt8                    0.544216783264           -5.40146591504           -0.330350720521          0.064220731133           -0.047352673968          2.46647388301            -2.24844914512           -10.2212231452           11.7184439274            151.151279972            -140.981558266           -10.4303411818           -7.02259630551           138.898311363            -18.77746776             -40.9383721119           -1.00873121923           2.25121028467            -0.907037749324          -0.937937662233          -0.775298927652          -1.02684278289           135.548540308            -61.793919205            148.01263164             79.7804366936            166.8740523              -147.617210324           -55.9629404311           157.33945103             -132.862125867           74.0648508479            
rwgt9                    1.17345094872            -19.1576928814           0.132926566922           1.10038648142            0.03923818057            0.548164333246           -0.795791173154          22.7659164135            -9.10587325322           -13.9814853745           -27.2075219944           -167.003202107           -41.3753647497           165.814393944            -124.723609904           131.233898997            -1.03059692892           2.76270938486            0.439836938126           -0.0229896601708         0.801790854871           0.616621650639           -169.211657699           179.158325758            51.419128548             -53.6056108122           -86.7504271566           -139.087576959           -144.607787596           -148.677402194           82.8901145336            131.63016106             
rwgt10                   -0.816192451773          -19.0873180453           0.731160359361           -0.659064237818          -0.124546293722          0.708183403186           -2.31548862371           11.174546507             -2.35489070688           -112.419947488           -20.3566887737           85.1075105729            -26.0821857038           174.850438635            29.4310267487            -3.97753559664           -0.081662819703          1.15296206218            -0.705940280008          0.841647051092           -1.48372212079           0.893518166653           59.3047248834            -116.062252181           -106.696028693           66.824054077             82.0587441163            -57.894332235            -135.841100776           0.165226591501           -151.112251327           -29.9693503832           
rwgt11                   0.911162056642           -19.1919929769           1.6152309879             0.506306634239           0.108645858931           5.45449122991            -6.25302200351           7.13484964756            10.8955616983            -36.062193669            133.073923391            -17.4959577061           -26.9589522632           -84.6013717583           -65.4282743524           35.1335854289            -0.632410828578          -0.382471953701          -0.464471160195          -0.583725675215          -1.08431616365           -0.169102310299          120.321026909            -135.382899884           14.4260378757            170.196899704            -2.70672247494           64.6325545764            -113.521106401           19.1644792365            179.696637477            158.26238545             
rwgt12                   -0.395642942066          7.77448425198            -0.466442089086          1.33711428378            0.0228618741914          4.66779164735            -4.01350536119           2.85656453884            8.29408773586            -63.8217521378           15.5948606753            125.544678223            59.6120263666            156.195454442            28.0223925724            52.4501823863            0.595891935415           -0.128970539792          -0.251432794237          1.20797286614            0.485206893867           0.466188302854           1.20452596387            -162.396642765           131.867440106            139.883567226            -111.075671329           -34.0802090779           -64.3093168245           9.97736640345            13.4204731018            29.3024904001            
rwgt13                   -1.31279432073           13.6276788002            1.09474067579            -0.581455900079          0.102829475079           0.847918847468           2.92079166515            4.35951345008            19.0848869251            53.6308399347            -79.484583911            -41.4031183768           -35.4563975267           -27.6038678965           21.2915102               -134.803567689           1.01198846582            -1.18942742371           -0.0530263325363         -0.603768481432          1.52483467238            -1.11614367139           160.508477559            72.1244145946            28.7081103205            115.330288041            -118.801680484           174.190930705            -5.65362971366           -140.290696601           -121.00441609            -67.0487361443           
rwgt14                   -1.25535752757           3.69470207775            -0.691578804869          1.08462863375            -0.115319960998          -1.14337122389           -4.05273509002           4.76368806825            0.870749155203           -100.088976951           -16.9224942435           -78.248329578            -41.4705597878           70.0374197314            1.40394493476            -123.939309488           -0.801911966477          -1.88418565457           -1.05358899042           -0.610198970556          -0.0393618276685         -0.587529226708          -47.7454901952           119.945175881            -37.2304388006           -159.072833496           31.6903223487            -45.1908300172           164.969494763            6.23241978958            148.08939014             67.3174821685            
rwgt15                   -1.26169834989           13.4189886701            -0.185187158038          1.8354919301             -0.0851418812789         -8.51088311003           7.19020079785            0.919679671123           1.32274871723            46.7637022792            -85.3288544251           -37.6853045201           -68.370993413            60.3056371374            145.356562291            -88.1003261866           -0.451006084572          -2.44436648571           0.560860484824           -0.604937742929          0.0808335797834          0.844239864639           46.2198318918            -165.090963374           -39.2200078673           169.172502323            -81.0025921086           -89.8500871773           53.9299906513            -173.781215047           -132.24497303            136.950294046            
rwgt16                   -1.16423753846           6.21371271629            1.65682610734            -0.021342552898          0.124781102225           -7.54045391747           5.06880088892            18.7015907817            17.3116452145            -62.637370636            154.614089677            118.944988891            -156.002893606           130.875482862            60.7305307216            169.272095036            0.531387169666           0.0472678546282          -1.18651514414           -0.0261903396696         0.152676063547           -0.67830368948           -37.6031943064           153.358552104            -1.74846226912           70.189323967             -65.4099901939           148.79359367             -25.3562589688           -106.995014463           22.3019187442            141.529841053            
rwgt17                   1.0433215996             -14.2573661537           -1.66978127389           -2.22628046961           0.0316151778573          -2.97399753006           8.74442116208            -10.1610821195           14.5464751689            -149.344007681           -58.9915360611           -173.138449992           -179.524492856           -142.84080845            132.538070894            -141.738294038           0.0238277088065          1.40790034595            0.734923525916           -0.394788082892          -0.161480309225          -0.348455867804          -93.6491357692           -51.03910724             109.865447417            -66.0903103725           142.143920472            -28.7505258871           -175.471977729           -121.624868349           -140.436072726           157.381049464            
rwgt18                   -0.410091429149          14.5447777494            0.841453028987           -1.07864769348           -0.114483243578          8.86156723624            -7.63406777397           -1.29761391769           -3.08976960396           -127.172615583           -118.703576968           121.554694939            -50.6937202144           -33.4495938163           115.24580883             175.000950342            -0.806343228435          -0.119742919274          -0.29402740776           -0.614597730312          -0.301619678422          0.548164261965           -2.1289426573            -32.0055828585           -128.032981009           42.1643221607            90.8353781499            115.66072498             136.190816018            -66.3173831628           169.614526317            91.0227525501            
rwgt19                   0.378977503075           9.17002414778            -1.02533711956           -1.95525352514           -0.131173241333          8.697769685              3.40521855528            -29.3505190559           -10.7168696596           166.566484484            2.83682471392            24.9539656599            -131.005946171           44.7145012863            44.4269850277            22.4599977753            -0.956155742458          0.353040586193           -0.337346567831          1.00433241445            0.223026257022           -0.605832284478          117.913147782            -154.710520506           7.55082136203            -1.35372521617           127.630185439            138.328159084            -95.0203621306           -79.0294534264           -112.659643754           73.3311021779            
rwgt20                   0.389528196073           -6.50548543692           1.47169324526            0.450039588516           -0.0140530417181         12.7714990306            -1.31828213711           -14.9311271602           12.4839030884            -134.914676353           -136.516025617           -111.830663589           -123.747987488           -92.1479948416           -23.4593413199           9.10070391019            -0.515726044029          -2.22145436388           -0.58256776322           0.372867215636           -1.71619278641           0.413542348697           27.2959001924            110.85931911             -145.360009136           -114.485035325           -111.419693729           -30.7431632393           -110.131860959           123.909965191            -157.399222978           27.3432191939            
rwgt21                   0.642770013444           17.0890253971            0.628168872665           -0.916997172343          -0.0163416833954         2.12297197787            -5.12919096277           18.6452685832            16.8755510614            -94.8537714795           -61.2897405001           165.104043652            -172.377876208           40.5786226799            -165.977264124           38.1155295203            -1.06890990881           1.85655303347            0.166638986138           0.0231146101179          0.951826036639           0.361096709486           -155.636429799           106.491326641            -138.450423277           -123.20722347            -78.9586447368           97.8659641391            -125.871556625           100.057664842            7.22588769441            168.169950795            
rwgt22                   1.24092810532            2.13670148764            -1.74744977621           0.671684172546           -0.119148278835          -9.03372335008           -10.1604919657           -26.2787430205           22.1362584146            49.9555063169            109.675964651            130.890857748            -93.8702166359           49.85425086              -90.1062908688           6.86668650165            0.603996899514           -0.316789316903          0.251431038929           0.656471816263           1.10290611213            -1.52882668462           -74.8753462764           57.840047235             98.7241813604            -94.4480685334           62.1821796736            -52.8274171955           172.724139214            61.9447458934            -143.389379763           71.6880365583            
rwgt23                   -0.00379768948972        0.716195995495           -0.603625690094          1.27318036018            0.11475747815            10.6988717215            1.28240907473            16.0535081629            10.0245310753            29.9551849593            76.2416735474            -35.7008712801           15.6719852422            18.9842416611            157.538983419            3.59241740532            0.193609531552           2.76274852175            -1.0031994617            0.639770850575           0.675066939961           0.19708436804            -66.1634886599           12.8585996821            -91.3281400789           93.0560421346            1.69877341821            -118.545854906           -13.0260538146           -51.7629129911           -147.56499499            4.05734184855            
rwgt24                   0.0988279617404          -2.35272818836           -0.251152896843          0.142256047674           0.0973894574244          4.08228628299            -10.203536059            3.86422651967            18.8798852077            168.248459886            -11.3460767637           113.855131138            -88.984532775            -133.000913512           149.137140573            -102.684553054           -0.760148994021          0.705430362366           -0.776505341535          -0.430963836215          0.30477230687            -1.41623326497           -31.9453061085           160.071204039            75.9865684037            -58.4731733068           10.9439794554            -149.312413177           140.668624229            -169.918122151           117.644036273            -50.6172873531           
rwgt25                   -0.283789658281          -2.97809987926           -0.305758619616          -0.519249636576          0.108840326086           10.2891278493            7.1933588438             29.1715186454            -1.50702000461           -160.919829586           -159.755580899           25.2092590937            74.2912792842            -35.0013859297           74.1846315268            -56.837529682            -1.1111955548            0.415923394918           0.650815165995           0.235605360677           -1.63210779134           1.46281461643            103.952971566            -33.1573128407           8.20643179041            62.5215142203            -82.5185865882           -168.633904528           -69.4235845285           64.7190903101            -124.705038594           -39.9865624881           
rwgt26                   -0.341915314507          -8.80285353291           1.03668791059            0.820915380974           -0.119748584274          1.95283460548            -2.27027475816           -22.5520189872           -8.49272405451           -44.6180093954           -57.38231146             -92.0755974359           44.4897215579            153.984207519            -29.817100362            -117.361586995           -1.15739309251           0.0195748803068          0.337707055692           0.582611506414           1.32929720737            0.0415990716983          68.2073415997            -163.429917489           -129.184824424           -108.359490982           -49.1639572974           117.173895872            -130.070603243           -44.699445383            176.526578413            153.032042231            
rwgt27                   1.20890062714            7.59499907133            -1.41695750475           -1.38157899016           0.16175830671            -7.87955301048           -6.20381219471           -19.24250286             -8.29971135047           -55.1804308609           98.4679083988            14.2829832473            -99.4061972091           40.6284765535            32.2635664673            -75.9262815123           0.20263673161            1.4665191223             1.20798589275            -0.971068882936          1.6255910078             -1.10303163072           48.0771619597            -19.5586758567           20.8601030532            167.589562414            -65.0300281199           32.8164399235            146.800958217            46.7404335818            77.3251816795            138.108269042            
rwgt28                   0.29060475283            -19.4255411352           -1.05163947977           1.39632381624            0.110920336503           3.16084334573            0.72046421091            21.6333602963            -14.8672257582           66.0958129833            115.898174986            -150.997569838           -95.1822642242           28.9026257775            -15.0479677745           130.204912562            -0.363968065684          -1.93016350124           0.678147428754           -0.473088064598          0.38991064173            1.11278516758            -53.271118162            -159.442336322           2.73697944009            -148.28326498            166.446023981            -151.675643479           -129.842270653           41.5199917179            -55.8049720393           -2.00287184981           
rwgt29                   -0.427095332415          15.4994405881            0.889728941108           0.358092129251           -0.0701178452801         -7.64871251323           9.13385781698            8.62062901636            -3.65402768994           172.781261213            -21.6296506233           -171.044045775           -163.312861358           -39.3530494934           -30.5217848741           17.7988231126            -0.759189557906          1.69021154538            -0.905868166799          -0.256719951306          1.08984872185            -0.599403055076          23.7868636045            91.1374864947            135.772031594            -165.637469676           9.93712092804            78.92422                 -131.234233531           128.97368443             151.270380239            12.6282770585            
rwgt30                   0.867998803563           -0.565459324028          -0.174614435341          1.8720106274             -0.0146106810491         5.71936962238            2.13360291527            -2.13927340151           -13.8087580703           73.966750704             -79.6687537524           -56.8867292508           -164.438410181           22.7605436502            119.594517633            -18.4209434968           0.980654792366           0.813929568988           -0.404541613058          -0.904760617628          -0.750914491432          1.20193999041            -160.184736319           37.7572484293            -119.862303741           -76.9041625693           -84.9081894004           27.6268912772            -165.869500028           -44.4074105727           -129.194597833           -89.5101782787           
rwgt31                   0.377665639325           17.1823576726            1.73736058423            1.33633133648            -0.124981066575          -12.9693475448           9.19001595742            -15.3413368339           -13.7743922864           34.2666765877            -114.830817011           65.4145678405            4.86430647771            13.3984789356            -80.6581774993           -145.28624444            0.412738378605           -0.910499743381          -0.958751468085          -0.807563553676          -0.167739956967          1.10833567977            -81.3089370147           102.905879139            -98.6000213351           91.6633897435            -107.87948796            -126.801891112           -72.9614332314           81.7764462129            154.923411359            -152.19531821            
rwgt32                   1.15248093927            -7.06465812848           0.117711573949           1.17692902008            0.0232649841625          11.0793484008            -6.5525140085            21.6631119885            2.7747468672             -145.267294846           -166.310196729           -81.8067866298           152.372667989            67.7112310733            65.9795606155            34.0135490627            0.67020429324            0.192167929593           -0.135805480375          -0.184129677007          0.06182175556            1.28360522393            -82.57626933             27.3036733816            -36.7081183438           100.680916173            167.586227245            78.3122106871            45.363573309             -13.1045621415           -56.5975193361           -26.1939177953           
rwgt33                   -0.492178840511          10.9518085066            -0.286244985397          -0.616937489992          -0.017239065918          10.0729008358            9.95370341304            -24.3054036785           -11.2408788754           122.891590521            62.6211852347            111.163243516            -106.269850763           -50.3238336032           112.243028475            99.9709530622            0.667989501308           0.403776786318           -0.882134794765          -0.292852781148          -1.14943546446           -0.521585912394          106.624207565            13.9077039081            -113.080213387           89.1704760794            46.8122369402            158.629126375            175.673831661            -124.262445444           123.272658716            136.705732495            
rwgt34                   -0.974656618863          -18.3829523939           0.467943724583           0.254373826828           0.00387072990885         12.6220535515            6.77744834608            20.9839092028            4.75492927317            -79.1351753436           -22.1326438276           -120.951726161           59.4161215554            -63.3728382595           -171.431851452           -134.9020224             0.159059755166           2.35626891382            0.436134364842           0.842009403168           -0.844526205952          -0.612697361462          113.366374514            -125.931474766           -166.79580346            43.778417331             35.4460814433            31.399162125             -59.2066027064           -101.206339519           -153.261828115           -86.9878768134           
rwgt35                   -1.41904706118           -17.782214495            -0.663029408084          1.77947420121            -0.117798390187          -11.4816604667           3.40853591076            18.0649136338            -2.15839782687           16.500314897             62.3154309302            127.442282461            -34.3296033236           128.614001107            67.8869245291            158.044914537            0.527806406321           -1.07766580602           0.23214120598            -0.890613179444          1.06981287271            0.731873699387           -73.8186086074           92.0736746606            0.261895161766           -21.3773279722           38.9856786939            71.2524086206            -168.044290256           -100.422751975           77.7035158553            75.5624916296            
rwgt36                   0.740221306556           -8.61426834495           1.4851555978             0.0648281677213          -0.104937630448          3.22193802556            -9.44614120925           0.957480778709           8.56586367874            -50.0215839583           75.1367475333            -64.9667518609           66.7886746678            43.4759248416            -76.7705337757           -10.7955096568           0.942032422305           -2.37135652384           1.01661493452            -1.05098356369           -1.50050751866           -1.67156672599           -47.5104797499           48.5996053104            -46.4816140196           -143.45933761            -128.128661425           -160.094872864           40.4430105209            123.706327127            -44.1564195228           -48.7100972079           
rwgt37                   -0.580685249205          7.45088833888            -0.0617422718242         1.86263657946            0.0862771253818          9.5076692264             0.623890902202           -14.4660589245           17.1281650577            -59.945472663            -73.9116714381           -115.975724564           148.033584375            155.790079876            -154.367394007           63.6322570246            -0.202572833872          -2.05229783008           1.04288711299            0.0978525029364          -0.302665908344          0.594292799865           -74.3053959118           155.727226954            43.6872813456            113.279296084            -52.7191559521           -24.6204820965           -45.3289272286           -42.0605774048           -152.269128816           121.684857097            
rwgt38                   -0.433630424577          -7.07172866252           1.00376243849            -1.54482787148           -0.0905894075657         12.6054442107            -1.07183918176           16.5921009971            -0.147095754935          133.008789201            -15.2112033296           -73.4573551625           -165.028972442           -41.8509988658           113.646157333            131.181482616            1.04403361183            -1.85671420914           -1.078362154             0.280851367744           0.897915700909           1.30217697544            -136.709304329           167.660828579            69.5596540208            -76.857716555            33.51258915              9.02410453082            1.00454006269            7.60742278264            169.736336589            117.400449447            
rwgt39                   0.0729390320223          -9.22146210292           -0.967349607399          0.0487972729938          -0.00972882280063        3.38601007749            -4.67099312291           -12.7618394557           -9.54250019632           -36.4385012891           146.940884259            24.1275924618            163.416771604            10.619031465             178.303589598            -166.461009672           0.948967456907           -2.70859929859           -0.175766044544          0.130246141006           0.159594234447           -0.772280189062          -42.7145067461           107.751036131            -176.40531987            2.289946896              -47.2350475746           -0.0603977512735         -70.591204698            -30.1148442699           40.2083682492            -109.771152028           
rwgt40                   -0.0218493960132         -8.42663096078           -0.111016978502          1.25109739351            0.0406991674644          10.0133357923            -0.119278141795          9.66222647111            -15.2567861559           95.119061242             -9.19151398707           -50.2320103252           35.6709330863            155.629461338            169.350588572            161.943580211            0.946219605398           -1.40828674567           -1.03501872939           -1.14628544558           0.279763013196           0.205616149087           -178.215547943           -132.338620404           73.0685882922            -134.542766232           158.055108922            -133.017938707           -0.68298935802           101.228626571            60.376914832             -50.6201249252           
rwgt41                   0.910813835935           -16.8794218429           1.01454866935            2.20193021765            -0.113986400204          -10.1312162412           -4.21691265647           -25.0048719771           -0.120387726656          -149.900102476           -103.000499837           -135.66931633            -38.0328329686           -179.214086926           -137.774028576           48.3120631458            -0.432821743102          -1.21053665517           -1.13705974563           0.317162837721           -1.58627818423           1.24426384703            79.5374825344            71.4725265879            -88.5470344371           168.412658524            23.2535612768            4.88082377757            -62.8170003783           -54.3044713552           -38.1609687626           -146.293836561           
rwgt42                   0.109446272253           19.4207932015            0.163163537616           -1.51872153047           -0.0250319472512         3.61383754065            -8.21193194976           29.6142761802            12.7460833532            8.00366150415            179.198296725            -165.435277717           176.709882155            -48.8600606159           -128.674115941           -36.8311895482           0.842000006706           2.14261954332            -0.439337387065          0.0266994804471          0.65208415397            -0.626410569998          -133.855176918           -66.1381962244           126.050463527            129.289625204            162.014954795            -90.5006748668           98.4333420852            55.5353891015            103.281127894            107.766863398            
rwgt43                   -0.0945833761457         15.383774991             -1.21687724213           -0.842432583867          0.0139511987351          5.27560619662            3.68909925891            -27.7340524447           10.6724811446            -105.760407603           121.409037922            11.5109784124            130.069075135            168.013070706            168.962470933            -17.3554266607           0.239026167459           -0.655517655704          -1.15338330211           -0.634142542652          0.429263051866           1.34563942782            -178.808696845           77.8978108287            85.4779476278            -97.0275501053           -97.5268511122           -165.55546686            -85.048490405            52.9992841209            73.020831142             164.668528478            
rwgt44                   -0.0366447500018         18.315126455             -1.75930039394           -0.411362184955          -0.104717690017          6.18220080964            -3.10192914519           25.4978758355            0.912966116961           -98.4312411005           168.59151899             148.277830573            -86.066065863            -162.905316859           23.8834337051            31.9057495201            0.803493203607           -0.794175796613          0.977747658405           0.847381382173           -0.206749152949          -1.30476377715           -134.549022443           44.2437151476            121.52901473             -116.644988087           0.716621938091           -68.6433129948           62.2520511119            -109.353701285           179.788666162            62.0734659668            
rwgt45                   -0.887825597703          -7.1108295561            -1.20304655731           -1.88469820307           0.0865222550423          12.1390631129            -5.50092937659           16.3176104507            -5.74580343041           86.8467334271            179.152916133            10.5006125148            -41.6116314224           -53.8918307977           -117.346518867           72.9956818611            -0.238490827479          1.80219335513            -0.356337321143          1.2246329825             -1.48257741431           -0.216027744599          175.6929719              89.8825927433            -169.851981979           68.5392710076            83.6566389613            -46.5573365363           87.9924841264            83.1699010814            30.8712147671            3.60458508211            
rwgt46                   -0.381911413083          -12.9595124184           0.698658998641           0.897632136681           0.0514620087131          -10.561079254            6.99911737505            -0.841424365174          5.92785299204            -141.448203593           19.0281143926            -166.695495155           168.104862791            -23.4256490991           -26.7763325914           25.9959000012            -0.527414487013          -0.468179405643          1.2740954354             -0.759984254814          -1.18466756793           -0.91515342321           -12.8912745612           69.3814196039            11.0622706557            -66.1899514347           -37.3073297028           -59.146599199            -169.083961922           75.8406006765            -19.1006738172           105.772181826            
rwgt47                   -0.576836043914          4.6816039119             -1.47856551767           -1.39498394028           -0.137032123195          -4.25068029127           1.39877692788            -7.74351350399           -13.1210671815           -168.257540006           165.263592169            -84.822992169            82.0476169653            -38.0856540368           89.5344236779            4.97225851306            -1.10406408556           -1.55351618599           0.639734423141           -1.01822911495           0.0775845465567          -1.17859011371           -62.6646713082           134.173426812            33.8463091206            -47.4911689042           -24.6469034712           71.41404412              10.6567470188            95.7130385542            -8.59710357846           53.0787021769            
rwgt48                   1.43722931377            -7.66150073764           1.33653326349            -0.227158591699          -0.121334184989          6.44594029119            -3.91034501192           26.2484864059            -17.7289138242           -4.67433653117           -60.2102976867           -157.310311464           35.8530921433            114.010673154            -77.6044650031           -153.978837801           0.490009456083           -0.339087699926          0.630324695555           0.11065481886            1.65645783675            0.147896626668           148.477040264            -69.5468038966           -105.352404637           81.0409044507            149.742808631            37.145434472             173.387233025            -14.6418521655           155.787948308            152.471268307            
rwgt49                   1.06638077855            10.5496712167            1.54610867671            -1.73540968893           0.0365749813974          -3.79128898767           5.52701604079            1.775770596              2.36302547802            89.2159350861            115.00024136             -171.3886273             43.6023208372            -58.5310752388           161.664016606            -55.6717522229           0.0433005199653          0.347120789785           0.700711422119           -0.0521644064673         -0.790934225515          1.5658529019             -52.1145895012           -25.3542589003           -103.524603339           99.6358708688            -78.9950235372           -29.2491516659           152.969000525            -65.8501034112           41.8882385437            142.889370008            
rwgt50                   0.716118944581           -7.01778465244           1.68246732855            -2.05065193343           -0.132787108736          13.1083704875            4.05150724282            13.2989733582            3.78995130117            -165.682302185           67.5997630952            -126.591216543           131.800805346            92.3370158352            57.7755301974            -44.056825893            -0.600193331217          1.4160149703             -1.05547963611           0.66530776001            1.41786337741            1.02954815498            165.575987442            -73.2846870047           -122.240057201           -74.8819284769           -119.566062351           -101.65583114            29.6934964381            -96.5779001326           34.2779024675            172.03461928             
rwgt51                   -1.4307675549            7.39223062917            -1.7032656881            -0.838928681193          0.0902325972175          4.82351910959            9.18068920398            -16.4450215062           12.757455064             161.849039192            47.3630622392            -31.2621913217           119.645222732            136.180377016            -7.79474431372           163.357720322            0.301776662236           2.3938873883             0.0737855136898          0.919477558063           -0.875471527602          -0.232767844641          101.62941665             17.6884717667            54.1503201655            119.497754716            165.211453892            -43.0567797501           79.7440095084            -113.985538713           146.771402544            26.4936858349            
rwgt52                   0.168449536706           9.22583697624            -1.76500319142           1.87021304369            -0.095304845701          3.73950690827            8.54377503699            -15.2682070401           -8.81548129578           3.96341650305            89.3858578317            -82.329943427            -115.53022196            -175.312676212           -92.0255882107           -34.7643576863           -0.621614415749          0.0748437710868          1.05508205616            0.0234833259588          0.910479059484           -0.725693169232          18.472763582             115.177352939            67.8796709936            -13.5847912495           176.979083613            -164.321194827           -115.351771372           -54.0499344918           88.8986233864            -148.063475862           
rwgt53                   -1.33244127898           -1.19923988503           -1.28905306894           1.77068515676            -0.0679333774915         -0.984365266459          7.15612997478            -8.82543744338           -9.8314546428            38.1737392194            145.081761996            40.7476668304            -106.851374565           -78.3433951659           -55.0740740865           36.1754418231            -1.13423500798           -2.36686689059           0.422972798726           0.859924571565           -1.31184922225           0.426410956674           -166.86744376            -86.0962998027           39.1187249189            65.8882200775            -118.190024929           -87.0944525854           -49.0726675703           129.987796861            -60.1144429102           -22.9943897399           
rwgt54                   0.617171393893           8.71064430617            1.23347263542            0.00222336416961         0.10617881555            -6.9278502492            7.1603423677             2.04140208087            -18.0516730782           66.0939623085            131.013385759            109.7831796              -136.898085068           -169.609135991           -120.881420426           -129.79936903            -0.953861293032          2.33109221843            -1.02676228686           0.54158395771            -0.135669078249          -0.772294221928          156.974264131            49.5736624463            -86.744023254            3.63907155414            169.72651307             -163.768613487           -104.329814939           10.9969520105            130.00645916             4.0088334646             
rwgt55                   0.246168596159           18.2856241525            1.00906269374            -1.44545288501           0.129908653719           10.2181311368            -2.09519882938           28.0868494442            11.843159515             130.52288111             112.232153065            -18.2916180231           28.8765266426            47.0240330745            -99.8063574029           133.728767901            -0.810317779133          -2.46087598926           0.708521492103           -0.596516128923          -1.09442872385           -1.08254766661           -131.240441875           -13.3383204948           -13.246569317            179.723627176            3.876433019              -106.042181628           -16.8252168244           -59.6090153767           -33.1245174338           92.2546801928            
rwgt56                   -1.10007396072           1.02843810244            0.525689216347           -0.680985680428          -0.0538082008683         -3.48477706213           4.20970449758            18.5626628218            11.5391452436            165.460315333            -56.8155572997           116.78961399             111.376747855            -146.802079915           -94.6302804288           -106.303441062           -0.769356987384          -2.38657518008           0.70540256495            -0.793596201396          -0.699753306889          1.01441145286            28.7015696505            -70.4659498331           160.214245375            -99.6189282484           -78.4006533946           14.0752799354            -42.422325724            -58.6131746411           139.436189652            150.167973744            
rwgt57                   0.058957363053           16.7281720858            -1.53206009436           -0.701528108462          -0.145037528869          2.84405690168            -1.91131769653           -0.712601142071          -9.04819303702           16.5692119793            -16.3783274003           95.8493080168            -9.883590527             151.045850191            -153.238143851           176.771274416            -0.200530148887          -0.144067164048          -0.667831631094          0.844764651165           1.06117867832            1.22521058244            18.4949120596            165.265585286            108.069782963            20.7776200784            24.7318190805            -142.229473455           -116.520410342           73.2202675536            -26.4021344516           -148.121756408           
rwgt58                   1.2478147272             12.7381387316            0.889217312697           2.18323279111            -0.0240470786209         4.6137078856             -10.2534167697           -10.9802667707           9.55548400863            -138.240611222           29.2850285969            96.2198779568            -145.003693478           152.055713387            -85.9448428652           -37.6030464678           0.823223622162           2.15135252642            -0.723816339306          -0.492544370699          0.342207823675           0.977900698099           -54.653726506            -22.6712286961           -33.5222552656           33.9138559691            -65.053558168            -44.4514321355           164.347572748            161.491539499            -164.681493627           127.369781098            
rwgt59                   0.652773993427           -10.2327473252           0.97716116869            1.13208523438            -0.0946327742356         0.0432386311905          7.77841647033            -7.27770674276           14.0605761934            -137.111183226           95.5614712274            81.3025475378            -158.809836008           -119.583448299           -91.0774185784           -12.1807807328           -0.733393991606          -0.904443352374          0.308485081965           -0.788779510166          -1.47095053447           1.26544775205            49.0336070882            -145.277383275           111.132886178            -109.12172497            103.013209382            173.083692203            28.308670116             -113.15374461            -20.2062192777           -111.761616091           
rwgt60                   -1.0645464234            10.4313763286            0.626505430956           -0.414970131246          0.0608873833392          -1.55139008632           -4.69943388632           -2.46966706746           -19.543102688            107.501946053            139.514843335            -8.82500182366           171.319544908            -128.740978648           123.637454411            -65.3157936372           -0.352621599899          2.44525985914            -0.977790276892          -0.737720535559          -0.116420858971          -0.993008896643          13.3693481564            162.109504957            -105.039771952           172.101858084            -142.261460661           -133.229937944           -122.870319263           63.47953555              -87.0052144359           -111.486793731           
rwgt61                   0.757335271414           -2.20676782495           -1.25335586671           -0.748097521023          0.0200096193506          1.34980003846            7.37436659743            -21.800496144            6.67339546042            69.3120111926            -94.5504107157           -121.672900865           85.9307343014            -37.0699411075           75.4713129115            178.401566469            -0.23261699711           0.562844498711           0.179304489388           0.651850604186           -0.799828736887          -1.1535957101            19.3304306723            42.0869274784            107.551583804            145.912082566            -23.5495164354           -29.0394854761           -38.1371741318           21.844667841             -31.7044297373           -163.089285921           
rwgt62                   1.29047872293            7.87317613405            -1.11999386403           -0.500495270152          -0.148132800677          -8.04383435029           10.4002858219            -22.4084550745           -11.4150464113           178.357528393            -162.381120752           103.133034064            -168.360581963           -94.8401650562           129.388472704            157.987183745            0.923782575929           1.12972130937            0.928829858595           0.0640565051538          -0.690538914599          1.25362033915            175.918369945            -103.146090572           -46.4341564807           -63.8154424295           125.510257316            -128.613240164           -173.394350018           -42.6952939874           -179.03115735            -3.85113309479           
rwgt63                   -0.596811173204          8.16307279388            -1.41803520522           0.0110374499087          0.0518155197006          -5.31901784133           -8.6722974515            7.05470610959            -16.9932015168           -79.1922201156           -175.888190083           72.4637566976            -123.615688397           174.117855703            -158.809269829           119.304465145            -1.21274353632           1.90890373838            0.473879617195           0.136391257625           0.462012056751           1.22483785036            131.090161197            141.89141714             -57.3541169812           -79.090022764            67.9127770853            -95.9851574571           175.063086889            -58.7464344756           108.787904076            128.607069034            
rwgt64                   -0.12066475654           -4.90854100405           -0.178894841671          -2.18464848378           0.151213530241           -2.35775368566           7.22691225489            2.82519066661            5.91099047122            51.3558576009            45.2264556026            154.147128411            -66.3182938621           -177.761548419           -3.09851033311           16.20484392              0.276215274216           -0.432753016032          0.778200085431           -1.03029018175           0.041445203756           -1.35752900475           75.482284643             24.6887751457            -27.5962666832           137.944105663            71.0843567863            6.95513278461            -159.303153917           -47.151064293            169.085846527            160.47541037             
rwgt65                   -0.741688160374          -6.72991409574           0.714418614038           0.0580024346505          -0.0510856605081         -3.23650981568           -8.24846085421           -7.77421849109           9.4447063445             44.8894707702            -101.014117044           87.0096334197            25.6755388701            -23.28741766             110.006199179            157.801732307            -0.764837277456          2.36134628688            0.675187244813           1.1221044671             0.861325182951           0.731701599424           -119.701027265           -14.1457826741           -30.1518181433           -110.812913777           -122.375734191           80.4402073028            92.4883785691            170.158147285            124.317893582            27.2253326922            
rwgt66                   0.609610706027           7.80837450224            0.059240852959           1.39294305966            0.0214624345999          -10.765878261            -2.77791153493           -1.41322090443           11.0501284339            -21.1198835348           -156.414054822           -93.7694345014           53.3890621022            -78.9223731883           -91.268154228            -8.8256337344            -0.138368964991          0.332135406738           0.823250894947           -0.681278039803          1.37952346413            1.12547119602            165.800330177            1.13742994154            1.518731761              124.330324253            -103.412055373           -138.773243881           78.0911414043            -83.9412896179           -10.9996341145           -130.853229327           
rwgt67                   0.322780623305           11.9847131667            -1.35925466761           0.841288786951           -0.146980003832          -8.78911696136           0.415280299926           6.36165231091            17.5583141391            51.2731494427            134.316505733            -108.294671876           -64.4420696549           -140.478180243           155.072442722            -67.0022466488           0.011913138869           2.30729124799            0.634442941224           1.20859054955            1.44693631734            -0.100752915598          -152.385159353           111.574778687            170.635293035            72.4289756334            -150.445419061           75.4623318765            80.2345931933            85.7506871493            124.645763693            -124.467948695           
rwgt68                   -0.792637942179          16.5521681655            -1.16487746762           0.584926718885           0.0429717538079          9.87364178503            4.32313865408            17.0110382418            11.8522546363            125.459693013            28.2626260103            -77.4177101348           -134.747194171           140.752576258            176.413947817            -117.795655391           -0.788634907086          -0.97973380609           -0.0655792835212         -1.08653161627           -1.58911988791           0.21651665251            171.561574782            -124.997756368           -106.928972519           93.6476344281            -12.0768612439           170.860248821            -106.474095876           -22.5900967085           143.078950392            30.6973141103            
rwgt69                   0.0266660384052          -12.5681287996           0.132819070417           -1.1940697549            0.139199640708           -0.218804756894          -3.05644395068           -18.7354815482           4.43549659796            -1.15659889367           -90.6521688453           -132.997286203           -91.5481439441           -77.0948344282           -89.0969259769           107.271844351            -1.00065975104           -0.859088040606          0.51131387925            -0.759147030698          -0.660917645952          0.704846843816           130.982985583            -9.34171446925           24.9629132499            61.5550447029            44.7117505684            112.931949058            -164.243586766           34.4574230179            55.8018286385            -114.230693952           
rwgt70                   -0.362718523011          9.8966052667             -1.2034509855            1.68444925201            0.0804138024477          -2.28166502629           -7.10240569085           -29.256766047            -10.0333034439           39.9587956775            -38.9138917175           40.1336140661            -151.05404274            43.5089360747            20.1787755845            -83.8633368461           -1.17402715191           -0.367660258875          1.07333432498            -0.440400113356          -1.4159111619            0.924042842431           167.065319782            -144.707181301           -178.835596186           -8.70798530267           -138.091982502           -83.9797173291           -163.623058721           -2.0147861231            -26.8433352756           -171.701372944           
rwgt71                   -0.747219434434          -19.7072796856           -0.80699842153           1.13095119121            0.0490277225069          0.56518202921            -2.74490696901           -10.6085379246           11.4543912276            -62.0611779184           110.757107454            -98.9931109048           148.282313235            -41.5927669059           -154.932114106           53.7664984632            -0.855885627569          2.55112792292            -0.889710751711          0.144310086587           -1.31441305089           0.602118103806           11.5189525556            10.7890754101            0.208978972902           -128.712654988           -55.30099906             14.897758503             54.8186761852            36.120743575             79.2056274744            80.3211785025            
rwgt72                   -0.676971908891          17.1790333345            1.27026195185            2.17255817293            0.117735600441           -9.47211801043           -0.13483176248           24.1794189215            1.77423347038            -38.9690188671           -18.3575991549           84.8197312489            -10.1581571851           -154.8925203             0.535625954322           -24.7211169158           -0.335999464282          1.84412101928            -0.740738636158          -0.591326169372          0.914848236729           -1.33877594335           -47.4070760355           -149.505172687           87.5045539267            -179.80847473            -48.547833754            140.393359379            5.5164057989             -19.0476023406           -98.4771368956           151.932455546            
rwgt73                   0.421866455967           -11.5687215872           -1.08978513496           2.08686319216            -0.129594603538          -8.88611588678           -9.89070400806           -7.25568758868           2.26613488768            -113.330761455           107.280436241            -99.8453063692           1.80827637286            -161.078864333           105.442823709            106.775197874            0.107605026142           -0.100220203096          -0.760249744724          0.949910422672           -0.894832189441          0.947910971114           42.7425550665            -48.4447167712           46.0816496425            -23.6608347786           -21.6802098538           135.362275823            53.7654263045            -129.242768465           97.923653889             90.7100147632            
rwgt74                   -0.137014410733          5.75655162527            -0.153471555129          1.94584224173            -0.010308177545          -4.6536986174            -6.5661879359            15.2428535781            5.70037239653            -45.1700417316           95.7637302162            -12.6378477478           33.6193574821            -45.5062555729           -4.64194152644           -33.5958829716           0.0478020851679          -0.727690121334          -0.506427053737          -1.0457871868            -1.085727796             -0.871317216842          -22.8576051137           49.9496115243            106.42686123             23.1704149533            174.633562471            7.68383392922            -103.237979745           -166.642386387           -111.63806376            -92.5510834839           
rwgt75                   1.165028532              -7.8086595448            -1.21670264169           -2.20144506745           0.128067186337           -4.09376788618           9.4056795181             -25.3422482699           20.9498399386            -174.020172117           7.37956916686            -126.303443669           167.811669807            -79.8375261407           102.701241788            76.4018143937            0.935642240219           0.400646547116           -1.28488361241           -0.101930552052          0.614466853848           1.43676965779            -72.517280722            -120.292668215           -96.0647475014           138.528105085            -92.5234284328           -120.181585767           -0.541586985865          -0.293085965977          -99.9661951172           67.9756277154            
rwgt76                   -0.0624005649232         4.25279299457            -0.125906729738          -0.439187009661          0.143783063128           12.8235420558            -1.05319716509           16.652607753             -22.3725919407           -168.021722219           133.959451382            -132.457389363           178.096427468            -124.793110915           -31.2564505425           16.4597174456            0.284726354186           -1.9692963097            0.166362526297           -0.084519316608          -0.298187164503          0.271040888678           146.513622488            11.0315290367            51.2116351405            -127.912033388           166.69283446             -119.718982912           63.0737869403            -170.278144263           107.498359282            -22.3803427492           
rwgt77                   0.537919113467           4.96684050706            -0.531818412654          -0.125033946836          0.0674375548416          -5.78435459714           3.80837703813            3.57904920568            -2.00627567036           -39.6165325641           99.9404322635            -117.96298848            174.295363448            173.345421051            172.873868484            131.439391489            1.00817144151            -2.06085562846           -0.702990576749          -0.295548548962          0.0238303615017          0.377336040643           -74.5815236594           -16.9321021933           -154.893614856           30.9520505565            -122.353269219           -105.381645545           -68.567620179            10.2493956604            -111.408512967           175.03436448             
rwgt78                   -0.725271569553          -1.11497324767           -0.839364777089          -1.06536595316           -0.00554388915513        9.37332569427            9.86616360687            0.923929168898           -19.8300269279           -57.4980206053           -31.1944846032           89.9453858468            -140.489050081           107.398674876            -109.22546186            56.6740697559            -0.549405872758          -2.3567988976            -1.2491988256            0.0394928305778          -0.116731650768          -0.215579322027          -4.37209787833           -153.98799806            -134.589136965           29.7741920708            -179.550819869           -168.594869882           5.88035449635            -14.4769814219           -98.1393501383           -161.89704482            
rwgt79                   -1.13624630837           9.82182120589            -1.75094904892           1.7154784942             -0.136407740906          11.5329312134            9.70983640401            -21.552579557            5.88709457087            89.384487353             -3.6319849571            89.3660932523            153.053163836            -58.2630315594           -167.35892505            62.8699933859            -1.01620617427           1.07157879779            -1.23686333933           0.782903919627           -0.274094066306          1.01298240148            174.126561391            76.6339567171            149.514592803            8.02930494154            -162.994353577           130.782622355            62.8685513608            -113.05379992            -95.2803313479           110.833032697            
rwgt80                   -0.569742418041          2.5947328335             0.114042194563           0.0610269347472          0.0160628740999          0.821813155065           1.92109918713            -27.6717151902           -13.6054592256           120.948719646            141.358312036            62.1511048073            -98.7659679735           161.514699759            173.401138439            -12.0719101019           -0.0228562599839         1.31521259213            1.07287169722            1.20228492206            1.1404689526             1.6735902957             -118.768879374           63.1479460751            27.8343686347            -100.693681258           -118.592382263           -58.4787081734           -89.0006470775           -102.617419837           73.7950301208            126.537339632            
rwgt81                   -1.07131392566           -4.39569765724           -0.72859336884           0.521480577992           0.13051781897            -9.37611156642           -0.922523123906          -15.503795246            7.7411556453             -1.40448813182           59.5990571652            -118.235490123           -12.1360746783           134.228460009            -140.743564631           116.066192412            0.897416121155           0.952664781536           -1.12547778524           0.543522671941           -0.631052168851          1.0489575728             -33.7896159764           2.00475539667            161.602801304            -26.7468510413           158.520430505            -139.611833737           -35.9684107316           -165.399550613           -161.484903783           -129.678233124           
rwgt82                   0.523698880259           -14.726165546            1.32006358452            -1.02207497911           0.100385459544           -2.95426549987           -7.94203306972           19.0704450696            -1.07495586319           3.26148825998            127.979235487            -49.4141444674           -15.3635569202           -131.690336466           -123.622615818           48.3585010169            -0.791318992981          2.3923110345             0.102948666782           0.613375518709           0.0521233689881          -1.38725081874           -63.8208639795           121.572507575            148.703784809            19.523606236             -88.5067626772           115.220542085            -166.659411478           -148.024305785           -90.9472517316           -92.874035294            
rwgt83                   1.33922190745            14.9535049274            1.02340812883            -1.70304949735           0.0953449360443          -13.0187530078           5.73451275668            28.6598055088            23.1204846854            -133.73005572            153.448324466            33.8518428801            -177.378134946           115.495347336            -1.11265003978           13.5505573135            0.341012213242           2.21445020814            -0.398605699363          -0.0442867047378         -0.435567263338          0.934248932204           82.1797926548            91.3105038348            -155.056141972           48.9108414127            -138.645856885           -15.3432917141           81.1280433189            53.3777617197            -140.117841533           10.8740662661            
rwgt84                   0.577952273261           16.2022888353            -0.632237435757          0.681943504479           -0.116217315648          -10.4744853608           -7.27512545383           -26.9847228575           -7.10764640213           -179.395024201           -126.775099539           -74.0508603974           4.72432336894            -139.762348308           114.425676923            -153.510185449           0.133538806352           0.923399336667           -1.1591193363            -1.25334785948           -1.24848010305           -0.190906035193          13.3152118397            -111.721964844           -169.436369092           -91.5987353047           -92.239175249            22.5713643585            143.075502865            48.4676837726            17.4101230898            90.8427176807            
rwgt85                   1.09083166728            -14.6269476234           -0.354976733378          1.50740593183            -0.0732105873496         -3.16476738123           1.29518320242            20.5546989792            -3.48554188721           177.243293795            30.3689468709            30.1312294253            -73.0192207926           -149.845370278           -159.411370992           -158.638140257           -0.444779753929          -0.335725337563          -0.962662512768          1.09835047031            -0.614083171677          -0.097508926909          141.908683271            54.9603422551            142.128459656            -38.1347630927           15.5617250916            5.33874478777            82.5964597474            -41.1892745718           -48.9637925125           -103.671125798           
rwgt86                   1.23263977748            -10.0243358609           -0.630069871735          0.00697210886144         -0.0488051204609         6.16984574886            7.4763546195             -4.4001225593            6.60723395602            164.331623548            65.5535333111            -148.825847582           -82.442818865            -132.808130645           -69.540164982            132.533522972            -0.918316982558          -0.290332701427          -0.918336065028          -0.643415867693          -1.58518917538           0.214325386448           -161.094722636           61.6348291383            62.944095535             11.8336134081            -62.3738792758           -130.032565962           -173.116621495           90.7292954269            -112.743333911           52.0296978749            
rwgt87                   1.35157305968            -1.24364536867           -0.0435467087657         -1.19534782441           0.139282743991           3.37450721904            0.414349156252           18.4688817132            9.75534881697            -29.3158367367           -101.80473338            3.39623359395            126.148961446            62.4042657739            87.5393634953            43.5626513896            -0.0284740421304         -0.977505604043          -1.25956337785           -0.698666169779          1.56682246001            -1.3124671388            -1.58593677702           -100.766421598           157.801746415            22.9457456099            -55.9411501462           -76.0933324327           122.944147414            -117.808711305           164.059904378            -97.2511653157           
rwgt88                   0.112801414665           -17.2401874155           -1.70557261573           -0.553417386687          0.0260909865835          3.47829647042            -6.55555016845           19.2084109389            6.68402858541            -9.66072533662           -126.448705415           111.066415654            -107.780481597           -70.4444593231           163.817534298            -49.2596609587           0.82188355279            -0.811364478302          -0.416536874926          0.332204039964           0.0620232486134          -1.57446032092           -17.2665466131           -37.7177952448           -140.138061643           -100.333666281           8.19591058702            -80.4881673651           -7.01911502154           -38.9842825919           95.3424405926            114.976917516            
rwgt89                   -1.38384447608           16.5878351853            0.658895869777           -1.32671008957           -0.102413172432          -7.92852745206           2.67702127106            18.7735898642            -8.12619150012           -107.636505849           -161.695418943           4.76293826042            78.1932145127            160.647161796            34.5665609291            129.516055024            1.11019244148            2.08550495771            0.205720493927           -0.390519757187          1.12405453606            -0.311058750245          157.581787516            -68.2523862039           2.75914403059            16.3702683511            150.185297               -27.598865179            -113.187872884           138.744441045            -89.1578367762           31.9118387042            
rwgt90                   0.138153481218           -6.19896787338           1.29834156944            0.152308019024           0.105635630294           -9.68430327193           -0.517139468042          -18.1904564169           -22.292328915            16.60721776              -46.9991944554           3.19896459607            -174.733936222           10.3787015094            37.6194852529            -66.2903699073           -0.464742520902          2.72466227211            0.665336072906           0.391844048709           -1.13581985241           0.00223096803617         -17.2770401453           -149.425539144           129.579523717            142.04535805             69.4399719554            -36.7866811188           -150.43141776            -138.608532028           -53.9117875165           37.4287764355            
rwgt91                   1.1976276585             -13.6153818975           0.675501329966           -0.758762757925          -0.155331981111          -6.09502901679           -3.42494466202           14.0786734501            -12.6518019203           -80.7210942604           -76.0701717706           -127.881480869           8.72249854379            60.9249342191            21.7660807165            49.3597108973            -0.0570337595156         2.34916859243            0.312136792098           0.663033174955           -1.31663569644           -1.04025732862           64.4641994302            -44.1710958394           -90.0805717038           175.439477156            138.281761333            -120.613039344           -169.238531692           149.170870861            114.38840193             88.3379457203            
rwgt92                   -0.708027669281          -7.6861277539            -1.13412124021           0.0403836642869          -0.136559467593          -10.1034970689           2.6922446408             9.6519044342             -5.02259996791           18.5528599131            20.5260926757            -132.741390158           -21.9618221271           -38.5649618224           49.5911440964            16.7878125301            0.0902179760829          1.21541417626            -1.22076512913           -0.61162418318           -1.47355132349           -1.24383444412           -0.116251655002          -43.4314326777           171.738177012            -7.26825330071           94.6125447046            -72.5305634204           -45.2171446283           -12.7401325454           57.1514260512            -72.4283602798           
rwgt93                   -0.306842510542          -7.0542460897            1.14167146811            0.538943257454           -0.0611238752647         -4.09980942856           -10.0590718236           29.1451615868            -9.75209479133           -15.3772256141           157.71732285             145.426229983            149.93404363             39.3558307736            -6.20185265494           -13.9654144282           -1.11942863634           1.63063626172            -0.673548010583          -0.141229094841          -1.55476517869           -0.489362656381          -121.532366629           -48.2784549566           -70.5701044073           175.126239672            -93.3108744336           -154.255457175           80.9298061735            -95.2951148506           -90.9609422262           130.471217626            
rwgt94                   -0.882371817657          7.93977868503            0.203101282483           0.454828135174           0.0228263654544          13.1513228021            -9.98461340603           28.258259152             -17.4805078739           97.3791024431            65.2074340398            -41.0957159393           72.9442102778            94.7296272014            -98.5819659074           72.0294412922            0.73807183156            -2.67462893866           -0.00281956430932        -0.802375995255          -0.394707789852          -1.30902956565           -97.5482843233           14.9253404639            135.657064384            137.369373555            -112.46418173            145.72018827             163.999542668            -40.5095352354           176.307106913            109.693902272            
rwgt95                   0.213391500898           12.5012393499            -0.330182529081          0.266731718359           0.131773479472           0.753548550081           -6.52845088995           -23.5981210341           -0.29512754029           17.4982511649            -102.253916035           -40.4863382055           171.344444619            -134.952019219           134.110656671            -71.3798144736           0.464285384309           2.56124325403            -0.693748720765          -0.018824150705          0.973886824977           0.672641880315           117.198194561            -131.8818055             75.3111356344            88.5467016689            57.7488614654            -108.834299269           -169.960894999           54.3253136893            45.5659010162            -135.114737507           
rwgt96                   0.38481374592            -1.37469518155           -1.01336304659           2.17721360995            0.0231172747848          -10.3233897656           -2.94424961436           -24.2274261836           -16.0082136371           -24.7520263331           18.5548156701            70.8491106975            -22.7625405922           37.8147536855            156.637934706            -147.031291285           0.530682203317           -2.28979132988           -0.368051667809          1.21487135448            0.233654003574           1.53455105525            -88.1546850088           -148.320644036           154.975515026            -149.973990109           -34.255705732            124.194312397            -3.09667869401           -119.146991713           152.976834817            -44.5079117993           
rwgt97                   -0.846188992431          -19.9182831954           1.6697550844             1.95085247389            -0.144266343756          -9.96007008332           0.257886548142           10.0435004312            11.0089930383            87.9408731172            132.759677972            159.409570702            -144.906095283           111.625977367            -145.962956353           -149.640807968           1.11689173443            1.8086413122             0.365382544349           0.8568280928             0.204349440506           1.0101401605             74.1437923421            136.772975439            97.1719927357            154.580299075            -137.56705997            -38.5701977192           168.137913338            -134.000511407           -138.808420529           -11.1119895397           
rwgt98                   -1.16954449191           8.62414620797            -1.73135695653           1.51583420254            0.122711762651           -11.2623559054           -6.49040844943           12.862897464             -5.26685244858           -89.5189354963           -122.525469974           -121.726914319           -58.2085966182           -146.485545644           148.290180544            -58.4242322092           -0.405229085041          2.21105884493            -0.449284890689          0.0243397578335          -0.617386171831          -1.55456345982           -54.3136186149           -27.2767894556           -106.045538872           145.722503433            67.338487715             -70.2599864591           59.7561734094            -84.57373455             63.0918529258            -2.10531233831           
rwgt99                   -0.710632743638          -0.141939560209          0.0834231678921          0.358887405555           -0.101876648484          -8.99343252919           4.26632248881            4.35012588529            2.10594384035            -167.785035904           152.153684648            18.7065045302            -169.430450609           163.434516772            93.2164136673            101.720847633            -1.08175344079           -1.56474275805           -0.854370074859          -0.747650527894          -1.4888598135            0.596534771871           86.2426139656            -132.377888996           123.94028973             -84.7225671793           84.9380233895            -47.5580884218           63.6488500261            -179.397220657           130.365424537            140.704883607            
rwgt100                  -1.08323768471           -10.2613867249           0.760207847735           2.07398695461            0.013411586534           6.68632867575            -1.13037749808           1.05588959449            8.13248087407            28.2507104134            -57.3172758554           125.224321234            -139.134816958           173.003574899            13.0982340793            -32.1894209854           0.787203448542           -0.775749653688          -0.496323339828          0.160721610184           -1.17530376596           -0.535445620209          -115.034063069           -79.6663577685           -79.8323730784           -156.935026545           -54.1763464314           177.509096738            -140.504233183           143.054625885            127.183503976            -135.461485068           
rwgt101                  0.324818540087           14.2236105228            -1.5095159084            1.36269943049            -0.0375159650072         7.85572856551            9.58444893089            9.60992252364            2.38558965342            100.274934957            8.22181119828            -94.5773666403           140.713586944            -116.708900869           -36.9960238561           -43.6819676313           0.11637231165            -2.05521682977           -0.356776157759          -0.422647756114          0.992379840048           0.161577370905           -71.6903491291           -53.7827550224           -106.124584636           -46.8751267556           -61.5119598251           164.57238556             -8.97586564208           -20.5767316857           88.8921523123            -11.0102959674           
rwgt102                  1.30810736627            1.26986739445            -1.12819860682           1.64423641651            0.0669596801159          7.14004493301            1.6809994671             20.7505170704            14.8513135986            91.0235965946            72.3831089364            175.922890342            137.318948759            129.3772106              117.432962501            -130.675170612           0.679066440219           0.0739043247023          0.886996358561           0.47655417259            -1.51628756755           1.0685550326             166.727044813            81.5858184382            -9.67092692546           -19.7853220286           -16.6461296345           -49.9666166134           -4.72086346001           -14.5784373447           -39.1368612714           11.6987896015            
rwgt103                  0.0377193694396          11.396408304             0.686342759546           1.69384398404            -0.0985781102822         2.17682272452            3.80253859547            -8.58742619911           13.0374538581            127.012889371            -164.9323567             1.41614517207            -132.200712715           -96.4399867293           -76.87163206             -118.200946212           -0.81143220622           0.657568520193           0.885271961181           -1.03851124596           0.188212035063           0.866503234867           72.8284696202            -167.010794139           153.80928015             13.1269785652            -15.2523232589           37.3097145385            165.096030731            -119.312320588           80.002022818             -125.035875737           
rwgt104                  -0.539325159812          3.20088712058            1.57039094027            0.575424828595           0.147135622096           -0.496558090072          5.51519679238            2.06452783545            -7.95213167863           149.268253416            -17.3192539036           -43.5954748985           -90.298794291            -119.819378335           40.792913599             120.692438459            -0.810531040384          -2.12310754497           -0.11621522363           -0.00222434821014        -1.46722702838           -0.919645237388          55.6070622919            -145.179263877           164.76759996             143.415237729            -90.0485378626           42.9285927693            1.11695925593            -62.8636467213           60.4941432198            103.188188476            
rwgt105                  -0.483810690973          -8.26172486291           -0.762782957691          0.231624473109           -0.130577234981          3.7475185045             -7.85241986798           6.95796134497            -20.1963730301           -120.922759787           -157.434962891           77.9227944929            135.57994243             37.8478681144            -53.1044320075           38.4705349638            -0.670153661906          -0.298118099241          -0.703627176638          0.476507547187           -1.59195593303           0.918994383237           88.3417590012            128.597275079            165.14154721             -52.2257038335           -42.1724415545           -174.796372169           -84.1018488328           143.549855194            -161.185460278           153.694178875            
rwgt106                  -0.0630124682196         -6.8385528569            -0.0627338103959         1.6979983769             0.130587950845           12.330507618             7.37219685387            -19.9472560228           -13.5812144447           -52.412404095            74.8079303806            5.67148652629            6.88378138805            -80.4062370648           172.563737448            66.1619474631            -1.09279709602           -0.313688983101          -1.01846653855           1.24071389949            -1.20213822422           1.65295888731            -46.8928652058           -55.3123281392           5.75340650172            -28.2190333693           107.089709228            118.522928019            76.0698270424            -78.0016971407           -164.536141462           10.4372737504            
rwgt107                  0.330584193127           10.3699319254            0.255696642979           -1.51680533587           -0.0629882538356         0.672178709695           -6.3356059025            -19.1267259962           -12.8426097209           26.0808331593            145.994648891            -176.073009346           117.511873299            -136.292348546           20.7920076033            115.884296993            0.720053385476           2.44595495498            -1.29470097189           -0.583761772517          -1.54665706647           0.837151860403           106.456652533            178.944499761            116.640754578            -169.276788893           -168.343740616           -2.67359233202           -150.67943931            -56.0700475067           86.3580542632            -65.9815153328           
rwgt108                  1.04834161606            -0.435963967143          1.49317576059            2.22641733684            0.0194201979961          -10.5802366819           -7.05787405309           21.7987911329            -20.1309330772           -74.0794819356           130.458422021            -81.8861262326           152.875973965            -165.8301995             -42.9691453272           48.3452044102            1.14020849309            2.55252210618            -1.22067749119           -1.01516687379           0.150627808413           -0.942003107628          27.6677596656            -67.3422793446           -178.267214722           -60.3979509081           -55.2408295056           119.16167613             132.638320635            -168.638764369           -172.042280433           -92.2120302432           
rwgt109                  -0.644940554078          18.3650873214            0.1478266594             -0.226134525264          -0.081187254438          4.23857727821            9.62771268578            3.83413562862            -19.1916800871           21.8340574412            -13.1257659161           -40.225113826            32.7194053239            72.9330721571            146.111332678            149.136312793            -0.0990312617895         2.41484778515            1.04124888789            0.0307009763056          0.266694321878           1.17114356845            120.751701934            139.248288123            97.2101821494            69.617318608             -94.9767788292           -21.9069910663           -166.809643984           -10.6131034326           128.088155615            -34.5953040444           
rwgt110                  0.22780970952            -19.8877569132           -1.58634035044           -0.0730421405456         -0.147347634958          -10.0065128664           1.28455979736            -6.61768280034           -20.3785428357           -4.18939196047           -48.1973157334           -107.509925503           15.1885539417            122.358101447            -0.446369569002          71.953434416             -0.0832343143789         -0.778259468775          -0.322694787247          0.790014267073           1.14572503879            -0.930061548696          89.4203102821            -177.996883078           97.7159220875            161.594415655            112.510812326            -79.4316500943           -159.152522174           79.2346138275            -124.897330411           -63.3861618167           
rwgt111                  0.463812998383           -13.1869058322           0.265405791326           2.21990463527            0.133726908222           7.81137909409            5.98143385594            -18.9516680692           -22.3244022837           165.290881703            37.2003522782            85.5770732057            167.102287146            145.868701652            -97.8964350164           -55.1888084134           -1.12555524263           -2.61231705645           0.64093564413            0.648353403848           -1.36981928566           0.490556705087           -88.1145551788           -57.2272356595           38.8269261354            26.8997443854            -115.751818476           67.8944412628            -157.419037076           76.8184617108            151.200317501            46.0061729329            
rwgt112                  0.533265882474           17.198723029             1.59970039342            2.23401789349            -0.0999710830764         -3.85746724234           4.1409927873             18.8676033981            -21.4822345475           -155.018260253           67.5035258628            47.4519152834            12.0549882741            -52.8960148338           -142.623380854           -98.6173463918           0.472354973322           0.105137040453           0.331669713732           0.557352021193           0.483025641172           -0.823373623396          175.227729407            164.776589122            -120.810892639           -42.4554910999           78.2343310191            93.0015429445            -42.8451693765           -177.404505815           -169.917999413           101.699855119            
rwgt113                  -0.607745814965          4.7407386182             -1.15529711442           -0.34585255427           0.151483949335           9.5982808841             -6.33513053418           -11.6091014779           -18.6915490749           80.1208858353            18.5788393717            -119.885903466           165.916126836            127.976860313            -63.7657966651           130.241668444            0.460943456901           0.376761595008           0.556278348771           0.473769991124           0.848529361342           0.765278422211           -163.147386943           -62.0004757469           -131.591039049           135.167124957            142.743395071            97.4045610293            101.430343175            165.970393159            170.161422506            40.8808516759            
rwgt114                  0.311022954823           -3.94484957469           -0.283622428777          1.88681874214            0.0824298861832          -9.18303347924           -5.3642149635            -10.0469210876           -14.6525305226           -3.55116458854           -178.446409466           24.3016829797            138.801132607            -107.795681873           149.439235492            0.215048202516           -0.355470303228          0.125463267402           1.03150104678            -0.525107556396          -0.817939055586          -1.35974106865           -58.7618736941           -148.609093865           94.4305647638            108.375945326            -65.7011011131           -151.5401617             100.26715411             95.1460545254            72.6330891493            36.3499887707            
rwgt115                  0.866461635729           15.528542482             0.188636971262           -0.293456025708          0.0381509119192          6.24781143982            -5.61947272219           -1.05474253751           14.3289016251            98.5612558956            14.9191682564            105.614313066            171.960063565            57.7705757115            138.4714669              15.0167684005            1.02895118872            1.2845511385             0.0323065981557          -0.814052249597          1.63607580319            0.211887639993           -48.0024851945           -161.998156528           171.763434831            129.991641379            -52.3856903705           -16.7792090004           72.6816313693            122.33728896             -112.899203463           -70.4301370166           
rwgt116                  0.0261764610264          -13.7870164464           0.666573001432           0.21143183114            -0.069891987494          -2.01538510929           0.178737588522           1.88281600292            -2.40296748703           -73.3426188319           -151.18579081            -107.751464006           3.42524859875            5.19051860224            -92.9506993112           -105.893798603           -1.20563445369           1.24396824977            -1.03189501248           -1.01202000772           1.33796089106            1.12385316873            150.24976849             65.9447569276            -104.687963622           162.256834244            -9.5733887505            -88.1011723489           44.7816593482            72.2182421303            112.952944366            -179.191863359           
rwgt117                  -0.26233699935           -0.808824796671          1.65566703288            -1.77696882122           -0.0985270053714         -6.4236354488            6.73390202097            11.5488436732            3.72549884066            47.6922162594            158.663690593            -154.059215432           58.248986978             110.068660531            -25.6887060312           93.2095527221            0.313868871733           -0.331016149723          0.510290352834           -0.221801271038          -1.58996230878           -1.48958734607           16.6029018168            179.311840706            -40.562954313            130.337012927            133.959813264            -24.0374113503           -157.587551679           -125.097139017           0.497853087394           -60.3365329955           
rwgt118                  0.841455243171           -13.6321405178           1.74915211735            1.96591287102            0.151932704996           -0.631398726966          -4.3862295516            -7.81008218462           15.3570388653            37.7716825761            -167.530475497           -31.6279428814           -164.880930545           -176.199950787           -124.096472082           123.740274758            -0.595292088681          -1.9878218528            -0.688376636323          -0.0851952159914         0.51921962712            1.41320203531            -82.6541965002           -23.0236473643           144.554733837            145.587316129            149.910395358            -165.51188629            -165.868631771           112.916735406            109.864416292            -108.97126255            
rwgt119                  0.159157822618           -14.1029417662           1.47010483625            0.915355140392           0.0826276139662          -3.50690935493           6.25776813269            27.0111596823            20.3189678559            -68.9707565798           165.096038678            -98.7911703892           121.180778737            -173.295990478           -15.6984581139           83.3680652829            -1.18188519411           -0.683594628071          -0.487613188723          -0.973025078895          1.1962646322             0.503469327914           70.9002843845            -147.838871474           -21.4925290341           161.058524375            27.3699504272            133.334789149            -83.5788712994           173.845804206            116.823502987            -154.231959172           
rwgt120                  -0.635294587571          -9.73812684807           1.60471747866            -0.692279164162          0.140791611807           -9.8850272375            1.10490954079            29.7319786302            -8.48390052454           -143.543064627           9.46588947251            95.762196873             -90.9658018681           94.0044298213            126.336456075            -17.7606600701           -0.276225424665          -1.73173316911           0.368976931547           -0.238525241611          -1.71306340948           0.694090898317           -142.229705046           -158.25350034            12.2430202013            48.6369321264            59.1585679382            -154.799637398           96.9320415131            -8.23877319692           73.0846838444            -143.426813816           
rwgt121                  -0.0296601452383         -12.6473240395           -1.49842110477           -0.919330716969          -0.0684257506556         0.750501897681           -5.69186239587           -11.8872951286           -19.4424120927           152.301924421            22.0986912117            -36.4535818316           -91.9498705537           91.160911611             37.4366734829            156.900266685            0.871076072164           -0.154083811009          -1.07505312018           1.01497930152            0.330902385137           -0.325166078583          -54.243530702            167.791816667            91.6907586572            -118.998270781           65.9943753964            -42.7837105049           -157.608599558           147.965386635            -29.7593018392           -107.96785216            
rwgt122                  0.00795996068113         1.97224056236            -1.31999757348           -1.78291662214           -0.0360760329619         -5.44367913157           -2.80301567233           18.7932660414            13.2359373682            -79.6790782238           151.754047088            18.3759999441            153.11477539             -141.042519445           88.1339315399            25.3639359238            -1.02323723848           -1.36956719289           0.928384495313           0.391764797106           1.1456911602             -0.539804587178          128.8738716              -112.506660228           -41.409193766            -45.7878897389           -76.3695237116           23.3621042451            -37.6494538563           175.266132255            10.4368819117            166.378186701            
rwgt123                  1.4157118088             -13.0691031802           0.627511481324           -1.20251768331           -0.152451796329          -7.89636096549           -7.71087393485           -1.52809563514           20.1642572626            132.414728651            82.3819313567            -99.9050526372           -91.9806870486           -126.953285971           118.98471874             92.1890517812            -1.16633140491           -0.871603366619          -0.785736334382          -0.639530651907          -0.14028080555           1.53139455946            84.1132600022            -60.2241625166           166.477020801            -168.31882036            -70.6447132446           175.381851075            -7.85182308622           101.980511527            -0.815832985525          86.2308675964            
rwgt124                  -1.43930646558           14.9115128143            0.892636231578           1.32218703248            0.00765833462148         -10.0988023815           0.209707532613           1.40342493056            20.3952552724            -143.930897354           8.59630391146            12.5842675317            -19.1852666786           4.72252710533            73.4848854829            -59.0208191734           0.42475637284            -0.437528726017          -0.500256248058          1.08586634979            -0.614911384748          1.55859632656            107.665643315            21.0901195011            -169.219159226           -98.5575808168           74.5216511777            -76.0658090328           -6.00574626865           147.173938145            101.476234786            149.799813586            
rwgt125                  0.387603741188           -4.26254738572           -0.759668588527          0.456099368101           0.00766480701134         9.01200634395            -9.95750184543           -12.85508118             -21.3974457535           -97.5448247503           -11.353898686            -105.425768558           -59.521497498            -140.331205096           -91.1918149846           67.8289835371            -1.0020260116            -0.510379742529          -0.588901545689          0.068647858989           -0.256372586923          -1.36791901868           102.615031225            -98.6657284963           -42.068445193            -11.2240494743           -127.48881446            168.716230118            -59.5793932849           88.7229860642            63.682925004             -128.107653396           
rwgt126                  -0.999822638191          7.91429248137            -1.17654698691           -1.63817217181           -0.0798168412424         -10.2023300603           0.0323740328113          11.7121464562            -5.59545740445           -61.4819035179           119.001823765            -56.6452143512           -18.1327162755           151.73010432             156.72862821             91.955498387             1.00996584851            -1.98831789052           -0.0436565035923         1.18387842536            0.374321457217           -0.372392130915          168.369557501            65.858132706             -32.1093847804           -31.6558947255           172.369616694            177.201434528            145.728738858            -179.943719841           137.875252681            28.6950272119            
rwgt127                  -1.11300213672           -18.7022391917           0.836053514867           -2.13901999193           0.108405902252           8.12245364044            8.18125256819            -23.6261092382           17.5629212531            16.5530096681            128.395293101            92.6580695333            -82.2240925414           42.8766130228            -57.1240937841           -170.934013304           -1.16291267623           -0.733914714499          -0.985295638285          0.546146206225           -0.192790372197          1.54690465318            5.34250752561            21.430695945             114.391606141            162.072099712            -105.591823347           -99.4974867331           -141.938787145           -78.5461409871           173.029537614            51.7721564961            
rwgt128                  0.939004194297           11.4652764322            1.6793654828             -0.35547894597           0.113835854933           -8.91509248024           6.94746484958            6.22731028873            10.2464533045            -11.6489550525           21.5279638215            107.778696271            11.3511532224            97.559623843             51.0430042792            -114.909343356           0.945265906525           -2.30029118883           0.225150404749           0.472737059811           -1.03764302864           1.03923999561            -69.4225159173           -179.200669791           8.36744490308            60.7374010066            -170.37865861            -103.931593222           -154.486362391           -51.9274435982           19.9566954258            -25.4817899389           
rwgt129                  -0.59315656262           7.72899743175            0.604281395588           1.97969518508            -0.0329900655407         10.0771367523            -2.85852555964           23.3207081604            2.19649549351            173.882304598            112.560331224            -28.3765672781           -113.012533105           62.9862499084            48.7797054396            136.481642615            0.984831917162           -0.35465494787           0.159854132296           0.875700231262           -0.767035953803          -0.182622899809          -29.073859004            -34.5916101414           75.2166975365            136.284426913            144.278254691            -155.969122239           -176.990607358           -33.1236252759           -124.096887682           -77.0260284065           
rwgt130                  0.788773844327           -1.30799098772           -1.06859437507           0.881009195849           -0.0142377532512         12.8387825773            6.71801328698            20.8546114989            -9.33164711022           -169.989836424           121.937094334            -71.3507430155           -175.006929026           -133.350273358           119.062411861            68.7862345974            -0.646405223196          0.0626640292953          -0.591412365956          1.02824250746            1.2413785525             0.174830191425           150.573612951            93.8438497876            121.478143352            99.5015750466            -5.26064816133           -15.4611271581           -62.3608448868           99.5319313161            -43.476878999            -106.105967277           
rwgt131                  1.04539210159            -8.08448454912           1.25456967051            -1.53368585408           0.0767459757459          8.99056082447            -4.66661420643           5.93392651578            8.72873701179            -7.44842099465           -170.793506005           34.2113629775            118.73272557             -28.9509749477           17.9315604543            -43.1573143539           0.220659131772           1.24977289861            0.430267349396           0.667597139405           -0.277613963677          1.47846573026            -144.525833278           -47.6841987383           -125.050023573           84.1786231614            -142.373992256           -53.9496314609           -43.1933140603           -11.5321263446           86.4983704259            15.2898626631            
rwgt132                  0.0361639673766          11.0941442644            0.418099105544           -1.09700649253           0.124494779887           -11.1013767489           -8.51605660245           12.0547414603            -1.58375566892           72.3960664892            -92.4990112536           -159.458177963           15.6918270385            117.077880369            120.003243054            -48.8730981809           -0.166573939099          -0.344468049875          0.465802160935           0.673812942256           1.09916610415            0.156433726801           43.4230140164            29.291457869             89.1193001884            -124.108078412           -166.374881383           -59.2958276045           146.019354227            -72.7231420535           -106.009696289           152.799851288            
rwgt133                  -0.761521348732          -19.9970063365           1.02072024729            -0.153835472406          -0.141452843707          2.088233714              -5.97772426555           29.3082933778            -10.3767745481           -55.2214617283           -177.630299028           -134.331508569           -135.639548678           50.9390318154            39.4605465875            126.230904546            -1.17554855145           -0.955009767592          0.54345358694            -0.339960626654          -1.16909126625           -1.31033025756           -51.5556588503           -120.985663312           63.0565860087            -178.383897718           71.2145444608            109.1482796              -104.241433675           67.6506478712            -146.848941558           16.5082770781            
rwgt134                  1.38403365869            -17.7693282257           1.37866317451            -2.06889985287           -0.150215512672          1.06724216467            -6.46932949898           -4.78439820259           -18.5746177985           -164.27554182            -5.00556440121           -47.5057154687           -115.380440939           18.6187026976            -157.348564795           -129.556536896           -0.780594011879          1.5796555167             -1.22256384873           0.43220137106            0.292652358936           1.20842114715            -141.046188418           115.305732411            130.201380807            48.7811059216            36.6163952742            -78.3168332983           16.2093518664            169.410818938            -46.3112274698           76.4189495481            
rwgt135                  0.572296725348           4.61826887107            -1.62911925578           0.485920594149           -0.0752839612672         10.1473835669            3.2258607365             -8.15485218691           4.21451541173            87.943410505             67.5732581339            36.5255958083            4.91606043545            78.9631205252            -149.315919906           172.285448274            0.786706480149           1.65808961248            1.01732366916            -1.04957587669           1.49389614098            1.62307229329            -172.723488575           -49.0168948489           -77.2677323106           -77.4386418477           -172.885325802           -73.8978980398           33.0146620786            75.3117012068            166.482464118            61.2453265677            
rwgt136                  1.38710259047            -2.56319282666           -0.81520940126           -2.09539501756           -0.0761842651872         -12.5211740277           8.36380281216            -0.914800988441          -10.0809676188           -169.442624502           -143.2724029             121.876128732            -137.125617887           -49.3795736524           -92.2764418574           -53.6505770952           0.951988180631           -1.07609643415           -0.246047821912          1.10748609229            1.38687631508            0.913755162369           4.22477082312            -11.3975658656           62.5070499136            102.280621226            174.75443366             -108.84117553            95.9976756992            -45.1248540599           -28.5339318944           -25.0399320354           
rwgt137                  -0.864664231174          8.43574949699            -0.034451040855          1.40085413491            0.0595317444856          7.30686100009            -0.262309164606          20.6902522607            -6.23288953943           -78.2027416083           160.785822636            -139.1642362             30.6277050128            -8.56250900609           -100.309400671           157.44833657             0.844514249003           -2.34969017272           -1.20092315125           -1.02365428177           -0.64196404719           0.934085889947           9.78639279194            -97.0066827493           -40.9469157673           151.503156831            85.5790597064            21.0591651085            108.461897768            -41.6021623074           67.962864614             79.538074325             
rwgt138                  0.319739799238           10.7593061018            -0.269515521966          0.178631664197           0.088110582242           -5.61233127123           -7.14939307568           7.68576786069            -16.9775946505           -79.7242089509           149.010033378            174.65350874             -93.0487675968           95.8669293245            -73.3167270994           -139.764822852           -1.13510577919           -2.75938215397           -0.997760936638          0.60182009955            1.24341583721            1.16580072554            -28.9943351466           -98.7197737176           -130.161735262           -96.7702728588           12.9760447692            -166.166949496           -78.245981141            -119.373931718           -90.2762677049           -169.301999714           
rwgt139                  1.22670855362            9.95058291688            1.27455200657            -1.17652421807           0.0422478289185          7.68019233962            -5.12630789558           -27.3664758642           3.13155794617            -110.207559279           165.159392517            24.1338214702            -83.0452467036           91.5204250174            -131.167989784           131.475321582            -1.16195494238           0.27838764286            0.418088466888           1.10960983393            -0.84503178449           1.30508292029            -162.896553783           -66.973863829            168.111303255            -110.034558679           132.419176611            -139.247718899           135.282317153            17.3192579412            146.910380391            55.8968919529            
rwgt140                  0.573131091853           -10.247838879            -0.81483191693           -0.709526838833          0.116813875831           -6.02177192416           -6.24030559588           -27.9064440263           -17.1646671892           -144.512652263           -90.5764513076           -104.574769756           -27.6713906453           -85.7038263468           104.594689561            140.883605484            1.13392309341            1.87052581994            1.2025122072             -1.07798495191           1.19552017459            -0.584486093575          122.904518486            22.2166212615            76.8736990728            62.678218352             15.6466512081            -115.148524593           -154.711755175           -119.754875169           21.5900152613            136.078156503            
rwgt141                  -1.40084087692           8.34443706421            -1.01320704021           -0.239016972322          0.00896373546341         6.85352016124            -8.13961514833           -9.14157778016           -9.44925259268           -61.7675912414           103.989727664            153.200125107            -85.5633534954           152.871497833            -25.2072517614           -153.320963795           -0.584835003153          1.59033815399            -1.29038357685           0.592730005725           -1.40326868291           1.44742318495            93.0752509829            -40.5230485359           -172.564786141           -156.792999066           126.71729381             -174.573664393           -54.5865376832           -71.9486515649           159.740878675            150.03207476             
rwgt142                  -0.410652756723          -4.82910381216           0.292586979627           -0.422677693046          0.0957204136816          10.7379263127            6.56617726508            -25.0786068662           -19.3713327857           31.086330675             -92.4005905773           -144.696818083           -92.0940437207           -56.775697933            163.681959538            -66.8489227532           0.523277356702           -2.21992629488           -1.2326492799            1.00551991238            -0.00760376965391        0.285667308002           -36.8674486913           -107.708632227           22.5615141574            139.107986991            144.867498334            -157.009124033           108.494402653            -41.7746600859           113.309859975            44.1287282038            
rwgt143                  -1.40324887007           1.6638940907             -1.24771878753           2.02790188512            -0.00128211883421        2.40040071817            -5.65030715691           -16.3375536052           19.0748560859            -104.867488909           -168.522346145           132.407429062            -114.031484457           -126.441835181           165.223859541            -157.027961954           -0.646303153058          1.87017233058            -0.869204166195          -0.453098703599          1.31358730034            0.623109132249           54.8601663359            -7.30056285073           -148.44919842            19.9070800486            -150.422264163           -131.446759897           173.93846871             -130.336312575           142.197154462            95.0745310337            
rwgt144                  -0.747984504746          1.02962026011            1.69808361275            2.01788362475            -0.141144344689          -7.3164178465            8.12729645506            -18.9258411656           -18.8715541417           87.6748033986            142.642103676            -137.456441699           -15.1989733971           -83.8460266723           1.36505052057            73.2949624843            0.408421142028           1.4676552126             0.619034273655           0.127190573986           0.841490207594           1.37630060396            -29.4505608322           -161.11796971            136.890418662            22.8295059375            -49.7602080279           155.472273672            118.998619374            -165.6822127             137.64768533             -90.3011049236           
rwgt145                  -1.01534218364           -12.1649557422           0.287734816888           1.96255412845            -0.156581272336          -7.96264768668           -5.28031676299           9.20847373718            -17.4212221703           132.736892403            -38.6068716652           -16.9421289102           -93.9479869428           118.705731346            24.8757670996            109.03925409             0.673194368726           -0.548349270969          -1.2711955527            0.273086963106           0.675731850168           0.492985429167           130.224054326            -165.055998825           29.7033475629            13.7557270463            -26.6470403636           45.744759308             -177.89507775            -72.4989536413           104.444218663            26.0363602733            
rwgt146                  0.826173972705           -1.54180113566           -0.58196821625           1.6927030285             0.0900790719979          7.82811322747            2.13431418779            -14.8503596043           8.32827313675            -23.5047321798           -108.458373124           -0.286521576954          173.480433736            57.4370823462            -37.6140410837           119.326490376            0.475458293446           0.576365308888           0.255639618075           1.10924842485            -0.341831512023          -1.50994047176           -74.6472698215           38.2638084119            -33.5656510155           149.643629247            -53.722627332            -69.3852146073           -141.971223433           -116.331466317           107.00007299             82.258475609             
rwgt147                  1.26514937468            -3.74544440593           1.40639415019            -0.801338119417          -0.122508966657          -9.85366637737           -3.5988321474            -23.8938643072           -8.90043339887           -39.3843240141           -20.200617924            -87.8004971154           -172.781465363           11.6233788252            90.1161957508            -11.3232862571           -1.16382800412           -0.319244310424          -0.583088291996          0.0898937234269          1.61775005351            -0.0171409798034         -47.553755147            -54.3598269737           -36.3210732749           105.94372877             -136.627308146           54.2783452005            -105.694900765           -40.1155215359           51.7325247254            -53.6674545714           
rwgt148                  -1.22818642062           -1.31334775677           -0.511484458435          -0.75689840399           0.0896653981384          7.10751676419            0.353784312124           -11.2658094779           17.6147988805            153.862927316            28.3596361836            -122.466402488           42.7904194168            112.670298339            146.296205271            -173.375740691           -0.42502797612           -1.81459534257           -0.860301046926          0.138355181733           0.325768827917           0.858128792372           36.9730623517            -35.1049701449           -27.6282162371           120.171974393            -81.2356930247           105.483153238            57.7368693114            -15.1690000775           2.74876958393            -172.120595695           
rwgt149                  -1.04526131527           3.29539414121            1.43047382691            -2.09175547033           -0.0148110997397         -10.4809658642           4.47182747433            -26.6058082955           5.16442017044            -37.2277746586           -130.004195177           -75.2625510118           45.1115280554            81.4180560428            -3.33948864471           -141.826144722           0.17980941519            -0.0992924308978         1.10267400576            1.1720706716             0.188067747021           -0.293446220207          162.590313879            26.9337717371            77.3132973079            26.9723451529            51.7040216094            -106.901255464           -105.996408697           -49.8433148127           139.97870694             143.649923157            
rwgt150                  1.39316017158            -16.9183210995           -0.74535680063           -1.95357467019           0.141921833561           10.6557535709            0.424457890976           20.6708969639            18.642817104             34.9253314721            -79.6677586594           -107.988469542           10.0392600417            11.4444874731            176.204859357            -47.6114842144           -0.584068791064          1.51450481686            0.193194178883           0.751119211532           1.19171324163            1.41543698133            -88.3283969197           83.0777671893            -59.6926800297           12.1561907945            12.2452271673            -110.718461869           54.9607595388            -112.033000544           158.781022082            -157.660102809           
rwgt151                  0.743017171045           -13.6761730203           1.53301682924            0.507032326103           0.0378682712663          6.19835626982            -10.1666284869           -4.53080330412           -9.89082283512           105.234840862            -164.10655178            -8.10684991284           85.9090465851            -131.511395457           -138.558795583           139.051912354            -1.05749550012           -2.52058632254           1.12439466755            -0.250344565352          -0.042107987621          0.546803418296           27.3137142628            118.890875877            -127.837539708           -107.225987902           -146.494330937           -46.0119817352           -92.6710032077           108.642596662            63.3145373311            -167.157918927           
rwgt152                  -1.07382928775           -14.4693342611           1.07284510949            -1.26235418408           0.0131151096215          9.53796380785            -5.59442475461           -13.1056431454           -23.03489699             130.334145794            146.657070784            -177.242547596           109.961352793            81.5832790057            -103.945157444           88.865537045             0.443555714045           1.78772229865            -1.09717859327           -0.260117119718          0.491890443393           -0.0112373458732         -38.1746626832           -26.9993113003           -61.5447914539           162.497941099            -60.7208277077           -78.1818073428           -143.869433437           -69.4163945292           -68.7633599441           33.7768024874            
rwgt153                  -0.853357101817          4.4419295758             -0.54068737924           1.14729910485            0.156669692802           -11.5202836852           -6.65190856633           -1.54763357636           20.935800839             8.45201725933            157.113232774            -84.6275616921           170.463890195            137.215583525            -175.243245218           115.755009147            -0.265294637945          2.16267488729            -0.566556425702          0.25189668897            -0.490401878376          -0.795222058535          127.574905644            -41.087243204            -50.7979798654           -38.6858883804           21.2443457209            146.95636093             -101.575420717           -146.098853535           -5.75714808737           8.03158885564            
rwgt154                  -0.220545524789          11.6082784252            0.0376819778921          -1.41049033832           -0.123117564384          11.306711898             -1.38571161227           15.9219091926            -7.95006146874           -102.527089614           -4.03712326479           15.717255386             -114.295265534           -130.350705967           120.018053514            -36.5935245221           0.164480045167           1.32050153824            -1.00867181073           0.556827963865           1.14827800807            -0.520061339227          90.9882797594            35.0453072132            -134.937583298           85.6380731021            -91.3322692555           -61.328393677            175.83333625             -65.069742634            -13.1609983961           88.8250990325            
rwgt155                  1.14092806366            -10.0607598336           0.520690297315           1.18948308106            0.00326703720611         2.75464920873            -1.4653000875            22.4733278272            -18.0852494477           -73.9790866352           -97.6277167775           -23.195119439            9.59133206534            -179.395959901           -97.63382793             176.623598001            -0.0509476824728         -0.551073434235          0.0828633849342          0.314461524004           -1.52502838621           1.60837687281            52.0942955628            -115.684760462           -38.1767370921           -157.598773924           -42.3641529109           83.8907540121            30.5861040823            9.62043666802            53.4280109864            -117.693858323           
rwgt156                  -0.454159334696          2.31847147558            -0.00610798864358        1.17047121579            0.00352204453944         -7.17929214968           1.67396683789            -4.71174276629           18.2312881121            -65.9355925564           17.0560062469            102.209403785            32.7205777531            -142.262842703           -172.057518799           -3.56935274586           0.878976808637           2.22430673527            0.0029814899061          0.774903706702           0.154580173564           1.07367193003            -141.846615103           157.313316623            -126.972117735           127.133491892            54.3582242793            97.2864523323            92.3751880535            18.6860457202            167.655845268            18.490316546             
rwgt157                  1.00249451369            -17.8974815116           -0.772354777302          -1.56508618769           0.0854265778686          -4.70746850987           -0.244922950819          -8.36909171888           -2.27511068159           -15.851997241            66.7445088362            40.8581438738            145.012571459            -33.5352666799           170.193769173            123.782408677            -0.406770423102          -0.876221108727          0.395142537849           0.409897471418           0.376595086889           -0.643223043358          99.3062909299            -67.3393299615           83.6867173294            144.007360618            -15.2412432098           4.81073467719            -60.2489965314           32.0991581994            84.9811817122            48.774034902             
rwgt158                  -1.15408415              -3.92700104833           1.11664420182            1.11507596921            0.146739486536           -10.6227597295           -0.883758978089          22.9506049344            8.85776068031            -63.2481735828           27.9594242619            67.3761359433            -83.6136624911           45.5708647871            156.742492836            31.6661205708            -0.484186683237          2.76835474363            1.22419318832            0.375944303677           0.990033070546           1.43377258684            -96.8305519106           163.837431092            29.2941498229            -22.5303607688           -32.0305236347           -171.618904744           -160.107736589           -172.322618494           116.824486019            -119.153759718           
rwgt159                  -1.13220060256           20.0391489927            -0.310473384002          -1.98036121046           -0.0217615249759         10.3998726491            -1.91443858117           14.140782929             1.52955634109            17.7594790089            108.315611134            167.573295683            176.084830682            -100.646416611           -97.9892312871           48.3825837989            -0.81391857402           -0.236398472147          0.15981139506            -1.22882674842           -0.107087769415          0.349364924788           -103.460441987           -157.261168928           -114.203345675           -22.1396682722           160.356779636            -176.98153925            171.87726445             71.2088882915            -173.952340079           -25.5567718449           
rwgt160                  -0.841921896191          16.9321104054            -1.76101713758           0.738896664466           -0.120365128171          4.91221616551            2.60604320658            10.4939944874            -4.10950598591           14.8869656959            -130.77695238            -55.556285099            101.00929263             -17.7575325496           144.832432819            96.8788056534            0.869006743577           1.92818634245            -0.555722426849          -0.0228221356839         -1.36068553819           -0.395424096422          -5.30445536198           -144.990916486           136.393116641            138.482487014            -89.6957673734           -12.4539289614           -25.2046959837           -12.908934452            -40.3375024598           -79.8522030397           
rwgt161                  -0.186542933835          -0.218542637632          -0.134411836114          0.713279223381           0.0678687944449          -9.66777911767           -3.26462251762           -27.4194721724           11.4821030848            -134.548188395           -129.083830359           -48.1554147936           39.0869247082            -133.086299253           75.1178380723            87.6238642995            -0.343107616873          -0.932414218976          0.585059311727           1.17769740961            0.483703804892           -1.25252713094           -123.292619389           -44.1713755287           26.9832511132            102.423971378            51.5426415953            -72.6001467654           144.328943837            177.27686174             7.23203232497            10.3320563013            
rwgt162                  -1.06783530701           14.5116960495            -0.84627359754           -1.85353548538           0.107913703586           -12.4035005217           -10.147828437            24.4088464376            -12.6303164281           -117.310552447           -141.853877273           146.833686479            -63.8446104287           -53.6745937039           -34.9775111222           -61.8131072625           0.482761215185           2.31562687692            -1.25362312944           -0.888277697695          -0.167907465322          -0.937551215075          -133.340424532           124.722749316            155.448711494            -101.282316903           66.3584071395            -175.890764998           29.8261054858            -118.60184603            138.345777192            124.112607856            
rwgt163                  1.38247812444            2.46920652225            0.457787662874           0.267073242737           0.0478939615196          1.19275462085            -6.47052096828           12.0458534895            15.553949718             -142.941952437           162.008039669            138.997423108            55.8840600392            -149.914907792           -0.252974684348          96.827638441             0.334258916771           -0.502005103874          0.965691311735           0.0868647255438          -1.47242391156           -1.61218739117           -72.5440294242           -89.5916304343           -168.974204314           -136.311686735           -54.353952179            -75.3649730328           -105.28840628            -139.848468417           -176.824843619           154.595894051            
rwgt164                  -0.446528758458          -1.51877041628           0.0342608734258          1.37996411233            0.0516061050497          0.507203797228           -2.72858466202           18.1794174975            -3.54008767669           -18.5469991566           -32.4588599137           62.0506517744            -51.9853616704           -37.5347782038           44.5465391819            170.097965469            -0.514190490672          -1.54626781912           -0.051676017501          0.789945601742           1.55419516721            1.04890083649            8.67007793299            114.446292816            -50.9870718949           8.34050711882            -91.8857356046           108.662478647            -120.863792844           28.6255057334            63.0566942665            -104.205919812           
rwgt165                  1.31999773627            11.4108986301            0.718713636927           0.0288321842298          0.0807278975982          -0.250135976839          -3.83723661865           -23.9764230854           9.50124113267            -42.6861768802           -30.5673488654           105.637954037            -88.5193031769           -78.8959421457           -9.7094410795            98.2463983872            -0.778970891881          0.698009280529           -0.669693913323          -0.254202066224          1.49063394852            -0.439579311789          -10.3612922731           83.5617889599            -166.588618766           -22.6880456706           112.197736602            169.747322151            131.91643024             -93.6320917901           22.2304390999            140.807667615            
rwgt166                  -1.09176737163           -19.7729957908           -1.61757676901           0.28382635701            -0.0510060555689         -11.4285686884           -6.83326668576           -4.39234655474           0.805617936194           -34.311554806            -116.202339685           -125.860993497           154.166544044            150.405829656            94.9982484148            179.825370568            -0.573830108561          -1.56803754971           -0.22931541937           -0.766279706005          -1.39327456826           -0.686003432447          -146.793960847           125.443293735            55.8542091359            8.27321554525            -118.502138739           5.53341973628            -77.5987054207           43.6988485848            115.364434757            -29.0708175506           
rwgt167                  -0.295712925287          -6.91405387635           -1.01932377355           2.06991880592            0.0356972872793          7.37344250014            9.85296905768            11.1992274215            -4.17635357833           153.062988109            50.8138771643            -23.0608823375           50.702260603             89.5646438828            -97.2832708734           -169.634578538           1.09641221613            -0.556838060223          -0.263524555713          0.138714659101           -1.1666829612            0.599073089756           -138.185286716           -33.4846182156           -167.178467167           102.363004788            65.4755748153            101.864215142            -107.230269592           115.220134004            -64.5004318368           58.5283844675            
rwgt168                  0.970646511844           6.49768065036            -0.509563281141          0.329279848332           -0.105805602821          -2.41337619331           3.26748186716            12.0836344503            -3.05809158549           -17.1102079838           -58.9831135366           -44.2015670179           -103.75421196            -83.0650972687           -111.519695203           150.111155485            -1.03166991828           0.532228571949           0.428498164474           -0.0880618693043         -1.56282700247           1.04661254037            84.0905442661            -84.9238626287           84.7227361479            3.34376084182            3.87663294885            141.561108587            -27.031009088            167.981487007            -135.635785714           -72.8470902051           
rwgt169                  -0.505299039184          -11.5374049813           1.2944391272             2.23848644757            0.110000023017           11.1166610477            -10.0620877159           23.859016493             -7.04085962736           178.689314747            72.4381063081            146.210078576            37.2278439606            -147.727648503           75.0323380746            159.635548273            0.892472122607           2.37660651149            0.7977589279             -0.463808252062          0.829716875608           0.0376573075919          -159.947997421           -111.467822146           68.906240435             5.8450732579             -18.6333854163           64.0885585287            100.402379091            -148.894258815           -105.275402183           -173.105042576           
rwgt170                  0.656978718375           3.69543477519            0.45651536895            -0.641928749937          0.133731484193           -8.99805760852           4.50627716159            1.233029557              11.3554489571            122.253030631            76.0954592142            -38.4801164194           167.317993238            14.1875508971            178.834463319            167.873872072            -0.857606660062          -1.39490731744           0.967400403696           -1.01534988831           0.434023775822           -1.31527398846           142.770888331            122.811264266            -164.551157445           -8.33618545323           -90.3526696482           128.854532186            66.5761727039            89.7726980202            -74.4032357284           138.032160713            
rwgt171                  0.435936206776           -14.5177479191           0.547901415121           -2.0467352088            0.148217067212           8.50048111167            -7.57302255853           27.032781486             2.98517663629            -108.343646731           127.557868921            -22.0220902312           71.2170595309            -52.3072458801           -178.948274431           -107.416689595           1.0002477881             -0.637925317271          -0.907244717913          0.21501573793            0.33247855529            -0.599204279422          52.1456173069            -55.1615511031           168.828475798            -100.673796198           -57.7649504183           18.6220288152            -145.133548013           140.7550467              -96.4669139637           72.7099432863            
rwgt172                  -1.08544076075           18.6424769925            0.622954752965           -1.08575946834           -0.0767112812083         10.7054931567            -8.51586958972           -22.1159584934           -8.02081366714           -76.9706356219           131.54283383             142.783878533            -148.949512071           -85.6600336715           54.098022115             -139.62757656            -0.346865522025          2.51192303251            0.994363590487           0.48704558602            0.104108443478           0.327990906916           -165.110638842           121.989622335            -174.964259807           -128.496421069           31.9668005088            -59.9934335777           4.15462469648            -47.6517173511           21.5082066277            139.328064922            
rwgt173                  1.355912044              -8.30308301831           0.783922392297           1.21688077548            0.0595010490794          -8.12591541332           6.26014162857            5.51727005089            -22.1414564741           -134.015710674           -151.176482899           -49.1644206903           76.9622958331            56.9744228347            -35.3597464692           -110.400695533           0.984847081407           1.83611469747            -0.0760731041723         1.19448603785            1.03457850832            -0.610484158048          -26.6061613778           -28.9949055052           -120.617204149           153.668982358            -25.8464640368           -12.8356782964           136.9483618              -179.132166389           -5.51375937629           51.7410325835            
rwgt174                  1.40360598226            -0.734926014147          0.497148847638           0.722513238517           -0.0945001325882         -12.8749901741           -7.17627544629           25.7040946821            5.06027137021            -157.848930917           128.608908721            127.632220341            151.651473995            57.4059050158            81.2237160568            154.985967144            0.904715131546           1.17516023056            0.0258898376032          -1.18480816107           -1.54503750097           1.66393018416            -144.304360516           0.0488284106127          109.711819209            125.627485725            99.3432025403            -142.639027753           158.890778006            38.1754065134            149.317954993            121.071673977            
rwgt175                  -0.929211723617          2.57436798758            0.418516389154           2.09593590252            0.037374481125           -5.08781222746           -4.06763331859           25.3993483559            17.3747070482            -57.6381904051           -179.72905916            122.609347182            137.494262325            -11.5902423841           155.575942707            -7.7695058479            0.681551791239           -1.35621867091           -0.406447457854          -0.26239151044           -0.137992680145          -1.40270902198           100.954930455            27.0222094707            -62.0520090999           -16.1556416764           -82.1119864477           150.649263115            -47.371792697            -162.161831754           83.8388289744            -151.548002615           
rwgt176                  -0.190744311034          13.430365644             1.47860157429            -0.015578262546          -0.0794927773249         3.90631321582            8.31904025666            25.2087771766            3.93856027798            144.07721501             146.104919256            27.6131884142            -168.551883201           109.215320632            161.341915178            161.958175872            -1.10729231564           1.2079104787             -0.531756793145          0.252029086429           -0.179554687412          1.23790602488            44.0762252518            -53.6034725949           24.0658077518            178.471342017            165.904644094            -18.8097560344           169.051708576            -106.022312989           -81.7297733698           -18.0128652058           
rwgt177                  -0.692013262635          17.0590077203            -1.51490419181           0.297935433894           0.000758534361025        -1.19116727585           -0.269274483701          -3.23551223831           -6.31549803551           136.963618183            -12.5920299595           155.56254713             -99.1004040673           168.298209855            154.795613489            130.788044912            0.463481826384           2.34016811894            -0.929964355172          0.666807288677           0.527077328452           1.64586502035            -121.054803058           -50.5566466626           -131.636760236           73.7275328684            126.124307699            168.140551553            120.3465906              -8.02174535448           98.2033043241            -77.8453888186           
rwgt178                  0.411618357939           17.9757265176            1.32082273299            1.60720322859            -0.0444007206751         -2.11863666971           3.68887496544            -11.399490744            20.3390301462            123.122396082            178.66802795             58.1125300845            44.4207187248            -173.038106552           72.9612623473            75.7168296589            -0.293668642337          -0.0791605427884         0.0907793960404          -0.450770435521          1.53519721278            -1.20300035874           -9.28084330632           105.271068478            -57.1001285993           34.9796721772            -70.2403171021           -124.87521866            -114.485912157           -6.60138009057           27.8840340307            160.547403377            
rwgt179                  1.231251509              17.8660513638            -0.373171519426          0.632129302553           0.0753199425068          -8.67544045637           0.613534629062           -20.7617581824           14.2504502411            41.1544825584            67.7986368616            -94.3545129364           -46.7895238844           106.221568357            136.645778031            135.10114578             1.19396094405            -1.89048352382           0.0343792993712          -0.293756019507          -1.17029642541           -0.970759502796          -113.552213694           97.6236525302            -45.7569779236           48.4029848075            -33.8910905971           -73.6590928718           132.109392732            -62.0116777302           -150.022721593           -64.4934840107           
rwgt180                  -0.971700389143          6.92437681275            -0.277900090432          1.20721699129            -0.0759848871285         -2.30997966084           5.84662134165            -13.095909036            -6.88578840215           -168.006901313           165.092682235            154.73134179             -79.569574603            -21.2418657747           -139.726614603           86.7568133136            -1.15583668623           -0.0221548969096         0.106285232234           0.33396751472            -0.653706022285          -0.933947382239          -32.2405528921           139.809379886            131.256996018            -124.539528133           48.34680941              146.62191349             86.9327281967            -39.2017332727           -142.636781393           -87.3777265563           
rwgt181                  1.10278957449            -10.7662947209           0.905317835629           0.829998326532           -0.161072961415          -7.90762106551           -4.8526603921            14.8893970674            -2.83651808642           88.0050468552            128.203981629            -55.7940299598           30.1035822078            -149.775234197           -112.439349041           -76.5654123836           -1.16668758831           2.6738458378             0.94317477961            0.180343078561           0.71966292996            0.316502075654           98.5397624954            81.6859084021            -109.505139652           -133.636786007           95.8646927716            -142.6757185             -93.2357049362           -29.0067505008           177.261790227            -151.107999672           
rwgt182                  -0.462002192662          -5.90048844695           1.32568239597            -1.15591235142           0.122064459671           -8.57757518653           7.93687436663            26.9604462958            -13.5744914997           114.453061551            -158.900083987           104.54240174             68.0422321635            139.751405976            105.774857924            -70.0362156955           1.06204514536            1.56176325852            -0.773376561579          -0.675702369407          0.600335725684           -1.00591896952           122.908675163            25.5148933774            -167.093168948           -98.5416523774           8.31527529969            55.1945428552            103.359284901            115.052989488            -46.709597747            -138.413170242           
rwgt183                  -0.483631660946          11.3836813495            -1.75756049164           -0.109982853274          -0.0682724419918         12.7847926768            3.4188910343             16.2465114114            14.5479219421            48.2393572311            174.999757062            86.6304830945            -44.2772858289           -153.253779298           37.1835735355            -70.1136807725           -0.752846759983          -1.30343954423           -1.0791005057            -1.05410203571           -1.64445257463           1.43719888446            -138.774014399           50.9946240901            -146.061008979           57.6571952778            -53.1074707535           -149.194672726           -78.5467811001           -113.382339099           -136.487042026           7.80156138768            
rwgt184                  -0.0755349034093         -4.20775633429           -0.980579702212          -1.81925700075           -0.115678986593          0.664393337478           1.44873506436            4.4530538719             9.6936268186             -163.767536079           14.8769558746            -21.8573969596           -58.6754827392           80.0345330934            -26.8586021493           56.5772405251            -0.527055270616          -0.192471971015          -0.267921087059          -1.16250186449           -1.46359337884           0.511269704933           -156.732452686           -31.5047350209           -34.6939333495           -81.566106882            179.308948808            -176.246065138           -126.601468082           96.8323091404            142.507814025            -174.772994647           
rwgt185                  1.02105289168            -8.41788844539           -0.614461302296          -0.20737068929           0.0170172623157          8.16617350257            8.70066312601            -20.6630049885           -17.6034364439           2.8009024747             -39.0277675613           -57.3175424159           166.831683257            -48.7284612447           -167.218094778           23.7630564379            -0.514653686552          1.13369473049            -0.503931013771          -0.640337840557          0.177760929709           -1.00428881965           55.0838655494            -6.15414925852           172.811985232            89.6499021544            -134.011085824           -16.5441210865           152.729158422            -133.554466227           -46.7000671249           131.249642505            
rwgt186                  0.978695029985           7.28068859531            -0.440351212862          1.39221008071            -0.0882761798305         -11.2276778082           5.1537435499             -7.39889747916           -14.3201409969           -54.5810091318           -35.9677838316           -28.7083723401           -13.5667367481           -115.40538216            -108.225632784           32.9777907681            0.314173526204           -0.507068685626          1.0129039806             -1.00189651903           -0.901868292159          1.54263445171            -169.459964594           89.4084737622            17.2990978148            26.7940380313            -5.6230847348            174.054948594            24.5299167077            77.7043277891            -95.6945955567           -7.12078863411           
rwgt187                  -0.747692208476          -18.552831672            -1.70055008438           0.125905046685           -0.0328928125707         -5.19454953539           10.2414150247            1.86916706778            -21.5915445032           -120.395175526           50.1296786549            69.3567549114            94.0124345624            -85.1232742943           -168.684713542           54.0263572483            -0.93690285113           0.0146198619392          -0.0701431852481         -0.980287809212          1.26647408897            -0.889243569279          -165.885331684           -63.2825526617           -140.210664488           50.8943224603            169.448800215            -5.32243127447           -16.0057004024           -151.43073301            -125.962640705           -12.6039451184           
rwgt188                  -0.324218021332          13.3473929281            0.17499958515            0.864065576802           0.0623143207876          -5.78887940954           8.15065287183            -16.0809565594           1.68841545441            -128.045095712           12.5433336606            -32.4605651055           -88.6921015465           -113.575182273           -88.4059617138           -166.432438098           -0.430415946327          0.718691979768           0.173853324961           -0.249378598841          1.44062777193            1.15454314173            20.127260512             -75.4184541183           36.0228619755            -99.5688105649           128.961500776            36.7258152663            125.18028828             175.074858112            50.0776093731            -80.9471410761           
rwgt189                  -0.672077613775          3.61188051179            1.18958126304            0.471661736845           0.0565474694915          -7.70826854566           -8.30785892173           13.263988915             -10.19569607             -13.0436867968           157.963359047            50.6991188713            -23.4305008849           -154.872111497           142.200163558            72.0259518618            -0.671481797552          -2.63785093354           -1.11755198343           0.600876488719           0.684286289787           -0.692169150308          10.7010479672            105.57080786             -120.601903666           -168.42734577            -157.680155075           -116.015470128           -131.74898873            151.151339406            -151.07368675            -163.320747973           
rwgt190                  -0.466957179786          16.181990254             0.27676115508            0.768238163966           -0.00486648127224        -12.8731970738           10.3290087682            21.8015424133            -22.8070871873           122.152142398            -19.5094662049           176.149110461            -134.567446162           40.6137180678            36.9618100704            -0.397166492738          -0.0415398021546         2.68503052192            -0.681340449119          0.146767314584           0.656920541331           -0.471186212148          -1.4659488124            160.858644627            -149.837249063           -47.1936150192           -20.0174380836           43.1507563464            -87.425492267            78.0607715407            -28.654572793            -98.7328762884           
rwgt191                  -0.929592169554          16.0176638463            0.803882341676           0.629363259168           -0.145977683971          11.9826527302            4.46023891255            -5.76437364924           -17.9842051392           1.49050838355            123.405394905            -33.8622124299           129.362056368            115.563890307            -143.059365705           -178.984222684           -0.460440846442          1.80503591531            0.0513555952673          -0.484993562403          0.972554138209           0.0572170325775          -131.572754213           -52.3118119242           -81.7882747608           -164.379105741           -41.6372331733           156.537258928            150.592375146            161.323666881            -7.2887940586            -64.5038823462           
rwgt192                  0.261359957114           11.1484602584            0.328406255031           1.01651058035            -0.0470185217387         -8.07119058509           6.04362606999            18.036730767             18.7081384152            0.191499069305           -136.873409577           -44.655152076            46.6730074467            5.96750309804            -40.028155274            -149.210984474           0.972078309913           1.40914041546            0.962709685651           0.741662268835           -1.2333685109            -1.51458261381           104.750017355            85.7971183315            167.335123635            -117.793074494           -165.21772658            -38.4697673848           -170.767689347           24.0370555699            -50.6059491085           -120.314862545           
rwgt193                  1.25902652912            7.33551107198            1.3099104232             1.5646115863             0.123973717402           -1.36288366245           1.54441802221            -22.5477475887           -10.5505139533           90.8656359178            -122.970378252           105.611657193            -125.56877135            -107.394466943           38.6125011732            77.3000466058            1.02558488281            -2.64737881857           -0.132530677013          -0.0959937015143         1.39301049399            0.176426032692           106.378715036            85.1962756641            -1.26103378858           108.104972401            -117.315741992           71.5904504659            57.5175118935            -2.34178544475           153.037449854            13.1166885037            
rwgt194                  -0.0725828026637         18.7367880612            -1.74485808658           0.359796323567           0.111044286874           11.6624332824            -10.1023610967           4.61976249934            11.8631964279            -29.9943549026           59.0153787033            121.305271578            -160.553961854           94.6023353243            -166.627656074           18.230054838             -0.365677160972          -2.17586105331           0.810972813597           0.782571863001           -1.27239982342           -0.60520629689           115.986188348            -113.674950898           38.3537087117            1.32771600661            -99.5327187486           3.46127619717            46.5235817822            63.4020343339            22.9103737917            -93.3316788213           
rwgt195                  0.401612076125           -11.4262707581           -0.427800609503          -0.598774426097          0.0177095879037          -3.91832595491           -4.06068362887           16.5150476568            -7.63663278615           -59.6253665023           -46.5758584731           -94.3251345902           -128.691615373           -37.2750830349           -163.453679198           50.8313894336            0.298281716022           -0.0821172845893         0.706428419156           0.737190091575           1.27867818719            -0.311466915884          -116.904137316           71.5543481312            7.91418330186            146.149902297            -91.4526935076           -28.8016349058           67.6064565439            -70.2556111734           -13.3633647605           57.2789203926            
rwgt196                  1.23148484025            -19.8101946642           1.2631245855             -1.39008331404           -0.0767173843363         -9.57430834083           -9.55493759083           12.1263134925            21.2894103364            2.64180657422            -50.0413101512           96.6061718208            69.6795918609            -109.593647054           -23.8280777613           -151.120694748           0.215733473437           0.18861167195            -0.896182543739          0.309951122248           0.891897944364           1.38430914022            171.900868072            76.3894517041            -146.131042043           31.3697472778            -137.410255806           179.371986588            166.393347175            -130.068635875           116.38655704             137.268930224            
rwgt197                  1.24270433717            12.8708765417            -0.671280159474          -0.83216285768           -0.0397510678776         -4.60738447786           7.35264615789            -14.6665484951           -22.030740297            -109.100723566           59.5536477576            -114.706004531           -105.752382594           -60.9600090283           -102.637725701           -30.3893605061           -0.47863730649           -2.55307399781           -0.202769956533          0.270012154272           -0.899557506343          -0.275349481674          -24.6805467704           -115.265260255           -119.619478135           -79.4603526994           153.90384719             111.23231414             96.5021621273            -139.9065723             -75.9500216169           -13.575591431            
rwgt198                  -0.0868169335148         -0.293106237103          -0.413187180558          0.503764111228           0.00704475684715         -10.6597777258           -3.86335895474           27.9120198214            21.4329441011            -30.9520210479           170.19264495             146.717530182            -24.7571890895           118.230605881            -62.4545323482           -32.5021165276           0.320087703859           0.203330891178           0.488576794384           0.516810901648           1.0420510658             1.01887182851            -46.0989682294           -159.845702143           77.2182391862            175.392761701            -161.921387233           -55.498086919            -25.4051669534           90.0874206917            4.24011028405            -81.3379327818           
rwgt199                  0.786263551092           -7.97653788811           1.2226002818             -1.5055507238            -0.101743491969          -10.8981501475           0.275220248775           -18.4153731536           1.46940300838            168.137506325            37.1596216048            142.868082834            -107.985610846           7.29827090286            -168.978493682           -5.44721449975           0.981980615256           2.28702382451            -0.394626783953          0.534009840518           0.0549336093578          1.29359390426            9.73727882646            10.6196240211            68.6042902231            89.6472466103            157.448278436            77.1065993632            36.2772863668            -38.7114494261           41.897525451             -31.1321992716           
rwgt200                  0.145513848598           4.73597366975            1.70360889571            -1.19042944755           -0.147683927322          -2.00063602626           5.77534963192            25.0963857306            13.7208994308            -97.3609998775           -83.9101746682           14.2344016673            15.1008487087            174.951274266            -111.051478312           -90.2533974783           0.836682795563           2.48899791073            0.189158088952           -0.951576073525          -1.10908278309           -0.56878090933           57.661420744             -13.048657851            -1.69234382259           -71.3915045605           10.166871521             157.132190755            -83.2680933425           -66.8507898548           24.6847063478            -6.57003152037           
rwgt201                  -0.816830924716          -3.3624716269            -0.357440433447          -2.18909658583           -0.130505138072          8.06948127853            -7.54238971823           -2.58250503412           -16.194216735            112.953374042            -70.9265709748           -171.591904215           12.1455017119            62.583676314             153.812521405            13.3674762215            1.13735906688            -1.00992264938           -1.27837774651           0.13553564491            -1.42781558999           0.290537154465           136.739710391            -96.1244291044           174.649679061            -178.720481116           -11.0555152481           130.91422426             23.3601421744            -52.924214363            -48.6892080982           -31.1718593142           
rwgt202                  -1.25494448853           -19.7324787218           -1.12800518924           -1.04355388704           -0.0530709268317         -5.55840331699           5.81250677539            24.5425351512            -23.1166833514           -124.852202445           94.4505321442            -102.141829233           -81.5082525419           -153.751174134           102.442429182            173.609093099            0.0461108466188          0.630876391761           -0.378345907531          0.861959046864           -0.145621165146          1.53438902315            -151.907853343           73.2228093461            103.898837039            82.0524766115            122.665685772            -108.974961661           -151.066381791           -153.99956385            160.495160764            -125.804652068           
rwgt203                  0.561566178675           7.00822991289            -0.823531449557          -0.989194089812          -0.149935448693          11.3550635588            1.29416623711            8.5836159524             -18.9329382815           -60.9822942757           116.20004984             -71.2286891653           170.878450669            112.8243738              -44.507157003            121.854057338            -0.648725910999          0.453308876114           -0.75738924221           0.225252920711           -1.49113708434           1.0494730131             68.3502569046            -58.7072379215           53.9677169325            37.9321360228            -149.294188995           -108.251203221           -86.5086931889           66.1773052241            18.3771941848            21.6759744376            
rwgt204                  1.02714500106            13.6834999996            0.925273607499           -0.549145054183          0.113855252802           12.6821492674            -6.92830848309           -23.2411840077           19.3481348563            75.7558954158            133.194551081            61.9463415033            179.149632071            -168.735330125           -50.6089175552           53.2698919968            -0.538315945638          -1.74393198968           -0.936696437672          0.867392228803           -0.576223329003          -1.30393801974           -3.51426807968           58.05193595              105.48599824             -101.376619006           116.545192711            82.3330332262            -114.146685198           -155.53638265            -62.4552879426           -105.528428506           
rwgt205                  -0.305170890505          -12.1583364571           0.855425134499           -1.93988566581           0.161737738103           -7.07282846849           3.58003658995            -11.5755790062           -7.35075949109           105.258102699            106.328006962            -158.253119226           162.50583143             -91.7512810744           130.680871536            -76.8462905663           -0.121359489795          1.63958756457            -0.280844465823          -0.955571960951          0.200579429125           0.17149451005            -79.366380996            126.14060195             -29.8358358236           22.8480456496            -81.3768473633           167.844659218            -24.6362090633           27.6604888781            160.48196665             -146.000377044           
rwgt206                  1.39835486263            18.4273682108            -1.65616500301           2.23084893868            0.0646107094055          6.23979588405            1.57834616157            -8.66119935823           -12.5307236365           -149.615529972           -87.5385792544           -84.3863548254           71.0907431393            -113.382534878           118.430806486            102.557775394            -1.0698174677            -2.42667553167           0.448007605468           0.638154359464           -1.53206074541           -0.600665951156          -78.8301850267           5.22411686162            19.558601174             -1.0745288056            -72.5772095683           97.1218384566            -49.7255137888           -121.928315125           -147.154598567           71.2170914036            
rwgt207                  0.823236862623           -15.4864977479           -1.1439663982            0.246718401686           -0.127771531896          8.84915215243            -3.16592376522           2.38097158022            -8.49806030159           -141.662817369           -49.8508123028           24.8461934815            -102.051217418           -14.066845262            125.600142262            -14.6816454076           -0.186995207605          -1.57420983846           1.19837066078            0.223033819087           -0.0532977814451         -1.35759651646           -44.1304655695           123.09557798             70.4198777023            50.456340539             -71.3359289604           174.124438676            1.62637266254            -95.8846986683           10.1176839903            -145.587530281           
rwgt208                  -0.933005879497          1.57085329915            0.382393068739           -1.09076558164           -0.0611253489351         -8.36985765125           -5.79610644623           -3.59854962245           -9.66904169075           115.40064683             87.2719427651            -30.2495880917           163.919825946            16.1032676341            115.897167023            -2.907077435             -0.822666231999          -0.735268566304          -0.233406161275          -0.505063705477          -0.396605404875          -0.90384951038           -119.946039483           131.857220704            -2.60523612712           140.523963003            76.9745728273            38.6851175582            130.12399025             -22.7319248604           -66.023351815            10.4921924752            
rwgt209                  0.756301179422           12.8470083332            0.568983427262           2.01708126206            0.0537629448991          -1.7269313513            -3.43526865727           10.3666634949            15.11274736              -123.689442838           -10.9784288781           84.8801572567            -106.194371053           -124.788822498           86.5977160289            -41.6769773017           1.02145066799            0.651394788175           0.143137272925           -0.839154553363          0.819053838424           0.784214438872           -96.1549906858           -85.442321779            -149.887751476           -27.1605541394           100.081286257            -150.749644431           -175.750161217           -138.689183293           35.1483831837            -94.574291076            
rwgt210                  -1.32134586682           10.5688379135            1.37619196374            0.52522146516            -0.0441929243214         -12.0276432137           -4.56384709662           -17.407466715            -20.135488171            -69.3567814007           153.766637143            -0.828369845718          -86.2648137603           -85.2218201285           168.442748168            -122.773177975           -1.05073904329           0.00961864289774         -1.28373379783           0.308845604483           -0.386529797148          -1.39327831531           91.1377249884            -128.481229624           107.884569079            -155.49522412            -166.23567188            -132.797543317           -51.8523501471           -117.79178767            -118.175653327           -120.08641301            
rwgt211                  -0.620984749658          -5.73537121768           -1.52946512662           -1.52223786213           0.130090221776           4.70048563169            -7.38096001655           0.131552828341           8.04364005343            -114.013195952           -175.863051793           9.22720799135            70.6363405628            -166.699713213           38.9384164937            -142.055502278           -0.531615436929          -1.06507729053           0.0404029013571          0.381400501485           1.45794174395            0.382631394725           73.3787611054            175.691241417            144.867550827            -9.71245391705           158.188963764            66.8152712159            63.9009023402            27.0714947164            150.18100566             23.1478301996            
rwgt212                  0.432051503081           7.05369546997            0.458729232454           -0.734720580226          0.0701127256078          0.92472929037            9.31623866402            25.1842931161            9.29636400597            -56.9942353394           -158.354648048           -37.3031472728           12.2927816972            -77.9953735795           -20.7751951926           -151.521966366           0.63300914378            -2.58695394584           -0.225174781898          1.01198767495            1.59966968055            0.172257720678           -175.335330473           138.016805952            -152.224538962           -22.5887122593           148.944475179            -75.4257049225           148.542486631            -72.3421198758           -136.982454871           -103.628046134           
rwgt213                  -1.1664153324            14.586406485             0.495822942968           -1.66329274995           -0.0959590251548         11.6052937515            1.23420073808            -27.1262793614           -6.81261887506           126.044786827            -2.59657240686           7.62273903216            12.4043473927            41.8043453377            -162.721678127           -121.927539659           -0.392448376542          0.455284159129           0.276913030042           0.478368575522           1.06604010982            -1.05537579355           -14.2720305926           71.0751958811            -32.1718846344           155.920349651            12.1266738341            -120.374043911           123.029549629            129.957669287            -95.483848645            -107.238403868           
rwgt214                  -1.41838430834           19.9103396188            -0.522384815022          1.35770767381            -0.140289166921          1.36773211982            2.71915399497            13.9891315054            -2.01034596555           2.04241378253            50.8997222083            99.5197054527            -68.249767091            -34.9851799518           -126.559858154           40.8808333494            0.545038825035           -1.98303003135           1.01402847612            0.0123319279649          -1.6009728083            -0.863172276751          -144.660559996           118.610295807            -164.727755173           73.2923308995            -136.868100139           -63.9743653174           -114.475048675           63.3369526772            -149.057427595           -166.032147057           
rwgt215                  0.862922358877           -16.3947820487           -0.94611591693           0.410522809388           0.00134285623763         5.96839256202            1.363147061              14.4571130934            20.2760993843            -41.2607270391           -174.573521381           46.1517702923            72.929323083             -17.7765001155           0.405691884388           137.683000927            0.85964901238            0.29889246395            -1.15595721655           -0.530888562891          -0.984625421113          1.34340343055            -49.6249012563           40.0443185068            -65.4493577855           77.2288716996            157.303322467            -177.369346222           115.399786066            -56.3323317337           -66.1698404569           -159.811413894           
rwgt216                  -0.401314298455          6.35228353196            0.68388468106            1.95733975435            0.13656694223            7.85744591322            6.26148159512            -7.55340562665           7.40448186612            0.711601731753           -169.612144701           -106.093365288           -64.0155837293           -156.838336563           -76.4985601026           121.593990821            -0.461534329556          -2.36957596767           -0.362772963476          -0.476730017189          -1.25252769608           -0.740187474484          77.1210002219            175.995671265            149.256752507            -88.6334595434           71.5398878879            21.8771344076            18.1866302003            -150.697892606           -150.557545533           19.9773393963            
rwgt217                  0.404871086699           -7.56582842888           -0.426879854314          -0.864633630506          0.0918713087934          -5.12230762461           5.43602456947            -24.7443215835           -21.5648197063           126.736774335            -122.685886306           -15.3714998955           -70.0084986463           14.5350040734            117.812399972            0.417720670346           -0.599702315118          -1.51799248403           0.83310206412            0.568945539553           0.996053020685           1.34392171766            173.70496116             -42.2059759861           8.54451117024            -86.9653133657           -55.7597615503           154.969026039            -126.15411401            -140.246746857           -13.4799858392           -144.613209642           
rwgt218                  -0.55531440546           15.3844175462            1.46394158643            -0.743442802083          -0.0533987703711         -13.206604889            -4.14700820322           -28.3827330226           2.79412861429            123.316642732            -53.9072005984           -64.3267058044           82.9849834054            14.5672749965            -159.771148308           132.2977656              -0.304612141533          0.865973638168           -0.497326544997          0.343583754068           0.530168183006           0.607379378891           108.62632548             129.41436606             101.164663803            -37.6053581025           119.824348576            -68.0521539267           -110.445669197           32.6521123985            158.32451613             -2.96313022925           
rwgt219                  -0.354263734108          -7.59483571749           0.393744834505           -1.10611254882           0.0278240981373          -0.260867732776          -4.68245247979           -11.6385407661           21.1902146084            83.6604513527            33.3592713523            85.1112177243            -149.203298303           -38.2062453275           89.1569711484            64.5772755288            -0.386191511724          -1.25769377198           1.23192230306            0.558668090081           0.626868434547           0.861751895986           13.9722182038            -41.2100659364           64.1356629241            123.963725536            126.798333497            -149.674149442           80.9705538752            -46.8420335014           -32.7388444445           -114.5361745             
rwgt220                  -0.976255788797          3.49462515565            -1.07629558582           1.54269526042            -0.104201098737          12.0239578858            4.74444897481            -26.4804909882           -18.9559261601           -28.6339026777           -130.963437966           91.4437684193            -142.133806015           -13.387154758            -168.532050662           -110.289225253           1.06377033711            0.997951773255           0.939197929393           -0.113684310204          -0.406742521472          -1.01443308649           -115.500224852           0.814490453493           -109.583145251           26.5168665478            59.307754486             -112.563717746           -177.644719065           168.582614662            138.286624743            83.5234612062            
rwgt221                  0.214680903093           17.4055497818            0.829386864543           2.11615797615            0.0785242251714          -10.7630058072           -1.02794055604           -9.08076528941           -12.7422928196           126.013132891            24.4342499802            -179.441593108           101.718144167            179.065461347            -118.192435481           53.7591659926            -0.720391290279          2.50227051313            1.05286161845            -0.420369660501          -0.193375727462          0.057965681047           132.101024269            -113.863865813           -45.5408691094           -44.6533738169           -109.989329653           13.7801863814            124.789879013            -169.944461992           -101.891035694           -129.012982262           
rwgt222                  -0.177914435304          -8.65403458824           0.112810746958           -0.149895392677          -0.00110175351888        9.55823300204            9.69306014078            -27.024302933            -3.47471495457           -10.9585185222           -48.018900483            -55.3964425619           59.4810194021            -8.61014623762           -126.697422751           -130.640314035           0.968469825608           -0.340705209749          -0.554876549201          -1.1512728412            -0.0630313413655         1.4217455438             -45.4695797629           -132.644091883           47.0952271186            128.308966521            101.451595353            88.2471382277            164.465346573            -32.6772528665           -148.908516634           -2.2164700226            
rwgt223                  -1.2618766946            7.61708628467            -1.78472762315           -1.39320616988           -0.0515262355707         -0.575633360789          0.522509541154           -7.67010641947           21.4441658042            -72.1998947599           -97.2306212087           -128.395156015           -74.9766076682           -130.176609203           -14.5270825494           60.4787802308            0.0910580226546          -2.41740152777           0.959799777514           0.501441556834           -0.771605670023          -1.32534334346           -92.6992226449           53.6337001648            136.552948969            -175.966399261           54.9374984929            -125.419756055           22.725156913             -159.437076875           -36.3001674486           -121.348631534           
rwgt224                  1.42047068308            6.0004411251             -0.10280655075           -1.37573162241           -0.00947084855525        0.197029546656           7.02212633101            -5.91347631165           -3.44358625654           52.7817798008            137.698638838            -167.199768313           -50.1035251568           -146.938636889           -12.459069204            -91.9022762862           -0.130414616765          -1.92832567705           0.247231885777           -0.441618291943          -0.0974053540333         0.692552926397           131.260774101            151.636905923            128.487460836            -153.976142746           -1.86297620149           -32.2980614761           -65.1481929149           -139.186269837           -68.9591395291           78.9836451477            
rwgt225                  0.977662202297           -0.160169743553          -0.653036914923          -1.7377716045            0.0973290326316          -5.1864250642            -3.95738929087           18.6868080235            -17.3279727524           -11.1711732125           -73.9969939976           48.2112714259            -14.9036079341           139.516122079            -126.832990244           100.647333535            -0.503292732085          -2.3016381539            0.981610219611           -1.16888659148           1.36245118628            0.330952609989           4.067308783              147.210413674            24.2902770829            136.03385346             21.2650214857            -83.7992668623           25.1957361211            105.770990806            9.5920734675             26.6901259915            
rwgt226                  -0.583038425439          1.96508269725            1.09567425119            -2.16316773983           0.0724099007249          -1.63500450574           -3.14688331239           -21.1678899887           -15.8198024285           23.7393702722            -154.809263872           50.5437420287            75.4005145001            165.074386497            -159.086961739           -171.367783687           0.444082796152           0.419577016134           0.371400320939           -1.16988256793           -0.99059704211           0.747309224106           -26.8252592259           -175.174469456           136.557082574            -170.844177407           -78.488592389            -83.2471027263           122.518120806            72.9465066231            45.8715374011            146.12660557             
rwgt227                  -0.834341664772          -8.78549219699           -0.828397391313          1.67347698833            0.00245557598343         7.96912598212            1.72286245828            21.3836193167            4.01143968601            115.628543325            -98.350464692            -78.5803727111           72.511369885             -6.48904545867           60.3387661422            -119.273402516           0.36528109121            2.51723660246            1.09642185013            -0.830452263635          -0.943282421142          0.758209656571           25.7657240707            169.848785681            122.563622137            105.184634441            -174.392162019           82.8688514447            177.414228637            140.131362558            -124.554212663           136.847228485            
rwgt228                  -0.0333787642388         -19.5263312624           0.769648273049           0.730703950897           -0.0345910691858         9.40759365596            2.07030956017            -8.81499063265           -0.20616018303           -172.532583194           -140.817709313           -36.4786793157           61.1519072831            176.071724437            -106.392354838           -14.2657070006           -0.730643274146          -2.68457883724           -0.19878697906           -0.365235623514          0.96314922885            1.52566911994            121.34154033             65.5961404811            32.4904545701            52.8250349413            -59.6769416198           109.312147544            -37.6197628033           -61.3309813524           -38.2800884842           53.9595598612            
rwgt229                  0.914652323132           -2.43213398601           -1.48709987836           1.42712009475            0.0194319439037          -10.42028657             4.79802558743            -14.8849880903           1.6829940181             -101.095564282           35.8588605009            136.905657487            -32.3623626129           -132.481549226           139.291811992            170.102968185            0.506914601496           1.65911654086            0.893455448331           -1.18290916601           1.73969616914            0.635463170394           -143.161262381           149.130968464            -50.0683365094           132.489691004            1.73871163564            132.230958915            -66.8455219439           114.808330762            108.354690102            166.315130193            
rwgt230                  -0.15859921721           -7.83664769267           -0.643589346333          -1.50389559846           -0.136823564425          12.6271873541            3.89238894924            -29.4671606277           9.31310988932            -75.6325448407           34.8772796997            41.5619591028            -103.426299256           -47.1516304471           -9.47375091892           -172.168826839           -0.674907973971          -1.38676443644           -0.761576650586          -1.18031741077           1.68288957178            -0.0916105615145         179.327428841            108.916592271            -95.3060791623           -125.745020939           -129.55774382            -164.789040597           11.2961479591            -118.385146906           101.845692689            79.5623014152            
rwgt231                  -1.25198928535           5.00468008021            1.69562513936            0.429736924253           0.114388068664           -3.59371584561           6.7950309604             17.2185247084            -4.74901256323           -24.8529288054           92.3635307713            159.299825296            -71.9889532872           -97.1243791027           -38.6572164535           155.280332522            -0.451581671339          0.014093117684           0.0941403579139          -1.18942816871           1.3999849237             -1.58608880985           -61.4301155615           4.80495539164            -30.5970680577           134.295627686            43.3507484444            -170.624357103           75.4304187773            46.3397957632            29.788112405             -65.2100071422           
rwgt232                  -0.654938036693          9.17981580937            1.01586940518            0.322057311207           0.140352673245           9.79328513926            3.28271674672            18.882593734             6.07948867038            170.81686971             -153.973865269           -57.465417847            -165.041878987           144.511289064            -30.0883776817           -112.679164287           1.13297447916            -1.02796191135           0.393532533678           -1.09460435296           -0.40722421975           -0.754669512437          -96.4686080401           -7.00403332827           49.6739415945            151.86526584             -11.3438645998           164.886851382            53.2286775755            124.947440135            20.1442528289            -147.105331854           
rwgt233                  0.187907196897           14.656326247             -0.240891178826          -0.0957378299089         -0.136544768716          8.42084281607            -5.08244689005           1.52417578877            14.0825277134            -139.207334017           -43.874127192            33.0565745966            162.197601517            -116.048319194           74.5942715744            3.39739894626            0.94151204249            0.634763724673           -0.537608673339          0.848517507184           1.47178263914            -1.32587938903           33.1684749331            -82.3200142731           134.014997444            36.7444408718            -104.058011157           43.024613965             -113.167774946           59.1595634458            152.16114476             -177.098390545           
rwgt234                  0.818276771593           -0.940654644583          1.10168292888            -0.308116033454          -0.0933319542987         12.7733857664            0.20613339931            -3.30282365328           -12.9158968402           -141.987795089           115.247744442            52.3408922573            53.9356151296            -86.4185003777           93.1798601654            31.3398929391            -0.907581290913          0.577208952733           0.38844687291            -0.867913179296          -0.520360735029          0.330559614261           -135.844138547           -141.543630021           -63.8596831964           109.396343844            -62.500699118            58.4267361453            -142.338932183           -12.2241159317           -92.8505546658           -91.3734554932           
rwgt235                  1.14765710422            -2.34611444211           -1.1980557355            -0.0408294804397         -0.0198655981768         3.98828753852            -1.74377615583           -19.7152206163           10.0550269412            39.5946921707            53.190474625             -47.4036613146           -167.532748688           -37.2660434786           -23.0557341676           -112.176397045           -0.814607146501          0.206945899763           -0.962523528151          1.10357275844            0.189938304146           -1.32312048952           124.802149133            121.693559758            -116.977290352           -128.331499908           -4.22184561417           54.7066074365            -123.186175648           54.5607499483            118.842007857            -164.485877011           
rwgt236                  0.285457071684           15.4292026158            0.641247855121           -1.91771152866           -0.0888102219338         -1.53288887294           -7.37724218142           28.6395320866            -14.6864128478           -24.4221351568           21.9698667072            176.142832513            153.765014807            -78.9554831956           146.631090868            84.4843200055            -0.538092902695          0.938626363616           0.00226989567339         -0.262546928853          -0.295116857118          0.7656692976             57.5631774461            -37.2319412481           18.2869028856            -108.538731778           -63.9248271628           37.3930980284            81.5397562833            138.705898468            -90.0291235362           164.098995272            
rwgt237                  1.17599155262            -3.97652447723           0.200374966592           1.91409644688            0.1332982121             -3.61214876404           3.37104785596            26.1661429394            -19.1389920207           -95.6418837318           108.235341411            -171.913119266           -160.560674753           -168.220370388           -10.7670687427           159.730660376            0.374796784896           -2.00312124627           -0.815847239925          -0.793036592414          -0.897981210643          0.743982787895           -98.5215159316           -48.9983185473           128.908332606            169.674020176            -176.137184065           178.445937772            -84.5143368774           -47.1170351443           125.831102071            66.9298066384            
rwgt238                  0.487388263282           3.40406835088            0.0922479233243          0.451087692155           -0.0417155957699         -2.50990161466           8.00669869783            15.5518465728            -9.22628448776           169.957085666            -0.0267852015444         7.78759535848            -112.696713001           -12.5685713776           73.8361811266            144.675347543            -0.741206552808          -0.917442130153          0.35754340446            -0.403493113121          0.210303806536           -1.54165416022           -100.410460956           142.47204566             -97.7897109606           125.244167208            -152.744637156           -37.236931031            -137.45096714            -7.61998200485           161.46372701             73.8715547372            
rwgt239                  -1.05258158034           -4.19413557625           -1.04633326489           1.2561583536             -0.067373827799          6.24780091376            -4.3099498902            -22.8198913427           20.1307107356            132.250688621            166.221856845            -79.9053104915           60.8745123057            129.390442425            -149.46398036            11.5409853701            -0.931457755818          0.910370100178           0.0283374699529          0.990486570385           -1.68156789393           -0.705790116472          -74.3403976534           27.4531854399            -102.872850829           -39.8258532551           -1.2585976503            144.999482774            39.6818305249            -137.019323589           -146.362447204           48.735840088             
rwgt240                  -1.23395380643           17.999456535             -0.551787756884          -1.13392638337           -0.0707267289548         -6.73830012816           -8.35206867018           -10.8841552229           -8.83533614925           -39.2328214888           90.7109811305            -179.93652649            -87.496248735            -32.9410694365           25.134133932             36.8944494358            0.0040040031228          -0.073787377186          0.605579278213           0.834307591518           -0.987558767212          1.58080757992            37.9267210487            -3.44698090823           150.981367258            -87.2814886674           52.946373156             -130.376343464           -34.4646442378           -27.5602149991           153.700842492            119.918756168            
rwgt241                  1.2071320109             -19.4306158652           -0.674131332915          -0.0623226210775         0.136155517456           -10.8239624907           6.63568841134            28.0218257141            17.6844087045            101.018027637            74.8730266568            77.2518599181            136.030302268            -155.736072621           130.405619683            -38.9063812609           0.859885568511           0.00194426839656         -0.338153876235          -0.35598615028           1.07292848824            -0.447321137494          -68.6709263272           113.603100045            174.816981307            92.6732051269            106.855837261            160.509830161            166.25681274             159.394782552            -54.9075938321           2.53438827828            
rwgt242                  -0.643313997097          -0.524083405234          0.875460473584           -0.113676338166          -0.141486630183          6.71875737425            -8.06078140171           -19.7911118951           -5.97769980138           57.0659268222            76.1798253066            -7.68139768962           138.307889088            -64.6033508188           119.861953177            -158.975558265           0.964699430694           -1.92983462276           -0.901217361699          -0.315423400008          0.324915896852           0.679856936579           33.634194999             162.137288764            135.5800143              -143.9731815             97.382601213             -133.42945252            176.102693977            -27.1977162708           -141.999091963           -166.803650975           
rwgt243                  1.38932571278            13.7086109938            -0.663874248487          -0.452752946652          0.101621683126           -7.01716362491           9.48935824424            -28.39621853             17.971468772             6.5121175227             -9.42925724395           -121.809483672           3.8173624594             -58.7248256833           -118.160521243           -21.3192222411           1.22311549921            -1.04573006143           -0.150835070124          0.364227576881           -0.678966004701          -0.689813277472          144.440767942            -57.0019334272           -111.081788002           -25.3344189965           36.8917468086            152.35136322             79.5585323811            -92.6125822976           -131.671360237           -9.73650347134           
rwgt244                  0.323892629334           -14.2829901509           -1.27315262397           -0.769537346709          -0.0292793515752         11.4460747252            3.30146987372            -13.2536770631           -15.0044857771           -140.468646021           115.380295257            88.9974617511            56.4535734473            120.02329239             -85.3835961529           -166.069697275           0.649354531017           2.58071450388            0.556911084495           1.15473501049            0.0325301292575          -0.385959474747          -11.2396829378           0.768930544481           133.535586718            12.2066724232            58.7983311483            61.9811514637            -39.1920685345           -75.1763062376           172.233615317            -131.163538972           
rwgt245                  0.467921594624           18.0482783819            -1.55800733588           1.53440876334            -0.0869157382677         -7.09064030548           1.03434680158            -9.04576598917           2.90702448632            148.292443297            -55.0709465664           50.6354091221            94.6082599142            -109.747191633           -120.547912771           88.8700483027            -1.16603461446           0.78417151312            -1.22079502706           -0.897589814704          0.767155007515           -1.59084324383           155.747320279            -122.968814106           42.9504445701            61.0276023527            -9.12526274357           90.5029278751            40.3217121585            -38.9650935203           134.385905285            20.7979317404            
rwgt246                  -0.688857796969          10.5592312015            -0.224028250675          -0.588963187505          0.161484526039           0.199866122855           -2.66087160807           24.4606440268            6.64277404842            117.83417265             172.022087395            177.155815968            -158.594440454           -95.6750695662           39.268519186             -115.220755996           -0.385948790228          -2.6736611152            -0.580507982207          -1.15222441431           -0.383087869469          -0.733299777171          97.8542873327            44.5702901743            -134.33842207            -36.4447507059           148.821656232            106.764703599            -153.7320433             -128.435785385           -51.8957641354           -165.129903976           
rwgt247                  -0.314678881081          14.6568419929            1.15238936071            1.9752260118             0.0993830028642          -2.79002437507           -8.16798418349           -8.95979979739           -12.861508843            61.4178106601            1.57658547985            159.02408786             -76.6908494325           54.5051959118            6.97239399622            127.725836425            1.19844158182            0.356725378883           -1.04325843147           -0.598479123481          -1.16988755325           -1.05226642608           58.8851213435            76.8118371548            -60.3096618476           120.753818361            72.5830270367            113.887217737            35.7136250202            -67.1648771155           139.409331048            -121.141805997           
rwgt248                  1.35679925601            -19.4878393002           -0.959124210541          1.46897921459            0.00957488287122         -5.17020676019           4.32291923975            -21.9774312513           17.211408208             -166.820372485           -81.0550712663           -172.861963997           -20.343066286            -6.5563584864            170.531145674            -87.5328138146           -0.450198439003          -2.56889688251           0.429403658108           -0.937739965975          0.315842531938           0.526188974977           -112.463954717           61.1405191768            -134.239062094           114.14709774             -113.104459143           128.81153944             40.5723529795            -0.923559557553          14.2162756526            160.372091919            
rwgt249                  1.04077878373            16.9081931647            0.149183134253           0.882316412661           0.104010891835           -1.88907586721           -5.74081271881           -28.1486807149           -20.8504822211           45.5895271627            -54.9198132785           -169.668809272           -29.318429198            -138.552469561           147.606724429            153.824839877            -0.969545575716          -2.3330649026            -0.30100457524           -0.562651459634          -0.320909289978          -0.646047973253          98.7672049187            147.420951899            -91.9397750112           30.3215865415            28.2701294059            135.724649218            178.124196594            145.080858993            29.6251260926            168.013885946            
rwgt250                  0.690841811936           -6.22062880637           -1.7417120094            -1.70292368978           0.140449327742           -10.9437177931           -5.29773717715           12.4284989388            -11.5488732036           -69.3380610886           -24.5232828259           82.188209603             42.5345540789            41.0999695522            179.342729499            -120.713916808           -0.254133128344          2.29577685052            -0.0226070541477         -0.524205987132          -0.526030171759          0.280709976737           29.5756142446            -146.889739269           -43.2179213093           -83.9076290313           2.48392609765            24.5462756622            -61.2270938505           -172.492309209           42.3648359341            -86.4746439886           
rwgt251                  -0.670679225624          -8.87656576077           1.05016756405            -1.32802776025           -0.0891650571259         2.80650953652            5.44437327836            27.9916354858            -5.92849358545           99.3581733911            -54.8341016981           174.992419149            -35.2767860108           52.558300764             -30.7996236886           -21.2306281191           -0.166038823738          2.25985955905            0.529847987507           -0.0192586909967         -0.257324020092          0.601265725345           110.643465369            79.5237576817            -88.5271017146           140.340923978            119.751497605            126.206566329            -133.402426521           -176.585871821           -142.173325275           -10.6486016083           
rwgt252                  0.996441567809           -4.27455729496           -0.287003585465          0.938340071436           0.0414107015358          -4.71910915085           -9.15540293498           17.8747498359            16.8249224882            -140.046518539           -19.0655972643           -42.5538429633           -1.48267669967           21.3240705155            171.743109476            -26.5853950265           0.166479510504           -0.402067904723          1.25345563624            -0.782481628303          -1.2968515312            1.35039823699            -95.8357930243           152.710761814            77.9781427637            -9.55469180949           -11.4731925305           153.743779166            -63.1501950818           42.307533821             169.728479331            -131.437823474           
rwgt253                  -0.578175321059          -11.9559887904           -1.15129786947           1.93664628265            -0.129397588852          -7.23185320149           -4.93620778522           -26.3930917484           6.02340573829            -125.35876039            32.666106428             99.0482603291            83.1513066787            -112.528756882           143.433555559            104.294630197            0.211326849625           2.73909835929            1.03328081922            0.662597116608           -1.33021206454           -0.856842674557          -100.030105537           -67.6365856555           50.3766376919            131.591173316            30.6397310323            137.660713258            -53.2085920128           -105.026769886           -116.951995806           -38.2083659268           
rwgt254                  0.531572152193           12.2730853135            0.19963385158            0.293410257935           -0.141151725841          2.08470690314            6.79639680401            20.9572721654            -10.9625817627           64.5464126734            71.3548462626            -25.528429236            -65.6725264574           73.3015401737            -154.620382984           -6.45316594349           1.16217684461            -1.59767995815           -0.904442941431          -0.469521994255          -0.857814513798          -1.10079698009           -168.028745186           -88.4794750107           33.800236714             60.3561657179            -178.977562101           8.44252010723            40.422384623             81.454122787             15.1016974434            -125.060929246           
rwgt255                  1.27585896769            -5.94968527147           0.979860074513           1.51671160465            -0.0877491111958         -1.12850149681           1.70246635631            24.1303872042            12.7375000646            123.117422793            -112.381646482           -63.4521532831           -68.0994977609           -6.693743156             103.254786708            74.1948076921            0.82659014389            1.73089397944            -0.122995448079          0.0473765112463          -1.07903356881           1.22490750545            98.9173702367            120.337739023            -172.397731251           34.695250685             -111.601593705           -77.7627648353           179.852611273            -89.3935310328           126.799391372            137.807547569            
rwgt256                  0.350219937218           3.61942050937            1.59536757309            -1.1926981596            -0.0544067338778         -8.00095429393           -3.19529565336           -4.29813209129           12.3592137092            -112.791237538           75.2621641895            -8.94958407705           178.389278135            62.7763644837            173.466908008            89.4953348229            -1.14241581514           2.53143242609            -1.18141136394           -0.612932002308          0.62513957213            0.88096819034            110.861908939            -92.4142858867           138.814988644            -71.9639641724           -102.20583997            -130.172797186           83.7163836191            132.329083359            147.039484992            77.0111964278            
rwgt257                  1.17832460647            10.3084933529            0.985272667618           0.888589539328           -0.018064964392          -5.37504452017           3.50172230409            23.3664391063            3.07449096332            25.6031381171            -96.7316493133           -65.195940662            164.256672377            149.643601894            33.3684108849            -112.087240358           -0.474775913496          -1.74010796816           0.982170104546           -1.12992829144           -0.129828792953          -0.483829509393          32.3059432955            -138.497969789           -145.507377451           100.030078825            -66.3029368337           83.7960803149            56.4952151327            6.90833334188            155.900572531            157.823469724            
rwgt258                  0.306753269911           -19.4291811607           1.34648274337            -0.767315555622          -0.00797052735324        12.2754164404            9.72137542902            -9.28423005312           -21.4753107989           43.9472814591            91.3813476943            -144.546497061           -63.016492292            -85.434085734            -89.9126643179           -54.3854474135           -0.753914224798          -2.00293424523           0.124847098151           0.681583363768           -0.0893035232955         -0.524561964782          60.4394614199            133.237280873            87.4447735586            -115.958619112           -58.6727839063           -117.664552694           -11.8580551956           90.5333927471            -67.9081247585           161.091453732            
rwgt259                  -1.42931850267           -16.2380078077           0.945161288494           0.631217205849           0.0448020423207          11.858295886             -5.06730861054           -16.8390009759           -16.4973119002           48.7436680032            139.904454802            -175.425153926           -117.122188507           91.2410760626            -9.83229887921           -80.6895315801           -0.428646813315          0.368140667408           0.775336642192           0.133002411958           1.06845957103            -0.386711233038          -80.8047623487           -56.4218914964           -14.1540273054           145.952399099            135.984385563            -29.7738766946           157.267319011            122.736218713            -43.04472882             158.40887547             
rwgt260                  -0.983259980938          6.17416783536            0.889894185373           -1.83186295104           0.127122215502           -3.89686133579           3.33886825814            21.7937369149            -13.9903595599           105.483609149            23.3816820473            -73.5186660798           130.998249868            152.426875945            109.477004898            -87.6695920015           -0.489005637111          1.63731781234            1.08575229986            0.203257471602           -1.58589280505           -1.59374978178           -44.1789986112           37.1113859238            140.622526914            25.4895719022            -134.201850989           17.123664555             117.777211934            -170.844820526           -4.41543503852           178.688723313            
rwgt261                  0.615763603              -19.661957529            1.4621842996             -0.618471916647          0.135252380475           -0.608964070729          -4.05567212131           6.45739223992            7.46778061221            -29.8787911872           54.7379506433            74.4812672467            -86.3644095374           -80.4497922847           -97.8967075941           -134.240851453           -1.21540895341           -2.1339733731            0.825321470365           0.892606956084           0.1227420801             -0.926374329459          86.2598714207            113.833067148            149.395037886            -173.893915103           23.5961716864            -114.570111351           65.3340143965            6.21443530084            -137.216414546           125.460596108            
rwgt262                  -0.919612381568          -1.60012718117           0.880993794511           0.121902497842           0.14953450311            -8.02697646509           -10.1577185125           -10.5777785493           -8.81488529436           85.148915971             14.8442913136            47.8951524154            72.6980763241            -88.8009961169           -166.907231676           -154.09687749            -0.0621095926102         -0.696503735282          0.110707103936           0.871706186587           1.45978458705            -1.0698407994            -36.8530355266           -94.4709613216           38.7212446917            -50.1241109726           -107.505034045           -113.367416289           -34.0651499696           91.2802697242            -139.209018407           25.1042477222            
rwgt263                  0.267312984302           -8.98687826205           1.22399915245            0.918848909771           0.147376583086           -10.1622921937           5.54097190843            21.2337701541            2.55793959337            -137.027435805           117.711702               27.1816257768            158.223585376            -84.4390435967           112.330646187            70.50912145              -0.458736358489          0.554540012873           -1.05926333261           -0.58276002007           -1.32698960867           -1.65920276408           -103.082486758           -142.130128822           154.110246986            94.7336999945            123.257863469            110.971274563            99.7408152251            -48.1251671432           -7.54755655765           97.1209835674            
rwgt264                  -1.40193101196           -3.63276487039           1.68649317399            1.91778036215            0.0816617998717          -6.39575693839           7.79672023016            23.3347220217            8.07997832396            -29.2551090417           139.78424627             37.9209889418            97.2091381186            40.0785849226            101.0862737              -6.170808567             0.501391975191           -1.4660140886            -0.123285732559          -0.338743400623          0.493885280276           0.0191879893498          15.4069851454            -159.853415268           -5.35412296819           -87.8078259373           78.9345345681            -161.461651585           75.0626734655            -138.976633979           28.1289260211            -98.9629123943           
rwgt265                  0.594198583892           -0.912090923052          -0.494675521704          1.3978394716             -0.126023397967          5.0196446269             -8.01359712748           -4.61529707057           -5.2432064871            -177.848542755           -33.6082831185           28.8006146739            173.923635461            97.8362870394            122.743684105            -61.3212243957           1.05406120793            1.49982267177            -0.865416882617          0.467272867879           1.41436054936            -1.43574703729           -166.541961681           18.4361257881            4.40467266118            156.569672666            -166.354578186           14.9007589948            -139.799584337           -34.7734233348           -143.209219163           92.0421116464            
rwgt266                  0.389587977929           17.487157412             -0.296003836212          -0.470429970625          0.010051626238           10.7754421532            7.27388025014            -1.36005018222           21.9862213393            136.689689373            115.894510023            -122.208968133           57.1012061805            39.1878502548            -134.129672886           -17.75137593             0.0890120345286          -1.53335223073           0.769108807093           0.233959274782           -0.83722452963           1.00862285979            -166.584175846           73.1324579846            83.0819418189            -14.8197515721           43.2748375827            -21.213058271            -73.0725534628           -97.5537061344           142.320085464            74.8450672041            
rwgt267                  0.701301552836           18.783953886             -0.602143213413          0.0773998111189          -0.158633551632          9.98314958811            -7.26015538491           -10.1451776851           -21.3933329897           9.38110245301            -107.467718715           -49.2702852525           147.005347009            -171.047346425           -173.666966794           5.75785979059            1.0912108472             -0.736475534633          0.331130887461           0.836744474171           -0.694105415177          -0.297628661184          -169.187389908           139.039072415            -83.9707591016           170.42631603             -55.3863550135           -104.030089161           103.167934281            40.7653469666            -124.585780259           86.1165934852            
rwgt268                  -0.983519748082          -3.87193060079           -1.47645327381           0.676573511784           -0.148960976164          0.614691199534           -0.51699261191           -10.3806918849           16.1918633181            32.677000327             65.4830556148            -40.9719540568           154.34313083             146.942888312            29.1532051747            50.074752505             0.806226128569           0.0307960868143          0.710397639502           1.00490899448            -0.0320348355712         0.908464849064           -168.980383619           10.1169670436            -93.0974160575           -10.3830051866           102.000874126            13.0971940771            -98.0744923975           -90.094899787            144.599608647            3.74755223408            
rwgt269                  -1.07654215714           -11.8730093171           0.863224320654           -0.748536946037          0.00546318892146         -4.16506184013           -3.02942627688           28.5481561896            -16.9866964295           -170.434462681           71.0802902648            -140.32970135            -160.67552576            -19.3982317114           -78.5288189069           141.102397025            0.921533571939           1.8496323636             0.80878875159            -0.805380789748          -1.43734675791           -0.834192113695          -43.712955002            -171.07584331            121.231815042            48.610504439             32.4638405089            -9.36493005543           169.512666208            -42.4137294989           49.9934447898            144.803331757            
rwgt270                  1.07793883307            16.445922699             0.203026988334           0.698761365199           -0.0458233874974         5.44693138953            -6.2977564102            -17.8356651594           14.8314974634            31.8524032111            -173.132085956           -146.582173737           29.1005389182            23.9979930643            47.1130211677            115.562604739            1.05530673709            0.00306901472503         0.248998173853           0.828675585034           -1.51244730115           -1.54428400086           144.336491242            94.7558799933            93.7663646402            -52.4100751187           147.365779782            -72.8843364911           85.8983469994            144.559026821            -101.179334203           51.1586226547            
rwgt271                  -1.04439014908           0.141587982169           0.770508367409           -2.17934228558           0.0552410284844          11.6790396499            5.60272744398            -5.57938013886           16.9583205544            153.120357674            -33.4531711397           170.544977622            141.036517933            73.1774437534            163.190381583            -179.58065321            0.723512812111           -1.16150136761           -1.26175000621           -0.50494692416           1.73591156006            0.820014688525           70.0340305781            -25.9807216523           -141.142854085           114.781758628            -57.7596615732           -30.5406736904           -146.367256831           -139.835963748           -121.474586941           -125.319273503           
rwgt272                  -0.796989646135          2.93771494196            -1.22893728048           1.85579940439            0.0840715224338          2.57195990805            -2.55433492926           -4.36086370357           15.1729401914            151.420633368            108.266586411            -111.364946592           168.106797456            -169.781121252           -53.1833742152           167.219801969            1.2110764047             -2.07153680379           -1.06537930424           -0.516097460212          -1.38886097638           -0.773863721005          -6.86922494668           166.610719114            126.215421622            35.1995353576            38.7789464473            -66.0966571699           -140.055478125           174.710457389            -156.567536878           -163.011685928           
rwgt273                  0.127209830811           11.6375101381            1.27778714053            -1.93231935555           -0.120522038348          6.88965485079            -7.67193186898           -17.5235615975           -14.4668337154           -128.286988606           63.4892955523            2.66249443888            128.518497315            -165.503280727           -52.1980259431           -102.009159296           -0.641867020295          -1.09470901834           -1.20472636258           1.1259666461             -0.0205726316792         -1.20340897672           -94.1550943545           -104.932499355           119.583707538            11.957799969             5.89363414824            89.6256124901            -10.8436722887           116.098067404            106.662406023            57.7709498457            
rwgt274                  -1.16668945904           -5.64965568318           0.800209528579           2.06425190891            0.0174842457724          -8.06281062142           -4.99518243917           -0.201133926815          2.44281849488            -66.6048906483           -176.387816418           -99.9294082451           118.981892082            -174.633291088           21.952416313             123.815880974            -0.936853310614          -0.751783627009          1.20445129361            -0.964396457328          -1.39418761034           1.11642130995            -45.6628655682           92.1574926513            29.6187325604            -83.8277918295           114.998329649            -29.5916640237           22.5169433149            78.4109980753            7.63641914               -94.4819085973           
rwgt275                  0.781198553046           13.7677375336            -1.05359570118           1.89243826675            0.0319373127408          6.7402114141             -6.11772943748           -29.0537995084           -19.8606963876           89.2485102431            12.5621737903            -112.744566445           110.570882463            87.1660483194            118.222381695            66.7685223232            0.359274788487           2.67439959731            -0.0131774474286         -1.10421827139           1.44384429676            -0.562609479509          -118.047941204           -167.351890786           -145.920144649           -55.6303263329           67.5014250733            97.8390581157            174.663366778            44.5123540725            155.501084611            114.968778365            
rwgt276                  0.13947759951            -11.9665147746           1.66207455093            1.51172770065            0.0315556743919          -6.4623451368            -4.43915766013           22.2196015745            0.00692526124166         39.8473830601            -25.9566660901           65.2548068557            -168.034046344           -125.111112051           43.3547997901            -42.0823816935           -0.421515184174          -1.95645636579           -0.658851367167          -0.808111295599          0.970539015581           -0.699816387219          -132.292677297           -116.629197914           -98.2606216102           20.7504312462            64.3507353304            104.516539251            -24.0427667116           -139.745837283           83.3217856209            -26.8927831357           
rwgt277                  -1.26946270255           -9.14773873719           -0.538119543212          -1.10214423917           -0.106529779661          -1.284983767             9.26573585493            -13.5634627409           2.46424974528            -116.853312727           56.8402904811            -57.2320684136           32.8239428953            114.80808977             56.4645289898            -5.89082766314           -0.304191000727          -1.72985352509           0.238631540696           -0.728813168014          1.30612380081            0.740821924369           -85.761344576            -124.863103579           -168.634919389           20.2076703192            -51.2761391113           -6.42664819605           78.6678080646            115.121338001            -76.6496898203           -114.278250642           
rwgt278                  -1.37301441782           -10.4955795283           -1.46369544616           1.0443434795             0.0997008416174          -0.391187457114          0.947937815394           3.57440670567            7.85273834979            -58.3486550722           86.21476775              106.129764242            -2.46334090669           -111.613851106           -122.840479352           33.2139861401            -0.720461468078          1.84730868982            0.598020737441           0.896793107904           1.46925783683            -0.147452669639          -40.6953826456           -67.5067101497           -159.503796202           111.58589651             -176.109782914           98.2415570038            -98.4862749298           170.886172915            38.5545188337            -4.67987115921           
rwgt279                  0.112928154587           14.4069084334            1.11396205022            0.49032561394            -0.151484405495          -8.31043180823           -3.11344889611           25.8490881266            -14.9936914832           -55.2985554752           175.122997472            163.587554241            51.8401291312            -57.365018565            99.32726837              19.2891706851            0.602821102629           0.379397497025           0.949285371911           -0.045064487206          -0.704311393408          -1.18664230944           78.7219460727            77.2264359615            116.320597969            169.132218614            43.2914007644            -46.8035417581           -49.9267554172           71.5893851228            -102.997699026           62.8504778429            
rwgt280                  -0.115440913078          -5.41389580288           0.0957428042447          1.97078396406            -0.161610480984          -2.56466027629           -2.99369283278           23.5989409613            -17.9854325018           -174.202250834           -141.693437802           161.379583568            -166.093402528           17.8630224168            147.593571464            -121.588828609           0.864475372704           2.03143667889            -0.466336493247          0.26653824361            -1.00718099151           1.281144573              -35.49680349             66.3776574292            2.46039482479            115.146965049            99.9918831434            -9.29904382547           -64.1219437728           -12.6439741113           166.327858234            -117.747077654           
rwgt281                  0.154781436034           -13.3050774738           -0.0655532422877         0.650325502565           -0.149185529015          -5.68316591502           9.64071637747            -19.4608729016           -21.5539936605           -178.199006812           66.8433806914            -14.691695187            -110.674714186           135.019498173            -61.6018880504           17.4842454387            0.12821019304            -0.0388622958261         -0.791258220161          0.515515705494           -0.0191707963693         -0.829244687386          112.864164131            -21.8140981826           17.5604483183            41.0713703165            3.62409175164            64.2939255988            28.4068732772            62.0161882175            -125.651375572           -106.592468397           
rwgt282                  -0.392884359969          10.2266774146            -0.0540088373782         -2.04560810466           -0.130072692524          5.71128106706            6.57465166763            16.2587182013            10.8991810024            150.677363421            -20.2917635287           -83.5165355709           107.232032656            167.791445698            152.339228704            171.607950815            -0.869938926588          0.231699483251           0.94133757458            0.237363748217           -1.08571281779           1.03413012889            171.628818595            -167.258118826           151.461966435            127.244691763            -129.582610962           32.3276866281            114.913260446            6.90774653281            -60.6310664563           179.348687528            
rwgt283                  -0.499199411912          -7.85422459331           -0.0544967581647         1.68380172883            -0.0172855546543         -13.1784738019           10.0882051196            -9.7225997017            21.9835267496            164.125010042            -167.498568893           -46.0372268509           -78.989206712            3.98689468018            -95.2892583265           -93.7588483199           -0.729875778857          -0.316389135897          -0.717067542935          -0.00666141770147        -0.444884108269          -0.820324604504          -0.492555196346          -25.0464752001           -30.8763028032           -139.686464612           87.8025610137            -132.325801641           37.4529449907            -131.671199021           78.7705245792            115.636384487            
rwgt284                  0.282183631469           10.9361299039            -0.654006825767          1.36926645167            -0.0815503295457         -1.73243478208           -10.1393925966           1.49849920035            -19.4318013834           -128.906686363           -77.7707202492           -12.4576209671           -108.722478679           171.867116187            -154.391579823           -23.8115029633           0.695074384972           0.687689478399           -0.345097189092          0.0578287292185          1.33990766977            1.46768820619            -65.3675144454           137.446511861            -93.1671259841           -146.240223844           128.3661714              -83.7205422109           -114.596558487           79.9401164818            81.2652174372            93.6832086204            
rwgt285                  0.801343887739           -2.59369528942           0.452758772996           -1.4941713893            0.14854454022            -10.4699424902           1.50385170778            -12.9490803857           -19.7627727712           -80.962052502            155.21650476             101.020212107            -138.0908792             -165.449892062           -65.1597413651           166.876586027            1.00443054142            0.105646228823           1.28687046188            0.0532030887829          0.552622466356           0.92548554148            22.146694116             -42.0666104193           59.0012938528            63.0224532019            -135.044469975           -179.784514003           -73.9452703905           144.452361004            -72.7352442306           -28.144551461            
rwgt286                  1.22550585727            -1.58194196024           -1.00472434699           0.944390817914           0.0449459618489          7.9724769874             4.74950743085            -25.8062160591           5.50640887466            -146.389751178           62.9132254121            95.8722179133            33.9386604141            145.917602562            -129.149620494           -77.4543478069           0.141423415398           -2.01122478307           -0.921920138812          -0.694558765153          -1.15182388388           -0.559179248257          36.8416185453            -75.4083610193           -135.022201038           -177.610210013           -88.8041394142           44.4547919754            76.3923046936            -57.9439166867           159.134168283            133.878259867            
rwgt287                  0.385076193861           -10.264888486            -0.00507258020036        -0.776695731849          0.0434505672149          -0.532351543822          1.17537870122            -7.7552408047            -1.56876104641           -62.0019245659           -84.2031089953           27.5673308506            -120.313697997           -35.6227330392           -130.879951728           116.766920639            0.660831790959           -2.64410958705           0.325326218549           -0.485371398413          -1.62412569866           -0.51407410068           63.4023693199            -55.1222199449           -165.428718555           -68.9461447927           113.952739203            -90.2497424773           44.9395386615            -122.284511907           111.634138274            113.19684114             
rwgt288                  0.112958369538           -7.23705663255           -1.49123917395           -1.39365687592           -0.0512182105168         -5.62439969242           9.53933209747            -27.7945779616           6.31797858121            -85.3137601669           -84.2341902464           -1.34890682448           -15.6742894408           -100.156217756           -86.1763534733           -97.5682740684           0.663676498591           0.230736774645           -1.21063172655           -0.546299259485          1.78020942084            0.87601711051            62.2349102174            137.533064205            -109.55293765            -170.661870946           39.0526164442            -66.5927727546           50.2398807537            163.294177476            74.3480190749            165.473781461            
rwgt289                  0.885662712922           -17.4713356402           0.945460074591           0.296013373709           0.143691135848           11.3026262426            4.5645651458             10.4506044776            -11.5941043363           144.907398029            -136.34078736            -140.239721132           -40.9612192094           44.2819889738            -70.5657671047           -169.037102196           -0.00434993698761        0.520859691465           -0.673653671103          0.636020593917           -1.45470087407           -0.599937842077          8.85311740342            23.0180786241            145.624346609            97.5106142345            85.0838656607            -72.7628718693           81.0163720387            -174.416917253           165.806326411            -115.3890671             
rwgt290                  -0.88685215156           10.1273712032            0.108768189912           -0.965900330117          0.00922824679155         8.04486155169            -3.20558263949           19.5094924205            12.5180639722            143.794851177            53.2232332233            -8.37995227419           109.554046908            -82.4441835441           155.79331041             -7.05233065196           0.594485272717           2.69062440519            1.13600620295            -1.11976857608           1.40952842187            0.623620228664           51.5178591922            127.975767099            -166.954136241           -106.110315196           114.123042443            -88.9833495399           31.9962405224            -116.939239678           -29.9641708117           179.64007399             
rwgt291                  -0.656575081182          15.2784819972            -1.64695441039           -1.24152289459           0.153337828074           1.30470672627            -2.96391106438           -15.9365245785           -17.5628232557           -172.925721829           3.88992963408            24.3464145141            109.909094435            -157.082599478           -12.548261532            -80.5677019463           0.200180647565           1.99599155084            0.416751136876           1.25625253572            -0.676536919285          -0.967315851454          -143.123371858           93.5621631611            -121.845667521           134.050371751            -99.3979210038           -106.589449325           113.76227346             156.154538409            -98.800893013            27.3410300421            
rwgt292                  0.865808982125           15.8161974584            0.236129144711           1.40715893318            0.0843034509247          -10.9981875775           -9.5957462789            -27.809196327            0.0814015390007          118.914217891            150.892791564            -126.093232392           -123.519225036           86.354327229             -36.8462261775           -100.675692087           1.15965578106            -0.380720115259          -0.636937435283          1.07930801682            0.471885588057           -0.919993507336          -68.0125798472           -55.5971745881           79.5538494521            -83.1035698131           1.02243800187            -64.8361710062           -63.4798684389           -105.208080387           167.544320048            98.4334896082            
rwgt293                  -0.26409627528           2.51447840866            1.62985629811            -1.78252654685           0.143335258933           2.84401671381            7.81609447232            7.02859105196            -2.52888954433           -140.817023942           44.5196228107            -16.4681178524           17.7196962962            61.7293421305            141.747469142            110.003824956            -0.341852621717          2.75752801932            -1.18235987704           0.890811048054           0.923324543626           -0.198790733012          -12.0309310015           11.8797092263            95.5474548687            -23.8604890888           -31.7802621849           159.743960741            -113.557732949           -77.3725551443           28.7003175206            50.4251634555            
rwgt294                  -0.122147810489          16.7791274843            -1.19156445154           1.91451722691            -0.0953636225912         1.55544746591            3.72939723809            -29.024852597            7.51502596318            -132.563766637           14.1920508795            -52.8986337971           17.8432003027            179.026521595            148.703441664            -104.942725568           -1.0728372688            -0.0298012624211         -0.227578226502          -0.929891912788          0.971195436745           0.578847631196           165.429432903            -10.4826613816           -111.732992582           151.677284905            22.6010150199            -146.638925856           -79.5522256084           106.636022993            -74.2342786262           -97.5881678205           
rwgt295                  -1.30999806703           -14.3194700999           1.43034577018            1.28348824216            0.122327257485           1.59483433576            2.87450755371            -16.6041085184           -0.297152513486          -26.6119348864           11.9517170006            -56.9278713859           -35.2161254348           104.312571756            -147.165485966           87.1455954347            0.84758780621            0.122461753498           0.326706266926           0.655393845939           -0.672488704393          1.55237663366            -59.1745741759           -162.12375133            -155.565098421           167.66346903             139.225170683            -129.558769382           -167.508086834           -71.4870349761           -14.310634952            24.3229460204            
rwgt296                  -0.0615379151208         -17.2222553369           1.08199326108            -0.206860541468          0.11008261834            2.05062111568            3.48501377142            -6.4080644591            7.62005124527            -110.941866914           103.607418694            164.027885872            154.62770293             -123.562825814           173.114919947            178.157794234            -0.630472560355          2.01431004398            -0.493272049018          -0.301383748514          0.304370855049           0.277417545827           -134.694991267           9.11910631259            -102.905714531           -34.7416622208           75.7356400955            76.7352894436            -11.6761759065           92.592236707             -70.3643209879           -98.9220115668           
rwgt297                  -0.908988045365          -1.50458812762           -0.312888064797          1.22841333407            -0.0718422036496         -4.95013196694           2.81033719493            -3.35333494611           22.7278753604            -123.39588995            -130.429104398           -37.5804304932           25.8581646281            -95.9291209451           -76.7151810115           -158.649794517           -0.792585290787          -2.1659715353            0.60041496301            1.21631508169            0.953010115572           0.490942150439           -22.3429509002           -37.0095719495           7.09965387224            67.2760358783            12.2630028587            -51.809025965            175.243302527            29.9670404461            -134.92109702            161.372650067            
rwgt298                  -1.21865406142           -3.6917737145            -0.397965510375          -0.976762714159          -0.11217538556           2.23495949279            4.38713020911            1.68447239069            18.0947588296            32.86407464              91.0817600707            -98.202323202            45.0826966137            -42.8995494964           66.591879799             -116.175340497           0.871362519702           0.334808457398           0.324385441799           -1.0135413378            1.49187420227            0.707559322764           150.943660713            86.0083443116            98.8279171145            -105.432484921           -136.560375606           78.1379161548            23.0626556742            8.2734213575             -120.435368696           87.3278201171            
rwgt299                  -1.34896378613           -17.0305340834           -1.05500692353           -0.317288454052          -0.0653167207197         -6.99973135935           9.45442487251            10.3340311571            6.12400310844            -14.5804277745           50.6812994379            -147.770861675           -163.009692296           46.1393329729            156.972696942            -147.930121998           -0.0558449895696         -0.536313783999          -1.23095175627           0.0405829748642          -1.63184504419           -1.00278293905           54.1297471341            -114.043018565           138.816812566            6.12156463614            -161.513012335           -158.254464875           -3.0081832526            -15.0572686386           21.5199932562            47.5520826397            
rwgt300                  1.33120869108            -12.228264087            1.25067017269            0.196515498892           -0.0628503939901         -12.2106442944           3.07632473866            -24.9056010678           5.16066344165            88.2790534043            -147.800319684           -140.22848021            -169.096405213           -138.131834386           -129.689441322           -2.91012229848           -0.467356229668          -1.51420521923           0.736029421401           -0.565886964911          -0.614477696631          -1.10433269333           44.5984556712            -84.2056367089           1.66406465034            131.177498273            161.497535618            -78.4290486929           -70.0301141287           -83.628116074            -165.829762009           52.8495849429            
rwgt301                  0.96524321423            15.7425720873            -0.683065874762          -2.04000577288           -0.0588474689742         3.88941798279            -4.55588039145           4.35611330481            18.5573439037            -73.6717877867           -73.5383667953           -41.2073304628           -171.195287513           32.8828791218            157.077695524            115.028193273            0.337336706105           2.60686203232            -0.577173975629          0.765811512333           -1.61201263779           -0.350907656129          144.026434146            59.096205389             61.670473683             -56.2322499414           -26.4825008836           -138.81749981            -82.8163358624           35.8123792844            67.6734275246            76.2930257661            
rwgt302                  0.0336923466914          13.5285981344            -0.643826145549          0.907990334463           -0.091828268937          2.87429558773            -6.95732762113           -4.20331292092           22.2740329165            146.08402427             111.676513235            -126.281273632           -51.9436077967           -154.03036241            97.3548023982            143.245454625            -0.741016052245          -0.443063617739          -1.19398296892           -0.562469736496          -0.680762754362          -1.5524567395            178.209507092            2.30758412982            -40.3715075059           -18.5151415668           -13.944855215            -33.1391362894           71.4131596733            79.0258411699            30.3357206364            103.595894312            
rwgt303                  -0.332735572225          -0.807334583381          1.20352464312            2.07731874427            -0.119386349113          13.0564461637            -0.13840504959           27.7585862328            -20.2446106487           -148.173006844           169.377951372            110.874834161            24.4236548649            38.0697034947            -172.06686074            45.0560068908            -0.44078712638           0.969194450249           0.724129002007           1.0000348038             -0.771045734992          -0.651643101413          -101.222095155           -156.443044281           5.13533263912            48.0295288684            -8.70984218626           -92.6201786417           14.8014847931            -95.1334435744           10.2758187053            162.604188836            
rwgt304                  -1.30744338798           4.0751179986             1.58779833479            -0.304102469793          -0.0265616154795         3.34716511305            -7.17679820338           -9.41214527622           15.0528714592            147.243657486            -50.5106995853           -54.2381790697           -98.3290729142           58.6611513819            155.270671712            -26.716290489            -1.21348909866           -1.2750113591            0.0783564395707          1.15623748528            0.611235534216           0.707064366634           -142.098247304           1.16104377775            101.211984302            -54.752841049            -11.0944220442           141.275649198            -65.2270153579           -57.3193182476           -52.2972535852           64.115234458             
rwgt305                  -1.07089372217           -4.82039961218           -1.16866983725           0.781519598919           0.149852270607           10.1559058412            -6.84162269735           -19.3345716282           21.6335067724            -54.9712056189           42.4588491237            -147.397392632           121.841135771            100.371660322            118.649525853            -16.1982643211           0.474808085518           -1.42207146081           0.521936542267           1.1481220185             0.805028699775           -1.62045975448           -159.936343023           52.7080611509            34.843519183             -119.182645229           -57.8322211555           43.8569135404            109.324010083            -96.2043663258           162.294063588            104.185664029            
rwgt306                  -0.26211170106           -18.4084280571           -0.0348467889206         -1.91789561975           -0.109893318947          -11.8211646954           -5.76791454223           13.3789257223            -14.6469327161           80.5938544609            -139.640185723           95.4160613578            142.240184599            47.3598072747            -58.3100476287           43.5395878045            0.695744178799           -1.8078897346            0.0597512675675          -0.852456293389          1.21928265921            0.093515954506           82.1588620452            -67.7257854989           -90.1912264702           -66.2716014976           -170.032985873           172.203753593            -37.8509001208           -86.721571286            120.13532373             -175.884930112           
rwgt307                  -1.19804911911           -9.94981583355           1.65990683917            -1.31975904363           0.141029419862           -12.3239974506           1.51411243161            1.47177440687            -8.47079871029           -33.2722198427           7.59043721944            -149.983902023           174.122091327            -129.430180118           121.438795981            -152.359739203           -1.08526850826           0.147224184631           -0.714307035087          1.01687842951            0.761311759826           0.368801514075           -132.980337575           139.905594528            -60.6100611935           9.74983819323            102.866493699            115.449075693            72.0449876606            23.4592412151            -144.928102682           79.1145238645            
rwgt308                  -0.613404186982          -6.98936158464           1.60785464695            -1.75209094907           0.075736213868           -12.1009157434           1.69892419186            -1.16401133758           15.5327754221            -109.66172538            -70.4545727324           -118.185921981           97.5095347332            170.028506353            168.887142335            -30.3434916147           0.551345391349           0.731272771747           -0.759421520721          -0.0218499569754         -0.287403088517          0.19363623866            77.3226674287            -31.1623063574           -8.40582637639           147.158807715            27.9505644739            -47.891769425            29.8088597607            -45.5807857137           67.4984600774            31.0178995318            
rwgt309                  -0.322661436558          -5.13346027061           -0.029420066881          0.790217373669           -0.0934322149949         6.45682014789            -4.16837351188           -21.204751658            -16.4444630686           -157.425698676           -158.366238735           66.1554904296            0.568155728131           65.5350904089            -25.347084409            -4.16450630804           -1.20168589537           -0.514978393722          -0.276940255549          0.220573442018           -0.454883264067          1.37464535269            -166.014326996           118.077156844            158.603059665            53.6499796115            176.196072725            -11.7956225441           -72.0876085778           157.115096675            86.8325226939            -62.8316850965           
rwgt310                  -0.868541193285          2.65729492556            -1.68604752361           1.78810556652            -0.0446605433536         5.51830757404            0.508547945897           20.2076149979            -9.53263092064           -108.617039289           -161.466256382           117.446217283            17.137211395             52.9260800796            179.920273555            -143.404246545           0.292398981948           2.13118508833            -0.812615496847          0.0103664021247          0.440342986172           -1.46711031637           23.0373290529            165.586126333            -161.830807954           -147.454930524           -18.8829072934           -147.293681795           -111.814891547           -9.37641822298           -93.0876068903           130.955884446            
rwgt311                  0.766988168068           -2.24104179186           -0.185657677171          -2.17899964266           0.0702279886337          7.08560372861            -4.19259960035           -20.5972846695           0.352097067834           115.160920062            -128.985682778           -90.337380861            5.15489146573            -161.396278903           -34.3753697556           160.708691644            1.1867433093             -1.80099208992           -0.997514927103          -0.186430245952          -1.62197037773           -0.0167897541869         179.381438052            133.262720129            89.2201368883            -117.838996361           123.969753646            126.722329775            136.625424371            -4.73650272547           -32.0246725434           -40.73822118             
rwgt312                  -0.494977160763          -19.8440374714           1.19061149691            -1.96450802862           -0.109575299459          -8.31538759467           -3.35458814109           12.7091402123            -7.88632833767           179.956546937            106.796156768            -99.1746669566           12.9049051199            -1.93440392308           -126.525208363           125.515440967            0.118600881322           -1.4706830015            -0.514443322735          -1.02511935774           0.784829841842           0.553793998734           -120.435200543           -43.6786900261           22.4547197879            -48.1987442078           -23.3489091926           101.197232906            54.7967215117            -65.7118451097           -152.128720832           -36.5980869145           
rwgt313                  1.24119167544            1.62851669146            -1.53903324067           -0.199604348975          0.149430242197           -3.68057042581           6.35628847924            -5.30462474923           3.99780428239            150.156947291            9.68789755426            -174.743330635           -172.732677066           -145.120209846           159.250031277            28.9247826718            -0.387950269758          1.10211005575            -0.800025396432          -0.542507209374          -0.220272162312          -0.893584757918          109.368963999            11.2406610529            23.7577307241            178.584241349            71.7158495831            144.621057051            46.5149951111            22.5028191157            -148.227304271           -50.0177241071           
rwgt314                  -0.205970229176          -9.18355102467           1.04422353152            -0.132173615423          -0.150055195429          -12.2549639137           1.40062550063            -22.0678193578           10.6235383717            119.690189462            142.556731673            -175.973754114           -73.819729683            -124.167241514           -3.82514836674           82.4413002216            -0.364148131811          2.55700244013            -0.717965677585          0.717948642998           0.595910081071           -0.237341163164          174.205445277            -44.8459927839           -122.719062581           -22.0811819832           -119.534091481           -163.807332082           76.023131512             -112.244907313           -143.774612943           65.3378708506            
rwgt315                  1.39971104933            5.16514626126            1.00254467034            1.37097454297            -0.153992174243          2.15652970175            0.570081833703           -2.95099888205           -2.68470153625           85.7602652071            57.7353467196            95.2829081994            -177.166891163           -51.5315791378           -150.869971204           -103.09931115            -0.0973159941781         -1.74140929219           0.451909789123           -0.996180434423          1.38217526352            -1.12420010046           -26.7606835521           173.421635184            103.350934422            104.60971274             170.464320385            141.665769753            -124.861882248           -170.407937352           -164.781714588           82.2944210861            
rwgt316                  0.534425778431           4.54860910735            -1.72031869537           1.62830187387            0.0992276226378          9.62522963383            -3.54483762245           19.4783691865            21.9327795974            -99.504531057            -12.1474446992           167.808936047            -159.99276499            13.8645053542            46.4904478747            73.0204112378            0.127633877747           -2.21708927908           0.117801795544           0.446853942849           0.834126652056           -1.39506324606           -58.4398746178           -30.06360959             33.8550630926            42.4434253763            10.5461427872            -117.408302425           61.9066858264            -158.783194443           75.44610832              14.8151629053            
rwgt317                  -1.37578120821           6.66276950139            1.55604833925            0.325435376185           -0.112464700023          -1.20248448504           -1.7537535934            -12.3706443986           2.85816461258            -69.6769266406           -156.158651746           -90.0448227159           32.0310854614            119.020433473            -79.7977773552           175.925830699            0.464882040947           -1.50303463639           -0.668710889941          -0.00951297522632        0.803717629259           0.530352677501           114.247193108            -50.4421010113           159.057993318            -167.379110465           128.784031021            -56.8751104792           -5.86386788556           -67.9047526925           76.6543049263            -75.1963843712           
rwgt318                  1.10745953508            18.0345316691            -0.0729823168357         -1.44725077884           -0.0137985434145         -12.4755057591           5.61698903738            3.42958504494            -15.641480451            72.0280440901            94.2370003151            -161.242980942           179.16258406             -65.8262143995           -173.26138919            114.852627549            1.11558917515            1.32413109972            0.989331587878           0.657059538428           0.102589369742           -1.16971873313           -124.525404928           -66.893052349            40.7950772133            37.063684993             140.772887558            40.1970183623            -85.6364469416           118.475758603            26.4973114816            -15.3151681781           
rwgt319                  -1.22626115968           9.9708621008             -1.00573808552           1.9556369828             -0.0591209206508         -12.1150726746           -8.36326927849           -6.16778399501           -5.45010363359           -54.8101801046           58.6267998809            80.7152481741            14.8129899834            125.016755824            49.4274505841            148.578885837            -1.176949352             2.62968081519            1.10055387905            -0.445486792572          1.03190651959            1.00974953024            -12.9650656633           -42.5301905357           -142.414414365           -94.4429553402           163.938701777            -107.312683396           -52.9182956072           58.8033870049            52.1004546663            36.8489833991            
rwgt320                  -0.188307829655          -4.89479595773           0.423551869124           0.943366318388           -0.127478086191          5.29618494331            8.23142805132            -7.00402340448           9.90303585546            -171.17367921            -4.91258180785           61.1713328153            4.03487289553            35.4843538166            88.1566995205            -60.3964142061           0.336485502046           0.288968921522           -1.21328248852           -0.453880176857          1.59040623005            0.13936478755            -166.695636871           -26.9875101408           2.27664563008            144.275209204            46.9752197387            33.6016127365            140.148276947            59.3966316014            -38.8969184907           -98.5529570729           
rwgt321                  -0.411104907807          11.2730856617            -0.62431174524           -1.34009295419           -0.0698027711243         7.28805335076            -6.16602807382           22.3131053344            2.94329327823            -161.192605732           107.211272265            128.106061376            -43.6673122712           146.358652948            71.9239904873            -42.8634116398           -0.605543474843          1.35162787366            -0.138829894542          0.0640704740918          -0.291963370873          0.894550703082           125.022479481            150.823690096            -63.3913825066           126.266324778            -73.6112469782           111.976750452            85.6787018665            -52.8219804448           132.68921332             -169.335473481           
rwgt322                  -0.771420536748          1.08084260248            0.310386451099           -0.614966599218          -0.149686791549          8.90906130364            0.790574799313           11.6465784295            16.4020328479            7.11613974613            -32.4616673522           -171.045420237           99.9311806047            -123.91374926            -109.500736768           131.947914033            -1.19774318486           -2.23693951824           0.57659401879            0.730774394929           0.920020218878           1.29477754985            -97.9316938943           -108.081516983           -31.9334763667           -144.998287746           -94.2334313496           85.6792756191            -42.2821540244           -156.546944832           126.161311425            115.091797021            
rwgt323                  0.322140092897           -15.6980688991           0.849950089586           -1.70707827167           0.0218625299213          5.76886905208            0.330760077642           26.3939258283            -15.7446231915           -111.268600684           159.338129356            -134.56408461            -104.953416715           76.951541445             -32.3296636872           163.74432467             0.401940978186           0.500646175223           -0.3899120286            -0.476813437117          0.0572590970841          1.24230582783            -132.787435454           41.4886524535            145.746240629            -14.3101616077           -137.432952446           -60.2983889334           172.883713914            -68.9178029539           -55.9729197018           -32.4235953877           
rwgt324                  -1.16204777837           11.1244431491            -1.02336435205           1.0474107844             -0.0380606042606         9.68096159385            -5.21940172443           -11.5240511506           0.998818924012           -85.1372571693           -51.0601784705           30.9708706007            -12.9435317753           -128.72128479            -134.202086403           -61.5387740618           -0.136858027284          -0.39879532778           1.13543032174            1.02031210304            -1.204130963             -0.133875197743          -43.7371486946           158.865375157            -175.98010269            113.768673314            117.315088267            -13.048492815            -37.0944186071           38.5179932935            168.404715151            -149.360025562           
rwgt325                  1.10289763203            3.63351973424            0.815571377473           1.53508312442            0.0471368990065          12.1748018463            2.0795752147             1.65485601321            20.9265847298            -1.88806651736           116.643907871            97.9616437403            142.212234255            -21.1194545446           118.908200177            170.885711238            -1.03060687166           -1.39956227539           0.72548479715            -0.0925108412661         0.699353817945           1.4193079456             176.663478708            -170.141442204           -39.3211420904           165.966549358            -8.29552256818           74.348275424             165.036647806            59.2453377162            39.5987445916            -30.7506112824           
rwgt326                  0.231874641626           15.4660402427            1.61088738308            1.79240838271            0.0195158473537          -4.71718564444           -5.25428688605           10.7858795027            -20.1653294424           -22.756621253            -103.581204352           -143.221968559           -177.756511111           -150.001810322           -105.88662085            -104.301685941           -0.315360180631          -2.11134161975           0.898480107252           0.173061952338           0.000481575198505        0.35144686817            -84.8477517631           -108.775706135           -87.0837489422           -168.215002483           -52.267433043            73.2207189216            -84.1840697137           -133.057133086           113.681812679            -160.18244018            
rwgt327                  0.358700816534           -5.58791338727           0.122495359194           1.24787197968            0.108548316273           -11.1324721359           -9.26297225193           -10.5352650406           19.8924519134            -86.6917211572           147.912911534            -96.1465413866           5.98851208934            21.8630757875            -51.3208852042           -47.2655615551           1.1994865935             -0.661791859395          -0.255392366514          0.652653481585           -0.304516996167          0.0508359724492          16.0214997411            -139.371737559           -5.91092154865           -8.53697199979           130.88655751             144.591080172            106.960565142            87.4481350831            -30.6111223978           -119.28917361            
rwgt328                  0.341446462959           5.10313934195            1.05962949824            -1.08925187621           0.108098755452           -6.57256407564           9.5351865998             7.96587594683            -22.9393587227           -117.213587726           102.37606889             -37.2252274113           -87.0344908918           -17.3518896547           48.0565614305            103.467011945            -0.532009233799          1.69959666031            -0.821460013112          -0.636686191572          0.925492557793           -0.616557228312          -54.8291131543           40.383454233             -122.258348931           -15.9002646205           -160.911214636           -64.3441153375           33.7383597828            164.120078074            33.7365174409            -5.03251988996           
rwgt329                  0.812975627459           -11.939671669            0.918116761272           2.15606338806            0.14305813716            2.01209413744            0.916741505871           14.6015681271            -3.93668517952           177.906498259            90.7048713453            -51.568006527            115.104396819            96.8804256689            45.4488933171            170.703111545            0.90881824589            -2.1199829961            0.191015428314           -1.23130502097           0.620072950864           -1.65662914176           -147.066890247           79.8751363038            1.38080113294            171.801291529            -52.6616100672           -118.953002781           -18.6068865828           174.622588554            126.931923941            -85.1676836713           
rwgt330                  -0.768316954947          2.76614679885            0.158849932882           1.08901025284            0.0985352164747          4.35394515476            8.32174687169            3.62349201026            -18.7729218713           105.628820834            30.1286289412            -13.9553959273           -89.6102513174           -119.364642527           -89.6775584687           96.7233663728            1.20095944586            -1.20362592155           -1.04627401696           1.04297840826            -0.480308734351          -0.867271000345          13.8249829072            -144.327899793           176.693577691            128.237657948            -119.468302522           -119.948411963           -13.3695456255           -110.875730228           -124.951010188           -80.8657434728           
rwgt331                  1.38154387386            12.5035529207            -1.09210388187           -0.990553972569          0.138568819427           -10.1375306545           -3.19907055018           7.89000373174            19.3075238987            -44.4469770899           -161.060409445           90.0983677414            37.1495652909            157.915219678            111.942550547            147.638596844            0.741479460396           -2.65877680524           -0.548048566984          0.576036403454           -1.07686263366           0.957069477512           162.305297051            -24.0844237035           122.356795603            105.840293904            -117.020295623           -84.8265204451           137.315218779            -157.992494956           39.6145417242            62.8642580362            
rwgt332                  1.42237066232            17.9071538069            1.07797335569            -0.273352684213          -0.0132716324432         9.54330821184            -8.5893881578            16.9307696014            -22.2083020252           -63.5081339047           -165.98078731            -163.231566467           -13.7180115799           114.025897388            -153.725364486           151.463740888            -0.354885164967          2.33468115701            -0.290946575352          0.219651128832           0.249636595118           0.728160907982           177.157403545            -138.991792355           77.4277473211            -0.188657867312          20.8704349223            34.2422578495            85.0580117956            145.975066937            136.489723409            71.1482813237            
rwgt333                  -0.454278699024          -19.6791373428           0.526237219012           0.6255123428             0.110622692844           5.19821063136            -9.53681809275           29.7235028595            9.1661442967             75.0903810996            -5.35608786271           -169.115502434           13.452994949             49.0400711632            -178.480144978           94.2750416163            0.585200284931           2.61732397243            -0.24489234669           0.831854760686           0.259724170534           -1.54694900005           -168.5906095             -169.335131763           -48.6888219185           -166.903698448           -123.047119445           -68.2065243622           -40.4665600904           -149.882480874           119.672522275            24.6462269224            
rwgt334                  -0.106774716388          16.0638883462            -1.55013019179           0.290462716328           -0.0333452845164         5.72868884647            -2.3576660885            -23.0694886383           7.06353319138            -53.8359645563           46.7802505088            27.5395964216            -147.939238889           -129.99272991            28.902746122             2.81399333798            0.289890441187           -0.153570174874          -0.84800237228           -0.715171361177          -0.157565256371          0.58364066122            -38.4183378785           -22.8790878069           -96.1357523381           0.135348871183           -95.8643518843           56.1832075896            112.661867172            105.749866852            15.6061771257            83.1640085897            
rwgt335                  -0.901801484708          -6.96556579693           0.097437709572           -1.52083187501           -0.10399240772           2.82537597266            6.25843926079            17.8737816281            9.20005085227            -12.798155197            165.108678186            -74.7135989287           -32.3603834626           -90.5861314181           -172.053045429           150.835513037            0.116882138218           -1.30289496945           -0.826757868319          0.957981958906           0.312283323744           1.57535488815            137.231539607            -52.281763248            167.060832139            130.210400232            39.9851942575            -178.228564003           32.5782549771            -5.3314253853            100.836912236            -42.4516750259           
rwgt336                  -0.605512862749          1.31328090455            1.4386119016             -0.183072992511          0.0407536126607          7.47707761459            10.0797010136            -19.7461132249           -0.616259473836          109.105684132            38.7731276475            -41.7704589813           -43.4645353338           162.927227965            -97.203784233            -149.367224762           -1.12784938884           2.70599416817            0.367111289926           0.133616987357           1.60445801594            0.897393701261           -103.955383419           -136.057014817           93.0131232295            3.14904688969            96.4863304196            -57.7373309341           114.318132654            -51.934625819            -70.615041443            -75.2735407634           
rwgt337                  0.158513022264           2.89303552903            -0.341655425222          -1.34013671331           -0.153846366346          -7.90998809539           0.602072289919           -7.87658582917           7.33696729777            -85.0063306971           136.997741806            60.1370089299            -43.2170613956           -175.939699121           159.82738966             72.2702972546            0.489431272557           0.562998857566           -1.08589557314           -0.279933246343          -1.63438222932           -1.16854605954           52.9743242443            1.14990316842            139.101467485            -141.182282722           -100.784073421           -61.4430447091           -83.5835024874           6.96127948444            83.069779291             169.751066365            
rwgt338                  -0.577632144827          5.48565543545            -1.35922474892           0.228677046878           -0.0915018198401         10.3549756928            -8.05607830095           14.9456366791            -9.15215362824           136.334370064            29.5770105966            178.351460361            169.167936238            -163.464321313           30.3539190675            -114.858006621           1.10313060187            -2.32354025518           -0.560707100083          0.990397539326           1.19389715836            -0.428888057502          49.5707038817            -175.815790259           -88.032590199            61.5246409935            -118.404668138           12.1724382034            -54.4000133702           151.822294982            -63.5885656385           -167.922049052           
rwgt339                  0.689762282325           -15.8021530532           -1.29895831128           0.921869073169           0.0697269319842          4.54495730448            6.01454533958            -16.4397682827           -17.6517063751           -125.675308658           20.0265873867            18.7529403048            -174.575142789           20.6532343524            12.9637757967            -158.390564549           -0.142296711464          2.26211926491            -0.0367835020384         0.884952884227           0.543610332889           0.381760167139           87.5407365589            -81.276864335            -155.772618513           -44.025764186            -156.628697915           -17.530315807            -155.624143023           56.4550531121            0.36384140816            -161.280862598           
rwgt340                  -1.07358378778           -13.2872201335           1.16103304725            -0.55045801918           -0.157710616523          -11.4828004964           10.0252533917            -7.2383415179            -15.9302777102           50.8293255104            8.53781754309            -105.44186591            2.65658192531            -167.834917869           -8.95626323596           162.695373913            0.123298465153           -2.04019105185           0.652875786126           -1.12010702449           -1.49750774058           -0.879515136891          -105.807567926           4.09644656342            124.605386542            91.9349612957            -98.5335946561           35.5224092452            116.929917862            -113.357953462           -41.0789037138           -101.349965276           
rwgt341                  -0.264033679844          3.86673386353            -0.733183080071          0.0617620267444          -0.0456068363793         -8.69011792933           3.73311461293            -18.3575827963           14.7874514806            16.6532866056            -159.197104437           -74.9505018719           85.5942954239            -167.589806754           102.85044673             -133.361221615           -0.772771836157          0.559623403208           0.690506662724           -0.383319469905          1.11598552797            0.256171613449           -177.393991773           82.7939716823            4.32199911988            154.609600897            17.9407652981            -38.8453214505           32.9575014847            43.5564754604            26.3573545653            -98.1433192189           
rwgt342                  1.09260124456            -9.31569875594           1.13073454507            1.98080291445            -0.141584426877          -7.79670229436           5.98972919643            24.9554098578            -16.89981526             -82.4280346239           6.49940007549            -51.4603067011           14.8150304394            -1.98474914488           -165.752826723           106.97036287             0.841535747456           1.7965861072             -0.980479300599          0.230116500924           1.60531426678            0.860304351202           110.772892146            -23.2457576856           -43.292322254            -90.7210689363           -144.621188303           -66.843904902            109.530773888            23.8461969487            -106.841496652           161.484137726            
rwgt343                  -0.137579330867          -19.7534875441           -1.76957809425           -0.690134315324          -0.161376577527          -6.90766694949           10.2757230355            -5.97350762782           21.8171080302            108.583821582            44.5372315774            -133.565992618           141.138100555            -149.091754724           -162.866859376           64.9149459976            -0.44884102405           1.32995414356            1.28646081877            0.517725913007           -0.550149714249          1.07384313917            153.880922666            -162.751497344           -53.7066798034           -91.6434201273           -95.465074448            103.407624177            -37.3481533767           -14.7510244732           48.104345574             18.5511357771            
rwgt344                  -0.104863684007          -18.2799970577           -0.0184706886081         -1.09954377592           0.100105529172           -4.94688285341           1.81520581479            10.1904434076            -11.5255799542           95.9672102307            -112.444084937           -143.824503131           -25.9128358988           20.5514139854            -2.07110519172           23.3531168493            0.845589266389           2.42083381004            -0.148233629551          -0.961638136321          1.40357853189            0.255175041292           21.9440264054            -5.36204604231           -0.0514281526908         150.234032149            175.430745974            14.6209843451            -26.8867925977           -1.50533543056           -8.35607859545           -53.057749436            
rwgt345                  1.13037220894            -8.6511814402            -0.870375263424          -1.90253196558           0.0646564882557          -1.13903618807           8.26117224185            18.2861800078            -17.8505527094           -150.133138797           7.63916635884            -103.497027824           99.5306613684            -82.3523164279           5.13148989228            153.225203433            0.262393348951           1.20253920258            -0.457276680983          -0.89399395277           -0.758964831449          1.38583924942            155.914236549            157.471534506            -41.6276238896           101.135692783            -75.5544643141           74.5166863232            162.146438919            -58.3488821632           162.563393023            -90.743942043            
rwgt346                  0.248798661864           3.71998627775            0.0886548946389          0.181763444877           0.115664042923           -10.5262131351           -7.68210980871           18.3041712263            -18.4472263279           58.6148803363            51.8290174123            -25.0868964193           31.3886952446            154.11240345             160.796627719            26.9238152358            -0.901841720117          -2.62488748336           -0.462758908043          1.11556088227            1.02801057384            -0.708537842435          122.174824449            -132.968134382           -59.2090192347           -98.5773962505           -100.019085258           -49.4770736103           -37.7305649273           61.3240378311            177.811774185            89.9729596752            
rwgt347                  -0.139951285818          -10.5662881553           -0.825557047756          2.17179010443            0.11768461742            7.71354894428            8.75704245727            5.74540646807            -9.00760892721           140.447333648            91.8263694242            1.8359379074             30.3323278739            -31.321800258            24.1138800485            -84.9176066558           -0.285075977418          2.04630496974            0.218083406189           1.12696910342            1.62453382744            0.636311376327           -75.8286088854           5.58443981984            -70.1495209312           -140.806732281           155.6104416              -50.0805646502           105.561876872            44.5589397063            4.74829883846            52.9715363891            
rwgt348                  -0.544655986046          2.98077425629            -1.24729724867           -0.867378372533          0.0551989066572          11.7339579386            2.62195084847            1.68200789928            -0.126334717346          -9.23093441303           112.733406127            150.452869384            -68.6183713153           -70.4115633161           165.099858339            166.185762062            -1.17851660879           2.28212422658            1.10264686012            1.03125380174            1.2841676777             0.225880961372           -159.681149694           91.9517527072            6.04100654508            -109.796258424           6.41078021202            21.1247936726            42.3231156615            -179.327828124           120.030958866            86.2763471934            
rwgt349                  -1.3956669164            -0.422445198079          1.6379624743             0.107652860868           0.113775604753           -1.43301758539           7.04496188921            -1.00240871345           1.52349860044            -15.3429174751           29.2439533811            6.28155349889            -97.4879699013           142.292335281            -66.4028143226           150.261272891            0.386318606871           -2.25446316517           0.794144458915           -1.11946061921           1.35911268641            -0.585012018133          -13.5961098817           -165.569358787           -21.9401033742           174.090033946            -106.095934762           130.033903498            -45.3366615633           -157.485083002           129.757294011            35.8471478524            
rwgt350                  0.507531771997           -4.56784655179           1.11339424923            -1.53244641106           -0.112254741743          10.3624233306            10.3594872036            25.8244488925            -22.0559027842           -61.4053968164           -65.4406299468           171.262356157            -58.9551043587           101.803434015            -175.727546375           170.88269235             -0.298566686654          1.8723986897             -0.790179586532          0.285958149753           -0.670721165522          -1.27865697049           -20.6138273384           151.540986397            -178.801235553           -12.3884839079           58.3048700709            -114.865820299           -154.221973468           79.1045499929            44.1340983332            152.718018699            
rwgt351                  1.09757072698            -1.95861945641           1.48129398902            1.91993593511            -0.00559535378743        -3.07934201699           -5.26360499372           2.23263708076            -2.48498963153           93.7070374623            -120.684722117           57.8060713685            -97.6821598372           104.290881593            -63.2342004114           -175.70348869            -0.535886062045          -1.45027457281           1.04839478387            -0.090910621877          -0.630127602674          0.117181160763           -122.377361635           112.262932328            67.0729762648            -48.167557506            -107.672754097           -74.9047186571           -78.5013797564           53.4274570224            -98.2278639485           173.505183995            
rwgt352                  -0.0280712527596         -6.58595763357           0.69423850726            -0.429231823968          0.0424565671294          12.7552213561            7.80913646631            -9.33091712112           -8.42129633524           153.471057606            -140.784768633           176.511111169            -64.2930794345           -79.719046196            -138.486120165           -44.4443626396           -1.11252075475           -1.77332971954           -0.315080066256          -0.846035562715          1.0671576215             0.388606441123           162.615486456            120.054372265            4.70711145976            115.96324865             -20.9345583026           125.829141488            -6.8032044073            -7.63865288408           25.4330980058            -170.445020087           
rwgt353                  -1.01826078468           -9.16866386313           -1.6058545779            0.240482215852           -0.114928742654          3.93189657004            0.552148288138           6.82412968108            16.198834807             115.727480162            133.855322424            23.1487600576            90.793948108             -44.5683227715           151.415250481            -151.367099159           0.0175727525461          -0.537213084593          0.0769562342126          1.13094952394            1.05983980414            0.951374825041           -39.0210379848           -35.401817384            8.78435105045            1.38910058203            165.834790142            -172.217412372           171.476778526            -134.522621561           -94.6532421422           110.493276766            
rwgt354                  1.03886457936            -5.76882225932           -1.26538458089           -0.0034180008181         0.161672472519           3.52966747669            8.29725825179            26.8494777426            19.9388325038            75.8059604885            -164.343793551           52.1704476711            3.58526277086            -88.3223767876           -155.129445645           -163.530298409           -0.370017984119          0.182761428725           1.25610423958            1.16209924026            0.712710859707           -0.44806984944           102.012179895            153.29850747             83.6790560335            -79.7777164674           113.417796566            16.5916451334            144.011747317            7.03445698881            153.347395743            167.124073294            
rwgt355                  -0.711511488231          -19.5300922844           -0.706148950095          -1.98883310612           -0.103209548469          4.87512761647            -7.41330513006           18.9938793949            18.9066667677            31.6141716319            6.07967260959            50.7120699049            88.1226022289            49.3612910985            -135.023561964           9.98959990429            1.02833282525            -0.654562157095          -0.328770750676          -0.562211745059          0.730412697724           0.328515718021           -48.9297404686           99.2303782749            -102.192345725           33.9751341809            -89.3558856764           -132.224684953           -110.543355073           25.9923141465            -13.078226548            -110.187721346           
rwgt356                  0.857652503435           -5.16268771227           -1.16175556893           -0.112285125952          -0.156720570298          -8.26955415479           0.671775617191           -0.489741278799          19.2796753012            131.822797022            50.5744530854            -94.7800084678           -136.754156044           95.4219739792            -146.107974773           -173.818995408           0.921084931448           -2.33377524812           -0.579972989189          -0.704494935152          -0.573205852337          0.692360232588           -61.59407991             86.4131795532            -102.933905334           -79.0463398365           -117.871745659           -2.92225600157           -128.552936169           136.938593313            49.9020835444            -169.850745664           
rwgt357                  -0.37318715162           16.7036809665            -0.622718835601          1.05757780095            0.0888545314978          3.28432921978            9.62502993019            10.3618923649            -11.6393920171           145.951837966            -46.6905407458           -36.9359212467           116.946453948            -179.742805668           -64.1453762689           41.4283329135            -0.809639387332          1.06438383277            -0.00611708885551        -0.619174100303          -0.671317890493          0.702079257606           -76.0813668516           -32.1045797008           -99.7419809525           -53.2187999368           -44.5517990858           -12.5015569665           44.0616021543            107.205124042            -65.5323904758           160.047246413            
rwgt358                  0.171411740165           1.82382331258            -1.24097345478           -1.15356241663           0.0121430643339          3.41999133614            0.641040309661           -27.4552154832           -7.54109884864           76.7975016227            -12.9200682513           -106.150773909           21.9564547608            12.8327372892            -79.8334861289           -30.534298587            -0.435705326611          2.50364206734            -0.951277474894          0.743992565985           0.528587387066           1.29583395715            82.877702276             60.9196260455            -77.6479383497           178.461439461            -46.6977838594           156.123238045            177.882657976            -44.6818079072           140.042571541            32.8331265029            
rwgt359                  0.689961117444           -0.954537502823          -0.572118405722          -1.52293028553           -0.131247069958          3.17501318161            -7.16027814684           22.7834257177            -17.3309648166           152.846137707            -140.165298101           -106.241566113           -32.2063125391           107.062108016            125.35065751             161.590247757            0.840133880669           -2.766115871             0.636976385121           0.439751298539           -0.871322574239          0.726569871337           140.64241893             84.2310865652            101.717808623            -23.9878147436           -117.658273602           131.864669481            -90.2544176105           100.742313075            -29.7972924138           51.8111504707            
rwgt360                  -0.226402842017          -10.3657698296           -0.357734501532          -2.18500424766           0.14752056996            0.812344500814           10.0934587433            -2.10374930536           5.7295963943             43.4402579097            112.454410882            -94.4528542924           64.259759761             117.310785054            72.2553054278            35.7956414306            0.661299997901           1.27345682307            -0.266441738771          0.964223952264           -0.11628519309           -0.32650315588           73.6319063556            -73.1613259253           -177.793900692           -105.52547269            -74.8556087723           110.15373792             -16.8975736434           -151.265291228           23.4019264494            -102.039082714           
rwgt361                  -0.71108106571           -10.1998272972           -1.79393671462           0.334118354207           -0.0454479667696         1.37682613178            2.46162897451            -27.4463625467           15.6778896871            22.5565845804            -49.3518847763           34.1315718811            59.4454061223            -159.009675219           151.583629881            68.0381207853            0.113181271952           -2.44508902223           0.5332166589             -1.22532442208           0.420085131344           1.62038893994            125.296676647            -63.6903240553           -13.3287613234           27.6372794104            92.7288317699            -159.655716724           -148.365367458           60.9227826428            -55.6269776012           -87.4824511889           
rwgt362                  -1.36501361439           -1.09185022116           -0.368950897257          -0.971709999504          0.111403255372           3.7052776094             -7.91239373744           18.6963540619            -22.6170239414           166.038230599            112.510203971            -127.666284771           111.863560194            -20.364105699            -99.5574698327           -128.316184901           -0.702598699363          -1.64100456569           0.622603123052           0.760552297273           -1.15650105298           0.806537999554           -47.1960962955           107.730986211            -4.57462741687           5.99040513916            103.782793256            138.846842018            -155.84451765            -142.642217379           38.3053184809            -49.0526517825           
rwgt363                  -1.08812056558           13.1521697701            1.74436225918            -0.30150331691           -0.0389783545627         -12.3125979978           2.99853601517            26.8645092746            20.3282234646            86.1397658143            -119.812743258           -85.3042118116           109.655773823            -172.211275244           44.0780767035            38.320581796             0.833137007416           -0.685934587042          -0.908763041686          1.07115001781            -0.239384375206          0.517876696321           -119.170585493           134.050494878            71.1538917008            -105.795195041           140.033406403            -82.123089363            -77.9011973734           51.7957432147            -79.2882911285           178.721471601            
rwgt364                  -0.485321161068          7.33007641491            0.47145052777            -1.46170728221           0.122076172662           -6.94972477679           10.0253807744            12.7773168437            21.1518923821            -152.119597348           -12.5866404599           -83.6969558813           161.178752598            126.471196298            10.158366922             108.175541771            -1.02046759257           -1.66184104101           -0.514866123476          -0.972580420127          -0.103047652882          -0.730720056028          55.4654694061            -159.861397432           -164.213153854           117.069694181            126.658409648            -53.0750917363           175.801954989            25.8885010163            110.879652248            57.2066117616            
rwgt365                  1.40153204611            -8.87944435062           0.37546915449            -1.81081027364           0.129096524833           4.35524531018            -4.36096203338           3.90196785815            -10.0354393099           -157.598663888           -122.577080251           -136.937430577           175.365223128            78.585885386             -168.788997107           67.9798200902            -1.10083641362           0.697230790575           0.265743912355           -0.9001413783            -0.251255410257          -0.178973285608          67.063769555             -27.7553492472           49.8325463683            41.1839921816            -92.6258001204           79.6180607587            162.160757543            44.9932886559            -79.7325362647           134.957950178            
rwgt366                  1.20847473896            9.18271126985            1.03168736182            -0.260343875071          0.056267545242           -6.10818116578           9.0606480686             1.11395035046            -12.3873684849           143.177210112            -106.146610194           -34.181712098            -11.7795890864           66.0862567783            -26.9076178669           -126.824919986           0.637151909652           -1.13689687875           -0.264214896505          0.197088253989           1.48709742145            1.09453131925            154.63804115             127.189324951            -148.77123961            15.1936370709            -135.15085               -5.68671948527           4.47262038627            -68.1835896253           -91.6107412962           171.165829831            
rwgt367                  -0.800714558643          2.88544138881            1.7807769312             -1.72567988816           -0.124764136511          0.530740778565           -9.74693202147           7.613345969              23.0368529798            -69.3827255702           -85.3641819878           -37.4170893328           -94.9583770379           -37.7301240376           -129.65044553            -99.4140454646           -0.407743518217          0.143769180387           -0.550188098057          -0.456890501269          -0.00348772404805        -0.164028268504          -172.944690363           -171.448763275           -70.5445668444           -26.054835211            109.488703418            -138.901251033           46.0431503601            2.39326310535            145.584845006            96.2888746367            
rwgt368                  -0.411471079378          -16.2894864568           -0.24969524623           1.12384537866            0.0845135808647          -5.66222386667           2.67815899043            -11.7068596546           -16.2643319206           107.122802826            9.36561270155            33.5524207049            5.45384364642            6.91576330402            -62.5025220695           28.044409001             0.783304101961           0.300026801313           -0.561066602013          1.16566187311            -0.259008205709          1.35136985898            -68.8627536938           130.832084243            159.885198656            -81.0027342373           -175.214395754           -133.819891698           3.90176783058            -28.2288792875           103.004158655            -139.226246481           
rwgt369                  0.108869370509           10.7719988028            -0.99572863376           0.284799430642           -0.0270235078632         -10.6433565176           -6.17222944549           20.1240936773            -4.1664899757            60.8108596057            14.6843253581            -136.88914026            111.8142695              8.85679086863            64.6536236356            -130.938996866           -0.955628443827          -0.710541125045          1.08094046671            -1.04572761373           -0.2614250809            1.64360560323            -56.9245993385           -142.645217359           -72.754887933            121.749476899            -5.6169601592            -63.3291856267           -170.451790304           84.4487790836            20.2248371848            -129.572615698           
rwgt370                  -0.931045416226          1.52106084743            -0.105811183575          0.318875083798           0.0187138405119          5.44083946478            -6.65853554458           4.43630913391            20.0727248789            -121.284539899           141.951537029            98.511771262             -171.005067879           94.6920815049            -51.6264329595           -159.983510204           0.787079138647           2.02617299571            -0.0302789634198         0.536656254316           -0.946487024446          0.326948563287           33.2458170272            11.4027998411            -38.0567967767           -76.4963719405           -168.617138427           120.092816997            154.577932697            -52.2546447493           -174.881942007           163.01634318             
rwgt371                  1.071866403              -17.6038469462           -0.266092236683          -0.358144099233          0.102840052045           -2.62567765479           -6.47594909942           -9.36964106174           -20.1493416693           -139.09988768            138.005240743            172.082514002            -47.9539167223           -87.3769165401           84.0443446467            91.6194433031            0.53990966897            -0.895050690259          -0.517806967452          -0.333743907232          0.674773302528           1.61611289427            -0.388191916777          44.9646291538            -13.0777334039           -74.2064749651           -13.0781525863           -28.7030762451           -133.451013493           46.1099258861            -30.9951955491           -173.19796823            
rwgt372                  -0.635621570403          -19.9131691559           -1.54362349355           0.249968300528           0.161750044664           -4.88979191063           -8.9126687781            -20.5096035284           -6.16387448031           -83.1442602213           -62.553919182            102.398789042            94.2569038815            105.254128945            -171.20110656            -35.9916672613           0.803464520028           -1.29772654761           0.954139164262           0.321084896895           1.70821642335            -1.0179688826            5.57432627206            170.376851148            -125.067692754           18.9441658395            -82.675803344            -43.5274679387           -151.78022726            -117.162256658           88.5304354466            65.3855523669            
rwgt373                  1.41380318396            15.0619131905            0.756262070419           0.0459187501219          -0.154036507977          9.24299702693            8.14412452141            29.0050071053            18.3616048177            106.4723427              82.8851720457            -82.3344141393           -23.6310268196           90.0313141836            155.272918296            -19.9459674539           0.810340566303           -0.698937631423          -1.285309762             0.866299073663           -0.781700067714          -0.125081261447          -95.8730138762           69.5023973932            -128.649840025           -115.342580256           77.8063446251            18.3016338636            -25.0798529453           79.3500135177            14.5822357105            172.772048375            
rwgt374                  0.0302872448551          -11.6613669231           0.0104217661712          -0.485987007897          -0.0829189064168         -3.7236258612            -2.98944521186           7.81866487236            -22.5876342074           10.8636821397            36.0024266003            -51.7631986702           176.118304843            -166.204362841           5.24280534052            2.43769397733            0.453791387353           1.82384845755            0.820219592783           -0.0420751838442         -0.252167461974          -1.2794189984            107.869891701            89.3355653932            169.996324681            -179.53307024            -3.67384079032           24.4620482741            178.363830073            113.572180694            56.7234235536            159.656327115            
rwgt375                  0.0726395422119          3.80812348788            -0.0750542375048         1.87594448747            -0.155820143162          12.7161907421            2.05081407982            -14.1140960944           -14.583680272            -78.0793227906           87.8840903186            154.219375108            -21.0211415763           6.60276454839            110.186745574            -0.778609726866          -0.456636125048          -0.875710262156          -1.24867575505           1.07319539101            1.65252446691            -0.732649220669          28.5467090332            -65.7671999924           61.2805026341            -128.429860706           2.51589626615            -31.5882121456           -95.5982552301           -24.4016190642           71.7749527302            41.7716126727            
rwgt376                  -0.295205299229          13.5877496167            -0.477892452093          0.906151082801           0.117811574392           4.34901434209            3.05804037353            -5.25510480039           9.54322586376            -111.49107521            -22.201011812            68.5257003207            -61.7126155083           80.7197463596            14.5477295882            40.0593125301            0.488556858186           1.33286137413            1.07788931905            -0.368455651905          1.20366539984            1.44945032813            -162.289433417           87.5046804263            -63.7280992142           -26.1948630382           -177.731452765           82.6393763824            104.059277               118.437242382            -65.0879112057           26.0868666103            
rwgt377                  -0.745106429067          19.9134124876            -0.598967273128          -1.53290540937           0.0119347237759          8.56825472668            -9.31389623471           17.3989335194            -6.42269179596           -131.434905407           -54.006155414            131.088840036            166.612435572            -127.067369285           -113.992375159           29.6054256915            -1.04381078836           -1.27851004705           0.902127637262           -0.805381457244          -0.896425597143          -0.450577911489          -13.0631897861           -82.5069071722           -151.547582594           -136.397460882           70.9113393797            38.3851805294            171.390995927            85.4161093765            -129.167890958           -31.429762061            
rwgt378                  1.28302039074            11.1880316832            0.305927122991           0.389494777426           0.145774666491           -9.93466777457           8.66257727712            -14.4914788735           5.83812068575            -66.6233138396           46.8005350494            -104.787999482           -89.2340700829           112.710683332            144.868092542            55.8081162204            -1.18851428464           0.569388086297           -1.0736623929            0.782052612416           1.75143247744            0.715106171613           -82.7990400802           -124.890395837           56.0345858564            13.0003119754            170.533412102            140.843506451            117.123207402            -141.383526697           -151.505231928           152.12915918             
rwgt379                  1.38395678694            18.1290394915            -0.941684639592          0.62511492542            -0.0708399654086         3.14295964736            8.26235298696            23.7148606135            12.2621053985            -141.114258007           -75.3839540175           47.6548256347            -29.5326295759           56.6218347182            -92.840024855            -68.9667402137           0.738960412036           0.127264092847           -0.717060056387          -0.402848875812          -1.10682070225           -0.922700522307          -18.7716496417           -60.1064996201           -99.0075513581           83.5132782046            -157.282050518           74.0935418931            117.614480853            -133.368896931           1.64101870232            19.9657514213            
rwgt380                  1.09656834926            -16.3993611484           -1.30223609763           -0.816352311901          -0.0320943826607         -3.85468348896           -5.03500781699           -3.98947808219           18.5594144616            60.1996641538            -172.100767532           -148.468528356           168.331245948            52.0906342417            35.693836555             122.362066297            -1.15155135129           -1.49358017367           -0.043528876883          1.19038029412            -0.0965675559925         0.924119738994           -11.4936083167           -16.7084130237           110.171869504            160.63530762             -57.764345023            78.676841339             64.7050148371            8.83178951123            98.7129703143            91.9261803235            
rwgt381                  -0.275445713388          -5.42709330724           -1.04658231846           1.33734204641            -0.114428049626          11.831774507             -2.9810111115            -20.5221971491           -8.00621115342           -84.0185731163           -164.34763244            105.955118973            -26.9195860814           52.2576297507            -141.240262436           -45.4098023541           0.311617549793           1.7413089085             1.1062422328             0.202646474996           0.17913071646            1.38312470747            -68.4485699891           5.2335476747             44.1319702759            10.6150230972            -175.652974474           -143.900908588           98.4756957455            -26.6860414145           117.524526415            147.874380028            
rwgt382                  0.599058869634           3.98995043869            -1.26603192982           2.14973552673            -0.0291765932492         13.1897803117            -2.24965662636           2.36809893961            -1.4353381021            -169.883135426           -99.1432273087           160.001425695            -117.975323662           112.709240838            13.0948142086            -146.722254168           1.09898297204            1.73854617039            -0.519303882916          -0.954353521507          0.737852788246           0.956991467251           22.4348679641            11.8610427329            -133.90920355            -130.893707032           -19.6160068918           13.4175992602            -14.3234860481           -66.9660157712           -113.33464138            110.11664568             
rwgt383                  0.719738407183           14.3767695672            -1.31298546004           -2.13429443931           0.143040899122           -10.7357548409           6.78175383052            -4.79025951445           -9.62122537796           5.73933297941            -141.903274981           94.3833793618            -119.937716659           34.6179038275            110.593107949            161.082293461            -0.90169963623           -1.52585401596           0.289459983971           -0.880855299302          -1.48812701587           -1.2678342869            11.9873721286            0.34492441347            -0.258735126931          -52.8140570302           62.4375679647            18.9399930142            59.7797640749            -141.444696883           -164.479882833           66.1793836433            
rwgt384                  0.793631584858           -16.8039039708           -0.579007485686          1.03884960004            -0.082755705723          -4.11252461049           6.98852790025            -23.0448655418           -13.7271478984           113.532693239            113.537563631            90.9941386118            -81.8574379172           -177.195439403           -67.5709271202           158.755852752            1.06515492636            -1.49876245506           1.17315179126            -0.185020940674          1.44803076354            0.664769961356           151.770970066            -15.8739305719           43.6085417811            -34.6325272029           34.5636535039            10.3099163934            -56.9031540312           130.517577969            163.510161228            43.5651310461            
rwgt385                  -1.15300644538           -2.57090732493           0.114715721663           -1.20346807658           0.104853373494           9.56669716315            -0.725077599852          -15.2234293949           8.0717693674             -176.422777917           -34.7131802691           55.9211460011            117.571447515            90.2037699005            147.162456555            -21.5825184485           0.369642100663           0.425154879284           -0.78743354325           -0.0788606219019         -1.69356990698           -1.08427761812           -64.8472379369           -146.432860203           90.3041605413            -18.726135631            16.5683103847            -9.01703136224           -83.8244703839           12.3834617202            -47.5947848073           -88.2917520493           
rwgt386                  0.249030218944           -15.532522611            -0.587396082184          0.19764409657            0.078761462429           7.25338947662            -9.13354447729           3.53502120674            -9.24848272328           65.4990600134            147.042424571            -136.869307956           129.952761988            109.156129192            -91.4232940914           5.29721836861            0.17918897826            0.216254843421           -1.13362343665           0.405725030597           -0.451561068936          1.28469632858            64.4791516765            137.74349278             99.8412823807            -95.4495331726           59.3019444105            87.2426684504            57.9026270068            75.7165486201            115.253752029            -150.695891826           
rwgt387                  0.142036103462           1.46894435303            -0.061336165202          0.0941819807565          -0.113431089623          12.3729826115            -6.98474021902           -15.6770055865           -12.278518152            158.644769292            89.9964641969            12.9148138534            91.1937997659            87.8794283394            -46.4740709686           179.053087261            -0.936243109998          -1.15789693895           0.389704284792           -0.538927722015          -0.193169058721          -1.29623818933           -68.6778890442           -69.3929359542           147.281834868            24.489001884             115.966938241            -103.665926578           169.551859221            135.888453871            -14.0294375299           173.245461921            
rwgt388                  -0.127725333061          19.7613013855            -1.40422607285           0.626327475828           -0.109932376461          12.233520235             -3.17770232943           28.3458403819            9.4812750136             -122.47519046            29.373545737             111.632504517            109.064245439            -47.1676505312           26.2418275685            -135.719781505           1.17393698525            -0.284007784566          -0.0860243499397         0.0937404376919          1.32177598228            -1.08289127438           72.7639042209            179.046779713            -95.2581684923           135.680975451            81.186764201             113.743444423            -162.500613591           -143.066881548           14.2882384007            -97.8434531316           
rwgt389                  -0.275143795105          -16.9913821758           -1.36609198587           1.26413174926            -0.0854993574673         1.99184639065            3.84718146248            6.27777599935            19.3562225112            -6.42498947334           29.4116559274            18.6456669651            -114.645221645           -101.292416445           36.8926676995            -22.8252443436           0.0966539566176          -1.05330223421           -1.05759178955           -1.17806154186           0.121461967321           -0.334730640044          -14.9239939821           0.838876334608           -50.5711544073           -127.296416017           -107.556235866           -57.7306465794           34.9372780485            -139.849438336           155.51139048             8.66347962945            
rwgt390                  0.0568238487503          4.45036127554            1.55360659386            0.921033394906           -0.0292744425613         8.48834160232            7.99397252466            -6.34637702765           12.694449104             0.482881141754           137.967392819            28.7777317486            -5.24255328867           -47.9160371406           -57.9566772966           87.6712691619            1.01813789636            2.73987575925            0.31618526106            -1.11333210638           1.5831709833             -0.98108140193           148.087212523            -142.981412843           6.98390887201            -167.332823018           -138.340135794           8.93306025949            123.573977213            -173.382186414           148.955043725            25.324064172             
rwgt391                  0.201614566135           11.3354016411            0.0984537948136          -0.414171685571          -0.0929453804653         0.318099153934           -5.06964080371           -22.1435799368           1.16446656717            -44.4560244669           -164.155191627           103.340927035            -14.0684384342           88.1441369178            163.221456258            172.164481491            -0.186379510646          -2.22635492103           0.430625656864           1.21548074568            0.380844545919           -0.588099414801          49.7876989841            -62.768730721            -105.889712848           -88.0103116992           78.2461980228            -25.3586402724           -33.9462002461           -39.2783515504           165.503964452            0.642296147038           
rwgt392                  0.318660885678           -16.3207950062           -1.61143177274           0.875330189762           -0.147963003437          6.90539269404            0.501881784431           -10.4403231746           -3.17577796413           -139.840627703           152.200006093            -86.2824553321           -85.490870449            -62.2335655223           78.4289956844            11.1468555008            -1.19163804092           1.80495627979            -0.376751090555          0.0104474087707          -1.51015901527           0.654712864916           49.9064017199            169.755568079            -80.8367617003           -81.0210778327           79.2954996863            105.743331037            92.3729077529            -2.61698386386           -91.3289451428           -35.9106028937           
rwgt393                  0.725971651358           -1.50132989995           -1.04962109754           -2.00550129013           0.142893467844           11.8592004189            -8.09987593198           -27.0462555968           16.8413741317            -58.1310407684           77.6645091471            -167.539248983           -86.5640430263           -89.7108395206           40.3619893236            -159.441275225           0.765024198592           -0.392424655295          0.340390895754           -1.20806705896           1.62715992288            -1.4325831109            10.6241804634            -142.9253841             17.0517406892            165.660570566            168.698668787            -148.47304963            -78.3933558075           -104.159007249           -96.4323355726           48.6331021841            
rwgt394                  -0.760697863506          15.7498015991            -1.71434315499           -0.986022461514          -0.0877180289856         -4.55741152999           4.04150738653            13.8915265503            -10.9302217295           160.010423856            63.4077802               2.52197224986            150.888974296            -26.5662575796           116.856428976            -147.938511856           1.00914451042            -1.78436878159           1.28553199047            0.840008011281           -1.52500615009           -0.176635187132          -168.385847719           42.7474633266            -171.402697106           -154.214293674           9.62658177927            133.043698195            -0.562225195915          -174.475647958           -14.1943451145           -121.91998401            
rwgt395                  0.247128857866           -7.56977564575           0.469603802572           -0.154299322797          0.160086823307           6.78917065213            -7.8124973952            29.0300530364            22.7497153561            61.9113209295            -79.1210763175           163.832582146            72.7488034735            -1.55402064716           -121.49538091            -16.7239379738           0.229707308378           -2.36463065182           1.21783553071            1.19354115007            -1.69730122927           -1.28582623046           -162.042089662           78.0453941981            -86.3963350407           105.11872809             -64.6037235208           -29.513578367            162.001993587            85.7955911577            134.224958124            7.6211067121             
rwgt396                  -0.000886965983534       9.59696992046            -0.732256354347          -2.11461643771           -0.152352812493          -7.34380079987           5.13708107727            -9.56607040648           2.0573762357             -142.805263732           59.3579455896            137.49662705             129.108896592            66.462746141             123.321369279            141.204982115            0.746603427474           -1.0097917784            0.262720112614           0.456850682119           0.206003529655           1.30735572311            -154.193865297           134.362968006            -18.338114694            10.6556016153            61.9616906211            -111.398026198           177.499440092            -119.533783014           -30.6412317277           -82.4741324135           
rwgt397                  0.511342269409           -17.7879403955           1.67699319547            2.23113727641            -0.0549867092224         3.7089114744             3.41815874134            -11.3786514588           14.3759501839            7.79344595998            -173.491351082           155.131832131            -79.9796415726           -166.054146749           22.3376364407            -157.972247702           0.528076366901           2.37001917385            -0.868189508897          -1.15377387105           -1.16029144476           0.839205390844           -112.574949439           133.462874502            -71.7840428234           78.5398439083            -0.1755541756            -8.11883971476           36.7104619516            157.459994833            83.1599073071            167.58065235             
rwgt398                  0.724383703937           7.12597275008            1.27989460556            1.53634903399            -0.132273998261          8.08746594564            10.1384632846            -15.2163501112           17.0310597949            135.293050021            -29.6654807246           30.5200512166            7.92995740708            -149.895527179           -3.69306031223           -3.94258861793           -0.321326845777          -1.39475375535           0.425249757699           -0.716338381439          -0.930646209132          1.47631434793            -83.8024746598           -30.7709663568           165.004594796            154.562114608            104.872065442            60.5030884597            -150.274962052           -147.178151888           -57.3160537824           31.5151407107            
rwgt399                  -1.13143752853           -9.12801147305           -1.33288855986           -1.70014846168           0.141593836945           0.0787628729625          -8.67759659602           -13.9225814236           -16.9590050011           -71.6327763537           102.144377955            71.3743220091            -173.766299646           -156.719553887           -94.9554194779           111.973713875            0.735279184633           0.526128727121           -0.43254546155           -1.00204487012           1.21064072896            -0.0275508345796         130.001410619            6.20517876336            167.041927261            -103.531005914           -166.868758506           -164.176171008           -33.6467555776           67.6247656104            172.038099178            98.0111820748            
rwgt400                  0.503796076352           -9.65288600359           0.873973832646           -0.368027332828          0.0263796369845          -5.8510433158            9.31528432364            -27.875512407            -9.07237871643           15.7331732279            136.721095545            -70.5175457266           -148.495314463           -16.3316841878           -114.417548958           -116.334167862           0.189378210288           0.639240745693           -0.798037737357          0.536011239906           -1.09757881301           -0.418120273972          -138.500004982           -101.298689265           90.1046724614            -54.8680286487           7.26533869958            137.974450866            171.558615797            143.451572607            -136.604635632           154.830173397            
rwgt401                  -1.33923649136           -14.8752244337           1.24084268163            -1.90956654619           0.0352910558134          5.13779709742            -5.14730907409           0.424952252484           -20.9975212088           3.10408931639            -125.436888365           22.7979377092            -80.7096759353           -82.549027804            -16.0469869334           -156.282656882           -0.568759884632          -1.1843682128            0.123193297382           -0.587033737265          1.76913137532            -0.588187786893          43.2773831742            -50.5105482473           -61.0725092978           2.03217102745            -60.341955423            -8.35133858733           99.4780955289            73.9897722714            10.3826593611            67.1499621257            
rwgt402                  -0.119788732156          10.7889702157            -1.54747552901           0.688906883287           0.00347308731756         0.0154670426028          -2.06046849951           4.24521181956            -1.86854851148           -157.169813548           165.975576044            109.52851948             10.8304173797            67.8794934536            -72.8738704109           175.120694661            0.801123047869           -0.378868542969          0.0204332067774          0.319774950933           0.829026552943           -1.49027097364           162.652824388            11.6846675486            116.23195749             15.4474025455            80.5566170889            -114.065254875           95.9141979906            -165.730476953           -147.793140243           -162.722352431           
rwgt403                  0.0825604146487          13.4389721257            -1.50707711414           -0.00669219562755        -0.153237041217          -7.75977432018           -7.81672762873           21.5228515359            13.5048972586            94.451924928             75.7960939218            -89.700137292            -178.567875615           -147.452095687           -110.941755855           78.4785778137            -1.00237488264           1.37722016423            1.13364398079            0.528140379334           -0.0552092125899         -1.49063942396           153.135393908            -70.9846424228           -10.765625236            42.6061824389            107.991018754            174.46855484             164.776338558            147.258060274            109.61061926             -140.304031608           
rwgt404                  -1.41038360121           -8.15363617867           1.18784604687            -1.97842081883           -0.0786261851398         3.28410560557            9.86647867432            -11.4496753223           14.3937028952            30.513702982             -74.9792000119           154.043319424            102.840847259            -152.627256277           165.40214068             73.9936160524            0.761261606793           0.539476419179           -0.0457252866414         1.19539674325            -1.07772632846           -1.06983287398           -65.3977637205           137.062769743            33.6292707173            -175.103844209           -31.3334462497           106.970018813            3.55220767801            -6.81202611451           -138.116306294           56.2342994778            
rwgt405                  -1.02556049285           13.6274865013            0.0177316148899          -1.57064423528           0.110961745721           8.94241965248            5.04957918929            -0.226438319377          1.09276151501            116.769808021            -138.15629785            0.351804405854           173.803958709            14.7373551723            -144.93448799            169.599188654            0.427181840382           -2.42892854616           -1.01794413444           0.955466861699           1.71735267143            -1.52055186625           124.320055084            65.8047635979            -87.7044731071           -15.9316361614           -66.6187860586           -106.007631923           171.014348585            -114.446129743           169.973324425            120.39829557             
rwgt406                  0.137466607482           -18.1766152757           -0.013135714151          -0.973648637181          -0.0750872203939         10.8298305048            -3.39135382624           -25.7038426899           -8.53051933601           -114.497287676           -128.839616584           156.31292822             -32.4101041735           -131.742833365           169.222205874            -13.874762024            -0.746004194732          -2.40621260772           0.277951560386           -0.43330852691           1.41067250815            1.14243162038            83.0095534264            -94.2444619566           -8.35820741144           43.5718117822            72.9387760745            70.7914116208            151.064695422            -155.999759879           -145.214781784           -149.126414474           
rwgt407                  -0.940026643352          8.95384705387            0.946260929965           1.46877044707            -0.000817035933841       9.40444533502            8.02869007814            14.2988775567            -14.841003602            163.514885497            -8.12403004177           171.918049386            29.1242903437            173.845955625            -121.056842394           -100.942769108           -0.623544356875          2.36680355595            1.19365272372            -0.492152743133          1.36958941808            -1.49291424138           -73.675416628            177.279087314            -110.897058874           103.023789508            -153.805180427           -67.8057063704           -171.039815259           137.230231684            -73.8065628849           47.8331358165            
rwgt408                  -1.37384287422           14.7940285959            -0.511663469491          1.04618883745            -0.105303320929          -3.28751522112           5.83807261214            -2.10357725227           14.8174100386            -99.9384036793           146.868416811            -76.2312399814           -143.179763755           145.33352752             -158.847201583           32.3352226504            1.11176390754            1.28289151584            -0.160022963586          -0.215879577736          1.71039084343            0.954228024033           26.4389034247            62.8998359673            64.3883767768            -28.9289985027           -174.830440267           105.056977292            -158.481962283           -158.371007008           -49.0072359152           -38.6798819165           
rwgt409                  -0.717575148884          2.89579894462            1.71233262572            -0.697085144407          0.1297473497             6.46197431153            -1.91904797294           23.5473548841            15.5180142942            -84.5428220775           -127.151104947           -70.7787207226           -24.9867920314           -139.195525248           -12.6008187453           116.684491062            0.348571109671           1.65042504874            0.705796572109           -0.475579633247          -0.267424088494          -0.650663017451          55.5756893817            35.9884232606            -8.45371000239           -37.8949463343           -19.7605386097           132.545955433            99.4974004449            45.7677962372            -22.2869984409           -174.785498161           
rwgt410                  -0.548968948158          13.5712983171            -0.731097187062          1.54165675278            -0.034781654174          -7.02044126806           -10.198299836            -21.6448093789           10.2642888013            -27.2064292454           -139.498813107           -178.525914643           130.365279801            -142.564527711           -8.50045011591           -62.30642476             0.376061504745           1.809126774              0.292495516496           1.03528499745            -1.72477371718           0.790879507823           12.5705957006            -31.557697108            -1.75852478886           159.050247938            163.781569905            129.483483324            -81.2178564539           41.4244467756            25.7115796092            90.6148381469            
rwgt411                  -0.780604561856          13.9591198538            -0.383767627193          -0.373336742096          0.0229225004423          -1.86585107574           -3.09959489217           1.77693402193            1.98190999476            -7.03115457894           -57.3368962711           70.1923501237            -141.103224482           -121.427122889           -137.051545685           -147.65648896            -0.573363659568          1.2033043089             0.243046302081           -1.12581007341           -0.366927284501          0.8100891834             130.426470555            -51.3363464826           -27.2466080205           89.2518861116            -106.182310436           -92.1417227893           24.6685200009            -132.498727953           3.79730688383            -125.558265617           
rwgt412                  0.802484963751           3.96640895589            -0.278641073238          1.29570679457            -0.0735238670091         -2.70131964154           -3.61811664914           -3.54610923952           17.851920509             -173.116139147           -101.389278476           -159.663495125           79.2339261653            -113.059319621           40.5584527358            -30.7823898683           0.994704580163           0.595724347996           0.867563313073           0.354668153142           0.368745512945           -0.278046142383          -76.8046774803           177.413346873            46.3147163286            -96.1984673524           92.7227594081            131.560369779            -13.682022404            -88.4758175179           -78.6524988571           -144.732692702           
rwgt413                  -1.11216759664           -18.415580179            0.966714358028           0.401786236632           -0.157324176284          10.584175371             -5.57848492549           12.271573483             7.84992049807            -163.427422502           -87.9851195498           -44.2084733997           100.907929418            -140.872837789           118.374411122            110.610233349            0.032756159618           1.25944066284            0.753648004656           -0.163504874592          0.942480257485           -0.802524097757          -106.704383827           105.612701369            -49.631444077            5.28073017643            98.908386311             -83.2643264281           -17.2065070379           -6.76102926701           52.9799525118            -167.121007658           
rwgt414                  -1.37071773904           -4.98484751562           -1.62085625097           -1.46263162356           0.0935389097086          5.13014095553            0.777135499452           -22.2778818532           16.7412552879            32.0884227248            57.2215857447            83.7183619838            -130.092770785           -73.2055724252           -87.9414424588           77.9436782178            1.01440155966            -2.53064087431           0.850068829675           -0.142048229078          -1.5449095568            -0.858452313278          -164.003999812           -24.2131830906           175.760492248            -67.6792191735           -38.446639952            107.18682925             -60.2555679381           152.553965557            -40.1252309272           -156.964379074           
rwgt415                  1.36508689886            3.96896582089            -0.163342647391          -0.923403320236          -0.146009725761          -12.3467386697           -3.66387424694           -0.0513887567911         1.57841562024            -145.539012808           -64.5169727535           91.8890672111            32.3093604542            -26.7135763375           120.215632239            6.51507752191            -1.1830269879            2.67760276872            -0.260555374435          -0.765496502336          1.30381235705            0.248464358126           -154.574911627           -101.505026528           145.764684424            -137.545041201           91.6554447576            -21.1038344644           141.289740427            30.3199650013            33.0056397769            -0.75398264981           
rwgt416                  0.967301420603           -0.481600135011          -0.776846876005          2.08540075493            -0.129949694373          -1.2541682207            -1.67733507607           -12.0241552674           8.77194594261            102.147640065            -135.972257044           -27.139058273            -172.670305313           171.649187061            117.662886551            140.776668868            0.31656017024            1.30168690174            -0.34560178655           -0.201567014577          1.64587155396            -0.708720954964          -60.524214124            104.706782536            178.412668723            21.2518351702            -94.0995218787           41.2134731592            13.120261758             2.46866096353            5.67365224232            116.476882504            
rwgt417                  -1.13277597665           -14.2057246676           -0.227311505574          -1.46598197123           -0.00709278420302        -2.23402461684           5.13481529267            16.5848911556            -14.3247687524           86.8584872262            175.22383227             -121.096780707           -131.375144438           -24.3750237294           -167.702331029           -177.063524054           0.0430732070142          2.19397507447            -0.841516542229          1.11340831543            -0.852185054651          -1.34564032633           74.6798921631            85.4838799304            81.4328853936            -52.5891244171           177.341615845            102.056181868            -115.845601305           -167.479496823           54.2247494513            -28.7230564052           
rwgt418                  0.907143990477           2.15192089108            -0.401109858358          1.54963018164            -0.161678033712          -12.5617871035           6.55919819687            -23.2420913945           9.02435215597            -96.8276467203           136.61313204             -40.1191611171           -143.660154068           78.9596934459            -20.728297027            -35.8194215688           0.341556048893           2.24590482705            1.18843298288            -1.18401338761           -0.470334121406          0.691850188035           -145.957484845           -84.9560845992           -179.027963673           -92.4668518271           -44.8660042338           -166.843270893           118.623098643            -2.23980187786           55.5923984843            10.6358660357            
rwgt419                  0.303655846204           -5.82567623905           -0.541967564972          -0.000729352804894       -0.00313934485421        2.71822080171            6.20742378526            27.8834805377            11.8282935877            64.967990513             81.730484233             51.0615844237            110.024134574            -95.2573959682           57.2919848832            61.3764590448            0.269989046145           2.02069892176            0.562751575262           0.165480085597           0.441853975892           -1.37665060642           -96.3896448968           36.1090220262            175.145266474            177.859433462            -56.4816890905           176.650145093            -170.927583715           115.003435201            13.5496225418            -76.5549887297           
rwgt420                  -0.281083684666          -12.3498520857           -0.393029114642          -1.28028889851           0.106838068434           5.94563256473            2.2856392516             -13.0330276433           17.8859658951            117.639390469            -107.06225247            76.8738104936            -19.029286611            -47.6984725415           69.5248080588            100.240967036            -0.745862204363          -1.41461228592           1.02739176309            -0.826728636674          -1.75300522719           -0.680432757335          18.8120607733            -143.983532843           -175.969220915           28.0015212148            -150.967157706           -32.8194980141           -131.5662037             12.5744295084            -134.43287143            114.289490013            
rwgt421                  -0.835640315293          -5.27015072166           -1.61085257102           -0.080041609443          -0.120334435932          9.18339586367            -1.22565478842           11.0413372734            19.6251368365            -50.872656418            8.29251182214            55.7266277545            54.4559174731            5.17075259163            68.6739262614            -2.2939633583            -0.375806051532          2.24852366716            0.243054580881           0.339939661662           0.215516100358           -0.566990046423          -23.6492046428           -31.8410369322           55.3690083781            29.6639222212            -127.03457209            -12.8900940557           163.966586512            72.3360268609            -52.2161510845           -44.0704329829           
rwgt422                  0.626661028665           13.8692013966            0.624502453133           -1.48799185731           0.111778494961           -10.8762512921           -6.37410020489           16.314751402             20.3608398557            171.175786439            -145.490642788           11.1066590688            107.543898849            25.9011113343            133.47147114             134.931510178            -0.69469889994           0.173551381787           -1.229857543             1.16706386568            1.55621029179            1.51039371542            17.0729830068            168.395128333            -156.280943998           159.017080032            -67.6743666525           143.856678494            52.9027077073            -94.0228695173           38.692455623             128.32027268             
rwgt423                  -0.57380109657           4.8947894283             -0.616416907161          0.532658837813           0.117454528371           -1.34028824977           -5.86192167599           10.7347641118            -7.21810131303           -118.5524753             80.246477479             -176.612764195           -121.217176272           101.612923483            -24.1052903224           175.344963784            0.990202694455           2.54466907713            -0.876854333295          1.08939369845            1.37242906572            -0.401264772033          -173.707609432           87.840568288             -63.6616460699           138.774400492            -9.63901079147           37.7894158689            112.74517597             -37.4357719997           40.0944150057            140.926002964            
rwgt424                  -1.43370462411           9.51762624825            1.78122251679            -0.551352115856          0.0297569582702          -7.61767753918           -6.23905134117           -6.55629973958           -9.34618678662           137.678017445            -147.29996093            3.84499856823            0.779279315176           3.89127918292            175.059718587            120.622960021            0.93567635709            2.16690294852            -0.176371223786          0.379065886247           -1.05908199866           0.236210271405           -91.682379799            93.9036298618            -88.5867807678           -41.2365085897           179.700123701            -124.129332356           -28.7226924503           34.8606003704            -123.435129619           24.0704879783            
rwgt425                  -0.5163762196            -5.22491048107           -0.628881987961          -1.87166397686           0.0500269478088          -0.83943783835           4.14472751546            28.801081569             -15.2348097975           -152.364140603           -35.4165732483           -102.184477792           -28.2591122327           147.25517925             -58.3141415063           -112.416823451           1.05816120045            0.64946001415            -0.791717053706          -0.642382063298          0.645009019055           -0.222331330821          -21.2767660888           -128.236008826           131.633423304            116.834856932            -112.378695102           136.006543599            1.09529235868            -104.26845598            -176.989566115           71.9141180271            
rwgt426                  -0.337184523019          -13.9475532173           1.31484113851            0.244799439296           0.150985468427           -11.2756136795           -8.19527670154           16.4207092546            -21.6087341229           2.5498655458             -97.0580081978           135.266714626            -92.8038808726           -164.045663179           -21.1011586339           -35.354785404            -0.57748340578           -0.603722573535          -1.13453486021           -1.18801852792           1.31114412689            -1.56287144711           122.463552667            -170.602645779           -32.9210452124           -65.0495417666           -76.9563816519           -169.7331693             21.0123494744            -91.0513106553           129.205176263            -100.160085748           
rwgt427                  0.688912498477           16.3507563423            -0.614215341214          -0.232355267974          0.0241014963604          10.4466065662            -0.953813485547          28.2242410292            -23.0481342314           122.18220869             44.6802867682            -117.972358413           107.145005042            7.61209748344            173.163696763            37.911075352             1.02146610972            1.86085029641            -0.79672364002           -0.0460822576481         0.779243618644           -1.15753442031           -0.400160655662          51.5693993165            -164.918450679           140.391884101            -57.1024043277           120.020969619            58.3803933835            -98.1030502147           88.7835770325            -82.9654041518           
rwgt428                  1.29177782671            -17.748531644            -0.642435585166          -2.15404742043           0.138627016078           10.5248599095            -1.4207645592            26.1715166824            -21.5341647757           -150.481767059           -76.4547323239           177.322527193            -138.049541936           173.249856518            -37.3031484538           -7.22362613539           -0.921224261786          -2.42938015047           0.561026952816           -0.554832503713          -1.32051068069           1.00010322214            56.6523316596            -102.95455382            -0.120761306948          -92.56506571             -120.171899142           -165.853415846           19.0395275177            6.90775899668            -177.192630943           -76.6121652045           
rwgt429                  0.124790277928           -1.86130765387           1.69046762666            0.972578183697           0.132028073825           0.987647211023           -2.67174982832           -26.7462243628           -16.5352207465           17.4399962787            137.067745097            48.7473096726            57.9727087171            -87.374253367            -62.2957578069           48.0112448981            0.42780563139            1.96877264077            0.704100843684           1.16015055418            -0.991037315176          -1.61372799047           -50.7102480565           155.76588478             -165.022546653           177.675056642            -163.83719928            80.5210834273            -85.9370981291           138.794115234            80.9536953295            -16.9401910674           
rwgt430                  0.105777145186           10.1640429017            -0.672029655753          -0.746471610681          -0.00690919717903        2.50650921551            -4.16948632373           -18.582638519            -20.6670150802           65.2518531471            88.8832216842            161.202818368            80.2717481856            -127.136031295           -45.9283508423           -44.8384294143           0.820137299111           -2.41729492641           -0.427756840913          0.744867380935           1.64677814695            1.63347244329            120.666299501            7.99869480821            45.387643186             172.032521929            -134.040452434           55.7466515944            -83.4309170703           -149.328193693           -173.651713443           40.1191712088            
rwgt431                  0.774852471956           -7.63331929401           -0.813311089964          0.634980207547           0.0645156811863          0.175022676592           1.58638578463            20.2064010018            19.9730134386            19.4566618045            -159.405329266           61.4668463539            120.298578302            -161.097798304           -176.286440294           167.615361391            -1.13734444072           0.0516026428624          0.506205182576           0.830093057223           -0.67613078799           0.97376223373            61.0610872402            -0.794299598521          -160.431452713           177.182447861            50.2667650397            8.01188713297            7.27398493039            -111.807997806           149.031380742            106.027623867            
rwgt432                  -0.577033496511          -19.0263128132           -0.167609444867          0.82783459952            0.0702727083636          -6.77609743834           -1.51717794054           -2.63613576692           -9.47770230721           19.0523549948            55.4727703444            -79.4811631249           77.1450380112            -170.131588447           100.339081995            -169.346455936           -0.973454546229          1.07885654704            -1.00740416864           0.116124861404           0.640145997084           0.383353520868           -48.2122389143           -146.186101755           145.504094287            -81.9884184543           -102.306163238           -144.373120877           113.660659363            -35.7650040891           119.396834712            -138.569084553           
rwgt433                  -0.936973259154          8.43410672315            -0.00174742374243        1.97603906267            0.100979792034           11.1413757433            0.453327747048           -15.3854876627           18.0951712442            120.162253363            86.7117058254            131.346538661            43.6589741502            69.706728934             -174.012105387           -104.627678186           -0.272903920137          1.00530227557            -0.923967058931          -1.01887092826           -1.68516068973           -0.444010262717          43.3832169143            -62.0802268888           106.277741276            170.252064599            -158.331890287           -44.0328780838           50.9520805922            -162.376265199           -27.819230502            -61.9655490532           
rwgt434                  0.979797125055           4.90580856815            1.30686049412            -1.58582829108           -0.153998661542          6.34203708106            -3.60724543342           -17.982400336            5.34515067176            90.5793706324            -74.0999932833           147.72371931             -137.262980154           123.83484005             80.3091552924            -127.614439281           -0.116307518244          -2.64986875229           -0.332425573074          -1.1168008657            1.19192497827            1.10329328217            137.502234971            161.792114712            -77.3010975551           29.2322943382            95.5446513851            38.0613341315            -163.773090356           5.15944239194            30.9173515279            3.2034823205             
rwgt435                  -0.0805408203616         14.9932118819            -0.489269695356          -1.10205987588           0.109145066509           5.63198916412            7.68698047988            3.35941005299            -1.32694577554           139.439901629            57.2670890852            83.8025699373            -46.3659330469           62.5980011655            165.920722989            148.66889355             0.428845599866           -1.32896339491           -0.753140139064          0.762391853469           -0.243779923095          -1.37488037467           -73.1821526135           -157.288408971           -121.562637318           -3.89037194605           175.317458169            -101.055711544           13.877909399             -148.07771092            9.5574527738             100.49334515             
rwgt436                  0.516557214414           -12.7066380795           1.32328796865            1.32204673477            -0.15993992973           -1.48495501935           9.58113174927            22.3295399168            -4.84817489403           7.59438310793            -66.5942455637           158.608177225            -69.6659295553           -18.0650720521           -128.63039805            -63.3789583647           -0.265362850887          -1.17849257276           -0.51006325792           0.120749077251           0.666867496304           0.439483382259           40.309463579             -56.7371198589           102.368325681            20.9006209796            -26.2870461891           -19.7721369323           42.3973616177            76.1074485858            171.592969234            -35.0978874554           
rwgt437                  -1.18687282837           -10.2807341816           -0.942069780578          -1.55566585653           0.0393163425716          -2.77608083058           2.26292681676            -11.5886904737           -11.3647175201           140.414693791            -142.430019437           24.5207330402            140.889996495            20.7482874012            -82.6798544155           -177.424055214           0.247412202808           0.40133663237            0.333525941712           -0.676715083343          1.74562465868            -1.06500990651           -91.6096201633           55.3310230538            61.2208606861            85.0520136144            -146.604536111           -157.596107413           38.8992497436            0.880812382643           -106.455559769           -175.262952355           
rwgt438                  1.38895477423            -6.303943253             0.0596523898638          1.34535169211            -0.156530839143          5.32805383978            9.49439443054            21.6858523181            7.42508473605            -45.2435207069           -178.708569668           73.0061542465            -131.122921795           -56.3952827236           43.0432854026            -28.3591964141           -1.20634769843           2.07435747949            0.930977423718           0.75170387622            -0.183880335963          1.05398447349            128.847293577            -108.275935575           162.346375403            -156.891021271           -74.6879938803           -117.994829723           -171.144956606           89.8472805454            45.0783575704            -174.362735293           
rwgt439                  0.6861719197             -15.9681798713           0.814655716453           -2.10953400909           -0.150910239331          -9.79820451784           0.81359589135            -14.1139567895           12.1060030621            103.112827964            -5.37033526796           -125.487329718           39.7470397514            72.204486258             42.8294967534            -145.998048814           -0.215166600374          2.48753570506            -0.501797090658          -1.225154959             1.16901597411            0.409633426952           176.830274141            84.2677052115            48.4651070003            4.50228035081            -68.3742614749           -5.6337062757            -35.560786702            -22.586426485            149.310404704            25.921007821             
rwgt440                  0.920816364091           17.7925525465            -0.117342867211          0.059002982405           0.0621710475707          -1.94313701956           -1.66475042235           -13.6634205893           16.29173747              44.3148220137            127.868507852            -50.9550942623           160.626003278            -161.77241989            -69.7614174407           29.943810074             0.804478337053           1.34449655271            -0.613595337531          -0.294527048224          -0.097292886504          -1.11944627778           -33.2924168985           -59.4530210477           33.8551487969            10.5836958856            -20.2262612659           -150.093619564           72.8454852701            52.7211883325            97.8885617894            166.158630598            
rwgt441                  -0.333302979534          -0.844601433564          1.24769013487            -1.1434156718            0.00827179920419         3.76764031524            -9.05779280241           18.4951184805            1.91891720353            -110.655178236           -163.796074921           -170.135526932           47.3008557597            34.7528717066            -76.3318419612           72.9426854515            -0.426059351257          -2.26514070067           0.234973357498           0.909884008331           -1.52813462263           1.19536896064            -84.2694706786           76.8224855434            8.94125137825            -2.69432162107           -105.320138466           -156.514389821           89.5593110509            114.237239704            35.1267908248            -23.4095016337           
rwgt442                  -0.865301723569          -9.43137169764           1.74850567185            0.114642662466           0.100421569704           -0.735734317084          0.54358784707            -19.2135529549           19.5781341323            65.0285038315            -160.13513874            40.2094364069            -4.6534218359            140.406739157            -147.507578393           -28.9394803339           1.05708342705            2.55464758926            1.03932124038            0.521040119553           0.708037350079           -0.242772877315          -122.869437974           83.2511775248            16.8417943681            -59.5373903413           -67.6411189137           36.4713500979            -167.911710221           122.214054595            2.9218033483             67.3490032065            
rwgt443                  0.490025648801           -10.9289589058           -0.351944935285          -2.18841165705           -0.050235428278          -12.9137075669           8.5588833726             3.76466833831            -15.6012446033           -132.048555025           -99.5428356908           -71.1453696212           30.6757998332            -113.234811591           -59.7793321181           7.85200939242            1.16886996955            0.380470596353           -0.283510330035          -0.795244761119          0.418200051213           0.0277289986222          144.200367995            8.49762940646            -110.82066104            2.70309284243            160.373159709            2.75167846487            177.969530851            112.402553195            37.6559998667            37.6419893808            
rwgt444                  0.942358929409           -4.75639162452           -1.44330242593           -2.02372374974           -0.0447847940891         -4.1778051149            8.99161311024            1.67612957215            3.91914046106            -14.7724160984           -39.6506891393           -153.027991097           134.590828447            54.1658433173            175.340757716            -27.0820152918           -1.01303837911           0.2634409408             0.340003692318           0.71890583574            -1.27987004249           1.62576571143            -144.154562635           -176.523658046           -36.191600611            171.620856059            -151.294570964           105.132677585            36.3759122753            75.4546070596            -136.767953991           -29.4941657826           
rwgt445                  0.174729227254           4.1248816213             -1.61338902641           2.02006431467            -0.142948655745          6.8197833976             -1.16271763551           -11.4479375698           22.4301434914            35.6891624585            136.818730134            -51.3803298357           124.479324765            -15.8939343272           -115.543786003           159.226222392            0.210674102346           -0.243011247436          0.983976725971           -0.0586564534272         -1.36572454886           1.0631866549             2.15414544409            -62.2964480566           24.9363476438            138.635101043            92.309759462             107.600402351            55.9763623196            148.644605943            11.7621056111            147.808926475            
rwgt446                  1.25201260825            6.65134455242            1.76196961492            -1.39753235376           0.12693937627            -3.46563071979           3.12867485603            -7.08176261196           21.6933121011            111.361904937            106.482281873            -128.735205618           146.580570608            147.668060184            -12.3637157201           85.6959277883            -1.09349304846           -2.51595841132           -0.703320677132          0.945947127577           0.905157771058           1.4536587349             49.777861554             130.421085526            -124.604766084           -50.3967933108           -82.9733749941           -3.91191365878           -104.062220252           -103.039227052           -142.845029889           -7.67425326835           
rwgt447                  0.846369195743           14.8151103539            -1.4696548971            -0.687600016172          0.128600856964           -4.67828935189           3.47407695804            -20.6837774082           6.5138585003             78.3558083416            -14.4760466488           -55.6011547082           -107.904037887           -128.879526989           -33.6794644676           57.9851055369            -1.02109663248           2.50685620205            0.670675874056           -0.837846444699          1.75721185233            0.440828697317           -82.2692064784           -143.028681846           21.6918421841            -24.8612439016           -14.3501749172           -37.0516985178           -155.65837677            -154.057342766           10.3592180158            34.0213115137            
rwgt448                  0.812173772608           -1.79722620628           -0.470629069236          1.04402548278            0.0835555080617          -12.0267176303           -8.71423845884           -14.2492606724           -0.915127645802          162.310364577            132.964415192            47.0309287709            133.335821138            -169.985233439           -158.653736364           122.487962136            -1.1513767236            0.465495291391           -0.127574934132          -0.617065656331          0.861056721416           -0.510928560476          -101.654773912           166.723726177            62.3631793706            -74.997337416            -94.6144439033           87.7399239955            96.3282988232            -152.828827436           -157.513328256           -59.8871525942           
rwgt449                  1.16165984776            -1.15801851054           -1.11267069131           0.746091418878           0.144934624615           0.737336703267           2.12565343679            4.35728043024            9.12179386799            -120.516514177           -167.417163716           46.9005586472            50.2972706469            62.7234319807            127.202195229            -53.6787897538           -0.50349227704           -0.202068691362          -0.963137511103          -0.41826721291           0.867146285849           0.935369209673           -26.2476135177           71.0154017911            -1.47899648782           80.040726889             -36.5931535113           -139.168792861           -168.25852399            13.6671741486            -156.713660612           -105.121165378           
rwgt450                  -0.162374862167          13.359078878             1.34633719855            -1.07458718552           -0.0123255988624         8.51600995857            -1.27316060533           15.620366613             22.8511157361            -145.843517177           79.3658361658            -89.0012591357           6.25776947685            -162.487254756           47.0623280813            169.296685964            0.650906043754           -0.576687764924          -0.241406251592          -0.24300541431           1.43476956611            0.533260282021           31.9211274408            122.356592707            112.512950846            136.644627559            108.016547338            83.5817110775            -154.852388471           153.992832568            154.832318313            54.0032291403            
rwgt451                  0.451037894291           -7.13894698016           -1.59060354179           -1.87176232631           0.0637723216394          5.14175957016            6.28030259673            -25.6884681861           22.5279586789            -48.8962721205           -163.27065949            -62.1449968003           -97.5789862069           -21.297406807            79.7703113464            -143.805778203           0.318806212994           -1.72678488318           -1.05710888727           0.243904068873           -0.762796032021          0.753449282097           -70.2464176291           -129.9607842             -38.4168263848           -1.6316273331            -123.60759675            70.3473142148            31.7894451424            -19.2505818759           137.539952667            33.134614131             
rwgt452                  -0.419989843444          14.3795010741            0.342807530395           1.03720035965            -0.114239578624          8.13415406539            1.91178497111            -12.1376124852           -2.16944641647           -63.542016326            13.2091425262            -0.0245821164376         55.9155676061            99.5503136157            80.0277506152            104.334441852            -0.145258293633          2.12827101749            0.996330534483           -0.0817651821158         1.35442672839            0.409408166265           -140.263736653           113.250068627            -143.765158026           -107.306690631           -94.0768222835           -82.6846301874           134.676176415            -144.954417499           65.9211815516            102.967254103            
rwgt453                  -1.15617751267           -6.93854085896           1.0241269088             -1.87379353991           0.129493396929           -9.29636039364           8.69153565146            -0.178733857644          19.3462951699            -14.6037371222           -113.801009768           5.98564822217            -2.16575724019           159.19703261             122.411276955            -175.479182574           -0.168136161315          2.3786256208             0.684965129255           -0.150860965384          0.0436391840668          -1.54164934398           -152.455914139           108.539729985            82.9185793676            70.0249490813            -39.7003771899           149.098914504            -94.9583405023           166.340920004            145.645297868            57.4771456026            
rwgt454                  -0.946606377817          17.0763682927            -1.09339514175           0.420200175406           0.069125296072           6.3195848312             6.84187586995            -16.4486257169           3.42781602954            -138.845139184           -19.3354639268           70.9947886123            -90.3422904851           94.5545566834            -50.7242274514           164.702255803            0.347712205843           0.80869991812            -0.708726977712          0.304769290684           -1.64889229255           -0.110610854509          -127.112250999           169.310883076            -34.5396366703           -60.7902963653           33.0055319654            9.70829704339            69.9878800003            8.48442109991            19.7265878509            -91.5978984095           
rwgt455                  0.391263645177           6.35480251151            -0.218245212082          -0.760398137947          0.0317338353189          12.2416738293            8.79029226118            -28.6530622521           10.1621528871            -3.64593778377           31.6741354163            73.1552908736            132.44681715             19.2995281844            47.1741515971            137.114016976            0.283443053544           -2.27928569701           0.741622214019           0.372239050251           0.399841261925           -0.316686432582          -22.1212730253           121.164408898            123.22173316             -26.5431069526           -140.565110711           -108.636942659           160.996019519            57.0099437576            -105.305258825           65.8578915368            
rwgt456                  -0.0277565999046         -9.83783945484           0.233119916086           0.42446069973            0.152255777582           -10.844067862            -8.80316671633           -2.39299868014           -21.1662851144           84.6847056171            -107.877760008           106.500219373            169.685104029            -47.945251392            115.771810992            -39.0593248713           -0.569942284861          -2.74545463544           0.860074636097           -0.331992288727          -1.09084234759           -0.930441691921          137.523469268            65.3513201372            27.9364197047            11.316161711             -127.422292518           65.8230505523            124.628089691            -61.0677045345           96.3813676673            86.8064702059            
rwgt457                  1.42581120079            -1.76062535145           1.18807246432            1.15959833305            -0.00964022475002        1.70443773308            -7.70311795303           24.4148206124            -20.7070043129           -88.8132827481           173.46964224             -124.463927664           -168.177614987           149.171297319            -8.73730401623           -160.0415828             0.955134998794           -0.1697364274            -0.6615806799            -0.361434682486          1.12971746189            1.58885215858            12.9874222668            66.5796769802            -161.924574609           141.239455464            -112.345484847           7.19261516759            -103.8845884             -95.8596457455           -91.0525925043           5.7077012402             
rwgt458                  0.371102937982           13.5638411318            -0.895319161651          -1.40822885532           0.1177135058             -13.1529508176           8.26465287895            -16.848565714            9.14169820719            18.0101623602            -3.07624240215           132.272674351            34.2858875936            168.299207128            -40.981759933            27.5772305776            -0.643629926756          -0.905625981142          1.27600920459            -0.6463465767            -1.77994492718           -0.992228443482          161.715807813            145.294558946            -8.5210473636            178.532230409            3.84098985259            84.3317507072            -159.576977575           133.167026147            81.9006230103            86.4932003707            
rwgt459                  -1.09976164039           -14.1817466686           0.283249753025           -0.180216835344          0.122564461727           8.51409996998            4.60678738223            9.80846207312            -13.9608862635           140.681410457            -86.4819670226           -42.9003136404           -109.393024749           66.1664728072            -73.3667700821           -68.9514601365           0.698891701912           -0.0804897214354         0.186253768663           -0.689576197048          -1.01857015328           -0.7842532553            -163.651747904           33.5263698765            43.8822503858            128.048458883            80.078536519             91.5554182504            -165.980526763           110.393942309            -166.945926909           156.108924754            
rwgt460                  -0.48212532289           16.3998361732            1.25426068589            -1.4852639494            -0.026526256059          6.50853248972            6.00651515827            0.103160232017           17.9171042137            77.0592284933            -105.290657413           76.0924448064            80.8764537993            104.049677761            14.2358392625            -59.9456751395           0.448741008131           2.48215688899            0.722728164742           -0.419555578502          0.953836450753           -0.153188253399          -38.4206612088           -127.332353764           -59.3422328271           -83.1574367819           -23.22183616             95.2348626762            82.626149824             84.0402923457            -132.619255716           93.3758858065            
rwgt461                  0.803334698577           9.53588373732            -0.634812206194          -1.41039567185           0.13068413106            8.54094720169            -5.33595052782           -27.4425587496           19.4091728793            -82.0742485529           66.8225678034            76.7905833057            -38.4082390576           -144.501281729           -125.617276158           -48.6355543449           0.327975736257           1.38098240963            0.784719752774           0.538243551577           1.3531171085             -1.61730520861           11.0377627796            142.881445936            140.352797787            1.36718557993            -118.490309246           -137.344920535           -25.1509214455           24.9809948303            -52.8216096194           -65.5567300752           
rwgt462                  -0.692590667619          -9.06201417256           1.10775681117            1.84533523836            0.0790087554403          1.68451625693            4.53921185051            17.3701686777            -6.10180668023           -142.775349586           135.462508428            150.015188967            -109.629546492           140.399319886            -3.64069738778           -123.821480209           -0.807235927455          2.02346677088            0.0420098404401          0.229449975956           -0.372185272547          1.2658035589             -63.0908744196           10.3657619973            -30.3095575998           -81.7227360572           -121.325785463           100.150521452            56.8211527705            -89.8010693256           -29.5964257487           -73.0747642723           
rwgt463                  0.50012381841            -3.17634286928           0.497894989438           -1.79456561003           0.0256010629167          -3.17570259332           9.27484805657            17.285398252             -0.809290090468          68.3351297367            14.1554136104            -11.7049183635           -29.257988235            102.012720372            4.7912750065             -0.732299909856          1.03050523452            -1.66467505302           -1.23741422016           0.266625527931           -1.55887242614           -1.4601212447            -117.831048386           -155.08502286            -131.531317555           -156.592214629           80.2785771295            80.3217189815            123.495304799            73.972978854             133.211933493            -68.8354893984           
rwgt464                  0.495995650688           14.7449246789            1.66046979039            0.578616111675           0.0248476224688          -6.34549864386           8.80523581079            -21.5688859431           18.136325008             0.534254290268           94.4189411315            -18.3392020022           176.41961017             26.4040443278            -93.6704572247           58.90755972              -0.0844061360161         1.1733386486             0.170014971075           -0.838828417343          -0.362288544373          -0.884922411859          -120.658698582           -61.3872661815           89.8415371032            145.999787386            -74.7339774363           14.8820096034            -88.1119972428           -179.552561092           -178.058467984           42.8245693523            
rwgt465                  0.380956806464           -9.75525730359           -1.52945791773           -2.04336870215           0.130202215327           6.85861203976            0.179942351963           -1.95542154104           -14.7426663436           101.834764296            -18.1978024804           -129.46578396            99.6764207731            -1.81128059872           4.85694717144            -89.1753651138           0.0648755897286          -0.952314044545          0.127408733165           -0.33169463281           1.1542076982             -0.694031774796          -161.383732425           -169.068864775           41.2970050033            46.9628670217            2.99273406166            56.8497926079            -162.613391232           -159.247962339           95.3347970054            43.6516084132            
rwgt466                  1.03228412037            18.5292915336            1.21600685772            -1.42813482994           -0.0900513026906         -5.59119599206           2.04441344843            7.9701939877             -17.1059169717           -74.7989357041           -106.492521705           -76.1929976306           -88.0129495201           98.0368193042            -82.3190589485           45.3867480571            -1.21481321129           -2.34202753633           0.540544563135           0.787070411115           1.20156497402            -1.27879730496           154.684517284            34.9748035677            113.795919614            -77.5316897503           -64.5006719971           -80.9560032129           -131.80655582            147.469098955            -29.0924996328           148.370513846            
rwgt467                  -1.05942802432           12.5963365192            1.08330555218            -2.0556430518            0.0963652188425          8.78774636718            0.448195667117           1.75321243754            9.91683724031            109.100589733            60.3574147451            -145.510162677           16.2345622276            162.06309801             109.348260222            112.905292341            -0.749639730036          0.817795071603           0.72284963411            0.47918656945            0.488249252732           1.25887334281            -55.5456945015           130.005863415            126.774174592            8.46496922364            90.4422011755            -63.661064176            -44.4388462728           120.646557871            -97.8514590346           71.2113467493            
rwgt468                  0.669207207697           -11.4550838303           0.569040747331           -1.90405090064           0.0756286520887          6.37958764979            5.80001305551            11.6205079559            -6.85042289869           39.9090443076            50.7740852231            106.190492518            -88.4099128166           -67.9343392941           -97.8604965548           20.7460454597            -0.383328141419          -1.97639808985           0.878580244678           -0.140076620838          1.22900170216            1.44252284429            -59.3183937776           -56.564686455            -23.4427418269           147.449633538            -15.825985057            122.938408746            26.8789515305            -82.3049674857           12.8775121696            39.729962791             
rwgt469                  -1.40913889223           -10.1121234385           -0.281608285248          0.728014680247           -0.0606730393219         8.8641982017             1.57645540561            -10.1909322918           11.7795652121            -97.9510434515           -168.933806851           169.051342698            -144.517078761           -144.208072113           126.407535304            -144.446720249           -1.17378680104           2.71158952852            0.850552283365           0.592833899612           -1.59544229743           1.61342493987            171.111159877            -2.9063972117            -44.7089473064           158.944633985            -0.539183775531          -177.235322624           117.43839252             -14.053740977            -12.7151828923           50.8868603024            
rwgt470                  1.3050050334             -16.0994198459           -1.16907659379           2.06049378868            0.139494506128           6.49110520824            0.825178935982           10.2695378728            -6.68227655549           -123.786020044           139.20999338             76.5884131692            26.979905258             31.6012701912            122.674319449            -133.876858227           -1.06933873154           -1.01651179493           -0.0718551506695         1.00204525677            1.39299781182            -0.167355135358          -104.885253885           -30.7294627887           -111.265255924           -33.8673799742           -75.7107987229           175.522515127            -35.6266305458           -8.77198096184           21.4154323051            60.9996463086            
rwgt471                  0.252594706502           4.02695562345            -0.302732908441          -1.17490359122           0.0512677530111          0.387156851597           0.957667629817           -9.56268647231           -10.7055205052           -5.50915246265           -126.706804693           127.748287181            -40.7420270567           -61.4263842844           -174.674500981           132.531829216            1.01261749579            0.300682555751           -0.266968976494          -0.586748252421          1.33116283454            -1.28178968227           -13.220528651            179.438313342            50.4100552262            -19.6812956541           14.3884046665            155.61943321             -135.842402635           -163.553088954           -66.3535644931           -12.2881393804           
rwgt472                  -1.0078124439            6.19711550474            -0.513596654164          1.37458755748            0.160872612024           -9.29542303356           -9.07393197931           -2.28242479571           9.41236499975            -101.360045487           48.2091019755            116.689644873            -29.8958934991           100.473745548            -57.719301486            -50.1662787499           -0.216515342659          1.46838591845            -0.210712423951          0.436182203669           0.470457521883           1.18789773245            -93.8415593917           155.272856774            129.751079366            96.5810777655            -86.3853159059           -8.29782819797           -36.4324155275           5.38288201137            31.1534783972            63.8750055902            
rwgt473                  -0.405678945269          19.749855341             -0.606158628157          0.948117267277           0.146110191879           2.74870393557            8.81585312727            -12.0082905541           -7.5592638993            -129.840681786           -37.760635929            -72.8987107987           132.223645598            -125.710375048           -67.9636307983           108.91026632             0.949128894907           -0.51488571441           0.843018000734           -1.21253127932           0.0502881800347          1.61732939436            -93.8536880164           153.949338048            -111.371812157           134.110909958            9.9073990054             -137.433268944           59.6881330869            -138.144663847           129.070996416            156.630407074            
rwgt474                  0.992821732334           3.83578823382            -0.583844923245          0.251498864025           0.0831518970044          -7.31858596204           -7.27669772089           18.3199524885            -18.2269057819           36.9354497939            37.6396984811            -73.0603352701           8.739511365              64.1797581029            -66.4967124698           169.540586031            0.368208132061           -1.35119322976           0.138583430835           0.392027178402           0.546459344751           -1.07008725004           -148.625301642           -136.480376978           118.172357526            106.992034894            -132.769549954           29.9121600429            -98.0054304081           89.1314746904            134.378245331            -172.09230125            
rwgt475                  -0.515284987127          -0.97493711724           -0.947209470139          1.75401173703            0.154093392651           -0.424912216376          0.932065828534           7.30888914218            11.246743702             170.012248381            148.757126728            150.06079491             2.90076293916            -152.142457119           -23.8393047534           -53.4890978146           0.79833060307            -0.530908236447          1.13777102615            -1.02925050266           0.21231084323            1.44994626302            -90.1051956431           -80.7344754646           57.6569164927            70.8265479872            -132.475516068           177.633003063            132.240395422            -41.65759918             62.9328628696            -45.3146187156           
rwgt476                  -1.40504020358           3.00662738657            1.10456787329            1.07495935878            0.00608976633049         -11.4198928664           5.75518975331            29.4223658385            -18.3139368565           -38.9899713625           -105.721274288           -22.4764153696           102.285428218            60.3355723134            -165.016424847           -91.6704790491           -1.12685699649           -0.700789136398          -0.647016646785          1.11551488126            0.174275185233           0.480274161905           163.433682398            134.176310072            -57.4779092587           -113.589535033           -176.702138313           38.2722655619            -174.572667149           -14.7465034497           -85.8365804165           -2.42066451866           
rwgt477                  -1.21761482688           -7.72236085188           0.672955508172           -1.329507637             0.0185326628851          -2.87760381755           8.6479354336             29.4334140955            3.74054954019            -143.709773625           -63.3584147746           96.957604928             -102.891262152           90.6950589854            134.472162336            25.2563079487            0.993416478772           2.15552023713            1.27863522153            -0.971874604638          1.32175636513            -0.356031946701          -81.7044180064           -168.997096009           -118.995224866           41.1857480675            67.8056357652            113.085902806            21.0073680956            -109.027104305           132.989284483            -32.6295367201           
rwgt478                  -0.289130154616          -19.918136812            -0.626893493288          2.00002335328            -0.127637836423          8.84991268826            1.15228828518            9.90019505901            -5.83573996617           50.2535710422            45.6917897804            77.5405952797            -41.1505584385           169.333484101            -85.7608040679           -111.991831086           -0.512301700842          -0.468786282689          -0.74486571126           -0.0276348987753         -1.08364483382           -0.223636514211          128.139350546            -176.242811385           101.36321653             51.5641881819            -88.1133508946           132.242236507            -56.7883491847           143.80583342             81.5204362293            144.245948411            
rwgt479                  0.725831577019           -15.6885625035           0.178892901409           -1.38074949723           0.12736098538            -2.66451901033           -3.1617336019            22.4169049346            21.626968786             -78.0928233706           -170.647036439           -143.008956081           6.78329259362            -168.73828006            -14.3768301272           -65.5993366343           -1.12711306207           2.02449748981            -1.25359114123           0.781331986287           1.65136948286            1.34052021172            -32.6998417137           -71.3579061651           -174.560942144           160.996439127            -13.8414353503           -168.094116707           -77.9965859581           53.2200211603            -121.945174655           130.190157331            
rwgt480                  1.19312507029            -8.74938917638           -0.92313592987           1.24392373698            0.123071647717           -1.84222925828           5.69940720559            -16.0162132596           -6.77883004797           160.676467944            -114.670436507           55.7011165176            93.7053456018            -79.4653971827           158.452237202            -179.790476432           -0.189674379429          -2.69831663669           0.727646337112           -0.211636479775          0.840725699263           1.1371097573             32.3563257691            -100.010027766           -176.656363967           6.6086786508             178.780875643            59.2278223786            109.72811033             174.890872822            28.8909551881            101.895133308            
rwgt481                  1.38308162722            -19.5197342894           1.65782558469            0.985303331207           0.156279282333           -12.6277105156           -4.98202191964           9.6160008028             21.8485365104            -62.7880042531           -119.420140265           110.568876791            -176.347307949           92.5307914087            68.5913095111            -71.8895710299           0.904403948467           2.05128500911            0.504098453624           -0.653703382009          0.869847165181           0.340678603603           -120.559122658           79.7751465548            -82.1198601922           -23.3357993926           -28.1718002362           49.0048377059            -108.981016001           -87.9530699301           166.898518801            29.2505820446            
rwgt482                  0.0767074266757          14.0894884194            1.79243127876            0.588176693202           -0.0203779241114         11.1062874847            1.98529779913            14.2491162196            1.40664698855            158.64218228             -42.274718335            -100.793847689           -170.113194268           -27.7643016639           -13.9704939085           152.794899238            -1.10201573032           2.68031615864            -0.0563463395646         -0.548160058769          -0.454178741858          0.519748638966           -129.386725645           176.720021618            46.0771080518            -149.267892086           -36.788720586            -157.135938369           -137.344261249           96.3882290913            20.2583170101            131.885929218            
rwgt483                  -0.291485323186          -10.837049525            -1.05337898846           2.13435871832            -0.0688677166647         -6.96832428491           1.1934285432             -1.00637510224           -19.2785228071           47.870538196             113.904714816            -35.480226083            7.27903392535            -46.660130624            -161.632063427           -46.6834972938           0.405433959331           0.88691621609            -0.367657505909          0.383608640992           1.44480606048            -1.12401903075           26.9368376528            135.290601828            69.0926778168            -51.980881468            59.3802234077            -152.355134622           25.5496762935            64.0049273136            167.281369367            -110.079474014           
rwgt484                  -0.819704333996          2.93019681082            1.21901926449            -0.409756391358          0.0726429649958          -11.5471076255           2.05265266017            -26.3233252988           15.1526095333            -70.7289744125           -113.975009578           158.699739194            -71.8829261984           78.8537415025            -50.3762503344           27.7001636919            -1.17479517196           0.0634456353853          0.73161316747            -0.694112494683          1.2020065083             -1.25187965712           -67.1491444545           147.581965823            2.84502408232            -49.185217443            -98.4996823806           -110.176537141           90.2941410075            -121.639585475           -21.5443088843           -141.357214065           
rwgt485                  -0.929759199284          -4.40614963661           1.48369582328            0.657778285972           0.112443740268           2.06012408097            2.91283809566            23.293365974             4.4766105656             131.640600636            -36.2266504449           160.884391083            31.373127736             -149.855026308           162.804630916            174.576768653            0.494773329715           0.267423449921           1.28680331426            -0.173144819447          0.904022911091           -0.438623946222          -98.3107576776           14.7577835931            149.27065708             -62.0578470468           101.054778185            -100.949503748           -117.107343216           -35.6469680653           -147.603209008           -85.0713349697           
rwgt486                  1.07432778531            3.8940972028             0.0354258750441          0.315843980537           0.00580133244947         12.8133737561            7.05790932867            5.967073024              -14.5843573203           160.298165642            55.500766983             162.086983919            -56.3101214494           51.6190279061            166.865727481            10.6139544939            -0.445744639693          -0.854632712806          1.23578729025            -0.742027950111          0.491081392452           0.371863905214           136.62222743             99.9427641029            1.9979935663             107.732553955            -51.3662894581           161.491255644            47.4888740182            80.1873011345            -29.8248761946           -29.8695310943           
rwgt487                  0.846364638633           -3.07689667424           -1.2778391935            1.51776606468            -0.14154090023           -10.3826784443           -9.69147219328           3.40201578049            -14.5185744072           178.478138763            75.9970023752            174.225168774            78.0209799028            -34.8861306695           92.9382614866            153.428699517            -0.819151168761          -1.46967580162           -1.27905644551           -0.349509467761          -1.47601813723           -0.218098651599          -86.7461643684           82.5667771761            135.739525371            135.257085823            -74.4265935678           -118.951082834           -26.3832009681           -98.4749818535           -76.6295830528           28.6795188363            
rwgt488                  1.03640254208            -7.95010675292           1.35804890057            0.549604721438           0.0454825972766          9.99771856377            -6.15359338718           -13.3247671239           -1.67987173904           -62.9658719876           -74.8892573298           -33.8973768084           -19.2090937501           -18.6147366584           55.1168940789            -108.773850679           0.530149321777           1.7578226033             0.609088693924           0.34885476908            -0.594779358392          0.463907876188           49.4602229872            95.4200755274            -59.4728281056           114.531695205            147.879794384            -144.722229368           127.218781833            -109.978052001           -137.665981809           60.5784043697            
rwgt489                  -0.488193409402          -19.8335422566           -1.7278177475            -0.594101707626          0.0523845542087          6.15528297415            -4.35009012966           -24.6346134643           20.9940433135            -172.645342232           36.0501515958            -135.12163645            -40.4635203779           -60.8683052512           109.459252975            -133.434693468           -0.315811232892          -2.23246273975           -0.729543650671          -0.747581032289          -1.51902530082           0.161334139641           -139.187553572           4.90504029984            100.163373232            -117.176196218           -33.9162318038           111.74079809             -93.4673144994           -168.904922901           -61.9178083001           -64.3812076688           
rwgt490                  -0.401575597013          6.00153957793            -0.287671974973          2.13947520878            -0.0925723824785         3.56658038772            7.73521890863            0.589618998168           2.84655958561            -87.9492770256           131.270584084            103.467968262            -120.857943815           37.5043590073            -14.3160905648           -113.15193944            0.187783356748           2.54831452748            -1.17579431872           -0.471503724674          1.23327662645            -0.600027794487          -94.2573485494           -27.386058289            -68.5665002451           -125.452157278           21.2486865864            54.5473985167            175.349642179            -79.211767541            30.2848241144            137.255219558            
rwgt491                  1.06464581292            6.11591116099            -0.338267380607          -1.05058338322           0.0409266594118          -11.9426745314           3.44647740345            24.4851260549            -6.34241045713           -158.876039711           -57.2131496961           -159.275071632           114.528512861            15.9697069337            107.324242348            56.5185303118            -0.474566111304          -0.880150181725          0.970061618921           -1.207169338             1.58714598407            0.159069040572           47.9691027922            -80.2541743161           -165.501640896           20.6759821237            -94.3825130576           175.942260639            -151.748141175           174.013396151            -116.306182652           -125.024022971           
rwgt492                  -0.408260410719          -13.020515373            -1.41743172797           -0.296347729339          -0.0947440563167         -3.62997276009           2.43548531537            29.2818830543            -3.63285385722           -1.22271719152           75.9718085147            61.5554649301            108.326189882            8.67956252897            -18.353243869            -34.4929981372           0.330880904427           -0.965112606287          0.742204992655           -0.988546143465          0.180515378299           -0.561608127663          -21.4338966444           117.031763978            111.92902481             35.3820368025            107.119540642            114.495681538            85.6167976524            91.063887583             14.6272849228            -49.4470812              
rwgt493                  -1.07656189486           -5.89646106726           -0.488039616664          -0.173115534268          -0.0421122548896         8.63203687868            10.108407416             4.30080502837            -13.3955614134           66.0834880117            -74.7353670628           90.7785248431            -61.7090986648           -2.39218124957           68.3466119933            -87.4964726537           -0.335706054205          2.59358605038            -0.515141075472          0.884456382504           0.490388129644           0.803128154532           169.55835899             158.759115924            114.807561502            -58.7598684339           -112.072183458           -110.783474042           65.5843108039            80.4522799989            54.0177555384            -123.513052134           
rwgt494                  -0.3590005215            -7.89360069407           -0.568985569253          -2.13858801226           -0.125455631802          2.86559529522            7.15461772978            24.8589942314            -10.0680873812           -41.126747054            -35.7952310951           13.7121616549            135.600815187            1.06632793081            170.214780191            121.715768829            -0.740887506314          -1.8579272454            0.475214261454           -0.743739009827          -0.721706177311          0.647808095412           139.11193813             17.7706857243            -79.5104099771           -87.0585659147           97.1675963381            -17.5336028278           171.746553111            -179.484172547           -142.960358821           -24.2492299409           
rwgt495                  -0.698729315548          12.9773484531            0.863647871155           -0.289576390696          -0.124638739365          -8.05301115813           3.99177467678            29.3757678909            7.39479226905            -172.986801817           178.106728345            -7.05822939997           -9.81331633573           -161.48243152            -7.10518787147           99.6340778883            -0.131796581863          -0.777095325579          -1.24074172497           0.428267003439           -1.12651436486           -1.39465786727           178.576334112            -5.59835812863           101.924307544            138.937406712            -123.298792379           175.917546022            -67.8672430913           23.3515068238            12.3948585662            55.3046553941            
rwgt496                  -0.362396356133          19.0905037786            -0.984386143581          -2.04435976501           -0.0407824449217         -8.69537185214           -6.99087038298           17.4188042723            21.1025952769            117.772508646            22.6578022683            -2.21437354906           46.9703303262            -48.8461293968           166.470698105            104.418892245            0.801263034839           -2.17382124584           -0.277309186427          -0.525442256779          -0.610259873979          1.02539496382            70.8182521373            122.2954874              -80.245454115            -149.877797279           57.7101955478            -79.2514637566           168.783003206            174.319908444            96.7413831881            -67.4440096115           
rwgt497                  -0.211154465763          -10.5645026863           -0.944338713894          0.306668838538           0.0334959680107          2.78039194256            -5.68533269291           -5.20354106429           13.6156250746            -101.572507421           -22.6885242336           155.250667225            76.6225207546            105.56285699             127.400836829            58.6258499583            1.14642648678            1.83824622542            0.911411631846           1.02508946688            -1.10444646206           0.859212678817           43.2778960216            -101.689240165           -83.5270773742           -39.6155358338           -8.79343982799           -160.225959684           -55.812500949            -68.0738713779           -164.818996038           -95.9226126104           
rwgt498                  0.106497018769           9.13164895428            -1.30359943456           2.19799663395            -0.116475997617          1.12296943941            -7.96817587057           -6.55834325068           22.143373726             -84.8967525152           -171.7950801             -50.5647335834           -176.775052642           -174.408763835           140.099647049            -152.862778702           -0.461996634582          1.52803542464            -0.209484700894          -0.634734728822          -1.00996709148           0.550326017869           146.548356245            -23.9651514042           55.9376601232            -119.08203798            26.6973869934            -153.209906482           -33.6178759112           93.0488583126            18.8534259186            -140.982873149           
rwgt499                  -0.139027156348          -6.43675885793           0.346191996789           -1.35596854301           -0.0347241321742         -0.348482720945          -8.53868330404           2.04734804575            11.4577558794            13.2252341372            -124.661334851           69.6683624876            -79.6590089902           67.8320921443            172.932226263            79.4706493337            1.01333051004            0.449353758618           0.909215384523           1.03429921038            -0.857820851759          -1.47522527526           -82.6065217774           121.157052268            176.932181767            -47.3313043729           -179.545501173           -0.801469385428          -17.3187759611           50.3392877869            -28.7506335769           -10.170015504            
rwgt500                  1.17666230961            -11.271183877            -0.0527469838406         -1.90946401416           0.052286103863           0.103424240027           8.73470478829            18.3979023098            -3.9307875583            -78.9519985983           -155.313622106           -117.44693222            -111.589731708           -175.736042186           54.8998944645            -108.350141904           -0.369810854852          0.240739944815           -0.35509836664           0.296776439398           0.688876638425           0.309612400274           -128.192070279           -51.1542812767           -91.6274475285           147.010214728            -100.891369803           179.665206939            153.598858515            -168.911222921           -26.0226960343           -61.9666114439           
rwgt501                  1.34495269979            -9.38113022806           -0.114610298475          0.368033739105           0.0206075241014          3.44869440862            -0.66364385766           -15.7557527581           -6.45262113286           46.8085859628            1.24903153392            98.2682290946            -42.9399034028           -92.0796916003           61.4231929921            -105.736116005           0.330851517963           1.38868075622            -0.488575981427          0.988476461978           -0.455555974672          -0.345843932245          89.7351092835            135.980151033            -179.490072678           120.750373265            -66.4553095636           -10.880794382            126.020288274            -57.7716671083           -129.401395832           -38.4178531672           
rwgt502                  -0.465147172709          14.8364582962            -1.07829998928           1.40625642624            0.0689614347409          6.24944041009            1.8958356024             28.4992080412            -7.95112465737           -19.3891206508           87.9874640696            -100.464472198           145.450476947            5.43295063872            -43.662494423            92.4501469314            -1.03629507903           -0.963915052555          -0.0259587942963         -0.957431163916          -1.46364635564           1.44448355446            35.0822579453            174.605857676            -5.54694767273           141.440993061            -171.057498668           -52.0207152174           -170.125672592           -162.85629774            166.468945881            156.411462766            
rwgt503                  1.082503107              -2.24250061285           1.12258034763            -1.13596872565           -0.158851482532          -12.7049749982           -8.7941310282            17.4160614269            -19.363157466            -47.2943077298           -135.797408773           164.314769184            -25.6095125512           167.865987615            -157.663806219           -73.4626337888           1.09510623863            -2.74737973009           1.19579772928            -0.917094059565          -0.603565242207          0.142677407757           26.1224709147            140.715807175            -28.3120326368           0.806537800143           22.2048294867            -96.9350691632           -160.512481927           -19.8726232232           -159.074272026           84.0369082469            
rwgt504                  0.0795501417418          -6.19094136978           0.859052559984           -1.35974773068           0.157488890163           -7.3994735399            -10.3185025382           -20.0336705819           -9.70629923769           11.8698830841            -109.079393825           24.6666665914            61.3444652477            -121.528709187           76.7187617838            -167.668438405           0.444668686033           1.64051684426            -1.02742873519           0.272983306664           -0.624087522095          -1.10256615263           -75.8894805603           -90.5235712618           -22.18134167             169.112331473            -100.008749735           -114.704519498           -56.1159563429           178.449698834            111.19383457             -115.472583519           
rwgt505                  0.796170429586           3.03301463832            -0.557834268212          1.67636257569            0.0982067227626          -3.12093925396           2.4766166912             18.805200058             -13.2204032694           -179.052632336           -165.225433216           -86.0240967706           -61.9335768858           -144.971767413           -3.9710197533            -26.8515677612           0.952520384086           0.495819015843           0.82218718892            -0.940899001151          -0.0866914804446         1.31827673506            130.634167185            0.517761786333           -65.2841547422           -28.8424081178           13.7457928306            143.39051579             -61.1350823053           -13.3515120705           -12.2950547448           71.1685331224            
rwgt506                  1.16962075424            18.5525211053            0.539857135583           -1.05818622538           -0.0126817151226         4.26525066075            2.98872509101            23.938297813             12.17252488              55.8831546567            -56.1614102877           -81.4095722365           -113.769430691           56.1487380995            -124.662599714           -67.8240437913           0.817389219474           1.75328350097            -0.347375627451          -1.06446346986           0.0968185821002          -1.55270884358           -27.5607384092           39.2745253817            161.596223832            176.729293591            -97.7475157763           -106.46458517            3.99265108864            8.00358110637            29.7263357056            -56.4493543978           
rwgt507                  -1.11119136848           -18.8979922655           0.974057572438           -1.49362220147           0.0619087195677          -7.12271436297           -8.42212914485           -10.6691734944           -4.84845100666           -177.10761057            177.903826248            143.230404755            83.32264928              81.9567638106            -166.100447453           131.574777809            0.466998182084           2.18710720397            1.0196324573             -0.296687325697          -0.457223324738          0.868787258863           110.553943618            -110.049914275           -176.554571642           81.3343108303            48.4377069257            -133.492868692           -0.168917704795          14.8979321785            -67.8737995121           93.4791412202            
rwgt508                  -0.480386114173          -9.05089845361           1.23470127401            0.364332176447           0.0769004146733          11.6624932923            4.03120702845            -25.7130833145           -17.3416359717           -8.01175328945           -142.701422492           17.7579354748            -57.502417334            86.5341666509            -44.5766843976           83.174611685             -0.160685449028          -0.986526185492          0.142199459798           0.896387313201           1.39770439997            -0.308432611086          93.4070943361            15.9637418695            160.811393391            141.636235659            145.360979749            -129.067745318           59.1663800954            -18.9897451775           -141.952895602           120.630959921            
rwgt509                  1.1338461865             -9.62006520264           1.39828777619            -1.32243108017           -0.124232579258          9.74231329694            -2.90613662979           19.2029078885            5.64613814656            126.654381336            -71.4918412016           -22.0696406378           8.18487667627            -142.157922031           -54.4412295224           148.605147099            0.671715491725           -1.00856981429           -0.0856230748353         0.103148310202           0.633765139062           -1.40835327355           44.2774642962            98.937399923             -121.005960068           110.871609836            42.6595321996            -6.47982066556           -44.9939209141           72.3309793107            -81.2570003626           20.6742543423            
rwgt510                  0.421109434845           19.7868667516            0.654273478069           0.964007327556           -0.11494506016           2.66650461982            0.640295374389           -14.8078320115           22.0954641246            18.4638116432            121.799802601            131.68359746             158.205177996            -170.18898815            -139.842327955           97.9239487532            0.618246870956           1.70290230171            0.193884761883           0.2012865771             -1.46199628864           1.57152743005            -157.183320042           169.701438842            86.9156886099            173.148840638            77.0832167797            69.7425865902            172.508372559            -71.8678817027           136.660700549            -66.8493391648           
rwgt511                  -0.436062557687          13.285990925             1.62430810708            -1.80258729275           -0.0728518391728         3.11551817982            2.62551765663            -18.6746258552           -10.8532867862           113.270348327            -85.9849363803           -91.8649660126           18.6152481221            86.7696279897            45.6983609062            161.448842598            -0.142708586102          -0.721257559749          -0.848879953649          1.18373147255            1.26297696032            0.44273491236            53.7988594555            -85.6177950038           -81.4670488161           163.61233628             -91.306816807            -68.4023807705           -70.6512664338           -71.8130249607           -126.246865599           55.7458353939            
rwgt512                  0.491244955473           -0.745637151412          0.554864576162           1.24442728782            -0.122996762547          -2.64253472375           -3.32081376632           29.1283717931            3.15050913267            -130.597667627           -126.84097039            65.5134280737            -47.4080135389           178.356611649            33.8175903869            -22.7480475185           -0.735013765015          -0.620917284512          0.945860341345           0.989393083945           0.144747352745           -1.60434795662           121.952986868            28.9262653373            104.80741436             26.2955348537            108.217045672            -122.92516612            64.8289959468            -151.886469676           15.657695292             178.880368245            
rwgt513                  -1.2865803967            -19.2720530163           1.49007528156            0.985677052125           0.0510981825347          1.57296136226            -2.12675168691           -19.9223758273           -10.7544617488           -113.463670574           126.032666691            -100.902174787           7.12718620467            -7.34825510708           -27.6144242138           -104.994272474           -0.216735650407          -1.91890489149           0.144153334614           -0.0547177084011         0.833318875354           -1.55984772951           144.538018578            -137.10864492            7.20562894909            87.182636976             115.714941823            -28.4872324304           -150.544276777           -18.6069819521           -58.3730272313           151.74515271             
rwgt514                  1.41311675809            15.601537739             0.15971619149            0.58426597297            0.0834297653851          -2.03352562312           -8.5695433388            -24.5298792761           -1.14676822396           -167.500572292           123.320810599            -112.731473079           -3.34795086341           -142.173055802           80.6339884793            -171.300845255           -0.0276823966823         -1.92664854707           -0.203780935783          1.20786580539            -0.460514949454          1.46034304906            -90.8844501996           75.4087132303            122.115937172            75.2281701557            -130.490858016           -162.975489537           -113.062966666           47.6853098819            -104.366298244           -16.1861697928           
rwgt515                  -0.170158191825          -14.4594539567           -0.553731516141          1.33400374453            0.151213893322           -7.46218034178           1.04259863867            10.4631741972            15.3045517679            -15.9132296584           127.447270291            -81.4393175334           -121.385954602           18.1971502032            94.6650896412            -84.2472743078           0.474933707455           -1.02415434712           0.637576466932           -0.000411837960013       -1.06143608078           0.0375140034403          -115.482607961           -91.6019597902           137.222475733            25.7077078424            -131.899267113           -50.203650709            -36.4991297792           -144.745543713           -39.2746901907           172.780921893            
rwgt516                  -0.712835072624          3.46248527723            -1.4921498726            1.76389505528            0.132947148855           -10.1022406849           1.05942876704            23.9362365186            12.2858309816            -102.877195632           -143.975972338           -83.0959785056           56.5285904764            79.4185808492            -46.7508632835           -175.048293238           0.0102001079259          2.40756954355            0.680234700392           0.105925450219           0.190592587695           -1.37250339431           -81.3517733293           -132.758864502           74.1929165035            6.43615705142            -46.6965361831           -38.3904942618           135.816767424            18.7345941943            -127.360380285           94.1395336745            
rwgt517                  -0.469405151683          11.3555176546            0.260257371742           -0.809123002571          -0.025074432067          -5.57522221992           9.92281811091            4.32498231628            -18.5578497318           116.467673202            -167.953613433           176.639229401            -34.9831039638           176.158505473            -37.3105884911           -80.169450171            0.767439078295           -1.96742190646           -0.340636563588          -0.699293142507          -0.635691051695          0.129285793057           -9.89293887624           24.2102907731            -19.2850409138           -171.649136035           62.3785322143            53.4728876019            52.2426241637            170.649063617            -66.5000189017           56.6128146789            
rwgt518                  -1.02134719402           5.87708821499            -1.59685778331           1.58061421437            0.131400699844           10.4705106425            0.894738886301           -5.07882117303           15.2451039122            175.614332182            -9.25443882627           -162.484353032           144.955563981            22.0978843964            100.944147563            110.160171294            0.674796015946           1.98808291936            -0.586368828004          1.23762494862            1.5317673944             1.08659518223            -34.4880383674           -144.818288248           42.4731905987            -65.5008917324           -120.745569585           -139.462990144           -105.750867565           43.8587463893            -26.0428545773           -15.0998802572           
rwgt519                  -0.598162367707          -5.80403518275           -1.62552438054           -0.946095869638          0.0224646673653          -12.7066810465           1.69127175381            6.6386467449             1.08812508463            99.2530201605            -107.544824112           148.555556332            -158.384755305           -162.225279098           3.7516746763             -79.9786090534           1.15956383713            1.85697297055            1.00579168216            0.0827643064343          -1.54483614376           0.261756895122           63.2547156301            82.6843994171            -102.942473398           16.4003529086            -178.84130368            173.018862269            -46.0250478046           -78.6895731154           -164.910363573           143.454366318            
rwgt520                  0.789443678437           -4.38038725998           1.01440621052            -0.992163961266          -0.0256557591247         12.5638538827            9.3269689344             2.43271405293            14.0081579511            111.597094071            147.012086116            77.2705589839            34.9596196694            -107.604763809           21.3156773944            53.5301215219            -0.828308146531          0.925893243137           0.928808531648           -1.22069982503           -1.63152115821           0.800013729418           -13.1218898771           151.453090885            -42.0570564328           4.91409008792            167.896725856            9.53502393935            -116.863701019           -138.50644934            78.3215206071            -142.068551838           
rwgt521                  0.385006066153           18.6707217648            -0.643170153684          -1.95921939389           0.107338697265           -5.1644308435            -4.59574385648           24.9572410283            7.68020321423            -3.35979686996           -14.5751908466           90.8415463892            -63.3455324659           -23.8632640173           168.255388731            -78.2441152843           -1.05489123308           -0.996611787849          -1.12675056323           -0.124187765867          1.32652506733            -0.478913627506          42.7995230137            108.09805248             37.1872727613            -145.489376374           167.531523028            -59.4105525793           -87.3760804369           -148.25107894            -56.6244154661           92.7704313976            
rwgt522                  -0.364977987482          15.0123841969            -0.710388102617          -1.64614471433           0.152461844506           11.8860248949            8.34451095621            8.73903222983            19.8785649826            89.3153440551            -88.8793519377           120.521914964            -0.300384467897          -6.09418994446           -119.898095035           -98.3779611365           -0.422533065766          0.501096858771           -0.0885284300197         1.1719361573             -0.824438541477          -0.209112794519          175.08350199             17.8670649316            11.5745613449            9.01563613253            143.791752762            39.5630607988            -136.435418793           -84.6802974465           88.5813060169            -29.8550452175           
rwgt523                  0.634390513773           -17.9934884166           1.40609649737            -0.588209912553          0.115171927891           -9.17987883718           -1.17090524493           -6.58110108878           -4.51529855701           -4.70512374215           78.2698424956            -29.6489478984           128.491613608            -116.278112695           116.680090756            -119.74823467            -1.17274187504           -1.61837935686           0.483626871335           0.288635670709           0.149456345509           -0.572123971579          121.742234561            35.0077872364            -80.462457298            -155.520450163           32.638912809             142.106473018            -103.630823703           -58.0505110382           151.300752004            -143.277367069           
rwgt524                  0.690892578236           -11.3732144209           1.37434654126            2.18263022926            -0.09627717016           -2.97350309291           -5.69981487607           -11.5300043586           18.5472668545            42.9109774463            -109.767725603           -118.792931087           -141.679848544           -91.7867189018           -163.283913368           -157.355950353           -0.577967624521          -2.02863633756           -0.926800868895          1.07658549878            -1.01795060112           -1.53687837979           26.7732265735            -136.98474758            -55.949319898            86.6083057552            22.2186400029            63.7257448779            -87.8979743554           10.5226191596            4.1243172794             -54.2098716529           
rwgt525                  1.34780079843            -20.0105537468           0.600717481407           1.17422842192            -0.074195821112          5.07356475531            1.01406981622            10.6701017086            -22.229536991            -114.831300843           13.8181887682            31.3892614036            83.9664951724            -52.4275673766           -70.3794412198           32.1690870328            0.182029008139           1.05635154024            0.493579957282           0.509590078175           0.573710007862           -1.28753798434           -127.922359679           -71.8097082377           -4.38093062504           -8.79718553275           11.5204147802            -161.615469231           80.409333827             129.672257389            48.6334806814            -11.5563755336           
rwgt526                  -1.30151282074           9.73298039782            -0.514972179044          2.00047582004            -0.0644843897837         -3.27483812726           -8.39101007957           -18.6987526494           -13.8987685691           29.5109334502            -123.87403178            -177.851677843           -36.3772060814           -143.297974643           -30.1203643791           73.5584654188            0.654283911009           -0.247998779347          1.27918685177            1.00972195751            -1.76836339847           0.689788874217           148.168290313            -133.187701885           -119.459233663           145.849302947            165.5758909              53.6879362748            29.212964765             -10.0934021891           -49.3266724748           115.520557681            
rwgt527                  0.154919191781           16.7984005853            0.607443285146           -2.07926009005           -0.129378172672          9.40424167669            10.0872950616            -27.2239332276           11.3420047427            -168.311658423           171.270218626            145.300873312            20.3653129592            146.767115126            -18.7711683931           15.6754513735            0.0288734183314          2.56982454014            -1.17695313176           0.250452503026           0.28252554887            -0.70804036521           30.559979011             -26.8195797368           -124.842527429           -80.7696569393           -166.443993449           -149.438351486           -57.0675443208           163.95757249             122.562221845            72.8956151926            
rwgt528                  1.43230716676            -12.7833012122           0.820178635606           -0.61182817586           -0.0966233447137         6.81670703104            8.0800163215             -5.12871540526           2.92564385301            -121.85222522            -45.6808581658           -110.930853656           -91.4091700443           -41.0242521052           -45.9892256088           -165.665046522           1.00959145891            -0.219420663072          -1.12821453942           0.0925837355752          -0.642510127028          -0.447149163603          -151.947788118           67.0300777343            166.893806145            89.7027703147            99.4666104858            -64.6097955481           24.7537320733            110.42409333             -92.8395014032           42.1135685146            
rwgt529                  -0.802465266856          14.9191686247            -0.842215845437          -2.14304244238           -0.00452241711347        -6.60494970191           5.85414783105            19.6133530592            -0.502464269574          -115.745646964           -171.935734189           6.52860872573            -32.4514497598           -49.7470460456           79.6522991472            -84.1825196587           0.218940786637           2.27597431959            -0.766903530227          0.451671828244           -1.42101522581           1.00348620334            -34.0900193981           166.849001293            -140.839334015           -112.296488625           -98.7052628887           78.4206053037            75.2832438559            -67.53637059             156.594092748            -110.737048414           
rwgt530                  -0.388741470819          -8.95572890681           1.77632538006            1.08063168576            0.018288726785           -7.93617881461           -9.81946987276           -22.1200613063           -2.42084084897           24.7621981475            68.718699432             19.9529081497            -29.8994776393           -75.0194039384           85.7647832292            168.173485291            -0.894479139151          -1.50579389591           0.945999319827           -0.975326918499          0.746265848379           0.945971369709           -77.1700154419           -7.13393262929           -130.212730443           174.186795512            -171.779495921           23.0787039972            -87.9284924549           -171.574174731           -75.2153433075           -67.8902430344           
rwgt531                  -1.31981294691           9.74990453081            0.344683241582           -0.242936079523          0.132398098578           10.9218797509            4.40470350344            25.0439766666            5.24692784594            106.870697339            175.425747316            24.8356100165            -63.8619713443           -179.309834503           -162.489930285           172.527768359            -0.535925917075          -0.900394471863          -1.02187609983           -0.583379832756          0.694649952023           -0.580512644157          129.119866568            -126.417158245           179.876755941            143.213117196            -6.44704913834           -46.7123241661           -26.338905114            -140.994069116           -117.646499999           147.04526823             
rwgt532                  -0.019891289392          18.2519701558            1.39920314738            -1.48411233146           -0.145317127235          -6.22387258131           -2.91809565766           -19.3191859961           -4.40291522811           -10.2950441708           159.881884883            145.354617896            -136.410670842           99.6949675279            -156.732970983           163.160370296            -0.792967073431          1.73475871634            -1.2880601298            0.65358126708            1.34990137498            1.18984563392            -69.1948262529           -68.7929315569           -14.0646767706           -5.88372866883           16.0219884288            166.423350243            92.8318926783            -74.4733658596           -146.863728902           -118.113004248           
rwgt533                  -0.828727874641          -10.471148504            -1.76310053026           0.328463212215           -0.036971819604          12.1313412268            -7.57953845037           18.7914353722            -9.79420764909           -100.879790698           -48.3087039851           156.725596804            -33.2577338656           83.8390673675            -47.9264859935           125.597617454            -0.393539838295          -2.56520479344           -0.715488814252          -0.154363913323          0.0708280899621          0.212586592365           -168.118367372           -7.46796440503           151.436344221            -60.8111069232           -82.0349985023           46.1944040286            -156.918373076           90.8752693841            -42.7139324096           57.5041512189            
rwgt534                  -0.651211003348          -12.6533084699           0.421306713206           0.165804983409           -0.0757119966576         -8.13034190332           -1.63406703492           -23.3335788377           -6.98514726227           -125.600896382           -175.17093018            -80.2749847168           159.18729073             -21.7506501978           4.25223647061            158.772942627            -0.865275657994          -0.218265703282          -0.140212159268          -0.983964706595          1.76753129672            -1.28044122032           44.1061386235            -87.3353965682           -72.5850816017           -59.3909367448           -96.1704302207           -50.1459293782           -51.4414659446           -17.5229450376           -77.2434031701           -101.607096257           
rwgt535                  -0.491047903454          -18.1908367733           -1.29607832273           1.9423138097             -0.00488062761276        9.97463510579            -2.58128511416           28.6490390962            8.90641675504            68.7530641001            84.0101021604            -39.0045195801           3.76795914929            92.5594144794            -157.616799768           57.6078967654            -0.94692477329           2.37021569118            0.201004323809           -1.06353406797           0.267444297078           -1.50877692944           152.908262839            -10.0392880689           52.9796306695            -165.168128218           158.524131658            80.4216238856            -80.6441562536           167.647614606            51.7421666384            -149.989343594           
rwgt536                  0.541320690343           -7.11917794196           0.812688830382           -1.06252581954           0.0976104120016          10.5032796679            -1.33253076921           -22.3949069983           -6.83656987983           93.9219190351            9.03323329889            -111.231360547           153.026813308            169.329588532            -80.4362738679           -122.432162183           0.852587317923           -1.22385565632           -0.950596913863          0.438724504594           1.034940616              -0.7326616465            55.0684531252            -111.256830547           -99.3690137701           -93.3297333187           -118.55860243            26.6489661502            -142.848367911           -36.6773856564           -88.9751356842           51.6456228597            
rwgt537                  1.24657893788            9.79723190578            1.10294828605            -1.83848118295           0.0498556662241          12.7937868521            8.5758934174             1.47528025654            -18.6870353325           61.1101585694            -26.368201532            -147.338086204           -83.8684416439           166.636024088            -41.3051595604           -150.316672563           -0.415112975205          -0.761571699799          0.593149062855           0.155161868547           1.59941632775            0.791465784943           76.6193876555            -134.781972032           -109.055301233           -0.839745299347          102.747785509            96.7094721806            100.82971535             151.657685981            79.1016715255            102.696229212            
rwgt538                  1.07798828095            -9.98925282201           -0.973617224852          -0.709060345665          -0.0470299949133         0.987114009294           -7.29201243832           3.64770626071            11.723473859             112.877320395            -91.2882406418           166.333151036            25.8943862764            -56.8780260972           179.519494309            94.0502614628            -0.241796162776          1.30515152511            -0.724231821949          -0.991893211543          -0.862018934897          -0.279831273918          70.3846901632            63.1028230768            -12.5949059678           178.958321945            -0.289832846339          141.722008978            169.701873127            -142.399293171           -62.8895509336           162.064055268            
rwgt539                  0.59932542536            -0.0758747039924         -1.68382230448           2.09542510239            -0.0979214153402         -3.55233874038           5.68123150454            -7.95949410218           -5.04646084633           -32.0848334651           -174.650277994           -50.8745602277           -65.1949045236           -173.524509961           138.062568015            81.9656368652            0.278348858517           2.40677594584            -1.22959913806           -0.856704097649          -0.805282922894          1.49089723517            -88.0380342982           178.702291148            -66.3718492085           18.4966085549            144.107854955            78.4137757105            128.916476183            -91.8550781779           -157.255179354           -37.0520766664           
rwgt540                  0.933085890698           2.94278793966            0.507841042851           -0.0209471347937         -0.0451564626578         -2.73892305168           9.63488337015            -26.5679396328           -22.3044877093           55.4803485491            28.8845420523            -164.959017979           6.05639867716            -7.53735641733           52.266468684             -128.640848093           1.19996923372            2.01745693216            0.272609085806           0.613206032338           -0.242362024076          -0.643237704269          -140.544413917           -131.750554292           165.152247577            44.4534542036            74.8515139855            -138.580617162           -66.5230176059           -9.34871911402           126.26935657             59.6383474214            
rwgt541                  -1.35062125047           14.8703947759            0.847199107381           -2.10865918376           -0.00120513629958        0.8349112593             3.02429522066            -9.45911034937           2.62969850508            -34.2240197879           -172.265658926           -119.082360628           -18.9779196171           12.1999396365            5.31344835194            -165.573555301           -0.0196220066636         0.379800075488           0.629688639194           -0.552362240424          1.4738973916             1.03711386655            128.785159023            -170.671795306           -43.2710549599           -107.101139375           139.404639946            -101.823785531           117.95322322             -116.289566492           -109.113973411           142.816589641            
rwgt542                  1.24053009166            -14.6758637004           -1.25789947553           0.263439437831           -0.0428843577257         2.7410692678             -1.98260307758           -27.594446548            1.64590506733            164.081098614            158.531886304            137.807509799            36.4605782514            83.3263729284            -142.081313758           -112.916821456           1.21713492821            -0.218913668643          1.02329607315            -1.25830042703           -0.392738938856          -1.18087108257           -175.694341667           -80.2288070132           -103.556970085           122.625820469            -123.78961447            -96.5526637329           54.9762993588            1.46336707153            -110.312305206           -7.25084443743           
rwgt543                  0.82826617611            16.1679255225            0.953131306405           -1.64279693276           -0.0862227225943         -4.19402050986           -6.45850646877           22.0311999001            -2.92620303933           57.327733832             -48.3430441741           -76.351671091            16.2968789311            108.459591003            -61.0897620578           -139.684954423           -0.344191988437          0.543976506969           -0.0774332352429         0.0596986580262          1.03161259381            -0.38222569632           -48.1534660833           58.3829507042            58.711690927             94.0813413017            67.9481979259            -85.2653570101           -99.9826290557           -97.4588724397           -67.0553813974           162.061752899            
rwgt544                  -0.149442806188          14.4746741232            -0.788071943515          -0.954224629188          0.126551049655           -7.60485387906           -7.27687252818           -11.4760492012           -15.3065933778           154.050515295            -104.58395603            -137.47055764            -166.169834576           -107.279575874           -13.4202930832           134.682456644            -0.868643483398          0.823755242478           0.232621144899           1.03625967682            -0.470075561089          0.256281216817           -158.025239525           -151.5207207             158.945131119            4.89624548269            129.615211814            52.6640675213            -127.542626445           -136.375750581           131.960944142            135.217953542            
rwgt545                  0.334107946154           4.19653703635            1.76581840097            -1.02628978553           0.110836024919           7.31163072996            -7.21157007429           -23.5494735079           20.6269464245            -143.339287268           -45.183336102            -143.052017018           -60.7199767583           -156.614288295           22.0657798031            -123.865834682           -0.907977982043          2.56548497076            -0.543020732934          -0.355422192239          -0.838391576802          -0.307246636638          29.3398811065            111.703967934            -170.458308448           -97.903667705            87.4849465044            -52.1339595439           144.386122068            21.8560206633            -150.811303774           -127.899343782           
rwgt546                  0.732993854638           16.8285943344            -0.477108364419          -2.23290551998           0.0345283408933          -3.02967965695           1.67030696331            -27.1154507284           11.9757884798            -119.161868913           -167.519056771           -61.5113017953           122.161792201            79.6572436793            4.78061699977            -3.88916036014           -1.17214053453           1.8080080536             -0.81234676928           -0.84700343951           -0.808310684078          -1.15384170307           -78.5998724231           128.167479811            -110.994007988           86.0170042309            158.475485347            49.4899230698            -164.563493176           114.313104146            -39.0835419402           -44.4546974261           
rwgt547                  1.16369826177            3.99501536861            -1.56837076403           -0.937142733636          -0.0111868271739         4.44448755031            3.72987345803            -11.8667123901           12.4808891398            1.05346542365            -72.6818280808           26.7011738525            -90.7141162617           115.945476406            93.3033662428            56.3737837314            -1.00991392573           0.245013220237           0.520880424934           -1.15388652988           0.915056030991           0.442694710501           -51.5944292104           -35.9442863609           7.02776674341            -52.20396743             165.364442365            -135.547741628           63.1216755303            177.973240731            -105.633109645           135.822727026            
rwgt548                  0.7300086517             2.5180454899             1.33444844067            1.96552274558            0.101636831459           -8.64738188898           -0.634649904969          -10.9837839658           8.15985149387            -92.2305863422           -107.845132047           27.622121438             66.6341605764            179.382534492            -52.4243682281           45.2627802352            1.01967992185            0.245416058906           1.07752095334            -0.491635255776          0.00719509329501         1.67053701358            75.5419535733            164.750221007            3.14095646277            -52.1228913871           150.984993756            -87.6695759797           -179.006962471           11.8775780655            -140.703748813           138.441838244            
rwgt549                  0.0935137723323          -11.1794167953           1.35045415996            0.474904251341           -0.141431821093          -13.0797467993           -1.99816449863           -10.2900525168           6.32360431937            -66.7056230443           5.18344822999            -102.572570523           -141.621155959           177.710192692            147.257695723            95.9989843464            0.183435558073           -0.0497597416323         1.25272378848            0.642983893344           -1.2361751604            -1.615283878             -22.9492791409           34.491819795             -69.6927115732           8.70110102762            -166.435675604           94.1979436689            7.70063845628            -63.2241795318           86.7668873034            29.7138772893            
rwgt550                  0.837950001351           17.352913133             -0.389633993939          1.37476796019            0.107654548959           -3.63446827374           3.67370202711            -13.4863269224           8.3450699532             -66.3659187709           -57.8258387501           -64.2773638122           -52.0988648657           -167.282582008           173.654349668            179.023829416            -0.440610939614          -0.886550654534          -0.426196805594          -0.407338458992          1.5691558589             -0.999176414854          -2.74184822477           6.77796996184            165.778537651            -171.345825197           -164.010684447           -52.5414477148           -41.3597107487           -63.308000554            102.971840173            -135.03589552            
rwgt551                  0.54642822428            0.429178890817           1.38412859324            -1.27262945438           0.0889875573557          -0.360820226464          -8.40676450082           28.2339665302            -1.77786897026           45.1001934554            18.6681030167            -142.097359013           -99.8742346616           140.807897425            -161.330116054           -90.3871316727           -0.697617388883          1.70183276704            -0.910201409355          0.578420713662           -1.74020711261           0.35978795124            -94.1790955394           -8.61033308316           -91.5475987457           -93.5128485407           -165.978174357           -23.9049765266           13.5224042322            -149.089842957           -177.877550325           -24.8508563657           
rwgt552                  0.192125194769           -18.8953325932           1.02186524668            -1.53218637719           -0.046457062751          0.636085744032           5.9182177607             11.9580811424            -21.335342399            107.157121006            146.923543093            -159.07248827            19.0684535974            -145.699663535           -4.51419898857           -77.0166027259           0.390264387565           1.15242761724            -0.65993193167           -0.0566318954425         0.800626222477           -0.0765182584844         87.4668693306            171.251302223            51.3423274532            33.0450829426            130.566688244            -101.06469171            -151.574766559           48.491232114             147.017972016            10.7684025066            
rwgt553                  0.981085317206           -0.408980316154          0.670857876058           1.91238855345            -0.120890999758          -11.9114494346           -9.59948579524           -17.2210040363           17.4795304734            -88.271754643            -123.479886824           9.62663080917            157.187066129            -83.2314912416           77.4564583554            -51.2871845344           0.394228842886           -1.94108529485           1.01620238862            1.1943732602             -1.49900182622           0.399454616887           173.167342797            -87.7714511042           46.084424168             -14.8182273383           178.586705368            -126.62059863            -175.72576374            176.609564922            -57.8657343346           -12.2500364246           
rwgt554                  0.800870967167           -18.6015356863           1.54165030484            -2.23375449115           -0.0184776781672         -3.03064673104           6.24609177103            3.15443997071            -21.8393362498           24.3310504944            -140.209796383           -62.7335432337           -116.121895703           -156.428921629           -146.819297133           143.67356019             -1.068420451             0.728310783435           -1.28217923837           0.256811208515           -1.34729101371           -1.54646008544           -71.7571665444           -144.708349317           -70.1702113286           15.0939379255            20.6607001173            171.766556037            -0.332416136672          177.336480487            -99.2805734031           81.311454983             
rwgt555                  0.00068757650951         -13.3680142252           1.58693391991            -0.049708725212          0.0132846168382          -2.41343495795           -4.97264212592           2.81739135942            -16.8750023434           109.43141975             -77.4623358424           62.9298794613            -83.2602190487           -134.382483377           113.284280822            85.6558245692            -0.408955259625          0.423385071212           -0.277787683951          0.274612634221           -1.69682491243           -0.838019951074          -28.1427795338           -157.016523976           4.92651786424            29.528842964             87.6481951297            82.6475889978            132.66214624             20.4830284269            101.013848434            -52.5395203595           
rwgt556                  0.0736111728093          -17.0446626368           -1.38680035248           1.30900673104            -0.0338616628249         3.00121182864            3.16841114231            -14.2745788136           6.45209402078            -3.72141054117           110.075856037            -59.0452478864           148.681285794            -42.6780384687           4.64446041118            -6.35815252498           -0.207187093814          1.93689066296            0.329799877475           1.06204204997            -0.676956067492          -0.17916261897           -53.5698568792           -23.2132188685           127.16560644             158.38463515             -161.764602922           141.191358246            49.4828763521            61.2124820481            129.551243566            -82.1789708411           
rwgt557                  0.949807144638           9.5158248172             -0.56883250557           1.11691924054            0.0687522670833          -3.88165233215           -6.71372234544           0.913122707807           -19.8568672807           89.8793458824            -47.6279535771           -50.8972414023           -17.8951743173           -24.1406865684           -96.967792555            170.277039514            0.311663035231           -0.876058756194          0.743268167299           -0.311311077995          0.17532436652            -0.81755841715           25.5230922353            -9.04018101728           81.6055190914            -85.7073430191           113.989680989            -6.13185335379           116.871027325            -93.0059301057           124.063438671            12.2447679141            
rwgt558                  -0.936832977946          15.7945828022            1.31408031282            2.11848816293            0.102524541596           3.16273996638            -8.28462442735           12.7703087024            -12.331458378            165.777738312            -36.767985744            -156.39433234            -173.932285738           -160.767217851           31.6442663592            -106.819748832           0.0215468952821          -1.58931768087           -0.468780116924          0.468192734627           0.631732723893           -0.784943554039          -116.321526094           92.6957658931            178.154892261            -21.5338828488           122.190791045            1.57840400585            -42.1098579371           30.397811977             -107.980328141           35.9383307125            
rwgt559                  -1.35647651497           12.8650788664            -0.779512839768          0.844188151943           -0.0922569933202         4.73226486807            -9.16252497251           -17.5685349255           -19.6514213318           166.611890101            111.361971982            -40.8140223306           -26.4568079867           174.747265333            -17.6708558313           134.886908177            0.146150278294           0.739138643943           -0.770386712212          0.460360601821           -0.682435930059          0.339228546431           44.3412936967            144.21714762             27.2109074297            -86.4861630326           -100.202080421           -134.810431667           -113.542601392           -177.414087036           -52.273185985            -166.432512236           
rwgt560                  0.728331357399           -0.716651072206          -1.64585843933           -2.06816756018           0.147019985733           -7.47394136832           0.894643129828           12.2114107143            11.5876597196            -154.243586464           31.4070682855            -96.5749047331           -114.769699299           38.0847190951            -172.723452767           89.2547248159            0.974549034415           1.4901117519             0.262521166835           0.756965890966           1.6414499661             -1.18918952655           65.5783940101            -54.2795338824           -132.110368328           21.6210937555            -168.189654981           -160.879924072           4.18057439815            -139.15681192            -86.3907809106           -35.0486199586           
rwgt561                  -1.10643915203           7.34706819848            1.24070712001            -0.980366742559          -0.083087025415          1.23696564369            -0.202702333868          -21.4819679208           13.5052498924            60.8196996318            -104.692197548           -74.7994066475           66.9664521108            -106.875586668           65.9661276296            126.33137768             1.05017463512            2.19803486094            -1.20967466741           -1.09985063221           0.87609192776            0.0500354493407          22.6470755755            -124.826531484           159.078267773            -101.069142835           -86.4681593106           129.320809592            63.6863643016            114.023258927            -73.8770652073           153.542602436            
rwgt562                  -0.247321048148          -5.85906936298           1.45409449065            -0.736423491119          -0.135461897143          3.62467028796            6.62637931853            25.4215324123            -18.0982805358           69.9804505842            -70.923461686            90.7851897865            -55.1080930557           -165.175530072           50.3803045199            -16.724841787            -0.0607769676926         -0.661886666441          -1.05562505946           -1.05670873652           -1.15705936228           1.08659257627            154.667974458            153.655035991            145.491334528            124.864036598            163.027959975            -72.3975613204           33.4498816987            87.0312846667            84.7584448481            45.0863306948            
rwgt563                  1.35955712765            -15.5950677364           1.76668684882            0.603243896374           0.140672251277           12.2471368283            -3.26961676371           0.104752719439           19.8685028871            -164.634826192           -83.5958162896           39.1379451386            -17.4686607367           -5.00685811506           152.242058424            30.7132291664            -0.912526486457          1.89878140424            0.222475542174           0.765434690583           -0.591966851682          1.6214023599             -145.253182811           1.41735403165            -70.9465730098           -117.204646038           150.716281448            75.8333512543            -161.088035831           -25.1551547362           30.8769604775            -159.95125544            
rwgt564                  0.0335363915755          -15.8911729346           1.2728521185             -0.701819931718          0.0907520348126          11.8514185466            -9.08189023381           -27.2773080777           18.0605043176            169.898151703            -102.666042585           -171.910551922           -129.382807001           34.9532297561            -55.2737743375           166.006105533            -0.456026919583          -0.616318582251          0.877154776858           -0.780601053727          1.38058007696            -0.508913226029          173.607936232            121.711977515            136.66743397             -63.5466462606           32.899913106             -65.8512966303           83.312127471             119.286020271            163.667926173            -152.572425483           
rwgt565                  0.397212796035           -18.5092400314           1.27231162449            -1.24197987394           -0.0185963481186         -1.34480761592           -4.45146190758           -1.942837554             8.32192362388            -154.425443271           -80.8565920634           -82.0767375264           83.1849857934            -18.9010728636           74.4248352327            90.2019339177            0.187767769846           0.46117859791            0.81430749541            -0.18391258243           1.77147951416            -0.0896121904055         -55.313729815            94.7129458103            152.490835829            87.2405426517            -77.0592483015           -7.43680870801           156.343172671            -156.066013171           -95.2236400156           177.730612973            
rwgt566                  1.25351386506            19.299130163             1.63336217757            1.92658326064            0.00592877677479         12.4719036513            5.86270184228            -11.9030065778           -12.2316147303           -35.6335503328           -65.2252996996           -139.207332262           -109.326879737           -50.8683046017           16.5681763893            -65.6386920432           0.0298207770184          2.30635535465            0.180140549408           0.778041445896           1.21515443333            0.698220532926           52.4643609389            2.70476398008            128.291410403            26.3806529547            152.421617517            -158.574357055           -89.7629658547           -0.846717370565          140.809358178            65.4306933761            
rwgt567                  -0.411364772205          -11.2532554228           -1.15921421116           1.09958648671            -0.0163349645081         1.23791763857            9.31918841816            -15.8444634212           11.0144453089            -141.40432046            13.6898985917            -110.348567323           12.1580084127            5.58784705253            11.9968368353            -13.1272063518           -1.09658411532           2.61183796169            0.679236097129           -0.926940925064          1.49599262407            0.0181497573238          -133.995349916           68.7812872464            -113.714021174           32.162084159             -122.533390095           -139.265694728           -118.629577863           -18.0176428707           107.724773185            177.746366218            
rwgt568                  0.488946305909           -0.502015654174          0.298649376965           1.58137689381            -0.133433351192          -11.8964051529           -8.22517696721           0.542807660673           4.23694774004            -71.4476016192           -107.794463706           155.002899755            107.883675461            -69.2575660527           25.7719295397            -3.82486194071           0.800561730856           -1.03957769834           0.250407397443           0.312864662445           0.0202928324598          1.52109478921            29.1613450841            12.9715614841            -105.307410646           -65.1945877011           -71.6724016396           31.6670721483            -26.3802172695           -122.679228012           76.3790468142            -93.0301582749           
rwgt569                  0.0686997869198          7.00195582408            -1.64574773752           0.980601698481           -0.00409989549888        -1.10690767322           1.82106370038            -26.5923269523           21.8845429525            -122.64839481            103.740681847            40.8985443752            105.898847686            126.410157081            64.2603882484            129.913469206            0.807683952358           0.803591105687           1.28592269882            0.267753142231           -1.58867458795           -1.19421075769           164.564552711            -129.947982037           -145.364624016           46.0079611607            -147.835402417           19.1763057032            -113.814581275           -71.9861136097           124.84680809             -6.4689578098            
rwgt570                  1.19266875348            -9.63086369476           1.45454283687            0.0381706548729          -0.0544125161681         -6.34574077589           0.474631227637           2.04006166972            2.45076316422            47.0972639491            20.1084785834            -40.2772770363           -84.894109115            -171.220687887           153.491096026            142.009714633            -1.10418288892           2.06404197881            0.459990484764           -0.553009587229          0.128117801574           0.643530690098           134.016583808            35.4613185087            144.007573679            64.7577547352            -36.3045442691           -63.2664388428           67.529536429             139.974432873            -118.700125682           142.280784249            
rwgt571                  0.674070518096           18.3201019604            1.71848371872            -1.6631405701            0.0640574734266          -7.85485787809           1.77063911973            24.6296034473            19.4123830656            1.90690304587            81.1124971222            152.455626728            -87.9313285516           -27.2892797253           110.829710676            13.591879132             0.236675451914           2.72066990555            0.3873306147             0.667934555843           -0.873388305028          0.134534682801           106.80656756             153.34102712             -99.9063250017           -77.1141612145           -155.612673504           46.8060694146            3.99803195986            -143.66974478            112.41980429             -73.4048996913           
rwgt572                  0.813789993285           1.44113560129            -1.29237168466           -1.02603992553           0.00842536244772         8.19373806493            6.05316216999            9.61381332523            10.0878079858            -126.047013108           26.6365719776            -52.546364494            -71.6859480617           105.421130585            165.917630705            117.843464539            0.447446714862           2.46868134456            0.357296440415           0.805607485013           -1.21843622673           0.88681717879            104.716127819            -111.618355758           100.872160022            49.4357176928            -111.826211303           -122.822553313           71.947047238             -4.10618040517           -69.9288751703           -163.56380739            
rwgt573                  -0.93934961272           -4.85276473466           0.79691503866            -0.939697039604          0.0193939766412          -11.5482723732           0.251428920993           -12.7631618043           13.4832588911            -48.4013688246           145.224129419            48.7863257319            -169.550576446           86.28651397              -55.1864476248           137.550274832            0.133470407625           -0.675536600788          -0.249898990787          -0.735703858909          -0.262658486464          0.897056213739           -78.4884342793           166.418963994            -70.0127993749           56.4774352318            -130.216691506           -136.288351892           21.4663782718            87.7927623167            -38.1727992251           117.878473071            
rwgt574                  0.138786908747           5.15723740399            -0.73917501543           -0.623784935247          -0.0434565150952         -5.81163760226           -3.04071315852           -20.4443882814           16.2080925118            -158.17570454            -83.4986938762           127.122275187            -10.2809770858           -32.0544531621           -106.345935863           18.1633160038            0.371884921694           2.24879503595            0.98095912145            1.1646622989             -1.23559492565           -0.628205437969          -8.75513977788           121.944250994            -0.69175913478           -142.754979433           -165.29502846            55.8710330476            -24.9294580934           64.260521528             -103.567311906           -80.770327758            
rwgt575                  -0.328895580502          6.55250330043            0.915725135639           -0.702646611635          0.07513487012            -10.2781895391           -4.60373818076           18.8562974532            -13.8715966231           -122.167610242           -115.030417478           147.168567452            59.0542211755            141.183692754            -16.9256675655           86.2151128748            0.485833289103           0.330078970257           -0.922932439159          0.528865737589           0.280632453498           1.10114652842            134.009517139            -23.0900884135           162.420562019            -86.8964067216           96.4444794977            100.192030049            105.26593504             -6.90873787984           -161.747430153           -97.8639172542           
rwgt576                  0.867815150886           -13.7453082591           -0.464206495506          -0.245221362084          -0.122785757473          4.06469335787            4.48786698101            -9.67834795587           8.58943289242            -126.549663282           -71.3257892631           -62.9565796188           121.232877412            107.048789773            -86.5570878349           178.952326758            -0.771655363641          -1.72886237398           -0.767305730523          0.317559885693           -1.08922884292           -1.62585670007           117.39710668             -31.9531838752           -81.1270420176           60.20488374              -19.0767053063           -28.1489668908           -171.380697285           -54.0668404886           165.885292657            126.261095778            
rwgt577                  -1.08526207351           -14.0878184664           -1.63840322347           -1.47358440967           -0.0369831186679         -9.89104915002           -5.12874307974           -19.4567228015           -0.53421024534           60.3952059021            -51.660564562            -116.311332434           27.7553880368            85.0893829522            -19.4108263479           126.33465574             -0.467611057574          -1.87869790451           -1.13382392249           -0.291422012192          1.49345808686            0.316080992354           -4.77143699991           44.3248806885            77.1043925073            94.0540007772            -64.4445611075           -91.7114993892           -143.525235286           88.850549166             -36.1771039246           -99.6776779008           
rwgt578                  1.32765151181            -6.53511255081           0.428384898678           0.971032354945           0.0896432143815          2.20150818011            -8.79188660172           -10.9035236489           2.51336832987            70.1392610175            -68.2707311904           -34.5971050718           -49.4599434029           66.5674764522            -153.312115873           103.894918023            -1.03989075555           -1.89998511346           -0.819046847227          0.328987846815           -1.51269940962           -1.67056068508           106.134260298            91.4532252779            -164.391388528           18.7018437272            -179.791649404           -111.747443042           163.446601049            -16.7817435269           -101.470177697           -82.4447097032           
rwgt579                  -0.444432008388          -10.7631419872           -1.04399909509           -1.61228147161           -0.0120350924048         -10.8178890332           4.63809454804            -5.25565348541           -11.4235911942           130.678461993            172.417186116            -69.9615756511           -106.764775157           4.50140272715            73.5245053335            102.34382638             0.682437334635           1.36364955688            0.727356532512           0.219135134404           1.26975579711            1.2182977324             144.329330895            -157.768093397           -67.2980035223           161.596806865            -62.4587301309           103.126097154            -87.3564678048           131.184064663            -19.2039948976           -52.3297908781           
rwgt580                  -1.40949909238           -19.9835767388           -1.71788878849           0.0205631258713          -0.154910385569          -9.19084029055           -0.594426992178          4.44290369608            -10.3962695194           63.0340486886            -130.957425453           43.4387865049            -68.3216199289           56.214501539             -45.1898257863           5.99832814647            0.345103385759           -1.9190753194            0.944592414177           -1.17512727262           1.15700615187            -0.000457060587936       90.0605598668            145.173880629            119.14438027             -7.80986617134           141.085620699            -174.4708127             120.356439245            175.09633029             7.24941881255            -75.0583958163           
rwgt581                  0.802584472834           -2.16745103105           0.526500513234           1.79242395183            0.0332048976441          2.20001712779            2.6673459535             -15.5799947853           6.56174673702            41.7059071094            164.39841789             21.927705192             11.4721444726            -122.14270195            57.4654981997            168.734246818            0.96663630604            1.70166922698            0.587776292349           -0.727204591924          1.56935535035            -0.460241820588          -63.4563487237           155.770404091            172.54315757             45.2485248598            -72.1057793033           96.6518015202            -142.817040953           165.577342452            30.8743523575            80.1324705191            
rwgt582                  1.34655329648            14.7080511517            1.4896350414             1.68849323414            0.0491733222894          3.78718026065            7.20629379737            -1.08172724664           -10.1684764288           -124.345240571           -111.235811478           33.6943949662            -64.8953903924           58.6708425517            124.593202327            -57.0759466411           -0.229402303068          -0.927498212547          1.13624734057            0.656082495783           -1.25687353885           0.478304783004           -51.3376807165           -122.268258836           -82.287744101            131.210198541            162.195284408            -1.65830818231           -50.1076025621           9.8522324962             107.755216942            46.6647972395            
rwgt583                  0.22574554209            7.31510905152            -1.78019377927           -0.68351004362           -0.122977089716          -5.2225196567            -9.92063365176           18.793199897             -22.2827525568           -65.0196045141           74.3619449428            17.6136504633            11.17361267              -132.709926055           171.44863863             -122.461744505           0.713165880155           2.4220689349             -1.24590026205           0.726829322256           0.145342666538           1.05845066992            -96.9076814163           -143.019826898           36.0564180046            151.761836139            86.3786760791            -0.751985209031          71.6817800425            -131.607610078           57.7140568772            -129.376052121           
rwgt584                  -0.509300149025          5.88024444724            0.727381239566           -1.16909792444           0.128415592205           -9.51584329771           -1.72519233011           18.8746187797            -12.2477640374           -129.799350807           -27.8561629145           -161.621731584           111.884396336            -135.789259754           -121.917807199           -158.929749901           -0.102501203944          2.55356009069            0.116559657892           0.340728186004           1.47591132195            0.0888298754744          -42.3868510314           59.5866150518            -36.1818707689           96.0432799359            -109.446805544           117.854523556            -9.796059945             67.77947335              100.85346206             124.682118393            
rwgt585                  -0.506330004407          5.85089400458            -0.831250633864          2.00960436803            -0.0366685765195         -10.1524857169           -2.96494969591           24.4202048706            -1.90248574472           -112.29077422            149.703814318            -104.853134755           127.197114509            -170.755217803           39.3694415132            -165.598774162           0.230563998823           1.02913423791            0.199276447283           0.354999781772           1.07866236253            1.28381753318            -113.775121707           -27.6309614993           174.046231732            178.173698176            -101.116799497           134.329685874            -128.071922374           -161.833750748           -9.97807370991           -9.27156313755           
rwgt586                  1.33079401983            14.589510157             1.53185751977            1.12867060782            -0.114897454567          -2.03551452191           8.79448005913            -27.3228958477           -8.94131225713           -172.87296495            5.79864424244            -132.679983383           39.1472901351            143.9619058              89.6284145498            132.916311046            -0.752984966922          -2.43279559287           0.300768375897           0.932042126641           0.689414398131           1.53782280407            -81.4140088663           -105.601942285           -142.301944955           -152.295972945           106.531208204            -74.9605472849           -39.4104429454           -143.413598607           -147.717218584           -69.3245898279           
rwgt587                  0.0796268655073          -16.4250126458           1.25272402172            -1.01533791857           -0.111712710444          -10.4254577548           10.233793424             6.83826245675            -7.59207096345           -49.0608274456           -53.1639931483           84.4752240431            -128.320447222           -54.3779390385           119.51647157             25.0217430964            -0.448516885273          -1.20938823056           0.259869325913           0.539960341404           -1.62911734863           -1.47452501314           55.7339791902            -161.623326917           99.7825121742            128.198386496            13.1946005539            66.9182130336            -30.8263392317           112.001094735            -61.5941189934           -157.751704775           
rwgt588                  0.402793855495           19.3844272191            -1.22706045602           -0.578658314939          -0.0303042558682         -0.59869570561           9.56900012238            -28.645824091            -3.98144092215           17.6207142587            91.5379513169            -7.88754104325           -65.7777155825           -174.358609065           -103.460603199           -116.406794565           -0.864516403548          1.05536020674            0.934947514953           0.0996999939627          -1.13017361022           -0.268785840066          -12.57088341             95.8786525835            58.1515854163            -114.558085131           -86.9154318564           -91.2803535189           148.651273311            69.4704342116            91.7457850102            178.976816395            
rwgt589                  -1.33633468108           -0.211601411841          1.73027344677            0.0444765590395          0.15665542964            4.70576521702            8.51824680275            21.6480590836            20.7631069583            -51.9246757092           26.1778322047            -72.1019315441           107.33135465             -80.4148611588           60.3482979747            16.5822316623            0.913659453035           0.508144415561           -0.438965085852          0.372569113842           -1.03044144057           -1.44568756509           168.521783591            -28.4050676592           -68.1208415598           166.032293052            -161.639596919           35.3898023879            -5.45676570607           -156.703993916           107.570214742            0.620045754972           
rwgt590                  -1.35444458148           11.8222325172            0.250121695172           -0.960254875748          -0.0827681895288         6.5876130152             4.12980720792            -19.765224363            -3.53592608887           -167.752042022           -130.870679941           -22.3923563456           132.917650335            -166.709815614           -43.4698547122           -114.603260809           -0.57741165124           -1.91859807375           -0.102143144674          0.444325129197           -0.506888885163          1.06491921027            -131.910319144           -78.5154963854           -94.7902749859           -19.9368724146           -106.1434073             -130.581587308           137.130748402            -172.59867125            -78.5751998389           97.7155533953            
rwgt591                  -1.09768528247           -10.6374515348           1.75317594101            1.27838476304            0.117558294353           -9.85766360163           6.62080614205            23.7200989869            -5.31695492888           -6.19328156614           91.1758334765            -79.5740978883           142.113750964            -59.8526474656           -166.076200649           -73.1660338281           0.795844391978           1.18486945321            0.717833909642           1.12912833397            0.667644499356           1.17304655727            101.484876937            89.8024444818            -86.7295078737           -161.920517345           85.9908110249            33.3678005577            14.220160409             -40.1078062109           118.976761796            -49.1398223363           
rwgt592                  -0.606032386252          -18.0489579557           -0.0838782246763         1.87784586091            -0.0730273766766         3.81654013189            -8.68980200581           -20.1616947842           12.1370006319            -140.271755094           -3.16823241609           68.7949914827            7.97403529108            -40.7982873379           -12.0172109489           134.567289675            0.367102445788           -0.419366701204          0.221991109343           1.09723039342            -0.457562881945          -0.723400462244          -89.2598237096           -73.7870271551           126.848446379            -90.4218918618           -15.3077832385           -19.2955295007           -163.213333779           -26.9297445851           -164.791268227           -170.805624268           
rwgt593                  1.43277529612            -1.7074441661            -0.0318390332599         0.722191943995           0.0321442332067          -9.34043575078           -2.82406041028           -3.84652268997           -4.47880356378           77.9690056334            21.5403152723            -75.4997789252           -83.7754309169           -42.4323125182           -100.888134161           -173.403563797           1.19344641385            1.19665677865            1.08668343976            -1.1782601898            -0.437350420867          1.21305214832            -25.9547514662           -155.014353522           -99.7094258016           43.3149229427            102.724356805            99.1308039158            -7.86298181536           78.087232703             -27.1973355226           108.179668766            
rwgt594                  -0.799858558803          -10.5184910713           -0.466902520264          0.473837214649           0.114531122573           1.4817037272             4.16688201733            1.30601797701            20.3018938574            -15.1716152113           -84.7337084364           -161.469299221           86.5051538936            -17.8604437805           82.8120042936            3.57393450127            -0.0787246492973         0.791774721039           0.0381600097293          1.20620298777            0.695952828186           -0.357355873547          -65.4077065189           -105.48346189            -159.4902181             -163.385838886           86.7795614435            -73.7622173189           144.023143472            -20.1247274242           123.782417149            -179.994402083           
rwgt595                  0.503661542667           14.9584422829            1.66555173275            -0.104959725006          -0.158548642127          -4.64241012331           9.35143469555            20.9171609443            5.45092696147            7.83142688813            152.343453673            87.0683179976            154.857541207            129.894915785            109.659344729            -73.5395705053           1.03579728816            1.26750132747            -1.21913535095           0.0787182180661          0.823261827026           1.52917698258            27.0763702991            -66.1478423793           -95.1329925745           110.087715447            119.972405094            40.4648910711            -81.8476618575           12.1407094662            142.201877005            124.602715298            
rwgt596                  0.806728306638           -9.73245143981           -1.3581640112            -1.14927895451           -0.0271322799473         -11.0507930202           5.04292554965            -15.9588224724           -17.0640753106           142.943077918            2.91396349194            107.878682755            -126.916028546           135.901548123            -13.2803115432           146.529696605            -0.448208759045          -1.68630220232           0.0996888489155          -1.13535883716           1.26714314631            -0.292039371591          159.979856966            128.300662317            -75.6101074335           -176.223898317           -155.447579365           -145.571532243           -66.3491245616           175.150633026            144.640138029            -153.741388401           
rwgt597                  0.973538374156           11.4492249789            -0.974088299988          0.0702064363158          0.0644587672037          6.13826106018            6.59471591266            7.58514871035            -21.8809503629           45.7331818587            37.31886101              112.511978751            124.95220796             175.296112271            -14.8168074322           176.228044115            -0.901131984631          -1.64852255327           0.753380905305           0.801618342691           -1.0660678732            0.947235568677           152.869956648            87.778500249             15.6432449888            -150.138535168           -33.466824373            -117.662718464           97.2845342865            97.7771065603            -77.6389089788           -81.0822003711           
rwgt598                  1.01252349391            -1.3736317519            -0.569584574654          2.06951101034            0.158219146385           9.14253445183            -2.57355216961           16.9823204123            19.0793305275            -179.384867489           43.6385457099            61.0412150569            -25.3992687307           107.762297836            115.905497239            -60.7840916783           -0.852531947748          -2.21242807289           -0.161741214633          0.430992382069           -0.418185315108          -8.72608557334e-05       -4.45426470208           -70.1545837205           -18.7621586688           -128.556414907           -4.40705853972           87.892845743             57.9138988148            81.5259447207            -34.2529393183           90.0920277984            
rwgt599                  -0.95354001919           -11.2662568442           1.17681753088            -1.74667876762           -0.0289268433475         1.48849181532            -10.2903089746           -11.3905297452           -20.9317079408           -38.0986673817           75.2381044119            -33.2175180558           -132.395265486           -5.53034192701           -31.9200573819           32.8954271307            0.68848612076            1.62034770398            0.943076148974           0.286096065898           -1.52122476507           -0.443166409086          108.945277588            -75.9697614519           -21.8006429927           87.1995353905            34.163408079             151.373927913            82.7398327319            42.2604016747            62.1671096983            50.8696557203            
rwgt600                  1.27348858771            -11.017779826            1.23210203157            0.652490667903           0.142799530761           -2.4690066923            10.3623553713            15.3549985062            -12.9436608855           -61.592964642            -70.8093228772           53.5282523193            141.909427271            -29.7571534521           -81.5283584971           -122.985333979           -0.496872204022          -1.72758482278           -0.52520993468           0.388006360521           0.662135414204           -1.50151538118           -128.660077186           -57.6942283141           -83.073530991            86.8920498789            -170.931979076           -46.1521290167           -102.23924102            111.947655469            156.117381117            133.40284256             
rwgt601                  -1.27234984841           14.3171400206            -1.58783956976           -1.12828428517           0.0548148329588          -11.9492491831           -7.0745804563            -24.0459579456           -7.87106464278           -88.1369781962           95.1003474576            -178.930339551           -15.0900937818           -85.2338854115           -47.1325518132           -74.5858837906           -1.14879304063           1.64024102348            -0.728404601308          0.387908782699           1.75586745631            1.03034681283            174.459838732            -0.596345178698          -40.6874185237           2.87479912947            -173.96980698            -120.781242028           -119.722642419           56.9887223446            30.9705201856            105.501589876            
rwgt602                  -0.0939467104715         -12.8908591206           -0.156653415459          -0.422007469425          -0.065367014108          -5.44371356559           4.56858231136            26.283407024             -4.16087438201           -55.0020095955           -85.9467985199           -92.7470985634           143.087116708            -121.830984191           64.7384417991            134.938903768            0.8919138975             -0.703154787954          0.468240514758           0.201011866438           -1.50788207129           -0.00923570743745        -11.7022075553           41.5263306728            140.705460565            108.970428466            -63.5291029399           -119.9698569             -31.6199790074           17.9957357842            40.6544502986            -33.1676031605           
rwgt603                  0.566118387821           -3.98506689399           0.411046091941           -1.34043231887           0.119468956706           -4.74286569641           2.34653303814            -13.5560088952           -6.10020217647           7.18042500573            -65.3613867229           -102.321096022           71.2881426559            10.3395131833            123.80675753             -107.002245692           0.159092426682           1.86191118484            0.251903152563           -0.914632174287          -0.650921548941          1.11368091642            -2.97695279751           114.653356648            150.398547365            -29.6717328472           31.7426247406            169.073139193            24.6527209484            -20.4063106056           153.14173276             78.5551414404            
rwgt604                  -1.33205481077           3.55076504196            -0.588470696936          2.15794887121            0.0501153368292          13.0443530981            -9.85898572661           -24.7147508882           -14.2134397743           100.738259631            103.069749598            43.3937180848            -60.9988106357           -177.690002695           -120.647478158           148.283041661            -0.428226279695          -1.45425082224           0.285087387629           1.20110884338            0.441474563681           -0.355366673556          -159.779927097           53.1227072005            23.1197698206            134.01987529             140.138536508            169.070194132            149.549474877            -81.2186575805           -131.957792772           -105.488283824           
rwgt605                  -0.343112691999          -8.71614628094           1.15145120771            0.233295195046           0.0948276820312          6.94182291296            8.72205389057            -1.63500456202           9.17682689509            -123.296846728           -91.889202574            145.06004882             98.5446469751            -85.7207708479           -134.11037518            -147.696982474           -0.875399251141          -2.02019971384           0.31688633728            -0.419663846406          0.70323360257            0.54855391796            149.74240425             -76.4737484626           34.283949918             -149.641956032           167.981530555            -43.0741454838           -72.5050014048           -55.3193293565           -32.3012735229           -147.741904625           
rwgt606                  0.480085815198           14.2301028798            0.574707183493           -1.22872081407           0.143952482764           4.11758075096            -5.72598077594           6.34122514781            -14.7668687402           -142.151835877           161.563783952            -149.665149081           -55.6355356923           64.653951833             42.4437774099            119.907849101            -0.139813215202          2.53319446643            -1.18323619503           -0.0930580404885         0.0560312675573          1.3346439237             161.750583705            67.5482712747            -30.8734538608           -102.642263356           -33.0342633724           -30.5674174121           78.0979118397            -7.55840116286           116.836276388            164.605889871            
rwgt607                  1.26938819896            8.56941033807            1.65502319279            -0.811623482062          -0.0600469469599         1.49083088358            1.54561169446            28.2954289772            8.86124962943            -84.9575076551           117.016801755            -1.88236426719           -51.975029391            -49.8704006761           -64.787421729            -47.9556446745           -0.0137747987409         -2.64459176442           1.21250552846            -0.115090158728          -1.75122919788           0.974706157372           159.138529946            -96.7480058115           -80.8306402699           -146.181245086           93.9024216577            9.21520877566            28.0086075781            144.148520371            -62.2377548224           -115.964421064           
rwgt608                  -0.969440575607          -6.4329104227            1.08676793366            1.46054056293            -0.142448996893          4.75500626979            9.95430364362            1.23017181284            4.91033765607            63.7336079992            154.949406008            -65.6971328786           -163.697039775           163.219056934            115.218563628            137.342596449            0.369701059993           2.47206925153            0.303601187783           -0.766971063519          -1.75086188064           -1.59489092761           -9.52643802622           -35.166579076            165.751712686            53.2787448501            -60.4421718254           6.26964260645            -147.395433541           68.9116258068            -91.2822056702           4.20477041412            
rwgt609                  -0.20818959714           6.40204917346            -1.01222435004           -0.897321063774          -0.0534345341234         -5.77919767786           -8.51942400824           11.0026002894            -1.55834020448           130.425924267            175.03841271             -37.0107352415           -144.255597008           -124.527175932           -151.753810494           -19.2008471881           -0.920718844435          1.64099253455            1.24790502223            -0.651146272785          -1.6443767782            0.105722466103           173.996611358            -8.51486692959           30.0999533606            -138.834596594           131.242003322            -149.731654326           -21.6239293632           -36.5771407886           124.768792299            -110.733798122           
rwgt610                  -0.787799806155          3.8803134811             0.441963393114           0.0446459721099          0.0171242021247          8.20688097847            -0.528981608043          15.8787768759            -4.63364430263           81.9046013499            -66.6853349532           42.7036194772            -69.9900841341           -100.130746886           -3.09704248039           -149.11333183            0.781880885286           -1.31678673088           -0.92531031017           0.307195254952           -0.381008745453          -1.18780266838           -131.011077444           134.597389918            -97.4622193443           71.4509037072            -169.2846731             -77.5056129156           -16.5586798557           102.244698002            156.459859923            -5.76759026132           
rwgt611                  0.85623305788            -16.4405126926           -1.51888719227           -1.37044154837           0.0667434404631          -5.00157161254           8.07443372177            -1.44141653862           -8.91063985303           -151.003443993           -171.574767601           -139.692508035           -95.2107719181           -112.556788781           164.279808138            -49.6465826747           0.612174308564           0.632047924752           0.856885508447           -0.984191384967          -1.69678389254           -0.152031052897          -16.4369367932           -126.792786616           -149.554094346           -113.371238142           75.2578963897            -50.9913534317           124.357666298            34.2008907981            165.375835625            -158.748555691           
rwgt612                  1.40836184682            2.38590056577            0.973872817064           0.0679915442128          0.0323041770944          -3.9208799097            -7.26323532174           21.2259378424            -13.134673208            179.154994613            -136.019753309           -111.740949541           6.13270646346            -80.9399298732           93.4507423026            77.3595903945            1.05061278815            -1.58858566285           -1.25986719264           -0.740620040887          0.516326972316           0.16792138038            -151.195112641           -59.9201827492           10.6832583801            -17.5336250947           57.0631266597            -168.341251342           -142.12256076            43.3350752315            155.531628404            164.826466127            
rwgt613                  0.960547749336           -14.2978070528           -0.770022549705          -2.05952928603           -0.151746530061          -9.40172553295           -8.90169899216           -26.1359638201           -3.01054704844           -76.1973188386           46.5245565315            46.999317803             84.9545942927            167.451561628            154.831073063            -144.895609041           0.956911912244           1.79564666218            0.146183983697           0.989592347981           1.44609668311            -1.58624476335           13.9630897169            -153.894784223           -135.732422878           -31.8838968013           126.498639111            -142.766723667           126.999238922            -28.2805609569           7.06325074407            53.5539329373            
rwgt614                  0.136953002295           9.67304760718            1.10392489951            1.77188372537            0.159123970591           9.1881548957             -3.93596740023           -14.8622845062           11.9574326626            34.3236700601            -173.608756025           14.7073936516            81.6317052484            38.944299906             24.2856174946            -15.0361136373           -1.04256266137           1.31624384602            0.918945497425           -1.24524753058           0.562906362007           -0.385036558578          111.489271363            12.5870715269            -16.4030407867           165.057764124            82.4549696878            -108.480302041           -0.159871222325          143.129227231            64.5545999758            -175.096762453           
rwgt615                  -0.485309809485          7.91760997037            -0.546613516736          0.828762105067           -0.137987494045          -8.95950283106           5.87547433928            12.9607228885            19.1001561041            -51.1218319571           162.003093703            70.3016349715            86.3955774397            100.886075099            171.730956662            64.3134146706            -1.07443365928           -1.97562927036           0.977595353185           -0.6091015338            0.610870583817           1.20040540092            -12.7385317354           144.728225923            -154.969088809           -10.7590905952           73.0488485102            51.2840407472            144.648986266            -7.24360363689           -20.8475583899           -7.81271581509           
rwgt616                  -0.743940742571          15.5419222774            1.00890859232            0.866166781007           -0.0651756161166         -5.59607239686           7.04236526171            1.68179147296            -9.38876689954           0.733448447932           94.715654592             103.117121841            -122.011239771           15.0099556845            49.0314672004            -167.179539171           1.20239939143            -2.42923682672           0.60486363728            0.045920914393           1.44802491443            1.45463810742            -113.659353697           40.904192619             127.903810768            129.772230851            -7.2225601823            -14.8820650541           -73.1451362254           134.140339748            -61.2095327301           106.702927338            
rwgt617                  -0.645900237468          1.98872906996            1.20844778363            2.21255193201            0.0932720571382          1.81067897911            -7.36725781187           -14.5773095738           -14.7479409066           11.1962487751            105.909184485            -94.7095556987           -159.052630396           164.985966556            151.180376747            -44.2546350494           0.44520837415            -0.741068939921          0.803855823355           0.104956037329           -1.57504018414           0.214945225158           158.300791863            64.920096746             -165.809265433           68.9161226167            -10.273201408            128.337771792            -106.936383653           22.964298579             -91.5464978485           59.1095822429            
rwgt618                  0.0630275970306          10.1448887718            -1.0943461992            -1.10603653238           0.136166647027           -3.59126445204           -6.77676478835           3.82764439007            -3.67879675163           -137.064958378           -109.581686999           47.2763791677            96.2444777846            10.2440522338            -168.744714502           106.506111118            1.16549187637            -1.58164412733           0.169794922381           -0.28474224468           1.11556709598            1.33820395838            -110.061528624           -116.351579438           31.4555252984            -129.922835363           174.191580327            -147.546436541           -26.7569110519           -33.0609638952           125.392039241            158.186090304            
rwgt619                  0.181320170148           1.41963895546            0.394533838597           -1.81181169046           -0.0542896951067         -5.06502479904           3.95287670019            -4.91489502991           14.1701129833            -25.514275965            158.501264388            45.04936821              -165.194117957           21.4707203423            -4.08185361257           42.9557257388            -1.04427131895           1.5146125181             0.838348133656           1.25301426363            -0.461663561794          -0.386724098588          149.638551683            110.443184586            59.2909146619            27.2461310323            130.529202615            106.510747783            -158.894210772           86.831597294             172.841734089            -19.3704538166           
rwgt620                  -1.12747663734           -15.8974188669           0.465336115965           2.07419245349            0.061356050397           0.703346912399           -7.51350690604           16.7273524422            -10.31477757             137.893309247            -66.3032466295           -9.34706699152           138.377952593            -167.421614903           -124.19725481            63.6740490839            -1.06313043142           -2.24120058211           0.47138932933            -0.497903261379          0.484936030835           0.671269240264           90.0135624532            -38.7298174593           127.116032371            -102.588150772           11.4402537884            -26.5554104895           -53.378835069            -28.8935315887           -133.005785516           90.2855960999            
rwgt621                  1.30504424757            11.1950244798            -0.835393363124          -0.363397263487          0.110555000143           -7.35350387246           -5.77039656155           12.5267063623            4.86040685612            -131.984182182           24.2176453012            118.795185802            -160.232856063           143.966886775            -42.1712073546           134.246705954            0.824288054411           0.903675976207           -0.907147947098          -0.482097924481          1.25997909405            1.43983764911            66.1464450436            -39.545807497            -32.0286100355           83.537347309             -152.863853781           -11.7274452543           1.12335946334            23.5366372359            14.960200221             -43.3140245377           
rwgt622                  -0.634081842859          -8.6280430261            1.74717070596            -0.741232803605          -0.0980640221154         -6.59707987884           -4.74032054214           11.1750595786            -14.8951390524           95.8777365048            177.739443193            175.860609143            -152.264612784           169.897248958            179.854728622            125.661267389            -1.14255047644           -1.76601449652           -0.642029588914          -0.148738170307          -1.59652495975           -1.35469035568           -46.5683797247           -147.432745825           -12.0568059051           -171.752697461           -118.753057511           -28.1991228967           140.218768844            120.627538418            111.132518177            55.510977246             
rwgt623                  -0.549311295508          6.30180579764            -0.627229249809          -1.06028163193           0.145161764122           -0.872066075122          2.47309744187            -6.01756037699           10.1313543395            44.5948459133            82.7124478346            -19.8188790342           66.2085527019            -72.5832960299           -179.213415489           19.2718938648            0.102130296066           -2.20849987633           -0.696805156999          -1.2238950604            1.23104769654            1.2316257134             -103.632484293           -129.08994802            9.43399297435            -107.486831712           -59.3430234086           60.0691545623            108.354357086            46.3723235755            -100.61425767            26.5300717474            
rwgt624                  -0.777596943402          4.95068565776            0.842927206813           1.69160390756            0.000649866360926        -6.81422959304           -9.124520148             28.1578014403            6.21724907734            -58.6564418495           -179.467411476           -43.406891343            15.2856609129            63.3079344771            -58.8722280783           -1.62889036617           -0.238393806014          1.87099085936            -1.23573768736           1.18583060204            -0.244541351936          0.869529657576           103.898395479            22.829797405             -46.8933263578           -158.140823242           -8.21034236444           88.000315122             75.1648448848            62.4670086459            -157.807852381           -69.4640958747           
rwgt625                  1.18822096008            1.28127073778            1.46766893469            0.852870919506           -0.0530926512883         -4.46591672441           4.17730716545            -29.3714206386           -21.6539694795           -179.295808733           -27.6260172879           -26.9471110019           -22.5053227689           98.8479204752            143.482797605            -124.036827768           -0.890059372227          0.385204613032           -1.25271088678           -0.368033889048          0.737336209622           -0.455157960847          95.3575683788            -78.3518356003           59.4595974661            -96.9155455674           3.56061962795            -9.69130437509           -49.3276842543           94.5405748726            94.5636426315            -79.9229763072           
rwgt626                  -0.592049315202          -16.919953987            -0.729378985996          1.468874667              0.12113643181            9.10826605635            -2.28156788635           8.18734857384            9.02012435887            -154.130581552           -50.3804328434           -11.8102425297           -106.464187666           -11.7341828818           -175.470764385           132.101591637            -0.223618239207          2.13728005336            -0.115047853697          0.48054033114            -1.34936502852           -1.26459104169           161.694120305            120.036943005            -157.50047095            -45.825788735            156.682426629            120.325189147            -70.2808036811           9.87748666703            -149.986388207           7.64920779713            
rwgt627                  -0.181439120745          6.98717895206            -1.0345384919            -0.173323962167          0.0964446386936          -0.512096600314          3.73487784972            4.61271347037            3.50141817951            -73.2896360379           51.7986024458            169.062825907            -81.4331596302           -79.5848743767           -117.396407236           29.327484276             -1.03282302162           1.69034041141            -0.519517104271          -0.26226976611           1.14368001863            0.870395014275           -176.671419053           -108.354037861           -158.972222045           -37.3115201019           85.4841952098            -37.5392703407           -125.551750757           13.1536556041            -144.947009159           -115.168016363           
rwgt628                  -0.622081503433          -15.2397388024           -1.39975465847           -1.4715585496            0.0357997364046          -3.96439770973           10.3646342308            -1.90302347289           -21.6787910592           18.409155082             -29.5910861733           -70.0066158085           72.7643596242            -25.7900046967           -25.2523019871           42.6097076936            -0.693119441104          -0.59930093175           -0.438178162791          1.22968513717            0.120429411679           -1.42448580578           -14.7470469863           149.776641008            3.88823885821            -159.057756843           -72.1153235762           -107.690582086           -113.773552858           -83.488940593            169.757597934            -6.37604935598           
rwgt629                  0.251815487433           -7.83192996163           -0.281369637324          0.746771018517           -0.0606814793567         5.31311743125            -3.52319993892           -10.5282288455           13.1289840156            27.3713535603            -102.422683192           68.3309205477            -122.351386056           156.420528417            -38.5585569342           0.475131195585           -0.883010478679          2.00148935625            1.26970423804            -0.107266470948          1.7283845033             -0.919341630963          -77.5605339776           178.356957898            71.7070447477            -33.6377245746           -56.133762725            35.4471409853            49.2474951038            -103.388834161           -15.8736853925           55.9282530716            
rwgt630                  -0.617702594551          4.99049556152            -0.939307562093          -0.302787255139          0.0311642581074          12.3027653527            5.62081000724            16.8026324404            17.052856564             131.830558322            96.0487688727            -90.394425834            -114.986357812           41.7383158837            -137.887152866           -174.965587615           0.461796723089           1.30587212863            0.707834680689           -0.985902800003          -0.37487639724           1.16712006331            -72.9481207864           44.5175153257            71.1320552676            37.5499315315            -126.473626895           162.004388043            -136.340233241           114.74650509             -85.4681495809           -99.0992390717           
rwgt631                  0.676151905143           -18.2258511313           1.34460508713            -0.750199978874          0.0708058830213          12.5007680197            9.30022618592            -15.4263401357           13.0081839641            137.090477011            -136.539334929           41.8762524441            -13.703459465            90.9607372843            -167.165084949           -121.527844629           0.0381007971592          2.63961810221            -0.465447448893          -0.91987086497           0.132964827342           -1.64105583901           92.7189069025            -12.9167485458           -133.589286095           86.4636829038            75.3191171659            -176.593359992           -127.673639623           -77.7953557986           65.132889909             159.463839731            
rwgt632                  -0.777784588022          9.80788007834            -0.697689855251          -1.63060670353           0.122553239795           -13.0911699202           0.87442599951            -23.5633279677           -1.82924718076           -130.210691893           -117.190887569           64.2348911233            19.0036064865            100.530433008            161.17441923             -17.1253732229           -0.0649630437827         -2.03193650958           1.27801337751            0.253404052276           0.151928754724           1.17901536668            117.723394354            -97.2613444712           102.97330031             -93.0848575223           129.762733613            -80.6970194956           94.263264095             98.3751864552            103.878550948            -88.1813032752           
rwgt633                  -0.986880554986          15.4259784103            -0.348164302548          -0.461298524255          -0.0655072335616         0.575355679099           3.29086319818            12.7715617665            6.97446398015            -127.707694903           175.849618521            31.0595795375            71.5078340506            -13.9778647904           -126.453763655           -173.549503202           -1.19003216282           1.20006364573            -0.417863510218          -0.831521695684          -0.163521436829          -1.25733951316           -158.116425578           -137.091952051           94.8406886004            45.5122612461            137.343221289            59.3713972956            -158.575581571           60.7478736643            105.011496014            95.1052983916            
rwgt634                  1.35756931395            19.5215214264            -1.17781499309           0.255049429329           0.00883303422678         -8.25586137765           -6.55524128006           -4.58860167124           -1.36228758255           -128.067504969           99.6652564557            -138.069012794           121.202003734            174.200392473            106.098460709            28.1505157676            -1.17814197506           1.42409334587            0.214040135023           0.491945975243           -1.6805709222            -0.218906622132          -124.485882168           -3.68850957557           125.179084579            98.5945215898            14.492603161             39.5682557096            27.6528460922            -154.568278875           -103.394848638           130.992007524            
rwgt635                  -0.0599208124496         2.98393090701            -0.472490116173          1.68458988058            0.0261544724376          3.40191558364            -3.4485393963            3.50395267346            -8.80984729445           -86.2079647211           -118.391001699           1.81155154467            106.087524498            -87.7976492091           -84.031109748            -79.2668278305           -0.48928091493           1.10390495176            -0.114668139405          0.335611914159           -0.0560842270309         -1.11626240431           -95.7674119835           113.004590607            -7.82494242812           94.9196945643            177.910082795            175.098794457            -7.25929129613           123.833074791            97.7166910498            -62.5483431961           
rwgt636                  -0.0175179968478         -8.67939991882           1.37925816088            1.23949881117            0.0325764516074          -4.53200230612           5.78068628055            -19.8199042325           15.9607466609            14.0965767744            -3.27453129148           -80.6356400422           158.396479484            -68.9415557288           128.828313014            162.38127562             -0.939990113416          -2.42077489185           -0.183590362337          -1.02545237164           1.77781374455            0.992483195386           91.7530125604            -128.509384565           -76.0652632179           -177.194341947           14.318126704             56.2776565196            -82.2456697861           9.80685205157            62.4967772828            178.939463243            
rwgt637                  1.39771005534            8.62549377314            0.691936756354           -1.49017995802           0.154688546018           2.93814488411            -6.82287309576           10.073489841             15.9865208579            -143.580747382           92.355741989             4.53217951613            -126.892084486           94.6727962813            102.154495898            26.5566306101            0.0942700203592          0.581277902965           -0.472128633399          0.156424332353           1.44553840157            1.23072896343            63.0667778723            11.8469060893            130.108232675            -44.5317124317           97.6454406562            160.840842136            -87.4502875433           -82.356300542            -134.401946968           -85.3659711449           
rwgt638                  -1.40197609916           -11.7922849569           1.429244955              -0.0623630589776         0.161135059506           -6.86815558608           4.05246382272            24.1699037591            -4.38485043147           64.3549951219            -177.460164401           -42.7048824603           18.5150174757            -137.334059595           -56.4832438113           -151.396005048           0.428986423427           -0.467700219658          0.117885344316           -0.489479737417          -1.50827760834           1.07049366772            155.335129038            -130.767201299           101.446206488            139.811125366            118.165129912            -154.544720908           128.869231546            83.1305832648            93.6421823149            130.557413098            
rwgt639                  0.925853917977           -0.302991849337          -1.16565303786           0.949150684053           -0.0239909033087         -4.0183854973            -2.76844920165           -22.93932825             5.48852135403            -160.59154661            115.944250399            46.0362269121            113.350620499            -30.0160485215           -92.0403745163           -179.926396779           -0.684912998597          2.58924016879            -0.118498177012          0.79444872008            -1.63055590247           -0.794285908782          137.260922261            -15.0189306867           -88.4842318299           -104.440398231           15.9011866778            104.222686871            -36.4821790946           103.126697204            17.9772903409            142.739580127            
rwgt640                  -1.28021958769           -9.59556304039           1.57831513314            0.477502727772           0.0892963385666          -3.9500213727            9.21411035147            -13.4999682467           -1.79841020546           52.3894256889            23.2962032945            168.341151972            169.257173301            -23.6861373062           120.52106542             -155.47636007            0.305741120242           0.680736529066           1.20646060412            -0.159674950146          -1.2683616258            0.542387775117           103.168450967            -6.54945122271           93.9018354249            -28.6111131153           104.73006647             -72.3973770042           7.72140155443            171.850253253            27.5476221835            -101.3491165             
rwgt641                  0.247115631852           18.7585957305            0.730404990926           1.65398203031            -0.0190230164365         -6.94374270121           -9.33882183854           -1.24493365529           8.17003049373            -119.995838865           32.7795785395            89.8067648906            -25.8462153334           75.7365430894            -66.4073658209           69.2910106415            -0.402908848274          1.35908525273            -0.245689042726          -0.761684103221          -1.22469643785           -0.240114739456          134.770273301            128.972670124            173.847628475            68.4394755493            46.4106570191            132.742098273            -144.377119888           -92.5174722685           100.292847222            5.13521264235            
rwgt642                  -0.934113102077          -7.22831165001           1.54097883906            1.60433403168            -0.018924368184          12.956457899             -3.85197181726           -10.4832877863           22.5530446097            106.700096643            48.9775859686            -16.3711546207           -112.254562168           60.9850760224            171.016000428            69.9252888565            0.0519908424127          -2.57385938564           1.14522800011            0.201995932886           1.12913591544            0.566125779375           -2.91060194591           -178.247755972           139.586348928            110.366291081            51.1941588641            112.607865963            -52.6964639196           -115.954412478           27.43256977              -62.5388060588           
rwgt643                  0.209580571137           13.2443598155            -0.600647628124          1.9510695969             0.0921150197218          -10.4310323032           -6.4515551864            28.3402419151            6.85335528393            91.4769775228            56.3277083111            18.7381008735            -149.445638533           -37.41480207             -101.022879975           172.418228316            1.04140427602            -1.13904195501           0.654831644398           -0.716059775715          1.57717072823            -1.29852115633           -171.777085518           -71.1991869727           -12.3343995739           148.597348887            144.091364861            -56.1102198068           -30.6259247854           -124.36177177            -154.656559873           178.510350955            
rwgt644                  -0.372518772544          2.27564096945            0.742264879346           2.10772019406            0.0332419718934          4.16697475432            7.93731943002            20.2777204064            -0.286834773561          -79.3503440338           119.18815521             72.3583562216            -123.95647153            91.0017364714            28.5000764478            17.957791878             0.84405174384            1.97986182857            -0.555343395085          -0.223112290473          0.710837437711           0.69860094805            -129.941803697           -48.9540762705           -35.7209881339           127.625119783            -145.383661842           24.9378268859            66.2694989684            179.124630529            -142.612832746           -168.492314483           
rwgt645                  0.676248699185           -18.3902605304           1.28680860808            1.08173141316            -0.151030256548          -1.76424589965           -9.50677705843           20.2300297839            -17.8940422945           11.8970431126            71.0128692706            5.84875598425            3.4659070716             77.5251422783            19.3423271922            146.74113183             -1.09071098219           1.95450608122            -0.0247107108236         -0.443064077424          0.633220223915           -1.13823034827           4.49786243095            -56.5688993957           -90.2960296352           -3.96940983903           -79.6173599427           -87.4803206253           -22.7425767245           -159.223667837           -80.2162307695           -179.892242351           
rwgt646                  -0.120134026826          11.9456376595            0.433208266661           -0.439240378064          -0.0282132113206         -10.8260456077           -4.7147186094            23.9671874904            8.8650179547             -27.0017136964           94.009990933             6.04220989798            178.320814481            -132.885880512           155.419016885            30.2419239709            -0.132234211705          -0.710663804567          0.17356269375            -0.938365285074          1.52621410847            0.596231056672           -118.971694179           -118.308238362           -30.2709177625           -51.7132606482           -30.5283105067           -78.2444774031           92.9603031444            158.904632934            80.292158115             166.57520219             
rwgt647                  0.249679216125           13.758044061             1.41273884918            1.04145839936            -0.0960800109463         1.99082290474            5.62455405018            9.16670699956            13.3298853659            109.129971696            -171.913474692           -43.5504835618           113.037363533            108.819896483            -84.1677056807           -13.2861893059           1.11450401589            1.13402205817            -0.82253458178           -0.754616453296          0.215148836046           -1.20035413252           35.3392193382            -122.740770208           -28.8737002777           -23.6610844593           19.760795114             -56.2924514715           94.008247014             -101.584987074           -81.3418198642           -78.2585609301           
rwgt648                  -1.31754308327           -10.6812066017           -0.84858801714           -0.580967935142          -0.0758413296464         4.09568321184            4.64686374746            -8.86624354033           21.6015656693            -25.3821523674           54.2209604158            -2.13371888704           67.0799534418            -136.970697834           -161.334999588           56.5791740403            0.07676879849            -1.53884073028           0.524407024145           -0.839054017624          -1.70482189436           0.799604178226           73.7544241261            106.796159756            6.42548689944            -113.204504005           -178.595008459           -124.284291296           -179.470500929           36.7285648293            9.77470997147            129.909551429            
rwgt649                  0.188949169048           -17.9988277532           -0.959357743622          2.11600953165            0.000171339995276        9.292018575              -5.05331834014           -3.55026632457           11.7185502542            137.982704418            130.350180345            -120.912624032           -77.8394461173           155.625838188            -69.1368292601           44.5871601189            1.138017583              -1.32561260015           1.03878985746            0.707327153532           -0.464990577265          -1.63512922033           44.7915816921            -145.062488055           37.9366046702            -47.9987668542           -82.0355671362           -28.9511616121           -18.4443708575           -43.4084667727           -16.0691639659           -18.6003398367           
rwgt650                  -1.1212686455            -15.4960250395           -0.653016112321          -1.70448585124           0.121478088805           9.87282597093            -1.9208878638            13.6303359573            -10.1599231381           -115.894209687           15.4768078744            150.148855932            -78.293686438            -179.671099518           -112.46784235            -119.892793911           0.162499069451           1.09975788767            0.658985796081           1.07021250184            0.308174698789           -0.692010473213          115.34862512             -39.5740614824           -57.5891385167           42.8135132507            -169.278797703           40.9696949164            -60.3902357454           126.259873598            156.397695013            -90.1020226911           
rwgt651                  0.231560325581           -19.4260836001           -0.875996359102          0.631954516041           -0.0170196553467         11.2953741655            1.63525125413            12.7209709568            1.99334942076            -52.8554183495           -99.9269833983           38.7425751413            18.9121763264            63.3702293995            -36.1248966217           40.9900297721            0.360705026271           -1.15738976477           1.19709476832            0.723102076582           -0.767821818928          0.0444466301077          -50.795079929            -112.217463653           57.1200360454            97.9092262716            -125.210139253           0.162813308615           -87.6464320512           -51.2684987314           -115.132121127           121.528343326            
rwgt652                  -0.26810773269           -9.13727162038           1.43545579903            1.3040988643             0.105677902846           -7.92153542566           -9.97078054861           22.7889893802            22.0547058029            -48.6924501178           -8.16996563729           -132.267903699           -110.069775794           121.297946513            174.514607322            -79.1344128386           0.672843823307           -0.051476973177          0.505155169557           -0.984864777819          -0.971194885628          0.516075546765           -103.282772563           -79.0348670092           91.3339804042            -79.8188580933           -56.0819489557           14.9060123608            166.261185979            -81.0403448247           -15.1196055352           -83.1698950043           
rwgt653                  1.33767814239            9.44716026169            1.77475047345            0.842830195643           0.106579677944           9.92265560469            2.99003019352            9.2762443449             16.9119098994            82.4467424777            32.1000579051            48.6783198509            117.442771513            39.0085511246            -76.5023929354           132.555484855            0.138011409386           0.928958031464           0.106570159634           -0.494988124456          1.312539006              -0.270420119648          -77.3249917886           97.8842486742            151.269914981            138.967139544            -93.1839413724           50.863099553             -95.127218864            -50.2571720855           -162.473959756           46.5376258392            
rwgt654                  -0.458320975572          7.89471593131            0.995734081259           0.189087104331           -0.0327339344117         0.150792116987           0.98608794833            11.7760071041            17.2135553741            -95.2629329315           43.0130772077            132.832790048            -32.5652128414           -11.9864401284           -172.721822568           101.875084474            0.173644598928           -2.21202341823           1.19558436967            -0.0565329341963         1.07988245532            1.58430269803            69.2674751682            45.5010825453            -118.165714916           -32.6809249462           74.4088656297            138.376324369            71.6589579095            47.5128932156            -56.9762827673           106.125190594            
rwgt655                  -1.42806212942           7.00662863886            -1.06862427474           0.0500144823905          0.0559940842885          -1.62686127344           3.82326904096            -26.7067478459           22.9012476291            -150.305463042           73.7539679612            -69.5394668111           -16.1425239616           -13.1168794322           141.864645552            98.4077628931            0.0810880671837          -0.295010777866          -1.08807251892           -0.590429017194          -0.959256813565          0.126283543201           79.8606805795            -164.890925093           165.42314702             -48.6411906097           92.9974372148            -97.5864351483           120.268843303            -3.16493402345           106.256780587            90.0360498835            
rwgt656                  -0.718460385143          -13.095549904            -1.49162446243           0.904483683326           -0.0505176533242         7.4195645195             -5.5763777402            -26.7527350294           -21.3494987903           -150.951621414           -21.3173083907           169.155679607            -3.45980586789           23.5941446875            1.37394489363            -59.8099720469           -1.22346666385           1.6252070513             0.717220994601           -0.247654939586          -1.40264490122           0.968743315098           -26.8146503237           -111.295936984           143.839477103            -17.537478778            59.2512485677            154.645026847            176.206560319            -71.6581893643           -44.4949946554           -85.5663045916           
rwgt657                  0.319124073718           -15.5604399206           -0.446715437838          0.920797425429           0.101143281101           10.6972769162            -8.3690297209            -8.92635350728           1.92669390737            -175.628299608           12.3445497511            -146.287724332           -109.388176345           106.182436515            -27.1423840502           -65.2731456507           1.18504631579            -1.27749428578           0.893107238451           -1.13876870598           1.54536740254            0.803462630285           35.8024124668            -167.755406251           150.051105056            31.9201278467            28.1504506204            88.727890053             -19.1621857966           -154.821981994           -130.9965364             51.3914670985            
rwgt658                  -0.959882321866          -11.4673624913           1.29109201684            -1.00446553795           0.0275237528384          -9.34032662576           -3.98168708232           3.1921407243             -19.8455488676           27.519347744             21.3236878438            -154.581726513           -114.893553169           131.031322228            -18.0933673594           1.44320047301            0.168844704958           2.13489096948            -0.00300120927622        0.87412103144            0.616914373476           0.326748813942           104.255862717            -143.174473508           -166.162437206           -153.728441378           -77.3077045007           89.097043301             -162.203131758           8.76020404301            -15.3713995766           -146.765527257           
rwgt659                  -0.869699696758          -2.54430132709           -0.339990537703          0.28159389291            0.00887983241944         11.4859508618            -7.40163665732           -2.97882068938           20.31482472              28.380205108             -21.8122890601           -84.5262484714           157.422688258            -165.830794964           -140.077781901           156.766370518            -0.351831687522          -0.38304999299           -1.0419873481            -0.919601723844          -0.692721840524          1.43900571478            43.7455134329            -91.1546675917           -6.07519137867           25.0902452849            111.606297373            -62.6461273243           -58.2931329861           177.146784445            -77.9125705221           -178.372885424           
rwgt660                  1.28109396865            -9.75748065602           -0.912557843728          -2.23746341243           -0.0529669824053         8.27162684558            -4.23839206489           20.9354595581            11.7392601238            -37.9946222562           -67.1805181368           28.6237339751            37.6076742768            151.974942652            35.0609423513            148.84243154             0.916018498852           2.19740289782            0.506213077667           -0.898743382761          -0.281973894837          0.134118357768           -79.4766243877           -36.4897578332           122.40738261             -16.2754655702           49.1711191321            91.9021624669            -84.8804478505           117.607348412            -130.897888865           -103.657281253           
rwgt661                  -1.05699679489           16.7424153981            0.79768752829            1.76304932105            -0.0765678763471         2.82276146586            3.07407931722            1.83634194923            -12.1503714144           84.3299110226            15.8760984268            -85.1761803535           25.135149604             -72.1899192298           -165.990214442           -122.465985909           -0.739468718865          -0.0216632896183         0.829635825071           -0.349032519928          1.11410693807            -0.0767544088989         -45.2564980268           -110.829173869           -68.1251491176           -158.572851867           -169.325077026           -10.8483924549           -83.5635405737           -13.8471203475           114.81622657             -36.5960867861           
rwgt662                  0.456015772588           -5.11105949069           0.490343069744           -0.319073497056          -0.0311138113633         -12.8547410234           -6.19361377695           -12.6958905866           7.37052892411            -46.9414216082           -128.955640292           -130.234688954           -47.7604822693           89.6105016244            66.6139265478            -34.9599442904           -0.758079945141          2.01561294665            -0.104510336504          0.703575206459           -0.182886419212          0.785610967554           -59.8999207429           54.9220791137            -71.768293666            163.096438548            144.055789981            161.93253983             69.1803558162            15.1108428079            143.160814738            19.2929198624            
rwgt663                  0.389674589467           -16.8826195067           0.421695916114           -1.42724599686           0.141360063525           4.14059484071            5.48300856789            -11.3848052313           -0.0444181398909         -92.3737198041           -129.140617701           -164.196578986           161.961189086            102.09531257             86.3861287273            -138.244588858           -1.11195770133           0.360985210808           0.435743261849           -0.919625500567          1.07139701351            1.578237981              -176.32895381            -122.647922563           84.5838357781            -139.090125699           -177.217858819           18.1396792044            108.850605156            30.7937604364            162.282179207            179.619472194            
rwgt664                  -0.390989267047          7.97543768159            -0.0762602498876         -0.507929387044          -0.134447102495          11.9716484319            3.59292007576            -2.69574239688           -21.3325978051           68.3789383527            168.672944161            -160.60250014            -70.7884541178           99.8928523076            -83.6803584057           -78.3901874799           0.0574281530061          1.848881725              -0.378728781433          -0.973651417834          -1.3444284501            -0.18309248884           -134.927816234           -145.580424313           -129.567901542           -54.2753858996           -108.372301978           -97.1964779154           167.690183985            -22.3959216996           -164.801270328           147.119413092            
rwgt665                  0.427858412813           1.00546760503            -1.09356564462           0.882879258335           0.0400987448832          -8.588985815             -3.14753097365           -21.9835510805           -5.43404288566           178.738250053            149.08849049             4.96190309174            171.336691601            -62.9949197476           86.4739142099            -68.2431030903           0.156514595302           -1.05680881741           0.394540587083           -0.715608818595          -1.00822367266           0.355931506033           92.2650270541            91.264646979             21.9144915597            -60.5527417358           -72.6718599421           -173.000158596           -5.24382829791           -15.3828612303           -44.2454335191           -44.1587448655           
rwgt666                  -0.000443890071371       -2.68249779612           1.06814962591            -1.63065318341           -0.059009120653          -8.30446283835           6.5524519199             19.2683568348            -2.73151979119           -25.0468253828           -172.748053997           -17.1856200703           -160.067565842           -91.8030128092           -61.191043099            71.6322858116            -0.359722529052          -1.17522886909           0.955260385774           -0.201760353651          0.429323052562           -0.514298054171          -145.567266356           -130.698658666           -108.136136502           -144.100724336           146.412791335            137.612786843            150.801229592            -70.3452791221           -65.1741873199           -68.3251650876           
rwgt667                  -0.534692692697          18.7325724861            -1.75611248122           -0.383848255722          0.0883229525028          -2.8744233769            10.2672765707            -28.0311743102           -18.7343892663           -59.0155852166           -146.911718716           -133.090982665           -77.0551091471           10.6462122563            116.668582348            34.2643079981            0.485995851994           -0.440474969408          1.17299602101            0.656137227637           0.737689149841           1.15318761265            -21.697725995            -60.0629315788           58.9510351552            59.4703461552            -50.6654629822           -65.0353794302           -83.6723001491           -114.684397137           130.068023128            -39.2742007698           
rwgt668                  -0.951114359619          3.61926407108            1.07381071604            2.07832178381            0.0519527085087          3.36438258932            5.76069850743            -10.481498353            -8.40040912375           -128.608039554           -56.1093638763           49.9362626194            -23.7009104981           -136.063801156           -149.143652531           29.0836503162            0.147401110858           -2.65570588559           1.20737982669            -0.977275290224          1.64774615872            -1.64698979648           149.873287788            -111.512151401           59.0261883733            -8.48295229286           -114.137062008           70.8674733159            159.220305695            -2.03419018282           132.415140631            16.193828904             
rwgt669                  -1.20459963838           3.57024542526            -0.271826816822          0.388549423987           0.0841503066903          9.47518150134            -0.418199154822          7.13889725664            -8.8929290771            -116.887143821           102.742400577            6.89922990973            -128.064667882           145.422075704            17.1485435904            59.6127095371            -0.41000730199           -1.41317827005           -1.18856716006           0.199272800488           -0.103594166746          -0.143968331088          -96.3612678011           -62.4108245011           -12.2103772236           160.95382508             -149.83963618            168.234923898            -86.1210862655           21.918655999             12.5732594958            -78.7357792254           
rwgt670                  0.760620538684           -6.01331617032           1.08716393403            1.35977570843            -0.078308630874          -11.319191496            6.24149174263            -15.4587871687           -17.3874664606           -6.80100863042           -176.119874344           79.2593894001            138.516175735            49.2614764863            -71.0041823322           -134.893050011           -0.689604453055          2.60121563271            -0.97792458838           -0.0233219070162         -0.442233564571          -1.63085667581           73.1446393736            -175.647336877           85.5540913048            -105.00779632            -95.1868444882           134.560033344            -159.828740042           99.0076720993            62.2779362588            -32.9479246602           
rwgt671                  -1.12226339822           -0.620934506198          -1.07637671206           1.81028408446            -0.138657720173          5.5274791437             2.66313916223            26.6624530935            -12.0875243013           -74.7277897432           -167.104984767           145.468435632            -97.7755442875           113.022612968            159.000480171            -1.1572677636            -0.730234563626          -0.426297279379          0.433147906104           0.0516422897804          0.196521523829           -0.556703630523          31.0137532246            -157.589706063           109.5153043              176.306274448            54.0877237059            -14.2987672434           -153.481167421           14.1216740629            168.572676847            -150.561041458           
rwgt672                  1.21403072467            -6.71330210699           0.637832494606           -1.82675004917           -0.0202311502857         6.54184919753            1.36003922862            8.678225565              7.84136627223            -112.946838724           43.764570071             -163.225412586           -99.9978670195           -36.5586320938           160.670915121            108.377853574            0.629044627162           -1.74579277617           1.02109738562            0.964093199704           0.0488334345797          1.09371427675            -141.681756906           -17.1678016651           -179.726933724           18.4580402624            -135.378800191           -176.283888418           129.787587315            159.651634826            42.8442324813            -123.201564974           
rwgt673                  0.0                      0.0                      0.0                      0.0                      0.0                      0.0                      0.0                      0.0                      0.0                      0.0                      0.0                      0.0                      0.0                      0.0                      0.0                      0.0                      0.0                      0.0                      0.0                      0.0                      0.0                      0.0                      0.0                      0.0                      0.0                      0.0                      0.0                      0.0                      0.0                      0.0                      0.0                      0.0                      