                         ctp                      cpQM                     ctW                      ctZ                      ctG                      cbW                      cpQ3                     cptb                     cpt                      cQl3i                    cQlMi                    cQei                     ctli                     ctei                     ctlSi                    ctlTi                    cQq13                    cQq83                    cQq11                    ctq1                     cQq81                    ctq8                     ctu1                     ctb8                     cQb8                     ctd8                     cQd1                     cQd8                     ctd1                     cQu1                     ctu8                     cQu8                     
MGStart                  100.0                    4.17                     0.82                     -1.76                    4.24                     1.19                     0.45                     4.33                     8.41                     3.57                     10.14                    -11.07                   -24.42                   29.54                    21.61                    2.67                     -0.1                     0.35                     100.0                    100.0                    100.0                    100.0                    0                        0                        0                        0                        0                        0                        0                        0                        0                        0                        
rwgt0                    164.894108043            4.57689391073            0.660565114574           2.49999350395            -5.56461956558           1.03215567786            0.485078943109           -2.90719956215           -2.77643676873           -0.603647634652          -7.50966743015           13.3609413327            34.0165767217            24.7469175111            31.4946425859            -1.18003509238           -0.126440291883          -0.563362658198          -86.3989361234           -132.678532848           -58.8340113863           -30.408936095            116.609409633            179.669360804            60.1685979941            -94.1929716086           -119.253072918           -115.810537134           -154.016591814           18.2944831869            83.8676116354            120.936805175            
rwgt1                    -27.3786119374           -6.40278083184           1.18774868018            0.583337413969           5.02879628488            -0.298315665096          0.122410819183           -4.3138685523            11.3045225889            -3.5665971846            8.31094297613            9.91213451182            16.4303846168            34.6761583811            -17.5653660153           4.35689891083            0.0137634952023          0.500207748017           75.3679195799            105.533928292            167.062585172            24.9525718065            -138.559710054           -66.5049046195           -29.1314904207           168.680636358            -20.0142182914           75.4142750103            6.79993071121            70.7567844713            -168.711535546           9.08885877609            
rwgt2                    -8.86799482428           5.1140159386             -0.71331713705           1.5291631677             -6.38267893593           -0.119937671515          0.247334807758           -5.4024245669            -0.900960512141          -1.45309862952           -17.4279834385           -19.8842799569           -17.5984782139           9.49813378862            -28.1005996117           -1.68797310243           -0.137109509732          0.478073028969           128.208855302            -131.305872596           9.56298854085            -11.6491147589           65.8591806689            174.00129841             93.3805592476            -67.5853164355           171.332492725            179.89351745             -12.8824024449           126.638287446            110.311100217            147.956276949            
rwgt3                    46.1077616667            -0.798558961222          -0.534044369908          0.172098292424           5.21641981913            -0.908930645128          -0.130911166233          2.43505666018            13.6295596459            -1.01124541386           18.1004320702            -14.0247766805           6.48038288311            -45.5159941084           37.1168204402            0.249688778323           -0.166846536583          0.593478018395           -154.204271637           -31.2126637447           -66.2352290564           78.8270081438            27.8323894828            -67.6653559129           16.7890549038            -17.3997018632           -59.5066410258           62.4129247061            -58.3111670368           6.52809820793            -93.7978932994           -120.786966656           
rwgt4                    -36.8148954761           4.48684728181            0.404289488412           2.65267718227            3.80918034211            1.45181576394            -0.601164866858          3.21910937049            1.74098184156            -5.87052673891           -13.3859700392           -6.93539370595           -40.8430696962           0.112183632104           -15.5550653477           -0.491335677301          -0.0462255135442         0.604100668128           -138.751062317           -108.756142219           73.5044124865            76.2929052458            115.102658047            -46.782299339            110.823759278            -157.709830521           111.820920398            179.423881963            -86.6945420809           95.0052483819            146.4881023              176.417768027            
rwgt5                    -129.868945553           -4.64805478357           0.523760673734           -2.97205255189           6.61757278177            -0.297971512754          -0.320218999422          -1.82432736385           11.8359774818            -0.893594534688          14.8263303696            -2.74628795359           27.2276351941            46.3789178061            36.4942366029            -1.67842132107           -0.140129668987          -0.548243763138          -101.747523328           142.690540062            34.9635340004            19.8536056235            135.775501709            -36.181579591            49.1399575622            72.7059247509            0.852692703553           -94.0265024036           0.205869204082           -115.550442547           -83.096095758            140.966055593            
rwgt6                    56.3980376021            -2.15816419072           -0.785233709482          -2.21297675176           -0.832423877186          0.769586199027           -0.109155781016          5.80133501374            9.15653615774            5.93036031765            -4.78345415477           19.1196479022            -3.36137678416           -51.9341789546           -3.62013750676           -2.15369147923           -0.00806859349803        0.226768790663           -112.125418819           -98.0761272778           -67.5820287707           136.693808644            113.507756341            24.5698215511            129.247876395            -92.846893742            -87.557440498            94.5431050875            -115.825927474           61.5956363016            19.8810173292            85.2067075784            
rwgt7                    103.567179871            -5.66282299865           -1.44101650554           -2.12443500553           7.44605544829            -0.528603577171          -0.0453829540125         -5.56807623252           3.47464387675            -1.54908363053           3.10792020747            -1.73386925513           -25.4703636301           -16.6004580953           -13.1160480127           1.6671128668             0.0854897362667          0.418276497997           71.4116928755            9.134782264              -169.161226644           -37.3038622777           -171.550773334           80.790560452             -57.3051724845           108.923042936            101.422398378            130.059859963            74.6902204745            -8.45559996175           -130.158937973           -15.6307271628           
rwgt8                    -127.449146547           -0.55973747478           1.04244182499            -0.404842929128          0.330863550049           -0.426247249131          0.268405943009           3.33725159063e-06        -6.06505428818           -0.203555283019          11.6128476483            1.3625443777             10.0763331921            -13.6037370599           22.384536142             -2.40187001485           -0.104899630179          -0.185542177471          11.4653455934            146.279305025            82.6220888573            170.358455567            104.826222864            146.588574791            -80.9374944928           135.527208493            67.4225419506            -164.615317383           -47.6770517085           67.6430004214            -63.2057888653           157.568388845            
rwgt9                    130.05237423             -3.73269768225           -0.726768115239          1.62387429826            -1.76624885171           1.37943695623            -0.570031278655          -5.93969995905           -10.6587167872           -2.57617447315           7.93000508537            -5.0120633129            -42.3228630831           45.3375019046            -21.2563912356           -2.23063630083           -0.170587313682          0.592121421577           11.3338175706            178.888005166            -122.155753369           27.2493042381            73.5960822351            -62.0364518567           107.111518734            -137.176161392           -44.7271858852           -29.1964151144           167.627653123            96.9508255698            161.660149715            -127.709130263           
rwgt10                   58.1614032174            -6.32994964828           -1.18209346318           -0.63148756028           -4.29531007893           -0.910596721989          0.596118337342           2.93417847717            -1.65485807823           4.91017446585            3.37922711899            4.3141874423             37.7027067402            36.3422927535            -28.3270671469           1.6578526537             0.167588536677           -0.0614709037204         -41.7735227021           -12.0564103635           -14.1344526912           90.0851727478            86.9726592805            -16.4586997969           19.6428844446            26.8913839076            173.102306678            -124.668279137           -15.8054113126           71.2993858918            -108.89443202            62.5490076479            
rwgt11                   102.830432457            -2.10517976648           -1.0588762768            -2.92538267025           -1.46821153494           -1.94984122113           0.18886332198            0.942701277806           6.81522304952            -3.45764178968           -12.2507989271           -4.76622467551           43.6665659555            18.0374506558            27.5975202686            -3.20965272012           -0.0957783719386         -0.375058409765          15.9862397669            -132.995724284           67.6731210718            -79.304842993            143.720278304            -64.1919197926           -103.51556079            25.5215307479            137.796345033            -72.3959451788           131.285094355            -89.4457554483           -138.535173796           -133.086502956           
rwgt12                   -104.120601215           3.07772289328            1.29989159797            -0.0250447715596         2.7189019308             -0.868882106408          0.74490528073            6.91714894001            -3.17114164986           4.75722373953            11.084110847             -13.5275720664           -13.778785118            19.2430550267            24.0775516934            4.74173363487            -0.00948519748323        -0.502479877358          23.4119763408            -168.514942346           -52.8129258924           -71.7604822089           -40.71233046             -31.841985701            -88.5967466481           96.3251810039            -129.218993241           -179.509689748           -113.417692105           112.037636169            59.003688816             51.3914451314            
rwgt13                   -35.6975119366           3.82291023565            -0.106130565093          0.320910711324           -5.46795151212           -0.817978621948          0.166007776289           4.55541570826            -11.7654739706           6.31931421451            5.39562086334            13.0231116346            31.9172677164            -34.834555631            11.9428545561            -3.9701878878            0.0343416332199          -0.0675500055311         -71.338392812            -179.754245552           0.639974700067           51.9347562205            -94.1159609216           -117.937781172           -152.502584388           -107.181735102           -176.42188083            -148.423766084           87.75796074              154.839342446            -57.7096914062           -131.239456784           
rwgt14                   -162.121216525           -0.445070973737          0.590264735992           -1.91938769504           -1.01511752068           -2.01490430632           0.134131467281           3.53992051607            -7.36135869573           6.18466392233            6.02623698633            -11.337479926            2.50342380197            48.0903586569            7.9241138148             -1.54830759422           -0.0695153141942         -0.549262290854          113.217745613            58.6989024747            -17.1067861864           21.4919163841            -78.2916422387           109.078760807            130.604345563            -128.8734172             88.397382094             0.649698458796           42.0334475366            107.28566465             -54.0057917745           -12.4521175113           
rwgt15                   -61.1788768344           -3.57357984279           0.656577842209           2.52568978011            -5.70197623643           -1.38805633332           -0.553270528026          2.69206227628            -10.8443376569           0.0694318777231          -5.86740396674           13.7406441242            26.0530539292            40.6266690114            -12.3757918898           2.3767307269             -0.121787192147          -0.579660940326          -64.7025083431           -35.2452877736           -47.5599689649           -36.1484759641           -17.9118018323           -19.6243903208           17.2680253345            84.0277293056            34.3997044499            81.9095811676            152.75761371             139.824503479            -147.810958913           -120.726006676           
rwgt16                   -1.61826388891           3.71071380343            -1.36790503266           0.936345678447           0.305151849287           1.07787920392            -0.69043351121           3.25101328962            11.0142997765            5.3392202478             8.79605242017            2.85660955862            -30.4838870285           22.043373175             -6.8744117598            3.16726602272            0.152519360626           -0.472908093757          -124.417961018           126.74388479             147.782925439            80.9966863258            -57.916625588            66.9362452386            -79.1447387541           11.3594874525            -14.0927889049           47.1738009608            -27.0941207079           -24.0196258752           160.000245371            21.1231172686            
rwgt17                   81.1605904782            7.32375006181            -0.0280171215653         -2.7417691146            6.37558441176            2.07656912909            0.164856768644           5.37280879185            10.5370965126            2.42852509265            -10.050543446            -4.86105446867           -17.2332802219           -24.7228523972           -25.5837782053           2.76842520971            0.0579935278217          0.278067770806           43.4511921727            -4.57757275275           155.879801128            120.679943357            -45.9354645962           123.817564392            122.877475906            37.3868490889            -69.7910443021           137.432212887            107.387399042            53.4190757901            -92.97951518             -9.56172295209           
rwgt18                   56.9475935197            7.27977697907            0.151913669566           -2.70844161367           -7.297887173             -1.56491801858           0.767173191348           5.58737440221            10.8599816403            1.08362725156            17.7889948802            -8.22524019265           17.7749502662            11.4850054848            11.3949062969            0.152307018092           0.0970907279748          0.0801169887163          -171.975631762           -69.9919664827           24.2084478478            -115.740401163           -92.3563446328           -47.0892668241           -22.148071716            109.097076302            152.226862882            -177.733506695           -53.2011997576           141.621094149            -1.83776402059           118.77876886             
rwgt19                   168.328751826            7.31692330057            0.817334594469           -2.01781583412           -5.96375222228           -0.958707862006          -0.696744221354          2.6245248999             -5.39500799031           -0.158605180769          -9.15158998246           1.89070716875            -12.8302374719           -12.6249790047           0.366901140005           -1.70845467471           -0.166228886921          0.0622879082662          -165.506130729           70.2363480122            130.473237707            -72.2869413354           56.8584370539            165.064012921            -110.451460168           -66.4488558236           -67.3590747761           -37.6193502128           149.627498553            167.812023887            0.224859791539           143.488995899            
rwgt20                   -104.533162134           5.70025120292            -0.508449632366          2.81179998121            -3.4580035721            0.389563026671           0.72442556885            1.91062280449            -12.397650536            -4.12733438886           -6.90086529131           -0.453331058855          -25.2214827926           46.924534859             -1.76899156223           -4.1413607968            -0.041708085283          0.53918789133            178.585923255            33.903744383             -123.567150426           -169.169134361           36.6088624323            -4.98087414996           -120.070025163           5.59458955093            -63.734923643            -48.6850298406           -105.272531886           -6.53995698632           -144.769175749           -153.795487652           
rwgt21                   22.5608643463            -7.2939107236            1.20919105693            1.32585187532            0.590243216091           -0.252769437689          -0.324021362731          5.45729222726            -10.0288469776           -3.39078093882           7.0162357658             -5.94269574216           13.8525647966            24.8521058517            30.5602420001            3.59446440581            -0.148343922319          0.0516622669389          -168.77744633            -83.6742572637           54.2799690593            146.874762898            13.3964224364            -92.7277036553           142.438630821            18.1285375758            52.6433546903            -179.494917465           77.0771846172            -68.348473966            43.6455446211            150.462782005            
rwgt22                   -153.857489161           7.08870229296            -0.35381306007           2.66519527795            1.08650825885            -0.514481112077          -0.72256692967           -3.88454466194           -5.97155646072           2.91078075027            -8.46055270264           16.2412770684            -34.725901807            -4.22105288123           -28.2713361826           4.72914360483            0.0118983768395          -0.512431585645          -128.10985126            -121.361402997           136.483963727            -43.8880685832           -87.786152355            38.1269806697            162.611391231            -56.0611114451           52.8141681425            62.1018019166            93.8351462797            166.429977888            130.018013219            -12.3692081044           
rwgt23                   -22.7887210764           3.21919308056            0.88965074842            1.57418145816            -1.4623052282            -1.06789950664           0.222758468771           -1.09659865229           -0.0524714876826         5.93862653293            -4.38750366725           -19.8750639306           26.4047923056            -17.3274005353           -27.8987580041           -3.7251951041            0.0120172552475          -0.614674171462          -151.096870688           5.12768095837            -92.6946930738           34.7227468642            -34.9000930414           179.708911733            91.2731837465            -68.651349404            -20.9463215449           87.4333032317            -31.9883986991           5.98337437337            -67.9057674484           108.653044827            
rwgt24                   135.402419352            -4.82756049487           -0.152438338937          0.102064583285           6.05092108802            1.68211905159            0.161506733292           4.94662688852            12.6275025893            3.77912760881            6.11531595764            -13.3878597907           -0.670759222788          -27.6482684437           31.8957904347            -2.75121431208           0.140071264736           -0.557894481517          106.232204417            -154.23922655            38.1516616599            81.2876520426            7.78606089692            -89.6335185041           -85.1658648561           -5.15720537243           170.762216312            120.287675544            -88.4903799567           -94.063460943            110.835546187            -67.8975942181           
rwgt25                   -150.290352099           4.80180175152            0.473448661245           -1.97701955955           -0.216318637375          1.99741425754            -0.370851717485          -0.310859883125          8.24170807755            -2.9891154583            8.54555245313            -4.25841949885           7.44440557374            17.6115277098            24.1344417149            -3.57761369018           -0.0887245213158         0.351073844233           -138.591386093           -131.697848077           142.772213149            77.6729821168            -50.5383398522           53.7516131731            -48.4924420627           -33.181530324            50.6266881223            -168.285393908           170.012156989            -8.33974312273           137.086158175            -166.132773168           
rwgt26                   -22.3306157194           -7.07794632032           0.920650618319           -1.8587890991            1.63794780387            1.63104384501            -0.315131692504          -5.7595495787            -11.341903663            4.2849716156             6.35119328258            11.397873261             29.1772627539            3.38899316355            -21.4252937814           -3.97601928773           -0.0757972896847         -0.59722519911           126.587181392            -100.965336149           175.309763723            118.652942667            -143.468383656           -178.194171731           -162.676420529           52.2560094367            161.892639438            114.311743118            -78.3593061453           -29.4357467428           -6.43275458787           86.4888441738            
rwgt27                   -69.3312376865           -0.590819557079          1.22511320729            -2.48285235904           2.81919442414            1.14421592783            0.178722429425           7.20486239878            9.7763592472             -5.65025785464           7.94895091801            3.10224466224            -1.48801377678           7.20036952491            -13.9730622892           -2.56132479772           0.104762672971           0.522382236387           67.7637589693            36.0539779651            -64.1754515426           -80.9546134234           -111.172115463           -139.41476065            -129.65526464            -100.394112018           102.97778158             29.7787624728            -127.514537906           -136.36158228            79.7977298374            111.710208309            
rwgt28                   -165.18604705            -3.03609711409           -0.470930471149          -0.888104768573          -7.04647689591           1.85554623553            0.299463405989           -2.44119301361           -4.88795722876           -4.74431532298           -10.4242675172           -8.0749123551            -8.00482540223           -13.1340286387           25.4253731896            -3.04030795401           -0.0235089395053         0.289746761213           174.632884281            -111.778821949           -65.3783052963           -75.1068010256           -149.519767435           166.748578896            -158.346451158           -170.405638184           -34.1842607231           71.8253241562            96.4540480472            58.0843919852            54.0339710843            -71.0990987699           
rwgt29                   9.29740300646            4.02363071885            0.582210249358           2.04279612944            2.85510047444            0.688143910173           0.457358881687           -1.49866288886           -2.59630133764           1.85976502871            -5.87083237524           -12.1963732046           -9.04451198616           -9.86440085059           27.6278261452            3.23861763312            0.0538117362363          -0.377380022058          -10.3093084065           -10.9044900987           99.7259788342            46.9593776841            -57.6350835129           -132.026160523           -168.431357617           31.1362436791            -169.874296921           -105.827798635           157.305450288            7.06444605567            120.39772605             80.1519956747            
rwgt30                   -173.979415617           0.132778826394           0.145389582725           0.722534040839           -1.26262974244           -0.957914636235          0.0720968146542          7.41010556992            -0.414078736514          6.15574926469            -15.0970265856           -5.22178553176           17.177581992             -19.8704297481           22.1570622087            -2.53002263587           -0.0672582939198         0.122406077616           -34.1003559727           64.741131111             138.42592413             140.243699603            177.895649217            101.665001152            -70.1500585346           -90.1530894364           66.376147092             111.01625494             53.518369044             94.0620585847            91.2238492386            125.248190937            
rwgt31                   74.0565465456            6.88366664015            0.975655031333           -2.95889128124           2.97711368828            0.702464786424           -0.661185754052          -3.01831699156           10.0156316351            2.11387293843            -9.81285848321           3.91587898723            23.4523272454            -17.7915288284           -25.2816025595           2.38603937896            -0.0411886714763         0.0893434989972          -35.1406413452           -80.1445936029           110.310929384            -4.46044862706           108.980719458            57.2606697522            68.7294722945            -133.909310364           14.0056640569            41.7228509656            27.327811081             47.4448961316            42.52386857              89.0973713569            
rwgt32                   152.949559031            1.8299707535             0.410820803098           2.6936959079             4.54281721991            -1.732781615             0.516332198502           1.00736570887            2.91238153956            5.74004080961            11.6785075215            -17.1708672692           29.7469921294            25.1721612126            -35.7757633149           3.77859929345            -0.170287129702          0.577980112171           83.418626912             -6.98543420227           -117.15858735            50.9609552394            -154.372024638           170.575911825            -91.9399876638           -18.4561636619           -4.04238646866           139.240575084            -56.0614765571           21.7277323014            62.8888528987            -126.937695027           
rwgt33                   -129.145261238           -5.43275471091           -0.848056224502          1.15885001915            -3.20713474984           0.797591974611           -0.381233602601          3.5258017617             14.1202279827            3.43690665951            -1.9386134179            4.54583555654            37.0436644246            -43.0635159335           14.2151204655            -0.0472672532519         -0.145500746364          -0.122592999265          -35.3675346303           132.981742926            165.695231793            160.817085829            -151.430522238           -24.8196649862           -50.5173253064           -11.6871303922           -87.2855926464           -109.36635627            74.5231917919            55.3211135594            42.2442021883            21.4028856289            
rwgt34                   74.5887012761            4.69962257407            0.29173494452            2.3559550104             3.58833995393            1.09282036963            0.763985791932           0.187207303124           -3.13729206285           1.10634589898            4.4518354656             -9.97669405213           -6.7515755106            19.3246189742            5.46781403287            -2.34960595741           -0.141508548339          0.216400422695           -123.012237957           -145.979126937           -144.384369972           -68.8188181649           -67.716692738            -74.6955666117           118.756045336            -130.262778229           40.3565858778            29.7290968705            -91.5109388813           -96.0161486006           -166.968374784           -63.1448432052           
rwgt35                   176.974961414            0.409324122789           0.0682319078275          2.90968204925            -1.799957221             -0.314895877441          0.792798880432           3.06445647099            8.65122403135            -5.30216429086           -13.7801895192           18.977268445             21.8945151629            -33.135161655            -22.6460641853           3.29232675439            -0.105113500713          0.463339531678           -27.1429955946           -1.41432867245           -149.368248864           -101.155998195           45.1972213345            -62.3843948314           -152.037493982           -107.939731773           -73.4600834268           12.9471778864            -121.998966866           -167.811599583           -56.4899754513           68.5745017818            
rwgt36                   -99.5653472811           -1.94654962714           1.01877435201            -0.655564792312          2.73371793046            0.650339222433           -0.296316801063          -4.03748437287           -5.75671590994           5.56870214673            -16.5498097005           1.39976270941            36.8143193896            4.01529459208            -9.32908548588           2.03695656511            0.147685622386           -0.291062707985          -73.1962036177           26.0161517024            -138.555410916           -164.382243802           -50.2490680048           -47.7684942899           -55.0063545539           167.223883158            170.31778387             5.67055867363            139.831056084            65.526789496             -94.461290439            -23.6856911362           
rwgt37                   -88.3086744042           7.11169960832            -0.0497601648694         0.407138662028           1.24707422509            -0.197985987194          0.10054258075            2.38426517812            -2.56306846493           -0.642906246432          8.45375839225            9.13582475557            33.1842536596            38.6632532318            15.8563994572            -4.09510145464           -0.0813737676313         0.0700826538681          -89.4108559678           125.401931507            -159.298372617           -92.606885201            -31.8269459472           48.664641149             -74.680846629            148.614726509            92.8473624472            -41.2468654628           -90.9272445431           81.3979580607            42.1182142894            110.091010394            
rwgt38                   179.336433664            6.642287123              -0.987062088946          1.8589813839             -6.51320974              0.232821012528           0.366022076148           -1.51991275589           1.69615825521            -1.29686046326           18.1837742534            -16.0898679383           -43.4073896075           17.4925628456            -12.013298372            -2.25046144834           0.159197837993           -0.542099088409          115.586291765            160.334610644            170.411137364            -54.4446925653           142.266325671            160.728291973            -17.5665734059           -163.655477808           114.191470786            -137.859719984           -158.390882238           -123.482446688           13.4613476269            -69.5729675218           
rwgt39                   101.006471841            -6.52022359223           0.975141574276           1.63503558214            7.51594018408            1.57115476085            0.501436213383           -3.38402075449           -7.51657840668           4.31639063378            -15.4249878204           -12.6565676365           27.4420500652            15.4875782202            -23.8826627841           -0.535645504926          0.13685663945            -0.162874394776          88.1844624647            139.764817309            8.8488450402             -158.594261551           158.415511574            30.0032662584            -141.393396551           -85.8065115694           -110.724245745           19.627326109             38.293018305             105.781620262            4.21092062254            81.4324205809            
rwgt40                   -23.7103104905           0.224704558168           -0.916349971598          -1.68824602124           -7.08716307408           -1.81450879461           -0.441059130606          6.79235229423            -12.6259398359           3.81050764155            -0.390462359539          -11.2707099482           -41.1160071814           31.7989544123            6.78419238015            4.59407966248            0.02422754446            -0.138788519867          -171.006629973           -109.125700985           -112.367275998           -26.2589313684           -81.8218689944           -64.0981870756           49.8600085154            -154.593442965           52.4712874481            -156.056366031           -108.31687642            -177.350684191           -117.72270575            172.728414951            
rwgt41                   102.178624887            1.05690643346            -0.773411274452          -0.539256789573          -2.65659101349           0.771276100038           0.418094038319           4.32341779689            -13.9210180595           2.50243499717            -10.5119030265           12.6674274322            -20.7691724674           8.50896101399            4.50016280095            -4.42300684802           -0.0712881091395         0.611789817129           -23.924131212            85.2502177677            -50.268321227            -40.1094869352           150.850366523            82.3603148302            -115.423559666           89.6762153288            -126.762527279           53.3449918525            -147.347585409           54.8842279452            17.5952168914            -103.226803427           
rwgt42                   -57.7908168563           4.60422887536            -0.130128037813          -1.74098342599           -4.92373515155           1.54010471089            -0.584039181927          -5.22853482394           -11.7701984394           3.57802621536            1.33697749611            14.2279288045            -35.925062125            9.39798685613            -2.94349819573           -1.08114895528           -0.0319702450713         -0.612822999306          100.823084977            20.3579884807            100.709281156            -21.1870300395           10.8739127027            132.935263559            -61.8776198275           -93.9682846409           112.940286424            75.7315207373            147.748389875            -50.1452444048           -28.5293952985           -35.070349129            
rwgt43                   25.2182655111            5.52539180917            -1.21761640937           -1.2556929262            -7.52198296118           -1.52297729658           -0.717630899379          4.34629927503            -2.46878784649           -5.23378156398           -9.82822175406           9.52266572377            -11.1184632633           -11.729096401            18.0401660565            3.116703071              0.171282575499           -0.0239585496945         -35.7446388227           -89.0573622711           -115.630637502           -48.2917002717           -84.7537462306           -170.540105427           59.7110235671            -115.933286643           -19.5956348069           107.600501857            -160.654587918           -62.9521575096           38.5507025742            -33.3219675345           
rwgt44                   -20.1699559972           3.10019375704            1.23493603615            0.673639939636           -0.898152431626          -1.77059649437           0.477645794353           3.13471069514            -13.1560822521           6.0994551017             -8.92398150704           4.72115830018            21.6600853584            23.8463001837            27.1638898738            -4.07498572854           0.168913561947           0.333639415376           -56.3680699607           86.1284190071            27.6182146643            -103.678273325           -0.792828238366          -14.1659241118           -89.5499409653           -165.788130002           -144.623483111           75.6282045108            104.878018189            -159.181778583           -50.8248693233           5.73225504249            
rwgt45                   -124.590101665           4.0474758153             0.311856061322           -0.727501860147          -4.63246680247           -0.998238709587          -0.629380266813          -2.41259557084           12.5997332485            -3.13672412651           15.5336439919            -16.669180109            -26.5216903275           -14.5340169321           -7.99138212152           4.13776503579            0.0813606616919          0.0328147290757          133.018713591            -154.094203341           105.657247575            169.543832644            44.2501252249            27.2683287855            -50.7393082163           80.0673516032            -24.0708551471           -105.724099583           162.704526901            9.72436338423            -53.4555354997           -48.8398889512           
rwgt46                   -92.900543452            -0.760212407823          -0.624796009356          2.48958754479            -0.231216000811          -0.543794246842          0.226935140993           -6.23974163746           -2.92205205445           5.41207981085            -8.66639575014           14.9388293546            -40.2009617496           -33.7742500892           -9.51612944463           -3.79598910075           0.0716251386793          0.4223045581             -22.5644230933           8.76827245741            -25.8462748822           -109.331313404           29.6105952303            111.372318774            159.519256357            -43.154606345            -90.3393637539           90.6689327508            68.1926317204            15.630260298             -144.745151201           96.0526772901            
rwgt47                   -30.4223456596           6.55618408666            -0.521695602883          2.85270631991            -4.66956037614           1.23247833123            0.200202424859           6.9784888432             9.63140746562            -0.830755173536          -10.4509556279           -6.20789585347           -16.0285142378           39.0966250989            6.50118655206            -0.694121940233          0.0315156441494          0.129287099248           146.808306768            -89.3636381181           -16.343431712            38.9395978988            1.81299392194            163.6544092              174.651237602            66.0679861726            66.7240618383            -61.2226631355           -57.6020480061           -140.587489385           88.2538477042            45.7695234044            
rwgt48                   29.8997269636            2.0757010647             0.892040339669           1.50891996291            1.71914507173            -0.328929648857          -0.366554516003          -7.65180167595           -4.18691122098           6.02308731961            -4.12831567789           -9.91661393873           -7.16308681206           10.355609552             -17.0897016419           -2.22123139581           0.0905716513153          0.244858448189           146.362711356            161.077710411            37.1713657746            -173.366706243           65.4663784176            20.6544647449            46.0192885284            85.791754346             -172.33804116            -168.43175131            100.70258187             42.3773318683            -115.448934244           137.008978015            
rwgt49                   28.2305356338            -5.65334785406           -0.938547729636          -2.07753878731           1.47731515498            1.9419620306             -0.477664704181          -6.2278857596            0.32918932296            -3.21771903476           -3.68789227264           1.16221295822            -19.9302733679           18.1110620207            12.4834801618            3.49709795555            -0.024908781982          -0.436500509904          119.348310051            176.263722234            129.068319844            58.2533533016            -122.621230624           -130.924595371           -116.610411206           26.4610465042            88.6818700812            29.7204152165            43.3862285518            -156.295255534           82.0947936286            -94.2200149428           
rwgt50                   -153.041665426           4.28230930681            0.213524679998           -2.38528526607           4.51115090098            0.260828741484           -0.235339835187          2.41718291654            3.50355616096            -2.50653048758           -5.05619702496           -14.8931321054           42.2425229047            10.9535829008            21.8576577087            -2.11345242873           -0.0464264178218         -0.197164848219          -40.4909301413           -0.712285937071          -47.4397496961           47.1194869786            104.638464596            -81.9001088437           -176.993734647           153.578908088            -32.2430138789           -67.2682695093           -74.4692886493           15.9225628863            130.530086607            -59.9121365196           
rwgt51                   45.1484630262            -2.82443357947           -0.886636722451          -2.47831681792           6.37103432718            -1.30247559877           0.403438027822           -2.81887791527           -0.333548384005          1.06076491339            8.80504394093            -13.1064287584           -15.895166325            46.8944931812            -2.03027077045           -0.482514351199          0.0787841046601          0.435165674145           -108.404091085           -6.82383713608           -106.585833861           -105.213597785           32.4477957332            -91.4486435986           -88.5918786303           -40.7670513787           172.81475922             -123.018218156           -27.4607515697           48.9383631214            90.4758432543            173.869125751            
rwgt52                   -49.0125581099           -1.64655175066           -0.901454051026          1.12269571325            -5.48402933453           -1.38512876684           0.790976544277           -0.293074713586          -4.07382252304           1.48300964495            -16.4335821877           16.5646268557            30.0133149908            -33.6695406961           28.4010143342            -4.34900054023           0.015306225516           -0.137719366403          -63.1240718077           -172.09668687            -44.62390705             -96.1349926693           -131.014351402           98.0010816564            -19.8879120838           -71.2206493529           165.588442555            61.3372406436            -124.824087979           -133.64244418            175.213594488            -88.8572592327           
rwgt53                   -102.224167864           5.20112298452            -0.678947498565          1.55920681188            6.28252793199            1.41313008713            -0.764112583345          -4.63317753764           -9.48849364975           -2.67478430901           -2.50929678353           10.4923420052            15.0069054764            -1.48847033869           10.6213250507            0.510407903669           0.0867869849412          0.183896532751           52.6236029008            171.388815429            73.0705261003            97.3346322252            -173.88110476            -164.692358094           -35.2919976221           126.254999565            -108.940076397           139.608674256            -47.894940025            -176.794002616           -19.3273258547           -57.4235403967           
rwgt54                   147.255148584            5.92196472982            0.133979979836           0.641670704004           -0.978172723638          -0.383094912704          0.278050548724           -0.73497677026           -4.61714136539           3.39171746808            -12.7425020595           17.8554481237            7.27966894604            -29.1461796276           36.3878346135            1.77547060757            -0.0146675253311         -0.456634051049          -117.741450229           -176.134401782           -95.7872917694           155.696112438            106.953548397            172.3143456              -84.2077969956           95.7900846323            -110.181273044           115.412938727            -93.0369485888           -43.4112145235           -48.308262916            -38.2642012048           
rwgt55                   48.1451686632            -3.06941984746           -0.477551000103          1.69835762594            3.38572245655            -1.9990499976            0.112359697313           -5.2911855326            13.1987582243            -1.32808092134           -12.0684915712           -11.6588891875           -35.475168638            21.486047837             -28.7742124191           0.682415667393           0.0710658636523          -0.00930957149427        17.5517854775            -42.0802700421           -91.1339793601           113.550799217            -21.2677659355           30.4568242545            171.689285484            -146.149383242           -64.0416384688           -9.09191053817           -39.2823137984           144.946212634            117.485393125            -162.633884563           
rwgt56                   175.006119064            2.05900640539            -0.614270901153          0.968950330786           2.6635798646             2.09460031626            0.334723013514           -3.67846484988           1.56478555578            5.44447890526            6.13867963034            -10.9584378867           -8.21217050147           -10.7009982412           -27.9416991681           -0.252845122189          -0.151441917688          0.17006320661            121.295131024            93.396451197             -106.373472298           57.9273219097            108.810484342            15.5490406576            -72.2245102733           -78.4423424904           -83.4028294778           -140.105613333           57.1356701109            167.214073479            178.761037894            -144.381010383           
rwgt57                   -128.653484599           1.81676195701            0.925462492439           2.03170889704            -4.08811902425           -0.0873438139071         0.746514204345           3.72602299733            13.8167799076            -5.51503862175           -11.0223144247           -7.60301306458           -3.38227978578           -7.22860209966           15.8439209447            4.07097258358            -0.147326976012          -0.601436946802          -162.793728768           159.927229496            115.305197749            159.622474587            12.7118604742            32.8647547214            -87.3714969407           110.264367949            -127.359925939           84.3339441185            11.4191279729            27.0143765365            -173.813417953           -137.718975223           
rwgt58                   15.8824957531            -0.0375147674696         0.124740076064           2.19904744748            4.59108416107            1.41025520605            -0.258005399354          7.1342317786             14.4294097841            -5.45449417447           0.580332083983           6.0881732324             -37.1838190771           -45.3366177912           32.9124627325            -3.38984577026           0.0692730335604          0.116216658769           -39.2951222354           173.237299552            59.6118985889            132.016128311            -170.962376242           -38.7079627648           62.9235738215            -164.930241072           160.917521425            -70.1700261671           29.5954515174            80.4398310543            -48.2188129998           -136.2112143             
rwgt59                   -53.6953936447           -4.98382211757           -1.19990080565           -2.6458988526            -6.09367576214           -1.0283306834            -0.70280576804           -2.25007180355           -0.358387051064          3.42728131515            9.81362440095            -11.8027009694           22.949588601             -6.63461446944           -7.34464902172           4.36258694247            -0.136213354633          0.613719402031           -65.4823516475           -82.0895741885           8.081431356              -130.457271585           53.8853125841            -51.5665136629           -109.38354862            135.05671351             144.857296701            162.66939108             31.5933500396            89.873851808             13.8701885057            -140.426375412           
rwgt60                   135.764329711            -0.449900772614          0.912633749949           -0.323478971504          -7.6177335539            0.511238961776           0.559788164151           -5.02351811266           4.25673679457            -5.97971996548           -11.0639296693           8.86153182214            33.9959858849            9.79537855328            5.88680383784            -1.21756732241           0.104426240141           0.605349818081           143.44136071             -127.068938574           -48.9743961411           25.1429122123            14.8055780393            -97.1384315905           27.8147120949            -68.1196853187           78.4495450913            -50.0405201269           110.585582357            37.6196613798            -54.0741748381           117.487389717            
rwgt61                   -118.928822204           -6.53417898591           0.167162816171           -0.171447638181          0.2528343806             -0.719951394203          -0.388971351158          5.30111079719            -13.6131082096           5.21300088223            -3.59919782387           -14.4567071095           4.09515694275            -48.5478776614           35.7275218796            1.72630386597            -0.0340340628813         0.061573667395           -67.6094957688           -164.403137268           -106.146307228           8.44198974904            57.7523592313            75.9411949922            -128.830027719           60.6976008008            94.1495494467            -45.9470017407           26.3953531022            141.481437837            152.571169719            -43.1315322511           
rwgt62                   -3.554875563             -6.35121956401           1.17348781587            -1.29888229568           -7.60592989562           -0.222529517688          0.166918154499           -5.62221910975           11.6175428176            0.0204472924297          15.653201562             -3.35570383631           42.7032329476            -41.6151576855           -17.7406578706           0.611082655173           0.051250040594           -0.102230000123          56.1015386921            -138.014100402           -139.265165848           -11.8677522785           102.835491573            -163.716670702           161.172031945            95.5584450081            159.701128681            69.8177148978            156.010463256            -145.823219777           -162.102813467           32.9515100975            
rwgt63                   53.6037769308            -4.68873089715           0.32744306032            0.974001704395           6.1339261946             -1.60350995764           -0.134478836782          -0.0140837110026         -2.39264350541           -5.9438255945            6.59017858236            -15.7529198784           13.5660903365            7.62491270719            12.8947572666            -4.2285837062            0.165170092978           -0.629250992951          -93.4219076522           -23.8510497203           154.576162368            107.408182639            -165.26477261            0.958393130682           -62.7695827733           39.507227142             63.6966301274            -97.6109863085           -9.65720172081           -63.7631132942           -30.1264814856           -146.545201312           
rwgt64                   90.5949448996            -1.48974520953           0.100053387461           2.86268731228            -4.14932865192           1.63579203802            -0.124010975287          -3.12035586645           8.67065596559            -3.0177752047            -9.12513391179           -4.44338329277           -35.341856401            -6.85878708374           -18.5635091124           3.85912072793            -0.156636273227          0.128449626909           130.312308052            167.710207656            -159.936932951           144.356695991            -5.28845190913           -75.3682903781           75.1370884439            98.0728587612            -49.9941000674           -132.300950066           -164.786163243           166.347845139            -133.503748422           170.073397009            
rwgt65                   -53.6078611671           4.07567370846            -0.0400201906057         0.00141893727778         -6.63719021214           -1.02736614302           -0.131101949155          -1.69909513874           -9.36036460405           -4.75232996774           -0.582318585547          17.2922580575            33.9698850591            -49.8017870774           18.7542112754            4.1386790847             0.0450683700258          0.116639612933           -40.552490262            -131.401277405           126.97221976             -50.7789960222           -108.56167579            105.382735228            -138.868895634           -122.594126451           106.303855863            136.160594979            54.0064751892            -130.724410994           -25.3858499171           -51.5006660302           
rwgt66                   11.4421656362            0.953673760616           -1.21430276328           -2.11009715997           1.34515111253            -1.40875682445           -0.486698860974          -3.65333148681           4.83142937737            -1.96735415555           -5.4989619309            -10.3624980596           -31.2495587026           48.0675375428            7.71459399493            1.48551894688            -0.0729812860001         0.163597890622           126.718137965            28.1004236549            -178.162165751           -46.1319686387           -143.575012288           139.409686603            125.593672954            -46.409288586            8.95513900076            58.4604338571            -42.0563759364           -156.775973529           150.050569944            -80.7162475819           
rwgt67                   -13.8246757              7.32461877471            -0.586180383651          -1.40817144119           -7.16642233673           -0.902219165832          0.806695449166           4.10764082706            12.8886874301            3.12209096415            4.84150460946            9.56263142718            -40.2391114426           -33.7760866148           -34.1859376448           0.343752817411           -0.0665312925716         -0.16674280965           -70.4296778595           -22.6295195556           140.414419394            153.825124957            48.2590626               38.0932282586            -125.13213659            66.5973155658            -97.5074839433           -128.858751504           -65.6797457756           -78.3665584324           179.366799785            14.4674383374            
rwgt68                   -141.816734506           0.766316723459           0.360582629025           2.18370532278            -5.01560177274           -0.306369925268          0.0108626970133          5.7705196283             -5.46466356696           -2.42711746012           -10.1814163126           -17.9700020982           43.7480580206            51.3597884995            -19.2677052155           -3.74796633349           -0.116648658902          0.381126468821           163.431844953            154.48414049             -106.0854168             -147.074497835           36.8161746087            71.4551011851            4.14084106451            160.347022713            -70.6945953447           68.8009746602            -133.313582134           -143.641176661           -49.8330946302           -121.691265175           
rwgt69                   106.965672346            1.48073550526            -1.43248144824           -0.721654055889          -7.33435736931           0.838600876364           -0.0463449707471         3.74179871178            1.73745592971            5.0839524435             -16.2695065703           17.2415350468            20.5608379657            30.2613144777            28.2344923446            -1.48134722116           0.172457524015           0.397391112637           -54.2206111413           -74.3051194314           -83.1085128849           -19.259315242            -47.2467535302           -86.6643696458           42.6664171983            -0.788074170811          168.401507811            96.5709386695            98.5938803548            -100.37596408            163.183012706            37.1203634816            
rwgt70                   84.9902561988            -6.08576983594           -0.512292911979          3.01304121292            -1.94010041483           -0.204397341804          -0.599064282669          1.20994080325            -12.6640629549           -2.36269837105           -6.06068025044           12.5947662781            41.9352581147            0.527282744005           5.88554495482            -1.1097319595            -0.00363306237788        0.577247032932           131.348190137            -52.5324543344           -134.105142735           120.869495053            -115.787485826           111.119178684            42.7726677312            2.44484099214            140.777062692            134.079216927            63.3448967166            -110.445782045           -73.2700706739           -137.244637216           
rwgt71                   -33.0610879526           2.74490905112            -0.989705206724          -1.61916710677           3.66441255056            1.39510278756            -0.534307488821          1.62672930643            4.50338027381            3.26060135708            1.9548217779             16.9830259034            -24.4110665279           29.9200775672            -16.9831344838           3.01730457872            0.0329478685335          0.599052579105           -168.531369819           -168.967597688           -147.756512035           30.323413503             130.594006993            -46.1430554666           15.7837851303            -43.3229066155           167.97285814             -134.568372422           -121.150479246           128.061071076            -124.298397419           -37.0237774309           
rwgt72                   23.6858508831            -4.10548524871           0.565537525968           0.0861992389243          5.36508485753            -0.015759468207          0.54483103061            5.85913361624            8.2316738242             0.641908487296           14.7714736782            0.485036930263           -2.54087182468           -7.46109886463           -35.4699169939           0.395751838456           -0.0123880850119         -0.553132036608          57.0224289524            145.347275097            -111.354788653           179.510275136            171.005373545            -109.266651225           101.064834384            66.3079606251            166.73400008             -89.1122225084           -41.1904373536           63.6271297026            -176.291111236           -54.482169709            
rwgt73                   -73.4510963029           0.315986600805           -0.436113041553          0.40884938869            -2.07367441172           -1.39127172804           -0.248439469855          3.83222339274            -12.3334180254           -6.39922195743           14.0596865124            -16.7061055711           34.3707040115            -38.2011215108           35.4723524214            3.01361102763            0.13071673961            0.363862043955           82.0171046501            -139.689720686           -61.967718589            -73.508692955            123.535318837            -44.0905391697           10.3215861106            121.042908552            10.6634737396            -24.1354066054           -144.204365796           176.15778083             111.33695928             169.867499855            
rwgt74                   -19.7540119156           0.295077103724           1.00713493122            -1.7067115135            5.08533121795            0.43764247561            -0.233614109779          0.938433697097           -9.23407207789           -3.05995931456           -5.46600567004           17.5600805261            24.1435771426            27.538174517             -9.71693899829           -1.52431643709           -0.109001499336          -0.433401264636          19.9444347784            127.195141329            -163.612418868           -60.4462545543           -104.595832119           -31.5263214869           -18.9352478067           -108.556380315           -162.04829951            56.8024834251            103.904388666            166.430069068            -160.027445009           -145.745470507           
rwgt75                   106.863568096            0.01761635504            0.499274442208           -2.96342465493           -1.64216335956           -0.91975541761           0.270208104372           -4.86070481795           11.8232581169            -0.579653710786          3.21018331276            14.3307295144            -20.1013590367           40.1000830939            -22.3760380648           3.07345287607            -0.0362553092982         0.57640687817            -1.10573953477           9.74318263508            106.157911483            73.4648303148            -26.3264719108           -86.0021978253           164.121322698            -96.9700877969           -90.5944035527           -22.4701739571           136.953013205            35.2586551612            -112.674234986           -11.6479280839           
rwgt76                   -129.940065413           3.65053683093            -0.466313774112          1.77149090187            6.67738166899            -0.53213365572           0.183279204402           -6.06459935006           -9.08886189459           -4.99792111321           -8.26056733              19.5655552401            -12.1617533035           -28.6482853312           16.2357204621            3.91120672109            -0.153434196592          0.543989355193           -117.625983475           -87.0827858337           -71.2244618548           -75.7634703159           -9.67560986399           147.149797819            100.959234958            -135.542392501           96.8408433532            95.0905865976            100.767021228            132.54116413             28.0498198827            164.687777473            
rwgt77                   170.413219872            -6.38090991631           -0.976136839302          0.579781556399           -7.39736389319           -1.64279236893           0.672122646753           -0.764551467677          5.21594118957            2.0196209593             3.51112399789            -16.2246607894           30.4723148895            -24.7400380381           -20.3119964081           4.25721011858            -0.0960655903737         -0.30071252941           66.0491480355            1.17252603459            2.02472636331            178.054644769            -78.3461695096           175.470526177            45.8428155317            -55.7513343228           169.804616143            -145.10405044            -126.670536352           -92.4227124691           -105.810181961           0.419826480864           
rwgt78                   -96.9004140959           -5.93355139351           1.01221881363            -2.23797995459           5.0085326563             1.84139302647            -0.0764678842474         -6.02352245872           13.3942197643            2.41168218374            2.75357368904            -1.59046716854           -20.1894489677           6.13345926393            10.945957522             -1.64065451041           0.0753746228835          -0.476752844199          87.4152591179            -138.942335021           96.2029214044            -143.900087484           101.432408908            -77.1615875695           85.228128876             160.530905902            155.501109572            117.894162009            20.3610874188            153.843555909            -101.994765611           -105.469570888           
rwgt79                   -150.32015602            2.22467931379            -0.496597749485          0.582529534433           -0.699340743673          -0.756722044161          -0.672507322703          3.53044673195            -0.276607703881          -3.8251493603            -5.61476811645           9.65346679325            5.90713967288            -43.5899661092           -5.5075626231            0.581228881348           0.0980685147761          -0.537314374854          -164.482061588           68.3693329899            13.3634029752            -163.713083551           90.1622725084            -105.264609175           -101.698955017           -121.305620205           119.761029226            -65.8205060604           -107.082212848           154.900045521            11.9884115648            117.784373848            
rwgt80                   -74.2989593089           7.36445071251            0.485154293901           -1.82038856308           3.6191383408             -0.228305372524          0.0372102234158          -0.371687347223          5.33990289626            -0.00528544765054        -8.97828913298           -3.32866385082           14.6794119355            16.9675278038            15.4864448071            -1.04493998562           0.0916803291745          -0.629868533164          138.759934862            158.993085938            50.178192574             84.6158874808            -50.6034624685           97.4012552597            49.3010831207            -81.8617565224           82.5282840508            107.45904272             -50.6794916794           -178.554031694           -128.43449832            -90.5603640817           
rwgt81                   174.059325272            -4.37135385301           0.733213709137           -0.354902836285          -3.10051633557           -0.993973624536          -0.702055163595          5.89185972129            -9.89717813189           -3.16310730711           -2.52529624698           8.61701095591            -16.7121048947           18.8667689684            -0.635529189807          -3.08134519251           -0.018313663682          0.596371846235           47.9575495935            61.2632903975            -118.986545643           -91.6638146661           -132.084814867           -63.2994334173           -136.016672322           153.024633541            94.2813904553            152.477326919            -94.8629836389           158.029709399            138.741490564            111.7979893              
rwgt82                   176.135832353            2.78216287918            0.310558750903           -2.87913127098           -1.88871020639           -2.13859343248           -0.143539695602          0.500820038501           -12.978678546            -2.24648015817           9.37853930257            6.82055099432            36.5648976491            -2.80403664821           24.8252386316            -4.2469306563            -0.10760221569           0.618164850845           95.4655759884            -41.3433704175           152.102142542            169.180790579            23.7935084219            -92.3344865418           129.090412759            46.5851902156            -28.993709068            -34.5368927412           -90.5086762483           141.305659529            -38.3269563723           -73.2216013566           
rwgt83                   135.89388301             1.07222990117            -0.358058454838          -1.84918859591           -4.69289246801           -0.441986639294          0.408504908463           2.81311687593            4.4325451726             4.9950497766             12.6977078763            -6.74832861783           -24.122205911            -41.4520553893           8.76248595968            -0.302261030222          -0.00211267515806        0.332060828721           -144.675800679           -98.5960766424           145.834188197            42.2699939948            21.3055479151            -153.993715667           -178.627515677           -173.483200186           175.118475204            -45.4760286045           67.8682277256            -39.2495867877           87.557582793             25.4859263852            
rwgt84                   -149.049305973           1.75276935129            -0.514762679804          -0.269877454403          -3.18933275579           -0.130432464583          -0.35735300732           3.62108495043            13.8968681616            6.35287353985            8.78048861714            -7.63743242171           -0.518962951078          -20.1540541787           38.1085868569            1.92190206384            -0.145653065137          0.450768503071           -43.2668419243           17.4947694755            67.4221727575            -49.33628401             26.1302911568            25.9913081921            -152.621668499           79.9653171449            -129.849938998           51.655943405             -156.780158999           133.059806895            -96.4403872143           42.0003508293            
rwgt85                   33.6777075678            -6.80177174749           0.0394042847184          1.47331982177            -4.0525055781            -1.77720133051           -0.554644559314          -3.76678398416           -0.562620865026          -4.87201425893           -7.55960521423           -18.7732910235           -26.8178703839           14.9606818498            18.4588050377            1.20077434181            0.150632411283           -0.290268720768          -45.6657912416           68.8381697285            133.194439696            -116.07291445            11.1680634               52.0835140088            71.2581131647            58.6502641332            -77.7277240682           21.2722014147            56.9733016896            -52.2781195154           21.4876696046            140.904924603            
rwgt86                   95.9432346723            4.94882559814            -0.463721103004          -0.385848313501          7.28090945945            -1.54259730388           0.491224163502           -1.29166418596           -9.80112133826           3.47709738131            -13.1128345422           10.8368844644            -12.9130841629           52.9102058759            8.81055396002            -4.09096111631           -0.0282140274404         0.437347541097           -25.5684374555           -101.090228701           -61.1218864124           159.258172903            80.1928312816            -56.9757793907           -159.944001001           -117.223440312           32.0516328468            129.558970511            -98.225364545            -178.777202124           49.1145816442            -163.753374576           
rwgt87                   -0.138177035609          -6.28600759218           0.140002824228           0.963631894457           6.27836060937            -1.95912337893           -0.214550938678          -1.27862576701           5.38649176412            0.3367906542             -15.3574417812           19.5549315789            3.79631187094            -47.3497047005           -8.25341333749           2.9964610095             0.00969214767711         0.403304618329           -80.8328020008           116.312342551            116.085197941            -15.27293889             -4.70272843976           -81.463088193            -82.5345587381           -24.8068384953           -135.088558926           120.320984328            -146.866547044           102.690163662            35.5829845712            41.1258587217            
rwgt88                   -89.5206607162           -3.03569472664           1.31200314767            -0.259572239731          -4.82922446556           -0.0618441131642         -0.567065232951          -7.14911806768           4.60512035641            5.64532019148            16.7041162726            14.9896586548            -29.357071214            48.7566026466            3.76665696037            -0.679293731308          -0.0123266710669         0.217746673408           -123.044475506           -77.0082824306           79.8142309543            126.999036309            -156.620678756           -3.9343249414            119.432489256            64.8462501453            0.390565596145           54.2726549697            112.254748025            -93.0652793796           -61.3880776051           64.2597167803            
rwgt89                   -50.2109509097           1.88587191607            -0.104861951331          2.03349322858            2.78205731287            1.72583983202            -0.805463516997          4.28596374395            -10.6955904263           -5.8440274947            -13.8798827325           -13.6424586257           17.2993480137            28.7166463881            -14.1146437273           -2.35004892864           0.16315844014            -0.569921747582          87.0117438924            -113.927961138           -162.914347787           -166.687746994           -173.639901244           152.20543785             -50.81952871             -59.5455035268           107.397253558            -136.515349638           -50.1912300952           -3.67740455043           -132.440434948           -39.4559829481           
rwgt90                   -23.3293002111           3.07993246088            -0.0944620267946         0.07055072526            7.26932167824            -1.64792245674           0.493682181847           -6.906988066             4.62111153278            1.11995342197            4.30583919536            -9.7422074524            30.2444115668            27.1924695002            -5.69106185428           -1.11846938197           -0.176067052778          0.603153444232           162.26612723             -56.309874812            106.16129613             53.4872922787            -171.397551145           -109.880394479           -120.557029505           38.0329930281            -8.22807149734           -106.712601235           -132.980617079           -11.3955414903           159.53585505             156.156502478            
rwgt91                   31.6617436463            -1.64406163882           0.72279940678            0.321948790112           2.09499372211            -1.50276546317           0.0360236331201          6.85897693836            6.23159387343            -1.77572411493           0.879461309562           -9.27283825562           -25.1249936911           -43.4184335046           32.0089412037            3.80635462915            0.161844217754           -0.525005700206          -116.781543856           -68.0411175937           -141.955280172           -68.0097206492           -151.342080825           -161.162383916           -106.621789893           -57.5295664371           -61.5973945883           177.629809205            -92.0276707002           -113.270801934           -88.589527132            142.442890686            
rwgt92                   -92.2970405368           -5.36440081271           -0.389778332429          1.51053621884            1.37034315206            1.76071100271            -0.624307920934          -0.776869843207          -9.28633381681           0.808039008029           16.7406915093            -4.49061868228           10.9120615388            -21.710654988            -24.5807389009           1.05233793272            0.135530933904           0.41987034885            -41.4654711977           163.689476408            -140.07836521            159.510419013            132.188079141            29.0739118401            -68.9624988567           153.73699021             -103.74363573            -24.0032527414           -176.554044626           160.726447454            137.68655219             115.474377507            
rwgt93                   -173.903903313           1.95774000226            0.466294918188           1.93602249842            1.82260629011            -1.98684442488           -0.447656884787          0.759352050949           -3.82601898391           -3.32565218598           -18.2314922863           14.1340596909            -25.1086526129           13.7686301343            12.7774032061            -3.47160372222           -0.166133753885          0.38093615877            -50.6726600329           16.5599822352            -174.830600609           16.2624866446            -30.4846623814           172.792056127            96.6475812758            -87.3795716851           58.2134801747            -52.3792210434           -149.662951019           99.8543488521            -66.7181029156           75.4389421705            
rwgt94                   -39.6961938064           4.94362513825            -1.05036677411           0.90592343859            1.70351111145            0.605293177171           0.592990613496           1.44369021277            9.78677747278            0.513278109133           -15.0808899151           -12.0574759163           -12.5588657757           27.5377993662            15.3463628357            2.49743522148            -0.134091710064          -0.146057716671          -26.7536271888           119.072548152            27.1541800759            -71.0888239146           102.152667446            115.658177968            91.4912410467            91.2120724669            -156.578604757           173.901591429            40.7473774318            -84.5057639758           -74.9385052605           86.7917132239            
rwgt95                   46.1066864574            4.17763289788            -0.65080390509           2.23009021517            0.509720174609           -1.4591512796            0.295778723598           -0.393506117608          3.79789788781            1.56237002649            11.8743149755            -9.51788316166           -43.0532650014           -50.8032267582           0.081935778396           -2.37127361746           -0.119854315757          -0.255963081134          30.2281638354            71.0914882668            -122.749175643           13.5098016413            -65.2173237343           -116.691482575           -97.6962163286           -173.941048836           168.130074632            -105.592996049           73.7400430937            41.6096245392            151.852536377            176.391101864            
rwgt96                   -104.260399289           -6.06607160596           0.0748251471891          1.32698649058            -0.161981039712          0.490220732113           0.0932583121932          5.48339851549            -5.97855886506           -1.14260029928           -4.99201369023           5.92899393823            -38.5759329624           45.4377557765            34.2585562221            -2.94034937556           0.0572974707508          -0.328235988651          52.3749021356            175.809291511            -76.3628976016           -177.087629025           103.840969671            132.033919043            50.6787735867            -37.1680200155           165.075658247            40.0089401605            -19.4216394827           -50.9201412176           15.8822135696            -115.871164032           
rwgt97                   55.8472805214            5.51468917723            0.766822235029           2.39729051558            -6.84613218802           1.88859847027            0.458407354618           7.71190549467            13.4653198477            3.07285236374            0.750516324631           -2.05764694784           -10.9487928267           32.2817204582            -7.98617206621           1.60391234109            0.0647403635563          0.247502832404           -50.1828170383           -104.24684925            -120.449423204           0.35808970749            91.9713133672            23.0444826414            -160.892661105           147.777827694            -53.5244523704           -54.7024218054           35.1362031587            122.163173467            3.36186253125            75.5629382417            
rwgt98                   146.690338693            -6.91026068878           0.823257826005           -1.17697866863           2.76743161487            1.65306762173            -0.101027952673          7.66287055115            4.65913552967            -5.56404761281           -0.765028611189          -2.68968884451           22.7697099028            -19.3669543005           -16.2939330807           4.64205501817            -0.170399278189          0.358672754664           76.3461765136            68.9078578226            134.601199352            34.4033892126            -32.468116611            -54.805074695            -140.091665661           -142.08488811            -17.0878219885           -95.6769489334           -12.4166181562           -117.089587113           -18.1705878457           49.5168639886            
rwgt99                   37.6978994532            3.64335425952            -0.327249244579          -2.37792376635           -3.04394010532           -1.90927130656           -0.274608774205          -2.10963409456           -5.01844231604           -2.40304994639           14.1254479205            5.29450351189            15.4534313915            16.6719039574            -34.9738601631           0.00522519951261         -0.142713311888          0.255331278645           131.669650391            -40.7882135033           102.689341562            -96.5828045181           -14.4923933764           -82.8176314434           105.93969486             -171.607742709           144.872379529            -167.329073146           119.026293589            26.4991163595            1.55725422079            -78.520538775            
rwgt100                  53.1202326575            4.00606093281            -0.81654633916           -2.49572777042           3.93298031954            -1.08377238499           -0.78561667218           -2.28192661994           -2.33683085479           -0.01293175914           4.18630288039            -12.1743715122           13.3564590634            46.5879409178            -31.3423074668           -0.809408857834          -0.0319775399062         -0.196013578007          -120.061899336           -77.7637979861           115.03524735             -159.639147776           -164.549983225           70.6465804954            113.600606667            -57.0348642184           -22.6427214529           -26.2834303959           -153.990778155           47.1417852849            152.130815485            98.599550461             
rwgt101                  164.889034184            2.57607784634            -1.42755005326           -2.51438498825           1.10996539914            0.235787167143           0.716877107767           -1.31298300428           14.1539247105            2.76183102428            -12.5265716937           10.3554164875            -2.67120272154           31.0448142359            -29.0916794201           -1.5428062866            0.0310971638693          0.601004407446           157.607271999            109.205579624            94.6370654157            42.26523039              122.072544459            -152.920325673           -178.060631386           -153.536709155           83.4313060953            78.0659656607            -156.466808638           54.1463516904            54.9049846033            -137.31617554            
rwgt102                  119.178618412            1.62939597327            -0.673848258774          2.86941484911            -0.968059876287          -0.807228726121          0.541086338436           -5.62178606477           10.7387487024            -3.10290377932           -16.7427881448           2.87419486589            -18.9896303599           18.731422279             2.80852167239            -1.68201648733           0.127669869475           -0.625696004909          -72.5709566935           -62.9318141913           114.148887948            -141.738213192           -145.394103559           38.0498118342            -121.518943695           130.755817442            108.215150843            17.1662837909            -61.0104631668           -99.1523176771           23.3047695257            111.758315819            
rwgt103                  -46.3980569843           3.10681672333            -1.25672884616           -0.945054334417          0.0465557189688          2.00433566775            -0.0582340495497         0.51526172621            11.7307876707            -3.78319133558           -9.43160871409           10.6567476358            -43.2491320214           -4.98130961016           23.6472607971            2.64261939156            0.00146086588683         0.468008238715           -56.9471296839           103.616544956            -159.330148111           -163.789003356           -45.2185446412           18.913620055             -14.6121282726           63.7843119778            -165.892070216           174.505906218            9.44562842379            -24.099729088            -84.3067758138           -16.8502973249           
rwgt104                  -28.5265037894           4.53346470454            -1.42445326726           -0.831991362949          -2.12832884012           -0.967416534727          0.553175522701           -7.62272464722           1.93258356987            5.3072190756             13.8583050986            17.7357847844            17.5171092078            48.7860685974            19.5090830259            3.0525145511             -0.06797435216           0.333089771906           62.8138661352            -100.025801439           -126.528097962           55.7270755086            -33.25161226             -51.2689582941           -106.423425466           23.7167010892            66.9514308839            76.6452648383            -98.3695750166           19.625581383             -58.4629294372           19.1168876353            
rwgt105                  17.3798213533            -1.09738285913           0.725095324786           1.76656730636            4.48075344829            1.90599712611            -0.300833966922          -7.55054040403           3.57278540945            -4.99225620013           14.1482364783            10.146393922             -13.0653541847           24.6871370115            37.9774186264            1.84599871646            -0.021737424668          0.0289525474346          146.022535633            -100.468318789           -161.889826104           -57.2281483598           47.3689479165            36.7673858948            25.0511015565            156.342888171            -87.2128326765           40.0466681265            -65.8709625942           -67.8217998702           -17.0690173815           -85.755163824            
rwgt106                  -41.3987925955           1.79551920642            -1.10823893046           -2.87577772048           0.833099873134           2.04905887266            0.00386216127208         -3.2665927601            0.398399882966           -4.82607112679           13.8436413516            -14.6726018991           39.8188857981            -12.4641777174           24.2011956229            -0.824295286457          -0.130968817242          -0.308243549363          171.838522396            -40.3106706622           -54.2300727824           -137.127747926           -73.7812223409           90.5428975704            7.79477925653            129.170679681            33.3274622638            -112.417049106           -87.1140984089           -27.4081492367           -9.7842379552            -149.575203417           
rwgt107                  -83.0893473339           4.19329736414            -1.29011590537           2.358085155              -2.3375263254            -1.39252342114           0.691068578533           -4.78715692669           -0.613799903813          -1.55787761892           10.2678105811            -0.204565441979          13.3082393369            -0.332434076538          -13.6432462194           4.7016481636             -0.163112104201          0.187949772069           -155.180470411           -148.489141826           -137.576772897           19.9278379736            55.765100651             124.566362037            -126.360996246           29.0358369735            9.07241636333            -178.580185749           -103.676169357           69.9411875434            -142.329173237           -127.785991041           
rwgt108                  100.121958876            3.79142763135            -0.660799032313          -0.44918880852           6.41073400175            -1.69964636453           0.686896319585           -4.57503434996           4.79654552606            1.11826542838            4.32924084042            -18.5628277574           -9.18147288572           14.2071502686            2.06557739865            0.00340201867496         0.0330362940359          0.310829606812           35.6447521658            41.0908913641            -128.9255707             -89.393132848            -171.19638891            -21.1333620234           -68.3076885403           37.7200206973            104.869226566            -69.9372323096           -32.3606757407           167.594656964            -129.525196681           -88.7539336419           
rwgt109                  -133.762724177           -5.20023677966           -1.40929420741           3.02858838282            1.04335579983            1.43644611262            0.646875717925           6.66194060847            0.904868359399           3.00758384957            13.5479791096            14.7820290376            -15.9719513057           45.5867182041            -3.78304975616           3.77298738816            0.0139236345633          -0.246984535165          -167.764945137           54.4298311818            -5.70717582566           5.17180972009            31.796489747             23.7203774889            75.8950794974            -123.370068435           60.0910374304            -120.776683281           58.2644715845            -6.82325470589           146.97660518             132.399216803            
rwgt110                  56.7613678815            3.65479773677            -0.540407603502          -0.185109064414          4.20043960809            -0.268753862075          -0.125614325498          5.91402586282            5.86913008763            5.84233667977            11.4426261565            -0.229910229869          37.282199313             -28.2871810042           -12.2103596225           3.17686561765            0.122778733948           -0.449195195458          -179.661652954           126.483750961            61.3896809281            81.6782430674            74.3342546254            159.779309658            -70.3842227449           134.798436104            132.32882236             155.510613089            16.9899273349            -155.423667254           -162.330407666           -135.496067406           
rwgt111                  -52.6843997839           6.56967642545            -1.34420070803           -1.38113082708           5.71885089746            0.129207612704           0.477330467919           3.73830093965            -12.7532633927           0.129731339364           -4.96064647191           -16.7897059557           9.94962234395            -0.306944566818          7.6756239889             0.803193116015           0.17085484599            0.266358573418           -172.018463132           21.2361542038            31.1257815606            133.060317013            -118.694785083           -143.180204598           98.5948591697            107.085824164            -69.13955546             89.0745846383            -176.190164612           -79.7810101471           -106.727980363           82.3116030916            
rwgt112                  83.4790611085            6.90453762302            -0.327885947104          -3.07911922002           -2.34356884806           -2.03603074215           0.528830708766           -3.4589558964            7.96757402877            1.85962066856            0.654591875148           -11.1778959842           -41.626146574            23.0953617209            34.3657033612            -0.319350311783          -0.0171255995286         -0.610738639195          47.9144848985            -70.6069144949           -146.371090284           -169.820943354           -94.7362589319           -62.4357576173           -97.7802124292           -21.207060471            141.477033686            -132.653692195           81.2498471779            -3.50026690496           -39.8611142723           -61.1234858734           
rwgt113                  89.4455133423            -6.25525536285           1.07545677035            0.405863379502           -5.17422464388           0.161377761071           0.123480247847           -1.64872694441           14.6223126325            -4.76402105282           -9.26084792181           -14.6091367198           -10.2789087537           4.99380053041            -35.1845690124           2.52223532858            0.0727441537725          0.453124770816           -58.8658623278           -42.2909098478           -0.254910321247          -16.2648469604           -30.9700656122           -98.6021034198           70.9640151816            7.67037765375            145.320584204            -124.843501622           9.21336205027            -114.590659674           97.2112252378            48.3983598511            
rwgt114                  -110.109666451           2.54926811966            1.18336525779            0.384963658856           5.62023302425            0.917080130949           0.502119815834           1.73994285688            0.0745357276195          -3.90005513746           17.1806220419            -3.68439045792           -32.9166703039           -12.7110838371           5.08220480773            4.77841783121            0.122959463235           0.175662974214           -20.1758023527           85.8070040659            178.511703538            -47.092254659            -49.4391271036           -155.80007136            145.174593803            -81.6327555336           21.9128151609            21.5145665827            -42.2731064989           139.161841465            54.98578377              7.90728360786            
rwgt115                  -106.401860888           -4.8659898396            1.27983336483            -0.289711670234          5.35490178787            0.74960041664            -0.527852801053          -6.48612032007           4.21064603926            -1.74886294102           -11.3327640735           3.72712132784            31.9295245965            -35.0061550698           -11.0711134752           -1.46695108961           0.133779583536           -0.291254179892          126.216691352            -128.319243025           113.53547414             94.7892762131            77.4010494657            84.1661569048            94.3513465768            153.836809287            -120.931471325           -21.1336584872           2.5303227711             161.615303682            150.974751919            -158.18447721            
rwgt116                  11.2893700934            -1.8020965093            -0.950196482403          3.07973524491            0.950166638735           -2.03527985763           0.667856713909           4.4819108399             -1.84333996786           3.92579983413            -15.4386947577           -17.7789536678           -22.860254506            25.0071315172            -0.766115656051          3.23567797702            -0.122891428418          -0.556885829143          88.8414935395            -163.646687122           145.332013659            -127.716360595           -61.8480262364           -11.39412031             -21.9327734524           -133.319811088           80.2024468184            53.0627420055            28.7837868432            -126.615350699           -48.450055762            41.6229457886            
rwgt117                  16.749823915             1.50469044966            -0.511649469777          2.43019133051            -0.293471389281          2.02217911987            -0.703640090326          -0.777553777653          2.29389422848            -1.78508034301           -7.38774699546           -15.2281308018           3.5416754215             17.8941192962            -28.0140619321           3.45755582992            0.164563161223           -0.365029873658          -86.3992608476           -40.8901602906           -15.1769768693           114.131026778            -19.4057947354           19.4195161992            78.1558865578            -61.4032841493           12.9923202028            146.499865204            -110.837767534           107.147712017            -158.057961423           47.1048801721            
rwgt118                  -165.694424467           6.34740943602            0.745746937435           -1.76479054602           -7.39408562058           -0.290901174779          0.608186097233           6.59218258597            12.6827252098            4.83029160201            -17.6171824076           -3.37791843858           35.2655929056            10.5861292086            35.1333670039            -1.72489924692           0.0478339064603          0.275191632367           -137.939111916           -14.2350814962           -105.243249791           -51.0519091578           -87.8322888694           -20.0580291516           -126.021701093           -3.05995536591           -11.2661931667           113.037596534            -88.0066816645           72.2709631026            -16.062154187            55.2699563113            
rwgt119                  -134.881898184           0.543053894611           -0.825861295751          0.998817559131           4.28541729613            0.0594076933951          0.727021966366           6.90484054211            -6.9534881839            -3.79539008561           -17.3273656245           -10.0090920403           -24.5722909752           26.1098282662            24.8984964373            3.96639357171            -0.15563722319           0.282904359789           -23.0512710324           35.2476719778            47.6162636983            -17.8637980202           170.933658865            -141.427172796           -28.5814662822           -121.002158586           63.2976380145            -102.014463099           -167.520488821           41.4084708789            1.1442946217             -164.501604216           
rwgt120                  -62.0648954989           -0.742765157868          -1.3754764184            2.21815689301            1.68531621898            -1.79964663193           0.619551528451           -2.5642625978            12.4314743674            -0.409661080788          -0.713461117793          19.2395025415            24.1822491463            -8.15089445748           -29.3519038335           2.69661874945            0.111055930343           0.340990623953           147.860998323            -65.1141505055           -114.679885319           -162.525444985           -131.909148355           52.8977041931            -112.19513353            -65.7148355534           122.515666896            16.1175912366            -54.5676608663           -167.54423661            -164.59952938            -21.3901387333           
rwgt121                  14.1621823957            3.41517462907            -0.637690777026          1.69297534448            -5.64429820388           -0.558661528488          -0.534140706639          -5.24394800995           -11.5983728641           2.56963404544            2.53904054316            -13.6763182314           -7.9334762529            14.4589726082            25.8822926937            0.313923216563           -0.120208702866          0.146351206193           -1.54711928106           -94.4764643203           -34.7582445196           47.9633075565            121.201047431            85.867089954             82.1653305812            137.500371019            -85.3025983067           -51.2694975429           -100.545329749           -78.9244001139           -82.4709059517           -33.5728818763           
rwgt122                  166.859198132            2.19926705292            -0.0933650888581         0.159431188121           -6.28511671035           -1.27106157623           0.735582123118           0.818037521876           -14.0983067923           3.63328371996            -9.99843845033           19.0640964835            -39.7882002118           25.3643448191            -2.38621623396           -2.24222249502           0.154657849646           -0.212512464215          -100.121627866           -113.871141561           -178.654559743           -164.320101287           -111.929245615           -162.118668286           24.8477678222            -92.5909785321           113.33148207             67.0370138313            -145.630370616           37.2552441195            18.6610233264            179.756002968            
rwgt123                  -4.76306504656           4.3402761885             1.31195064478            -1.71820421363           5.77693438491            0.193064663159           -0.0367076178138         6.84575371879            -13.8324058663           3.67062709547            3.64399742456            1.6060282933             -1.40707374178           41.2036485827            21.4384790019            -2.80141312624           0.149891366937           -0.249067684964          73.4701752584            179.547760456            104.832117018            -54.6750276723           -112.573722631           94.0883652251            179.371534288            179.680386525            -176.069406124           95.4068555262            -141.474241107           146.476384833            -170.132258295           -17.2291419477           
rwgt124                  162.033124999            -5.10194649448           1.06100325353            -0.98480153007           -0.469092877461          0.0577450650704          0.467623805721           -2.57230407922           1.22540559104            5.09662827858            8.48834798931            -3.45209592482           -38.0943506737           -36.0778240907           -27.0138861056           -4.57268832035           -0.142065625992          -0.588905705447          60.9427671812            38.3844344934            73.2355115152            -105.681112746           -85.7885489856           -25.5396280335           -174.620534254           -34.7799896905           -74.8636310859           -77.2315677177           -108.504643861           -24.0816681067           -63.6105336386           -113.845816638           
rwgt125                  -34.7107693268           5.94096375152            -0.78161107113           -1.81119006391           -0.209436368688          -0.56577392564           -0.633161583586          -2.41100546816           -14.5319942914           -5.55098457534           -0.734097948004          16.7651939329            -17.4799531263           -41.3017986865           -31.6524519557           -1.01954751597           0.123865638656           -0.416141623387          -106.544176671           78.2108115512            147.194160322            164.910171985            -100.373532726           -89.6669528831           -35.1224191019           170.413915846            -119.034925635           -106.789059804           -13.431172567            -30.7961457032           11.8663787496            -167.577414741           
rwgt126                  104.276884409            -5.82853040081           -0.0870427869962         -1.00941069938           -1.24983486333           1.18916742207            -0.270724063026          -6.87815963324           6.42778771182            -5.74510491244           18.1228815576            6.70877188705            39.6741763778            -13.1875833461           11.882795131             -0.330317785499          -0.140059761328          0.176451471649           103.384503851            -98.209922806            -94.2575411319           -29.5365054552           42.9947906485            -150.785202735           -56.8719909076           97.3306592533            -178.449422997           84.7076474894            29.4424106768            -22.1710673169           105.58344104             177.513061475            
rwgt127                  27.4119659971            -4.72555850338           0.904924465016           0.133553798652           2.2366082834             1.78760473216            -0.189388394701          6.45180436608            -6.06095921055           3.80038879531            16.8151222156            -10.6781260534           -33.9091083182           -51.378177081            2.58449660239            -1.43429723436           0.169670124805           -0.396303018013          31.9922673824            -33.6221904857           -176.112158865           108.910392466            95.4851427246            -157.781936334           153.913754549            116.832834632            130.340064227            -8.68032787897           94.1871933814            -123.689715927           -116.491901732           -93.5388347666           
rwgt128                  109.481810494            0.125659801384           0.389030811762           1.94965675837            0.12617657463            1.61854535826            -0.26335146923           -3.37456999571           12.7705027749            -5.08189703343           9.33489156159            -14.827306638            23.5101693088            -41.0703737793           11.7229133085            1.05145226729            -0.0319218318179         0.422326175859           118.621883429            157.313795106            94.9799881256            -168.092469192           161.371123597            -168.470127642           -142.10138051            94.6351914488            -21.7112115231           35.9219864968            -59.2714603249           115.293939546            -81.8919378513           -157.198975055           
rwgt129                  42.8159787181            7.1287631367             1.3631217017             3.07445925156            -4.32433229629           -0.945814850683          -0.284065225034          -0.926705322885          -0.643011894401          -2.4788377395            0.205282901152           15.0595427949            36.7416218462            7.14944451928            8.19294419973            -4.76668530896           -0.161477504667          0.449445955657           -101.552683168           -66.6469341189           -90.6724694963           24.9643345115            6.19851965491            -122.360481968           -142.660517302           -159.69338897            89.3913262077            152.276075934            -100.653001598           -34.0190652795           -15.8390736522           -54.8613631369           
rwgt130                  -49.5777520029           -2.87291778413           -1.10735221857           3.07428481968            -4.56998474381           -0.485682094521          -0.55275721725           -3.03801700482           -7.06212153156           1.13115232696            -14.9275575693           -0.87466921238           -21.9861190108           18.5674886255            28.1949211679            0.826253184469           -0.0368246847875         0.525825386958           -117.128703323           157.819512039            -9.74452423256           149.798706515            123.621258282            176.826993489            88.7796426689            8.55246612776            -149.403680214           123.124586125            -37.5525019294           92.2848411886            123.249581974            -170.929305871           
rwgt131                  -117.857931727           3.22917942488            -1.14824837306           -2.6921705519            2.76606109907            0.121096605537           0.505125954045           -2.25984319679           -1.73820151076           1.02401182595            3.7874699516             -10.3562658297           28.0927784337            52.857397315             -11.4794218261           -1.91008577954           -0.010469420522          0.173079781083           123.772847767            168.17239709             -99.6849698301           -47.5563432879           173.366030799            179.500025369            54.8488719211            19.0242032931            -87.1855337519           163.086240548            101.324955886            -100.769824742           -167.976099811           19.1290867424            
rwgt132                  -118.929546836           2.34839741987            0.507512703337           2.2702605452             7.2028231937             0.902190720038           -0.250674583683          -5.12981899411           1.60264039575            -2.427981843             -12.7513042389           14.8815323063            -28.7359408141           -15.7015756667           -18.1117719599           3.54789646451            -0.163791039092          0.305608465943           -83.8112483963           18.759867198             -57.0490826965           23.1765477688            145.619089783            100.338770302            -124.507952663           128.063947333            159.642236925            118.950166444            -154.627646552           59.8514651909            137.149246447            94.0939041522            
rwgt133                  -146.973101948           0.411927295412           -1.09401611605           -2.01666994863           -1.30741894946           -0.715765350443          -0.274728750121          -0.821427572075          7.7230779354             -6.36409529181           10.6745875991            -9.65387683235           19.1766402575            49.8107600018            14.6618504384            -4.12930555665           0.15702720408            0.39954301248            -163.919796316           -15.8330907881           -57.8459641646           121.504814976            66.049795591             -46.1222848203           -56.9332000638           108.004673394            138.983801419            -104.814167884           137.574916825            -151.810589008           125.548802372            69.5921439118            
rwgt134                  -17.7930065575           1.94806245258            1.42390731401            -1.67079610004           0.87289519055            -1.08272299192           -0.405258062729          -7.54182699556           -9.91018554757           -2.44178161605           11.4882191572            -3.50009373563           -1.77365147809           31.2423385352            -17.0861468224           -0.0103731219913         -0.151243446112          0.0863303805773          38.2747886477            -153.010725951           77.7731125709            104.877669971            -128.674787857           -38.3893713316           -177.952426865           60.4956761236            45.0864458676            -66.6507888368           -89.8360932879           -124.324182016           -64.1341199311           110.411045269            
rwgt135                  127.090888305            0.66505461846            1.24376255725            -0.854493537437          -2.96412856769           -2.07469203386           -0.0126631490423         -7.15673084419           -6.84867153995           4.90293586829            14.2630177771            19.0086260113            -14.5635999963           0.24790633684            -17.0723264097           -0.746887733567          -0.0142269831409         -0.38345109239           102.513129586            9.75271675422            -106.007247562           124.278049097            131.443410547            -41.2368297687           46.722405759             65.9045764422            -151.500540622           -74.0286278148           -4.91912519912           138.801494027            29.2003880205            133.931287216            
rwgt136                  -83.4282044385           0.256211713163           -0.678427895365          -0.658378666096          5.40492094425            -0.534820738865          0.160853128161           -2.06481843299           -3.29272514809           5.57540329445            -17.6985748353           -12.1303385796           -12.0661231741           49.0006095934            -2.58653429401           -1.75111732309           0.00502151332446         -0.621786883001          -159.210451256           129.919410272            53.5684587013            -63.6457011924           -84.0924206827           -105.998496024           -174.335797618           -103.578507461           -74.8540905976           -135.60706173            155.353557494            -33.5478491764           -60.777531253            11.8642354601            
rwgt137                  -112.97353546            3.1760202951             0.404247015714           -1.21033331621           5.98596402102            -1.61515741529           -0.688244282267          -0.350932891742          4.80174504198            -4.21443569458           10.440768211             3.2910620309             42.6349682562            17.7405327561            23.8942012099            -2.31252130002           0.0156851538041          0.084618156646           159.471624633            84.3343106339            126.534527539            71.8635759647            130.80963025             -59.0271323982           -131.809803251           105.022697742            -138.882086444           127.280993872            -141.251862518           115.443054132            -169.725806484           27.1010847557            
rwgt138                  -166.817275012           3.84656988495            -0.884883783536          -2.64865446614           -6.3322117942            -2.09540396453           0.568756800253           -3.22881589957           -13.8484702829           4.53654889523            3.28999409952            -11.3416010562           -14.9789010732           -22.9403712099           -12.0063766501           3.48302446713            0.00634275530773         0.435813251543           -32.3442284965           -164.234367618           14.5065726574            -70.7809660013           112.471627403            -120.353516918           -1.5946297019            -1.30929810616           144.975844982            165.287014358            -2.30752064335           -37.4990956936           152.100634465            -35.3041573389           
rwgt139                  -68.2464483381           -2.48910106288           -1.21654774502           1.29934802459            7.37550780628            -0.990365742042          -0.23284831163           2.15540155982            -12.98267135             -2.16768176251           7.54828104519            -14.046213702            -7.23605469238           -3.6803877618            36.9526780397            0.0613892385525          0.143354208652           0.516409909611           12.6572799662            65.2837567579            -161.697403789           -58.7873132778           41.1792260097            -23.6938465783           46.4101021731            -97.8579024684           -155.634916795           43.3656847107            114.296883022            67.5102087331            51.8251704971            -26.1054848913           
rwgt140                  -145.011959329           0.986950797149           1.32676709871            2.92735546079            5.87222053476            1.28447148325            -0.455217349917          6.01232767953            -12.9541855945           -4.16036541999           -1.55750817895           7.8442181901             -10.4494845542           -29.4193904564           10.2915531801            -2.4107967407            0.116203735205           -0.258955829228          -140.688760276           -151.036103673           -50.6685771426           137.311621256            -26.3687262899           -18.5141313126           -144.928844756           19.0130416479            -84.0099631451           101.711526987            83.7911015063            -42.6081223854           -8.49723963516           -120.988833225           
rwgt141                  121.915542112            -4.04792260431           -1.36497727126           -2.07771599346           1.80394743843            1.03826597962            0.686018891233           3.62332515313            12.2742593891            -1.15749159032           15.138717811             -16.0718495655           3.8808982686             -45.3744370926           15.4555157693            2.96036300978            -0.0693397621722         0.181199394919           -133.50679826            46.8043236443            -164.800826583           54.2311356157            8.44765087754            70.0424839826            -133.45362526            56.6845966242            14.0651414486            153.64699835             -162.250781566           -105.008392239           -39.9679462486           -82.7802197651           
rwgt142                  -147.688372737           -4.66952267614           -0.753412713348          -0.324268978862          1.48669229364            -1.66031070537           -0.305539691682          2.52961708683            -3.47078946088           -3.23892525491           -7.94101291908           -7.45028933981           38.0984097995            41.5405092052            -8.90688229536           2.91621285718            0.123482169898           -0.0716734720194         -174.882796593           -29.7868734017           -41.9945772026           -0.198223206198          -156.020900172           121.628480038            27.8766317656            167.938960608            152.205125887            173.332916583            17.7441523917            -165.397505922           55.6392615017            -75.22849236             
rwgt143                  -178.929229898           -0.411697897302          -0.869858480905          -1.43695392695           2.5598437572             1.17633770928            0.289300167439           -4.18042414231           -14.5581063272           -4.44728151612           1.04823541704            2.35551785074            12.9689742268            26.0498898155            9.02649819648            3.76916972601            -0.16315764996           -0.0558636222747         -87.8084649673           14.0152772727            29.0818280002            -160.004663619           -169.179600128           -120.820291979           68.1017742554            53.5417818486            154.21272425             -170.7613834             90.9936088667            71.4986075067            -101.587951026           -63.6010041312           
rwgt144                  57.1115431631            3.16647279155            -0.807379378142          0.50860726272            0.60266425235            -0.0292240900105         0.136801586703           4.85906106023            3.09964738827            5.82338476724            13.4238252863            11.5838023822            40.2413933759            7.25788251666            -10.4349648027           2.09367932162            -0.121177715177          0.556947589221           68.5830184783            -133.359032014           127.699747817            138.534586543            -43.6778103873           -139.251171417           -65.9328951436           -124.784001845           86.1599085595            -43.6673158196           156.38246264             65.5198023388            -161.759536002           -144.650062972           
rwgt145                  -173.294600244           -6.55824920658           1.43689983744            -1.62289220022           -3.24328378359           -0.764260789628          0.550580786059           1.67590291677            2.71919632373            0.147771691136           -4.86575571112           7.13364220465            19.8440219016            -33.950505513            18.5382880456            -4.36799529962           -0.0363419142181         0.454707933307           134.647126348            116.299904458            -76.6521197757           135.629972009            -155.01304633            -43.9826605855           28.5346154798            136.576418593            -40.9715891278           107.069244614            -105.183113394           -88.3597108985           164.252049137            107.926974556            
rwgt146                  -61.9329503648           0.840890363487           1.14967469888            -0.463244603511          -6.06837378178           1.27750680007            0.126039150913           -5.04195346042           -0.597721033751          -4.32865393604           10.3498600262            2.64339322201            22.1298598176            13.6231910682            -3.0499527306            0.934859002399           -0.0666106787097         -0.0744670156035         -100.530099194           22.1863549158            -157.468031828           62.1195578613            -166.734442655           140.798448655            41.3345531594            45.1190944833            73.2857787746            101.321906509            61.0552963496            47.0150343757            -44.0337412979           140.641629872            
rwgt147                  -171.577088557           -4.64009080594           0.0671652212903          -0.0702964629319         4.06405698099            -0.743666927716          -0.22826039713           5.75702267944            -1.2821925759            5.51472887559            -17.0004553748           12.1763186705            -30.9012778569           -24.6212841496           36.2342299952            1.14982289391            0.134667090866           0.420069305795           43.430512645             -167.07293169            146.136470886            -53.3456391137           77.4470108706            120.462429162            143.004058627            88.2446999186            -150.192354893           155.91422103             -20.2811155672           -94.4855036878           13.5413937463            -61.5062616035           
rwgt148                  84.9048735255            0.316345789571           -1.20567450891           2.61870555637            4.1376533578             -0.87437032464           0.503449956264           -5.55393222914           12.7104421249            -1.33976189636           -3.96876405558           14.5943775612            6.94859370561            38.9263464013            -29.9620102163           2.21826222249            -0.0442825729992         0.132567447425           127.687278124            55.5330809473            44.1181787786            39.2560136551            -15.7658842278           147.603073626            13.4193207771            -48.2915564075           94.3104296152            45.9835166702            -122.67328325            -8.99874342927           -63.7114981015           109.046581386            
rwgt149                  162.259896574            -6.04207499663           0.853411574402           2.80243234563            1.90848154023            0.188517936221           -0.0961978399106         0.0539564693686          -4.92666249888           4.73118262915            8.97379397229            14.1425289748            4.8732725118             -9.87590929405           29.6160980079            0.66267451639            -0.0353319446787         0.117068373113           -125.706128122           160.78337209             -93.5885141732           -129.496036062           134.220906852            104.267689377            -133.474460097           112.270265139            -176.745841311           -178.586713134           -81.5389153991           49.3460307605            35.2102691399            110.645002232            
rwgt150                  156.054977784            -2.00269969581           0.516737996752           0.757915233403           -0.212937961915          -1.1537786032            -0.337879224697          2.62532105344            0.297104411803           -4.3359827834            12.1569083502            11.6403884821            6.9296816169             20.5132781417            -1.04202275936           3.9016867711             0.0912018776256          -0.58913111729           75.6317181633            120.9696145              75.9487571704            -61.0750389083           -158.777896695           4.76337911344            11.1114397594            16.65020082              -21.5105059969           -169.124102514           162.492298799            131.468858252            110.817838943            -175.078331377           
rwgt151                  -44.1628709049           -6.28361524938           1.19008291546            -2.30111580022           -2.76648761714           -0.35395503885           0.168642627289           -5.77585060775           -14.9020599872           2.2452166403             -15.6874252938           2.95116695976            36.6948617288            21.2642149769            -17.3268688514           3.24842946109            -0.0307971533125         0.578716507689           -136.047378835           91.9222654272            -2.63506596749           -58.571964898            147.106757992            -133.658607559           48.6052330485            151.295293859            170.640689687            89.211619685             91.8905266628            -102.144454834           34.4873006944            -135.235103977           
rwgt152                  7.14483628209            5.49129623988            0.443513136369           0.526384176716           0.878573536411           0.654775185617           -0.307106388122          2.46410984864            -13.9381541481           2.32674545483            -6.3426700921            9.78719322853            15.4744140309            48.5337491473            37.9613915966            0.690759641036           -0.00979313524912        0.228801361028           -154.461783176           65.9945963228            86.8067929649            162.727319359            14.9785763               -96.1656248627           175.971280826            -62.4344470367           -85.3613823104           -123.808557292           -111.754362225           -141.895704694           94.7831405605            -31.5896776118           
rwgt153                  88.8245189211            -4.71481735234           -0.850351559887          -0.810645115708          5.3798652933             1.38279610791            -0.138867713715          4.21359663426            8.50113590192            3.57618548018            18.0561339004            -1.40494342378           29.3888287073            8.15117477502            11.7716387562            4.31183838002            0.176832571809           -0.177176651902          -48.1237280778           78.0638427672            11.1714175047            13.9601922006            13.6001665089            146.831407977            -73.8540503666           -128.858439679           89.1227022422            -123.609913384           111.644704033            74.7182449916            31.1434600532            -36.0259574136           
rwgt154                  27.8237310188            4.90901448348            -0.330457939058          -1.69839883676           3.78277475681            -1.57693515496           0.309345908793           -3.96173962902           9.33674741225            3.87916958652            17.0667420769            -8.19803627801           5.78323299803            44.8610199616            21.5239782636            -4.19976265493           0.0929864122389          -0.0403706566669         -40.2900361479           20.7987130509            79.4850497526            55.3999183606            26.0226826451            59.6608260452            -74.2795716791           58.7493462451            -161.207370587           -174.694339024           -92.8960238752           -26.3571880238           -116.738664297           -6.42739611582           
rwgt155                  22.3085583127            -6.10356474218           0.982350606951           1.85909486679            -2.71185860056           -1.51285672627           -0.546670336454          0.490095817423           -5.93779680034           -3.16520338282           1.42197171923            8.43602456847            39.2764253065            -23.4440814543           16.2881600234            4.15932862133            0.0953067420056          0.124449721593           53.1244007307            122.647276273            -151.049844582           33.5385890328            49.7938056828            -15.6001304926           98.1762508719            6.0837222828             -3.89154822171           150.769295918            65.7060622616            124.062112529            173.887436179            96.9994423569            
rwgt156                  -61.4986418455           -5.61831299592           -1.09007468371           -0.586232769553          6.24624800552            1.7603410503             0.26465481433            -3.4388173132            -1.79314549216           -1.42999106907           4.8723825154             5.7205229539             -31.1107548429           27.1343551129            -13.8783893799           -1.03005872239           -0.0300186292681         -0.613982969727          24.2774903112            137.322070153            -27.6601567775           167.250656526            117.074904731            98.8378085174            -133.086690762           -10.6729195712           -49.1405630157           -66.3421445653           25.2479495874            166.42450786             -179.463476317           -84.2571433797           
rwgt157                  -107.558293678           6.57077465444            -0.063912244988          -1.51419539658           3.21173863334            0.0949667459085          0.422610139476           4.13850843486            -3.07594220703           5.70865370197            14.3455385986            7.39347206637            -8.82052239514           -17.2679631748           -1.74550020394           4.61230269228            -0.156943439308          -0.291928068189          117.854506322            -86.1623192372           72.8545043353            32.5327134174            79.828084669             -115.274651368           -74.8137262865           104.523380835            -25.8714900185           59.0999888139            19.592439193             76.2929960028            -141.717975644           -22.4138560388           
rwgt158                  -52.2341951175           1.20833663596            0.527215157921           -0.271944457501          3.65794350685            -1.10732324654           -0.459981272164          3.57782182918            -2.83255841473           4.35654886381            2.66987845402            9.66227893582            9.83244326957            -7.88112146762           -6.00468869331           4.31130116365            -0.085772846691          -0.0742141792199         -40.9004803816           -162.666317013           -78.4712972626           80.2096267071            132.070492863            -42.3841653434           109.224032563            -130.292131655           -123.160716283           13.0409331821            101.187587391            103.778390707            -149.994267668           -12.452259093            
rwgt159                  -35.2434088374           7.13162870375            0.0973056026316          -0.744663223352          -4.49251885954           -0.530916872281          -0.0911488541981         -3.8250971749            -12.9743743763           5.07512507547            5.93844116645            -15.5029645815           -16.4096108175           -35.2740314398           34.9768909148            -0.486986242163          -0.0793436425267         0.00117793570627         -68.1667189377           93.4308990956            132.899284404            -98.3494587176           27.352576047             110.050117281            137.494215315            -0.639008576466          -101.400427301           28.8943641072            -113.528394988           38.9603775467            -99.7420432482           -113.138179529           
rwgt160                  -87.316970635            5.02118349155            -0.964392162489          -2.24042095201           1.0036347088             2.10949579636            -0.399413739338          4.95636320175            -7.08550017359           -1.90405855455           -5.85855864984           -17.8186706012           -27.8559680476           -26.1810766374           8.68146121629            -0.932179524165          0.125274657859           0.221056477707           -92.0663885377           160.212396368            172.251023398            123.826660037            54.7985036451            -65.1206913557           159.136419885            -174.230523206           175.689511721            133.313732584            -33.3082490111           -6.37703666067           127.567090016            -105.837637813           
rwgt161                  -144.285201336           -1.50475300788           0.517662701802           -1.42840391183           7.21616122781            -0.943246257104          0.657954717844           1.5016606684             4.31027972882            3.43343763639            14.3896101803            16.4296139434            3.00534905461            -49.1214476993           -1.71821554121           0.0753289605368          -0.0573406740682         0.377994196922           -124.290766548           109.324975313            153.975044667            -170.18428517            -112.55490118            112.220948676            -57.3657431708           0.119035419735           -78.286153568            134.568831522            41.8870440413            82.1707867148            -19.7805173656           -76.4723635395           
rwgt162                  157.712476269            3.7738864553             -1.45547962484           -3.14699792512           -0.323448033702          -0.715944353863          0.379138086322           -0.397278557492          6.10502829533            3.75328062914            -1.16460338379           5.75319988345            -27.9824473173           14.9229216427            24.9202365998            -1.22461795013           -0.022276531163          0.55603911867            -164.459691284           98.4171778577            15.2502348608            -80.789807605            -115.335302258           138.88520359             -46.5290083096           -167.064964271           32.0400500754            -30.2143706287           91.3878846354            -115.365195272           -123.950912509           139.936405142            
rwgt163                  -157.321432988           -0.220059051913          0.438979724431           1.12344546355            -2.35906743976           1.65892839217            0.0403694863028          4.46352197385            3.27311486234            -1.77563379105           -8.07914803235           3.43259208467            31.151300232             -7.64877328847           -28.1866029805           -4.16319697946           0.156112703019           -0.518928449365          -51.9891698398           -3.66324542597           -178.461286359           -151.67544909            -125.901833989           -73.3113839822           -171.873064657           -50.5431998215           -50.1417764696           1.36102400702            -138.824076773           -177.388788029           -31.4054590798           130.26837882             
rwgt164                  -127.16860792            0.365210702006           1.44850456503            -0.816669008705          -1.2403571347            -1.483071251             0.29888055996            -6.23235471841           12.999428953             -1.19897185203           13.8624281718            -4.79752155098           -3.87463979893           29.1673777753            5.25914944384            -3.08518938282           0.0813096956841          -0.39608641099           94.6444509408            26.3182014131            88.5631537502            -100.534199236           -25.0341381752           109.082481005            -147.428551304           107.037388885            -177.469360917           162.661335187            -67.2794395834           -125.972310681           -28.8999721979           148.434083095            
rwgt165                  0.812508595751           3.26191558582            -0.931626069412          2.50095456412            7.22680348221            -1.41488671966           0.330927657758           2.86757526448            1.85154283607            2.18319748895            -4.52396439473           11.8455377829            37.8484024677            -45.2754123871           15.886521642             1.85993921536            -0.118712154613          -0.448799812691          -130.340112673           164.658074056            74.1640467498            84.6296541531            77.3443896174            55.3465184758            60.4046789791            87.8007238967            168.649924126            119.146549676            67.7132653539            -151.137141588           85.4766415908            77.5919775085            
rwgt166                  -86.8115091477           4.46063544521            0.0518383438108          0.988227197578           -7.32564248308           -1.12200003023           -0.654961444097          5.71646216598            4.38985553224            0.36147461951            8.86147396973            -16.5412626799           -40.1810776105           52.0236820626            -17.1892411578           4.32493644266            -0.0126919932152         -0.565935078206          8.64159175048            91.9543437756            73.1836855412            38.5542362009            62.5035858851            69.6803379694            -73.4507247877           -118.289121332           -127.123092018           141.076732606            126.228942141            81.2497929166            58.643294457             73.3892176313            
rwgt167                  -41.2673720644           -7.38905445769           0.600988163215           -2.57133689671           -0.500217030933          1.37683005715            0.290960338599           3.81679260112            -10.478528423            0.848878527555           -15.1937594182           7.85438837102            -34.4970403023           16.5668910651            30.8990218943            3.90508022157            -0.105195685248          0.0791430656144          135.125642036            -137.403879986           -17.5371284008           101.301018794            14.6257503263            -72.1849601255           2.20942070011            32.3723194307            71.1828263246            -49.0119520966           -172.46498722            32.3022435904            -176.378051227           -55.6203089066           
rwgt168                  83.060893388             4.40485367567            -1.26109279588           -3.15005450191           4.10442859853            -1.51324575063           0.4722120027             2.45000794495            -12.9094629419           -2.5229055866            -12.6687468465           -0.619879702695          -40.9224732804           -40.6293314494           -13.0573933164           -3.35741699739           -0.107619576431          -0.555616853958          -170.781195604           50.6139725162            13.1232767628            -52.5133971502           113.145611904            -55.0627343932           14.9688233363            170.570285815            -72.6842236602           104.713490189            -23.7559550716           -7.29775137082           169.858761499            32.4170786435            
rwgt169                  -136.61835588            -0.502195604553          -1.23258932124           -1.61699509604           5.29330131811            0.354882977274           -0.360499171744          -4.10855455879           -8.71124435391           1.05280418955            -6.44945261152           -2.76766120383           31.0456134094            -5.6658536144            -38.096947424            3.34444072098            -0.0295517547542         0.211126998786           -85.0447934332           60.6408390596            3.48444585265            -118.52557588            62.2784484599            34.2999017607            6.75929673894            -170.525139338           -164.42966519            13.1992112065            -1.51408690088           -143.446183066           -83.7106372718           48.609300333             
rwgt170                  6.95619283243            3.58892532953            -0.463443464204          2.46402215993            -6.1549620577            0.777993563283           0.281072895728           2.81309695361            13.4944858167            -6.42415521549           7.76958519113            7.72997345825            2.02405697273            45.7629023629            25.4144549497            -3.4671308944            0.130678919933           -0.308654705636          -16.3639361068           -167.419016639           -16.1015657812           -104.981205189           -174.863883494           -141.373146724           -124.257980693           55.5620203085            172.813088086            105.753523196            -128.145702419           140.498963254            -123.970062703           19.4061415019            
rwgt171                  98.7382347514            -3.95113987469           0.750892027306           1.14811442457            -1.74546886108           1.44684130651            -0.128488333941          7.18224785236            -5.17105000802           5.36998838205            -10.8377629614           9.61901992649            -41.5705699138           -24.5765818267           30.8219381634            -1.48022122533           0.161845949228           0.20129256625            -105.339771363           111.485094287            53.7234740737            -17.3384125291           38.3119580789            -159.168894678           -12.2602955003           -0.157388405462          -82.1983395171           11.8416674449            142.94358402             -26.3280396034           159.541785895            82.0000690663            
rwgt172                  122.670739954            6.74398569875            -1.13536475538           -1.83372239038           4.65823327289            -1.33887121854           0.780466019159           4.47212238307            -12.4452787446           4.86294382713            6.63631665439            18.7269692943            -42.799170001            28.4023140234            32.4861485757            2.86700549988            0.156613597343           0.159677726814           -101.720826543           -43.060687378            116.991558659            -62.1604008407           -54.3232231626           -118.661995357           -150.284385883           -67.3059134424           -169.911668556           47.9066650161            97.3530102128            -139.871387238           -29.5223228725           65.9264899598            
rwgt173                  96.518740698             3.06187712038            1.05901865108            -1.8352162612            5.09843530381            1.86533173266            0.57228962825            -3.14050797915           -5.01700199688           3.37856463426            -17.3720151615           -14.6515379857           39.0821836884            5.1576120011             -1.71409014789           4.57790993933            -0.165169982866          0.403265728926           -60.5632853494           -179.206782381           -0.327554882084          -94.3613021964           91.6212392417            59.3343587221            -70.1110948628           -101.377095465           -1.85651884269           132.090053541            138.453814633            -123.835832936           -56.6664605429           71.6494805959            
rwgt174                  -90.7277343809           -0.753768389548          -1.20916210849           -2.35677621858           7.56291862307            -2.08580642411           -0.41506472637           -1.89008446461           3.8739117395             -5.67884440959           -1.33694639391           -19.1829588791           -26.3764497775           -12.3286153734           24.1604151968            -0.300851252748          0.0986503889499          0.185323392079           -114.568065348           -32.3180571683           -133.013590082           -179.714136347           147.832997277            -163.186894027           -105.622503857           -63.935282668            98.1863006849            77.4304505778            156.698115745            -42.2804665461           2.88016917591            3.92339999749            
rwgt175                  -131.74324359            0.333610255779           1.33556170551            0.530073559843           3.6702049741             1.52727745851            0.133163765672           5.57563687223            5.28092904903            -1.40929592418           1.77528423493            2.81999975452            -8.65434046805           -9.71584161183           -0.230592345973          3.84314876004            0.148749714784           -0.0159066754383         -157.540284343           175.463806926            -62.0037507112           -20.3321343016           -16.0607552458           50.1202639378            -32.1945841475           61.2213345916            -80.7930163397           -155.530488182           -33.7747080343           -50.9249496999           -44.1728277644           -112.770073258           
rwgt176                  -83.7253513872           6.68192656879            -0.602553685111          -0.729956460142          -5.96634740649           -1.70377796657           0.254058461825           6.33660537032            -2.77396727839           -3.69150043971           2.69625002898            -6.39634214786           -3.27318311525           27.9435965549            -2.39694692748           0.506945378963           0.134664385599           0.013489356134           108.857742506            -179.202713972           -131.93733756            145.755907547            27.2371370712            -179.341233447           -98.4547474407           -127.973503815           156.516371374            115.580986709            112.170208614            -22.7170734729           151.186670484            143.611481608            
rwgt177                  56.651551046             4.52036453945            0.0516633084432          1.50657921349            -2.45556549596           -1.27970353758           0.675917655679           -1.57130677409           -12.4165461348           5.90711563709            12.884196537             -13.9464576949           -12.2585328957           41.8866807451            -9.58460884709           4.08924669848            0.101756227646           0.27949344445            13.159610713             -151.637555534           -79.1757529838           79.0020588142            78.9402219038            72.9782532649            76.8260407367            -59.4637038964           -31.939942962            47.2740723267            -101.392273318           141.695506184            40.2005674644            145.694800467            
rwgt178                  35.4250911544            2.56518014029            -0.651171848684          -0.631160533954          -0.105488078693          -0.707572949873          0.307904693808           -2.85521434485           -8.43563243035           3.30909211558            -13.4940392048           -3.17427023674           -34.0627980073           -43.3855387113           16.68340097              -1.70950526124           -0.135312033831          0.463477364905           155.228556697            -10.2202037054           49.300086202             -170.388412275           -48.7816439596           -36.2256558811           125.173737561            154.253178792            81.6631031056            123.658269444            95.0898625303            -77.0334462361           36.2893276794            51.0378313015            
rwgt179                  92.1275458166            4.57419740145            -1.14543639502           0.00444470961403         -6.41689502881           2.13518117875            0.323866162108           -1.25169067446           3.31116698804            -0.616881219343          -4.92823257833           12.4714976512            -27.9910244089           34.7259010143            6.30283928139            4.77452274482            0.043323593129           0.244107315855           50.8791461545            -51.5017885528           31.1675751238            -80.2401586366           60.7176151271            129.305433293            162.085640535            -82.0958119485           -100.694824524           -153.94728583            70.6240002907            22.9656825816            -145.152185395           -136.216047841           
rwgt180                  -96.3847460644           0.689953768804           1.08396444193            2.39256420855            -6.82673932292           -1.72793658554           -0.49348427777           -6.17201337843           2.90419217708            -4.81528476801           -13.3913120647           14.6094251517            -12.6551676827           51.4479056734            20.7049009426            4.69771684902            0.0731417297089          -0.341073267094          73.3398402957            89.8508720876            -179.153992234           103.90663459             166.035696194            -79.8694339185           -80.4009376413           102.181079011            -71.6032974839           62.2615061431            133.810412247            14.190068348             -161.302117538           -26.2422723545           
rwgt181                  106.323323265            -2.80990570616           0.0983644789084          1.08609921683            -3.55671145374           -0.464417367796          -0.11711021708           4.87134533475            -6.47577744972           -2.73583071056           -15.7163357306           -3.96192773515           29.3438008221            2.06914521031            -7.21000202573           -0.908832111818          0.149638664556           0.254335415807           -105.493378334           146.715135934            60.0217486893            -78.9684872291           -56.6551779641           -132.829327797           57.0349632892            0.890200257012           156.568624609            114.329758596            109.710465814            156.494769176            175.011025214            -89.5753735419           
rwgt182                  79.0848761044            -1.95033222929           -0.830950809422          3.09849649474            -3.16370577942           -0.0144382239837         0.483702295787           4.55945298533            -3.87382723703           3.33197361632            -9.86050198474           8.0901151747             41.6352287002            -27.2814763637           -7.64579557459           -1.17491780247           -0.178447998199          0.462588087183           140.360475615            -128.757868495           100.69810145             -25.3545326726           -112.175234873           71.0007371075            129.64795565             107.865629672            139.842889542            176.577551742            24.9130487751            147.358617678            -99.624192759            -159.490349123           
rwgt183                  -106.544816116           -0.843582436599          -0.0399008243486         -0.676231444553          -3.60377603114           1.36743852304            -0.618692553873          -4.39170352451           0.974885518359           4.46836134497            -15.1925259668           -9.53612407449           36.6022644753            52.7083618839            -16.2716474218           3.74327949879            -0.0586869914711         -0.405790072896          106.549974292            125.029956112            -15.8907823216           -121.112772638           90.1532279217            -33.1370519338           107.639281027            -178.079173678           158.728658814            -21.2378656764           -41.6067882062           -13.6855715215           -71.9732176789           91.8087060239            
rwgt184                  117.442187079            2.00959803162            -1.41250016688           -0.67519177215           -4.45876306463           -0.0699509337524         -0.597969261585          6.96451755287            -4.87132126193           -0.238210195247          -0.177586733501          15.4944883814            -5.43385612135           -33.6118692339           30.9861188468            3.85587393532            -0.121288914697          0.15503299509            -97.7203776653           -174.464724561           -93.6659416096           70.4611516789            -32.132843145            5.42832464624            -26.2279146935           -8.84383830399           -19.9111335181           117.514177707            -31.576558332            -85.0915230712           99.6806311403            172.140796073            
rwgt185                  128.042905643            6.04349813451            0.835990558108           2.25278460589            1.96229313459            1.79618152708            -0.284841688374          -3.53345083754           0.0350507477407          -1.38703125368           -9.85482932506           7.95762658181            -28.609494212            38.0709910464            18.5606128162            1.52895841643            -0.131057000177          -0.584733937995          44.4179766686            -164.129143505           157.603980091            -149.975864592           -122.829728256           116.562088903            -101.276464191           165.655074471            52.241037959             -122.17523177            62.2034405307            159.469914762            80.8365674184            42.3533465627            
rwgt186                  -91.0027689701           5.99297711898            -0.57401856326           1.6303282015             -3.17598819224           0.0720050063896          0.383813192758           -2.07752908084           5.11801434017            -1.58835117516           5.59962962567            0.340155013987           -36.1663101203           24.5875378143            37.3105414797            2.45159797474            0.174016596111           -0.265065302657          -19.3951352407           -38.9791320862           87.3774617169            61.3518941477            -73.9300765604           130.291588543            52.6628751338            -135.480238659           -87.3848096415           26.2392909382            -103.348347238           -150.209942848           -143.224729673           -94.6003942293           
rwgt187                  -152.761695913           0.997814726349           -0.657561235918          1.77609863926            4.23089452476            -1.4417802802            0.696232030879           5.22716583559            -12.1080373445           -1.33721892356           7.90401393076            -1.73898395203           32.3837763591            -39.9083141747           -33.1383757947           -2.44924399889           0.0649954087979          0.0675618191099          -177.499773097           -63.6000927514           -85.4864179089           165.984956745            -18.6695343026           72.8257609917            -76.9739432761           -99.0162697838           6.80446975245            -10.871521243            -42.5995941595           -131.333208465           -59.5123705229           11.3461150657            
rwgt188                  87.178780841             5.14803971507            0.119696242001           -0.241959210519          -6.29206421989           -1.07842938902           -0.791075891586          7.1054687872             -4.64642649479           -3.45367942722           10.649568668             10.2623435294            20.6165126431            29.7262982623            34.7479417034            -4.0492085513            0.142598000694           -0.0824125586134         -102.920128386           148.788927342            69.8941745158            -155.247912458           127.0709152              -69.7045554727           -135.20845627            -65.1079832895           120.450112441            -50.2312800857           -9.9299419719            -37.8413594429           79.5128158138            -35.2148578564           
rwgt189                  -43.3822616256           6.9829750123             0.50471814652            1.45144299414            4.66538299119            -1.10608738652           -0.326215335175          6.7828195536             -8.89551685759           -0.8115241261            -14.1295100071           3.43842373593            -7.30876649219           -39.4719443727           27.3699587347            1.14193066429            0.165136764149           0.276702909973           -178.345375983           123.175227882            -137.208371017           -135.385941595           -8.05713115992           56.8513381276            -119.866750141           -134.442004217           35.3549996101            111.81044959             -111.040665129           177.425029485            137.843383562            120.745919161            
rwgt190                  -171.236035524           5.92452986097            0.790408861184           2.92740033234            0.845216347459           -0.0814100109299         -0.465133359022          -3.99304426898           -15.1263285623           0.233636701712           -11.681830812            15.6575375635            31.7280200285            -46.0982019066           -13.0740821113           -4.18001206474           0.0471614114818          -0.238665152842          55.7347246843            -100.49302947            92.6995618071            60.1830498924            -54.6466237262           -17.2096116318           -5.37847611603           -9.11682375373           -44.2922833876           -105.706437241           54.9728081426            -110.224450916           -142.891395085           -48.3156828418           
rwgt191                  43.9570629242            -1.58949604747           -0.0800871878668         2.22766336888            -4.26790230163           -1.16446807132           -0.0225348837122         6.33240945547            -3.64437966707           2.67098775467            2.41671940701            12.7547717145            35.3763310687            2.39717621687            2.06164475638            0.454405774949           0.0500066064528          -0.200475939602          56.0207577857            4.18487243703            141.727180478            18.1664476558            -35.0442659238           -91.6015132638           31.6680206779            -94.4829760196           -141.221392877           97.5342240121            96.3243639163            11.1382827904            56.0862002855            92.8554294353            
rwgt192                  -151.702682091           -1.17396912699           -1.37924637062           -1.60273431676           6.62997436084            1.07594853922            0.0300785834724          -6.6164453817            9.16989144668            -0.0980119378862         -8.27624054031           9.13639675507            38.157837296             31.6656868376            3.9587028591             1.88866350585            -0.100486002319          -0.140691249637          -132.534315417           -27.4582445883           -94.2567171282           28.3321821771            140.348643813            -114.667890381           -161.562885105           -101.142658765           -20.8523760866           112.558460232            74.1013316512            -136.914359119           -165.715680773           -174.433183121           
rwgt193                  52.6245289492            3.59602039449            0.299499636571           -1.8824034724            7.23217547543            0.410594438335           -0.445443287378          6.93323614551            6.58751895265            6.39580313126            -12.5358903565           -7.1468392997            5.38341444731            27.8599130053            -2.00050926446           -1.98951427639           -0.111451979144          0.104573012566           -39.3128152616           11.1965964821            66.4016376628            127.935228328            -85.7780979566           35.7256015669            87.2539232922            133.284070737            178.248472491            -53.0598642171           -104.326162814           90.8568625683            110.402155557            -111.563790909           
rwgt194                  -160.400489405           -0.281383903747          -1.4364660973            1.61729857149            3.502717694              -1.36978861506           -0.538621138594          -2.91785218758           3.99388134846            5.65797903403            17.8421589587            5.20485983909            -6.62731977061           -25.7604029611           -36.5460484332           4.37892859721            0.0208336934652          0.308894262377           -4.58781134006           163.157024308            169.868415297            -140.151416098           -67.494254658            25.0080376152            75.2900889711            -168.80668583            -151.465608832           4.02633928099            38.2049210385            53.2784377582            64.8941997725            34.4096124997            
rwgt195                  128.986696714            -6.47349794208           0.98295746008            1.77451195721            -3.04224250679           -0.851763034107          -0.115041857747          -1.51379011529           -5.07875186906           0.937081423334           -9.0289490686            -10.0538173532           15.7315084544            -16.9261314967           -26.3947960013           -2.30666403999           -0.0508430424173         0.566658540666           -30.0777280794           -99.3876442012           -146.240982963           -4.15073906937           153.087817985            -3.36537348202           -96.273553311            3.83717878419            166.729706581            -111.418705026           47.3487947603            54.1787415952            151.508594246            -141.536563261           
rwgt196                  73.5358768477            1.36420282687            1.41370911241            -0.997385605762          -3.96654155739           -0.911723996947          0.263072471404           -7.08669215496           -5.60031185773           2.1909260831             -5.22723662694           14.8454982203            24.749591705             -1.13235288971           -2.21487562282           -2.05486187926           -0.113086241167          -0.0661942682238         -88.4835466368           -123.046852085           -121.712877187           5.44831336408            -89.4698150435           -81.6242790289           -49.5895043442           155.111799009            25.5896558133            68.1639571771            94.1057465245            -101.229688926           98.6894023322            -145.210828223           
rwgt197                  -146.578662435           0.23086696776            1.07511868234            -1.93288346672           5.41754874275            -1.22502833464           -0.577572679559          7.03508484565            9.70975933411            -1.34073318862           9.00431896359            -3.03522954805           0.624281131675           20.9706892091            17.8315352815            3.56311751441            -0.158875886134          -0.456905876294          -72.4838456499           23.6056003058            9.12619504769            160.933317263            -144.379206721           -127.976832899           -146.598365966           53.5096019477            -17.4422976499           15.6745243708            133.899784476            -75.4491008582           -66.166447665            54.9204797133            
rwgt198                  -55.6218703456           1.89957479665            -0.439988186496          -1.90197078241           2.56904349809            -0.518374284739          0.199477060632           2.99792980544            -14.6232866332           0.644133832168           8.26652723438            16.4954995306            25.6248990158            5.09987403926            29.8247095586            2.7147666619             -0.0231345657003         -0.494431231026          23.9310469736            162.29898987             51.0110189986            -90.9774073001           105.537595433            171.336385929            -34.5944881532           -94.6172545493           -168.051167861           -83.727253684            -18.2872732743           -134.249753692           -162.967751847           150.382621447            
rwgt199                  110.382789815            2.6230262344             0.746577692156           -2.33123246066           -1.20931525205           0.413482474532           -0.316543794866          6.70489238743            8.2583048604             -5.82261090449           3.00788349003            13.455021234             -39.1880300682           45.1218549306            -17.7456586892           -1.4655259616            -0.012754062954          -0.234200770416          -2.77862669138           64.6014844232            -157.441162427           121.778325124            3.95944840711            -81.7421077463           132.470274633            33.2976326052            -95.9615830895           -57.7647714275           -40.4239142521           -102.815398084           -59.5699779683           -45.3055033425           
rwgt200                  138.165225038            4.53073496186            -0.919713979497          -0.690077701823          0.714866951887           -0.793241203832          0.51698257407            1.88746357884            1.32444736055            5.27845008324            12.5807655295            11.0036078644            -8.86882157628           -14.7324355407           31.3012150323            3.913205035              0.0203824959664          -0.2482419867            -106.078810674           -132.418100981           53.0704124185            71.6780337068            -90.4107591668           -83.1635404022           -102.251505794           -144.433153508           -129.455730922           5.04607233012            -109.837887              -92.7465121605           -13.1547438613           -111.044179387           
rwgt201                  137.091994019            -0.250575105432          -0.0410277267582         -2.24403711927           0.282962928108           1.07941179279            -0.128064567156          1.13780134299            4.90179188093            -5.28056791476           -13.4369387416           -11.1853353253           20.0200391972            -16.5069296695           -1.19367188334           -1.81037932944           -0.0585451527361         0.499920151687           39.7713675437            116.338093055            17.7873388001            134.99609502             -135.720982316           -40.3047924877           94.8397368486            -122.281389734           -173.225542293           -169.123243863           173.869511214            82.6663852195            -5.49202154268           -52.2979248701           
rwgt202                  90.432823761             5.39771525059            -1.02567002083           2.88008515216            -6.55588069982           -0.0082314928095         -0.479735540879          -1.27490092541           -7.5549138612            2.15263324658            15.420658988             -1.64349990041           2.00223624101            45.3301200884            -34.782579357            -4.56936837209           -0.1205894537            0.626716767492           59.500879993             52.6575448386            177.745122667            99.3455574228            -172.049048205           -61.2307821177           53.1905717984            -23.5949475452           38.8145664203            -19.9138604792           -22.7991195885           -123.479659633           -78.7425619744           14.380033145             
rwgt203                  -17.2414220433           3.88078080959            -1.09533859728           -1.41355777265           0.879098805946           -0.74270373776           0.522939891185           -0.489974225984          1.77150600027            3.74826289627            0.442270130191           0.344520169904           -11.576795625            -16.0109156179           -0.0493489545276         0.303550163172           0.058814083061           -0.411663085362          33.4784325264            -86.1277355955           -131.414753613           -50.520723133            -101.044855416           96.5880520019            62.0537228463            -96.5935403418           117.000973144            -16.7947588843           -101.270091645           68.410972824             -135.457387148           -109.828472664           
rwgt204                  -172.210487804           7.30929339947            0.320601868687           1.50740310764            0.137352944059           -1.04056937833           -0.712755621341          -2.70336519873           2.26310449288            -4.69767762799           -6.28184511961           6.03340719358            20.8725568362            48.1006692611            15.268365495             -1.52903649035           -0.0766421872734         0.252482206455           62.4870516239            -74.3546696661           -135.518130724           -170.2007504             14.4240078868            -127.301770162           154.688058334            -83.7817570382           -123.823019087           -120.158987858           121.536798407            -92.3806294835           -118.516591606           -25.402596539            
rwgt205                  123.854174641            -3.22710099297           0.527303615408           2.56827192032            -1.61419022737           -2.02185943748           -0.670620998781          2.04632431371            -5.68238951547           -5.9227645873            6.62413789144            -14.5407174969           36.7200474393            -16.6699952767           -25.311435768            2.25157112057            -0.0460484835935         0.315866174492           66.8331038552            95.0421251968            68.7053662046            -15.214397723            -14.7996913668           142.891089156            -3.3694736313            38.6101881349            42.1996090248            -80.8416257902           175.118833597            -44.7591805885           -32.7330823155           -38.0349626685           
rwgt206                  171.103459345            -5.70825679118           1.24098088365            -1.87976918244           -6.82422779157           0.0318972397833          0.749774899374           -5.79871400868           -8.06190267598           -5.31565157999           17.6940062488            -12.9045157495           -43.6794516359           10.2445522173            -30.6888946748           2.79467117016            0.0866064757183          0.402823177801           5.34214543941            -27.7763621766           -140.893744369           92.3051081815            -161.841909795           -136.774777346           -16.612535343            23.9311039133            -112.014611585           -84.5979138105           10.4921137383            4.10959185275            149.070137554            -5.47289759795           
rwgt207                  -143.1454086             1.13407385651            -0.728873351679          -3.16165701714           1.80150068828            -3.43949350068e-06       -0.679678959136          -6.97659473717           14.4400143053            -3.40161007171           -5.95963930937           4.3633170616             20.9899911828            15.4265496653            -35.1988405692           -1.57320507224           -0.118527207378          -0.332130118351          -99.743999435            38.0639071497            119.192572271            -90.1374217176           100.403561621            16.9809888096            12.0278210707            51.3443795825            64.4757545013            -8.95703358858           104.543925888            39.137722101             -177.062877982           85.6978641951            
rwgt208                  179.758667536            -1.71777115895           -1.33567012736           1.04269313187            -4.07937424888           1.84956594036            -0.413765010812          -7.58941421671           11.9463654403            3.73603095239            3.82086793907            7.95345818335            -8.45288361208           12.3151330829            3.86550496812            -3.27508077567           -0.05950599433           -0.0693028876837         101.553161409            -132.000526816           -179.941331778           -179.962376622           153.54823929             -80.528097919            -8.95284215729           138.088894729            23.77089093              -164.896358579           127.976695385            -59.3576821989           152.03772086             127.829065433            
rwgt209                  -94.448157024            0.566688809783           -0.935679456534          -0.908160498086          -2.53047165378           1.99903176186            -0.383990641017          -1.15934243324           6.15453345335            3.54705948378            -4.20424542727           -10.7244652765           4.74015416777            29.3264095016            18.2096886858            1.9383664247             0.129805667167           0.140576245877           65.8464119697            75.4025269537            151.683636147            159.386733415            128.780363784            -16.5171211166           13.0038486341            76.3295323192            -96.809071936            -68.2518925249           90.3800810002            26.5535968036            139.286860969            -36.7195759254           
rwgt210                  30.6567210862            2.92737142869            0.720028573885           -1.14202930786           3.48614556869            0.320080909492           -0.0811546906311         3.64626750007            14.3336867085            -3.29167084729           -7.14466243175           -0.950940012945          37.2550035079            -45.6414667648           1.88631381745            -0.223900929293          0.0546060530028          -0.0257976778723         58.5816247019            -136.399090856           -96.2732035858           33.2842557482            -27.802411641            -8.99318663901           160.248624027            -45.1760013358           145.987133649            -156.995447754           -156.514552645           6.2504851107             -15.9614793119           -66.9393088559           
rwgt211                  140.904356268            3.33175287334            0.374499151037           2.01932731285            -4.16950580987           0.256870186969           -0.6175840015            2.93485552957            -0.4046904842            1.84079427943            -2.82109531492           -10.1053871897           10.6831603231            38.8445750432            -16.6782300282           -2.01042460935           -0.0747377913094         -0.238893747847          124.360898066            156.240041486            -78.5010103461           137.304947089            -21.7534084269           -76.4887722319           16.4834362438            -73.9755540593           -82.1007028153           -135.406498669           53.9900138314            -176.328240729           -63.2713346736           -86.7099182625           
rwgt212                  -6.05194694507           -3.70320758004           1.03862886902            0.733213964061           1.61453629222            -1.55976754184           0.594309384007           -2.42768117346           3.04265330413            -3.94540113753           8.88175096412            -8.67427087781           28.38638547              -32.6943527943           33.5374765396            -4.42677293783           0.135466229292           -0.493617083223          -146.356187721           -16.6265094006           -178.085287166           -42.8046398693           79.9279705771            87.66824531              26.2632680467            -161.015659096           133.090341609            170.300085066            121.561538394            65.2454533615            -14.4199875727           -109.013633305           
rwgt213                  -76.7442767288           2.40680754978            0.978716241478           1.86098039651            -0.742309093384          0.8983997811             -0.0639296617928         5.46318231235            -7.49789654475           -5.48018911062           6.95332045073            -18.3674267806           -11.5095515563           47.1112543838            -26.9082000503           0.146417914364           -0.146950278397          0.363021994372           -18.8168285934           98.2246572404            178.538605899            -92.5609103882           -155.462493531           178.868043688            129.643953708            -31.3296011376           155.711906107            129.842697421            -153.418426687           -90.1073794118           57.737094264             164.055694244            
rwgt214                  18.4512524255            -0.552698699531          0.601140325521           0.585652060443           -2.78679281042           1.9273995986             0.627605206056           -5.26843625513           -11.7847849694           -2.64755821731           -9.50452549185           16.3521592896            -32.4941916719           -24.0172253772           4.94254400166            0.0486673338004          -0.0590955347297         -0.555182209088          -11.3349217334           -42.9636432557           -35.8609453254           162.032700552            77.6455738305            -113.347944604           61.0403569025            -119.171214454           -6.20148277528           129.115559086            -80.7996018591           -43.5742049923           -178.93390351            -5.44636121172           
rwgt215                  119.755309231            -0.131554768546          0.619458614187           2.73602757516            3.87373366248            -0.343901491932          0.175544179438           3.75462531516            -2.96057265073           -4.3210668022            -16.9955449794           -13.8805593473           -31.6535893253           -19.2968299166           -18.2714822744           -1.66566065329           -0.16930818391           0.513845713084           -116.149062299           8.03223765207            19.4418217674            148.051902663            130.706902846            175.083518787            37.6400660052            48.8379521171            -49.188463716            125.790764141            167.582098647            -122.002357817           150.623825441            -97.8738574602           
rwgt216                  162.909450121            5.46539831784            -1.00687169241           -1.35756234486           -4.77446199305           -0.783635371505          -0.345067505904          3.99845127252            -4.39652477718           -0.697352836201          -4.12910932              -14.6929133986           39.8199894999            -28.9164017968           -38.7628046827           2.43187770646            0.00143910983654         -0.043223352628          -46.3133567917           -118.769442744           94.5532907873            54.3820622203            140.672318254            16.5013000197            129.5493517              -138.212264481           -85.7422493568           114.297462132            168.924334259            -152.932571589           -60.6135509376           149.460528828            
rwgt217                  -3.12378238816           4.36166362913            1.29959115493            0.527464268961           6.07772681403            -1.67231914347           0.624315208906           4.63144485945            7.25460449337            -5.57193433336           16.7355352884            14.9363100336            -16.4042302337           -49.7199774357           29.744737464             -1.07111046196           0.139475598092           -0.554380106488          -119.932369984           -53.9586809707           -167.212343069           154.446015807            -51.2259868312           122.891221797            -149.872717341           -48.6838771484           156.38181167             47.8801395352            161.00948472             101.722924677            -152.21808468            98.8450896678            
rwgt218                  -73.4198784678           6.96165424328            0.933059421855           -0.766564590131          0.528467495654           1.74388032622            0.371405876385           2.66049623661            -3.16800217              -1.48701136426           0.20465435028            8.01678898923            -26.3794577488           -28.0440635374           38.2797896022            2.76338002822            0.0959165363714          -0.625155074338          12.1355332254            -88.1104173513           42.9577807574            -58.9222906796           48.2190827082            -99.5728453491           -137.228811531           -72.2336262946           104.267901901            147.129766711            12.1235064025            179.014732773            102.309073917            -147.179672236           
rwgt219                  138.789167786            5.58819113731            -0.00315128505852        0.863243858775           0.120874408339           0.668175014249           0.57139704177            7.12190715964            4.53118618363            -1.50035705359           8.08222347775            -15.0247370221           3.84748473083            -7.37672865764           -23.1763245475           -4.45156073259           -0.146650926031          0.211529053842           -172.693090924           3.14456874244            3.32771483946            -59.3967255669           -33.2605135929           -57.1653400846           -159.040901901           167.747953516            -127.087861553           160.859197818            -111.532519793           -144.345545597           147.502177892            -148.145633204           
rwgt220                  -153.503665667           -5.6537736379            -0.978829668205          -2.10156083715           -4.08262646582           1.96944038789            -0.257200797699          0.873996642551           5.869177293              -4.88879031416           -5.01103463687           0.248510090695           -1.36175699307           6.46024407503            27.4521889013            1.57888728218            0.0563189935218          0.256897015858           -70.3164196156           -136.571179008           123.787018915            -30.9349499081           -119.774446504           88.9090452591            115.907094595            -87.0980398448           168.11207096             0.996698236344           164.983934531            -68.5192793576           -14.1115360279           -172.414454351           
rwgt221                  129.084609884            4.81595716414            0.304163311496           -1.10278474066           4.91715569553            -1.161200236             0.175960667631           5.58931685195            6.37006179878            2.8471143996             -5.10695054233           -2.60186190024           -31.078325914            36.0713740806            2.91635707112            3.35795146412            0.0767759016164          0.237615998401           -46.6523225212           -137.24709711            -71.0399112713           -122.666795657           58.5950771356            121.06654343             128.252692679            134.964398547            38.5075094198            -7.52320913116           142.720769343            157.685078242            101.448274144            -138.601109012           
rwgt222                  153.523655998            3.31201098469            0.70423528368            -2.44350033591           0.065245353277           -1.49947653835           -0.713544632784          6.62655510945            -8.93387547083           -6.03243044416           -17.7704601968           -16.694093011            23.9087736796            -10.2472649607           -11.2567325084           -1.07399478657           0.107089891285           0.622292500238           -127.896545087           51.0433674938            -131.122889332           98.0613248299            38.4278869057            -172.508887821           -96.0356374819           108.178454616            55.1520988689            175.581427725            37.0907191973            10.6764006224            144.057005597            -56.4260546018           
rwgt223                  -115.706571291           -4.53761294667           0.697357920663           -1.93706520693           -2.40170566215           0.173156912703           -0.723832715627          -0.10426463548           -0.0688955426511         6.20013542475            4.51583681325            -0.48095284045           10.3114953417            30.8504163019            6.28529171728            3.99934292213            -0.0672886102161         -0.557908059123          81.4502837135            -160.582220127           -93.8306271694           -4.09490394478           -163.589809424           157.700148912            149.247484028            -95.9189050562           -106.28910214            -81.9578600335           151.867698308            131.236947674            -137.529160905           169.613093274            
rwgt224                  -17.0732662222           -3.35510412038           0.296866293663           -0.0320137658805         -6.35084760489           -1.64054560402           -0.634010313183          -2.45369648863           15.102750003             -4.56521520133           -2.23357362014           -11.2813173117           -10.2425431829           45.6381259019            -37.2655585537           -1.72457654568           0.108200502865           -0.310734612529          83.4007048087            -107.027448224           61.4059949846            -10.4773301392           -85.3788156111           -158.120097831           -170.109867292           -136.085783431           36.7910459509            15.2104489717            -79.9535209428           -61.1673652607           178.560234077            21.1228338599            
rwgt225                  -74.9823759177           2.57019849237            1.36009024927            3.00674200377            -7.14721076484           1.38930032134            -0.567896317739          -7.62600916303           -8.35698041082           1.5550088098             3.3106261244             2.41709647389            -18.1821485853           -22.6846535363           37.4480413046            2.9886497027             -0.0255869171272         -0.465891884779          107.733127464            76.9324569646            56.2241117798            51.2942082768            13.0245104001            -14.27199095             14.8898592761            -10.0966479766           -4.60044934951           -155.171016239           -149.25531844            -94.7202268362           -111.204628665           -177.783337395           
rwgt226                  91.894355497             2.98751685509            -0.307277314035          -0.875011296621          0.837433744013           1.16816876885            -0.195310910372          0.357954770073           -12.262729456            2.38823783466            0.676701692355           -12.231972766            -20.7051084862           44.6563863292            33.3511239045            -1.03871782729           -0.151538780504          -0.407728689357          35.5480926618            -150.787459414           -22.3840976268           -178.71707706            9.11323872875            -31.8828068052           -7.41633483196           -144.84577923            163.394784426            -39.785758661            147.663236272            -134.107246949           30.2430089542            25.5378288816            
rwgt227                  -49.0156192517           -6.29156795039           -0.198146883018          -2.17656171125           -3.50819718012           -2.00635956526           -0.734386639616          4.57040527927            -14.4899522209           -2.3789303536            -4.79766022347           -2.06065534033           6.58668924869            30.7245153802            2.6480588849             -2.0939161012            0.149637816592           -0.0759668232339         -96.4042258762           -45.5924639388           6.69907337836            28.2730111867            -70.8910628772           -30.561848704            42.5455794426            -93.1521543035           6.79216004004            66.8136093231            112.235576948            29.0939786887            -24.5528488605           0.263848299475           
rwgt228                  -117.711946112           1.85152110665            1.46148001893            -1.42932732362           -5.96825247021           1.63554098186            -0.605839077288          5.99792807909            -3.08945312009           -3.30814617028           -11.8814238106           -12.386450878            15.946200876             -28.7127016091           -15.6800732384           1.77049627454            -0.0143312573763         0.583756792694           21.7440911002            75.553473838             77.8555152968            155.933455474            -85.508559903            33.7535931621            1.16265689385            77.4470151231            9.96731229706            160.018975695            114.696809546            -148.025511152           1.42303487324            39.0441302301            
rwgt229                  -101.031379063           0.39319584681            0.996670689187           -2.81133560538           -1.13075904197           -2.0808292937            -0.710856981435          3.8483768026             -9.2638142589            6.02053918017            12.7819166392            -16.2758445721           1.1869168151             -37.2223409113           -38.3662814187           -1.47187370483           -0.0469391703417         0.155464197302           -82.1201141123           76.5823867371            75.3452706503            83.7216546542            -149.198007579           122.331100789            9.82755613071            -60.093544284            34.1273449643            53.0028053751            -141.695092639           106.616159699            -39.7389860289           6.96737406699            
rwgt230                  82.5101086879            -6.97214996294           -1.4637393644            -0.67574242707           -0.575812365596          -0.38400455714           0.235403785604           -4.08590188574           6.56037084508            -1.04483850215           -15.5174469019           8.31143467438            30.4791647597            -39.2960184451           8.62060177371            -3.89158131283           0.0172834413131          0.54353338385            54.7332009669            146.768168362            -41.6179320016           40.8714939293            -172.953540541           73.0086134464            -79.3230564941           -40.1213483553           -33.1518599199           72.7732769822            3.70870161406            -43.4794795034           68.3171103565            44.9665702481            
rwgt231                  -151.430020474           -5.93616688995           -0.72459460086           -2.12502154994           -6.40530955496           0.912974341634           -0.572086825324          6.51574602629            -2.73237357036           5.17658724209            -14.8641264487           -19.0642653793           -16.3870000343           -18.0093440733           31.3128682461            0.135351881319           0.100111557553           0.570192675532           76.9811443761            69.5235756998            29.3045380689            106.765618847            148.559251707            134.289509351            54.4281989181            -16.7131270597           148.027898168            -103.524505672           54.9351585295            -161.249178118           -158.77202848            99.7874282111            
rwgt232                  -65.2551424641           5.99875390864            0.931321718189           -2.59988823825           6.39586575536            -1.17085493141           0.355011282849           -3.62762012754           -13.4167967948           3.098501782              9.08739175453            -13.2378130829           -35.6487553755           -39.3301862741           -0.9666442938            0.0461760970828          -0.0650016487094         -0.372367388886          -128.466988962           58.2703982306            165.999720401            32.9177377391            39.7110584644            -12.334696633            -86.027411805            133.560619127            -4.9368124271            116.888824509            -72.059405012            -149.661452038           -80.9380367843           -164.94624493            
rwgt233                  -76.9462181042           -5.07532188892           -0.16065028705           0.208431962966           1.73738424543            0.334967874891           0.419571188507           -6.23610461262           -1.65409870958           0.153806923104           -4.01859224234           11.1928138256            -2.51762607349           8.71856638263            1.87291446034            3.5724515767             0.0736359588125          -0.110352985604          -90.9197972501           125.566863946            -2.26210331003           18.2664561388            -145.417417101           104.152511085            -176.629045756           111.753899235            -142.297882006           61.8662445186            141.949385345            86.2349268377            -46.87625508             -141.405093536           
rwgt234                  -18.3461588248           2.63502996888            1.1519004865             -2.77099086036           0.0827062454622          -1.74861375275           -0.71176545281           -5.83430148166           10.9206611682            -4.79867304066           -11.4784185413           -7.53728037052           -32.6074558325           15.2077013455            -34.2332778383           0.836563926132           -0.0978082828296         -0.574626681431          146.419134719            -126.769465006           -154.976762368           -38.9417669474           -53.8169001678           94.7071546917            -93.6982643179           -114.085789437           -75.4961277972           122.573865926            159.753848108            36.8099149794            14.1112236207            -146.815827874           
rwgt235                  92.6594446322            0.746565335815           -0.164878762274          0.361567726097           0.577509376517           1.21512268226            0.677877902797           7.58920957585            -10.2905974574           -2.27926967718           -15.3607223215           -16.2120153084           19.7907901241            52.3286572034            31.5965887611            1.44628866638            0.0662627743491          -0.499491467159          -84.0483104479           179.229023608            163.203091169            -64.3508124953           -124.196295761           -114.342351451           31.062812207             36.5712957935            88.8592056071            44.3090991174            127.04198762             9.67745931086            -178.13856552            60.6941392946            
rwgt236                  -14.1066939623           -5.0918990368            0.82395504945            -1.35975112156           -6.87107660503           -1.53693728975           -0.401031619882          5.99430332358            -13.3377325313           3.65585017987            -13.0760334225           10.5675561656            -26.4443340673           -31.556772444            -8.21471118418           2.06014212909            0.0397740356695          -0.295972327856          134.512511728            34.261791551             -8.06509605382           -90.262973789            -12.5881873522           -86.453089475            168.596428786            -124.880197612           -119.820267708           19.5752710231            128.238674501            -115.996490429           53.478400378             173.204607438            
rwgt237                  -156.209601197           1.78494497025            0.66231071565            -2.06158011564           -2.2359594203            -0.902903268333          0.343665455264           7.50675394405            0.158367950125           -4.37670977722           -5.92655576174           -17.0070161538           15.6717305262            26.7960402627            -36.597961437            -1.31750312389           -0.0084520905407         0.45214105883            46.4496130068            -137.606503971           -64.3208749426           -77.5292895929           -159.67858595            -135.089731396           56.7695126042            36.2473710192            6.69704130548            79.6848192702            -50.1658446672           -27.5788014119           134.331630316            -5.11650259905           
rwgt238                  105.121126005            6.82524401099            -1.31968343971           -2.63212467032           -5.97533100371           0.056410076621           0.490579672247           -0.718738055146          3.14406034954            4.15394223219            12.4246243643            -6.02235203805           17.974183722             -11.6289534436           -14.1616503928           -3.02800780837           0.153239173699           0.401658528234           173.136038002            104.496398085            -111.113226231           138.674808779            -152.732946311           167.292308683            13.9315255986            17.9889434256            -137.094009288           -79.7193097101           -70.9626464966           170.614106561            -51.6186562866           -88.6639347862           
rwgt239                  -140.652320337           1.53762160698            -0.22412151812           -0.989979309796          4.4624662387             0.437057844089           0.572568676904           -6.21471690398           -7.79491620973           -1.36088480375           -9.3513316163            1.92974817926            -24.1244191702           -47.114689262            -35.2578667102           3.35157939797            -0.0602129312585         -0.408886368773          166.406533062            -130.792072656           -16.4222645421           -125.013432856           17.0426556872            4.58201258443            -126.235553432           -139.586045508           65.7063478201            171.266312104            -30.4438853465           -151.5396391             -128.3151397             -24.5745671618           
rwgt240                  -100.72776282            3.0815495672             0.648127730862           1.55600962954            0.660195559778           -0.449402934892          0.329004152913           2.31291727091            -8.87697589978           4.4123621065             3.80413601988            2.51005225482            23.0494094732            -12.4750339192           -15.094413648            -1.76322287503           0.0051169191423          -0.493659648356          109.324640306            112.702700541            122.920030727            -47.5725004259           61.2077507908            -74.2311909445           155.53419304             43.0853433135            -42.3717364927           -143.370340982           -155.685392125           -179.684037513           -158.152965016           -161.037011944           
rwgt241                  -161.562068421           4.94466184861            1.24101561417            -2.21399620121           5.4995344724             1.28052907246            0.0876473076346          6.4257849972             12.3524286679            -4.22604671876           -15.0110227999           9.26198282086            14.9438542253            43.7548093481            -19.7766780673           0.498749403925           -0.0667914181937         0.478953052513           15.6047119699            -42.4266532248           136.602957156            27.9703833456            -14.8863972119           -165.953108156           124.801380143            -106.184200757           -128.734120185           92.1179513359            31.6881911975            5.01544064718            79.3763381485            172.658410644            
rwgt242                  -81.8242616597           -5.20601281954           -0.55977080068           -2.05744279203           -4.95656736716           -1.28282775434           -0.182651621988          7.23258057092            -13.013648146            1.70577665322            -7.96054711732           13.9529351175            11.414696281             -45.9479990089           27.9591446779            3.39084437362            0.136602583906           -0.437241475024          -32.3451817554           149.652602944            114.807609303            2.209814895              167.720423013            146.434981509            23.8976067177            45.7708425638            -26.8325270589           -51.4531685226           -15.4608233142           -109.338123802           32.8473514061            152.154053963            
rwgt243                  -59.4810319437           1.85741351922            0.594882621687           -2.35614592843           0.765760080845           -1.29072410692           0.622594669935           -2.37701273864           -14.0699716837           -3.0829292114            -14.6499311101           2.22632915412            43.4992297693            -42.7388529664           0.776502606787           3.99914476258            0.155668137706           -0.598988115795          -26.5571110306           61.8161964314            67.0667318473            130.44639597             163.095742132            66.3201579926            -179.727653206           -160.259595206           -65.0146128808           -144.268263084           -120.431538035           -91.1828910853           -0.384975179076          88.664297763             
rwgt244                  -173.630869919           -6.10666898467           -0.115641317839          -0.447764453325          -3.80899863746           1.4441147572             0.771933652161           1.45317014263            9.38971604054            1.55495032777            9.66495163938            0.162619818461           -8.69424754378           41.7932791851            -18.3616014419           2.79894678298            -0.0801210194897         0.442268914966           153.562363358            -134.56419983            173.897801758            -29.1844398622           162.469241632            -176.31110024            76.9701075625            -84.6222325039           -92.2032125507           55.8744260822            -157.786147997           -36.8273071698           76.7240011709            -37.7379752063           
rwgt245                  -176.073095612           -4.03233993731           -0.80710754066           -2.35008853402           -0.660378925892          1.10742398641            0.711602869285           2.57234206485            -3.66308287495           -4.17451611945           -4.60041922939           7.36960472353            -18.6717765498           2.90794448797            -0.0398228745674         3.32498212987            -0.0946910535896         -0.267462714916          -68.9732605417           -28.2060829239           48.3911629626            164.104996167            -33.7966010107           38.4243783596            -99.0553767261           55.4710853641            151.304067424            58.119334991             94.6414750089            161.593206647            -113.304154788           -48.4693263773           
rwgt246                  -25.6404812296           -4.72983364965           -1.20476234349           -0.33801890765           6.62493106234            -1.82870313001           0.662095305865           3.43038264102            -14.4036389735           4.96845222007            -8.57908910708           -10.5780362262           -37.8021173174           -23.7519694991           8.73627827244            0.117939902779           0.0863875485389          0.127174405562           -114.449462804           17.8609745344            82.6957928466            62.4604974238            -0.198945375929          72.4443060827            84.8975407259            72.3158362493            0.366794632154           57.9751622217            -35.5584079802           105.730852076            -118.612448583           -133.077455761           
rwgt247                  -163.379346622           -3.18482291982           -0.227753060842          1.22289625147            -2.99087070575           -1.5059086676            -0.472643831778          7.06117708557            11.8208289289            -2.5363197045            17.2264452797            16.8722556794            24.0961098197            52.111168572             15.973457865             -4.29116254349           -0.157763763435          -0.131680593884          105.768534681            119.90743875             105.989087911            14.1949306738            -152.896670283           -154.248207259           -58.1065585373           109.218171749            -89.2552349989           66.8053570142            47.4034007307            38.8667735478            172.349348064            3.50113964022            
rwgt248                  -131.153907608           0.136821155335           0.180723308585           0.32433327545            6.81507907501            0.909956467295           -0.386717280616          1.11091863095            13.7112204259            -1.41657248254           16.9780952724            6.48530614002            -21.6762103668           -20.8495516212           -32.4563196039           4.64839260567            0.178067710886           0.161867071745           -169.085404177           10.348359177             -4.58658197171           54.0837744808            -25.5413243042           -45.3538101679           -66.6096169425           132.957584687            102.968761318            71.4529726323            138.555170753            -38.8346740828           -163.307736546           146.613463898            
rwgt249                  163.764485875            3.34191201779            0.84614325316            2.72204775914            -2.18466020874           1.91644129748            0.741374595063           7.34593613397            -9.81523136357           4.68368783269            12.6243421347            7.52944536405            -16.9297996521           -29.1105111292           37.2322230749            1.7103886127             0.0312799216104          0.471301324729           -9.81724814298           46.6749115976            63.7018993032            -6.9228498334            -42.3452302289           158.38323848             -79.4107117366           49.088626629             -156.954002633           -69.3845332661           -1.02064950128           49.0109290109            121.521826947            88.9462819489            
rwgt250                  -37.347739634            2.19475734528            0.540658594157           2.04460529194            -1.4792353467            0.489894067392           -0.433620476893          5.26195593147            7.46818103201            1.94942997691            5.34260264251            -6.82954717398           40.9148437937            -6.50414748114           -25.5128239377           -4.80347870341           -0.0724744957421         0.234893174777           171.481823017            -120.365007508           61.5196518663            48.4753418248            -50.9220301704           -113.391715731           -16.4806407812           -82.9904299629           -66.8723456115           -13.600769718            -43.6757742317           -96.9660515153           -142.942934079           -13.8351433639           
rwgt251                  154.486639966            -0.516587270929          -0.00426417463953        -2.27126234838           6.32625347409            -0.383792307715          0.0523435948216          -3.71317548767           -13.0758256076           -0.629715525071          -6.58102395838           8.85661019931            -12.1958728912           -29.59209133             -36.573393079            2.04311888526            0.0675653205868          -0.156356728753          75.271865239             40.4629209559            4.34195113225            57.650756461             158.847729954            -120.909834059           156.301668658            135.452120101            166.815267891            -16.555588443            -120.633541004           -46.9156608377           -1.98987475385           167.790303846            
rwgt252                  170.809104063            1.41894916788            -1.14242761545           2.50416406497            6.82471670389            -2.04620108258           -0.557507603455          3.58007651021            6.3987001309             -0.755675771364          -14.9411570571           -3.49958100636           -22.4730757297           -35.7238930567           18.2959193232            -3.45682207077           0.0521448922756          -0.518743628162          -122.639303315           51.9752108136            178.161699144            57.8483242216            85.6184771531            -164.779510724           65.4118746138            36.6452436225            -132.730896442           112.691584597            88.0491801871            0.364995226734           -178.90853387            -136.308763264           
rwgt253                  86.2328469702            -3.27181337386           -1.01557333413           -0.193045446381          -6.37808208768           -1.79966166537           -0.408663541486          -4.27963082405           2.9995251282             0.999521027524           5.51484731714            8.97466173997            18.5960265803            51.2525548735            -25.4345468006           2.80696930322            -0.0649847100835         0.51665184045            137.119384373            -46.5066783174           143.195135712            109.152324201            101.15781333             -18.1291384088           59.3429341138            77.284974378             -158.700776069           58.5108776943            154.998874615            -134.740677076           38.147614351             70.637087431             
rwgt254                  -25.8692443365           0.997154206156           0.561552341325           -1.74187023711           -3.97666009446           1.51942021518            0.250184377059           6.78943655727            -1.90540264687           5.59383708591            -6.5140021315            10.2181395457            -24.9081502951           -44.506105518            -33.3664951635           4.49928683715            0.102826721479           0.249340517872           7.81337997493            67.4096969603            -176.049169308           124.610016327            -102.87179096            0.96724429733            -17.4812280406           -136.76322102            -130.254734873           -26.2002029555           19.2841607605            141.583085334            107.222654673            -76.4727914072           
rwgt255                  177.449333049            -6.71459963076           -1.12905714565           -1.37060393301           -6.89747348653           0.131208569792           0.586229084885           -5.01394211394           -4.55141210544           4.15007507177            -14.8560241054           19.1890648353            -10.9842692596           33.9003373318            -7.87233829511           -4.70266278488           0.168794545874           0.276984690164           59.9141663208            -43.9946879283           -66.4142606934           -151.207202454           -99.9597399904           -145.418913463           109.089569628            112.364471635            -42.9756396693           152.664638956            -7.98527426969           -103.759256727           54.8135541693            91.7307053921            
rwgt256                  -176.081062708           3.77254710401            -1.11628644249           -3.02460046049           6.38685451662            -1.44621658895           0.353002366507           4.12801298546            -10.6266275921           5.99136854371            11.5773422476            9.97194562583            -14.0837127451           -12.5885141311           -37.2517422593           0.63233647408            0.095574576526           -0.155894161256          0.33977084417            -133.783117465           50.441514947             -45.1240130472           162.91033583             22.886695872             67.9478939092            -173.852566009           -100.450494051           52.1077627982            -175.38891869            -128.582987359           -86.9272466557           171.473789905            
rwgt257                  15.2306966648            -2.57151989129           0.519716118737           1.34325742765            -2.49909121919           -0.985376441734          0.390168437247           -6.49766193814           10.7980680272            -1.55625886343           11.5973081741            12.0249964558            14.6466552809            18.2029947826            27.6777195658            -3.17945929468           0.154674330139           -0.495130304218          -108.652467132           -178.29571566            142.534023676            -25.878869386            -108.766750497           -155.528775989           161.504749844            130.282136354            44.5599955423            75.0175273618            163.874071572            116.732106373            -53.4035108054           51.3016076532            
rwgt258                  106.091363414            5.42320464154            -0.60844523675           -1.0976402859            0.117168365216           -0.187809498303          0.387187500812           4.2841726774             -11.553300764            0.259953306353           5.77441636886            -6.97670486306           4.36196596764            -50.2803382445           13.4700326691            -0.49741510254           0.067312761169           -0.226467774138          -92.3193342243           162.14207078             85.9097200714            -1.38073216475           -106.538927227           -47.6371418727           -67.3352970181           137.73128534             156.957861523            17.7614909971            135.563902955            -45.721177773            41.9711739556            -80.7393272881           
rwgt259                  58.1791033588            -5.75265711944           0.120997274064           -0.28050298561           -0.0490755329623         2.01893296655            -0.691720774686          6.93976926625            12.5682389933            0.542314829552           7.68915713768            -17.0635960972           -14.7660032157           -21.0011290383           33.2009386163            -3.10511758826           0.0860616808656          0.461104829918           73.7593901463            177.730332983            -66.2653887788           91.5685481285            157.474276109            51.5113011463            -144.027490088           -128.25518896            -161.764215775           170.464999114            120.447131911            140.511460895            -49.5456804064           113.411453827            
rwgt260                  -51.1895591288           -5.68050024244           0.925806755792           0.946407745468           3.55904265218            -1.79322092027           0.0539864610713          2.77967486045            10.4883212711            -3.62738829149           13.2966531384            -8.76395711964           -17.2510323493           19.2369540389            -7.86743697832           -4.63525671261           -0.0457847843632         0.113405046944           138.361310063            108.621419196            27.9307931426            -59.9054204938           165.699326961            89.9168154185            127.617739993            -61.7903439211           104.064654764            -35.6930140155           -6.36459517883           -101.57189182            130.201720152            87.6046272842            
rwgt261                  78.414785437             2.85549178024            -0.605079498784          2.12018703867            -2.96010624825           -0.558391424521          0.49286192963            -3.41839494406           -12.7569561117           4.978456265              -4.64162775708           -8.81127320118           -37.1400828199           -48.2707455441           -4.96001898687           0.936304696925           0.150934225155           -0.61210734572           -18.6208422253           0.895738013793           -142.51066925            51.1608734587            106.678772685            -60.8357718393           147.234031452            -124.102644114           -145.148545416           48.4724276409            1.76714812441            -108.705369057           -134.437147473           -50.5273590466           
rwgt262                  -113.067699742           -2.34397697674           -0.3953230673            0.895823805585           -1.01891595202           1.26815152681            -0.171803716168          -2.53697098453           -1.05844197216           5.2918632534             -12.6935443806           -3.0622688163            3.26503659896            -31.9396096607           -20.3791023932           -3.50386422924           0.119700609819           -0.294365931121          40.3250180666            45.3923361579            157.635124869            136.915368545            -48.1894982451           -146.083774094           -46.5109309778           161.79656469             -47.140241079            -2.64080719469           -169.745618891           -75.578862089            73.3234184166            -57.1840327461           
rwgt263                  -70.4875971563           3.36132606166            -0.233312005856          -2.44541824722           -4.68934995826           2.04687592043            -0.444702709477          0.112484936334           13.86444447              5.75136971846            -4.70277161528           -18.3356208602           1.474010069              17.7590415134            17.5707451329            -1.83775488437           -0.0848231635915         0.0783184817297          -146.851552349           113.475633291            48.6585006431            -65.9727547714           -98.6072064036           -160.359059438           -39.2270588575           -18.796516246            88.7087121362            -162.629070155           44.1166876385            144.483568634            114.526891419            -48.463599892            
rwgt264                  -64.4198105641           3.43334513238            0.0205837105039          0.861662744306           -1.65789920792           -1.99102527381           0.632932386267           -6.31306224241           -3.06119590553           1.82154870307            6.33478160321            10.2653510005            4.0540937549             24.5192478889            -34.6381024608           2.8186640804             0.158727404422           -0.0848587432706         172.955912954            -116.012053237           -2.07516265053           6.06790856239            88.7784805125            147.870320373            -35.5122871793           -35.0559301206           75.2300562952            -163.39500875            -81.0020321161           -141.14058365            65.1999222285            -102.85216317            
rwgt265                  89.0738762105            -3.8351340749            -1.46602129405           0.107553073212           -6.35594500251           1.44943254389            0.460807970081           -2.59434156132           -10.5387885071           -3.09233078361           -5.14657129419           10.3061760002            -40.0729967189           14.2399109736            -9.81683722355           -1.40471295971           -0.156798199075          0.391390588998           49.0221883013            -81.8381389611           176.840345641            -85.1894744317           24.4260668958            141.783850676            -41.8920496085           41.0182731731            8.63315663333            -74.3554562055           28.9130492968            5.33574739857            80.5047197745            -77.0715722222           
rwgt266                  70.5399619724            -0.168818218072          0.333606994492           1.65863004666            4.1245043953             1.33566556033            -0.523431656787          -5.37362145387           -1.7647795152            4.63402967914            -2.19631786398           -14.5619086484           22.3925913819            11.4405216766            -37.991440134            -0.319691845883          -0.0636223214763         0.603672507771           -103.99256748            -143.671393124           -53.4606636167           -158.779768438           19.4663091453            73.2367154424            124.782483424            54.6888527314            -90.9952017438           -69.9809870472           -26.5841996586           9.71485259598            136.304727972            178.285406694            
rwgt267                  -62.2435170964           -6.38443025613           0.911152257333           -0.0524032288765         0.438321219921           0.430211692053           -0.590400344673          -3.85954722271           -6.569177                -4.3051295998            0.86499842438            9.37758515135            1.51346826786            11.3886110539            -36.2424620453           2.67275985194            0.151430850944           -0.282136906081          135.254307405            108.192676178            117.776783728            13.237902082             -63.9807741252           -20.2207601033           -38.9103427792           120.150037504            0.508866909175           -75.5794258055           51.0174439075            106.370681538            -1.6329712059            -164.961840257           
rwgt268                  91.2592757804            6.79726607999            -0.0640644592881         2.67656046503            -4.3684649476            0.0881842330732          -0.641749977034          6.71624597023            9.51265162188            -5.9303183282            4.48086924478            12.7427918617            -38.1359916998           -8.18463461216           13.2038415555            2.00695779428            0.078804629101           -0.619382146354          -71.7121420708           -104.585810438           -1.23611517362           65.0953607594            140.73247957             23.4666369009            -92.3525354979           -59.339535729            -176.959124241           -118.426242031           -47.0079586261           60.3591873831            -83.562003933            -136.244389999           
rwgt269                  124.967004336            3.99850451789            0.133441351511           1.49501375016            -1.49713420578           0.0273051034831          0.78286472189            -5.98493856081           -10.1953055016           -2.82405669339           -4.31385820043           -16.3964852053           13.6396636676            -16.8725010943           -18.9203807288           -2.68686209059           0.0389110836755          0.0799690016927          0.228683253728           154.24487641             -120.178940114           -74.3821276523           -80.2956448073           81.0411948312            127.601239976            68.306520698             -110.334560275           3.26932442506            -146.051366066           135.495728052            126.094011315            -16.9698511592           
rwgt270                  7.65934223973            -2.60680577189           0.0074396942866          -0.335517910857          -4.59089884601           -0.76893092086           -0.415341797131          -0.463559793538          -5.87466948831           4.10649175548            -11.7764155868           -5.85630969993           31.422659797             33.2238515503            -33.3992663228           -0.790832265454          0.144830268224           -0.44559830963           -66.4772923234           137.901711724            -47.0508819061           126.036200059            98.8735929414            -48.22943265             -173.314300926           -118.232328063           -115.650539112           -165.053757776           144.881239698            -23.7878338585           19.9982070109            138.152994614            
rwgt271                  86.7320821608            1.21104684325            -0.154461391786          1.02179671599            -1.70941577639           -1.2727331375            0.787465028663           -2.35568248594           6.17419555271            -6.32785622515           4.12668000199            19.2184018375            -16.901762457            -31.8422901713           10.6511021648            -0.181867905765          0.177042221846           0.454594256679           -133.481887739           149.555470427            110.637227531            -52.0946269138           165.267240915            -168.453392352           4.16925439088            163.490155188            -110.176851195           -107.081465485           -65.8188150892           135.015388476            -101.910610973           88.9313343372            
rwgt272                  -119.095329437           4.23361476405            -0.628975046562          -0.965321377285          -2.68722785588           -1.99890144824           -0.442096725998          -1.52456454599           -8.82584666013           2.80700611136            -1.69819303746           8.50535092114            11.990984346             38.8372144765            25.930378039             -0.636612367928          0.0803342386849          -0.512876550574          -36.4696879078           -64.1470955808           31.1128312031            -120.297108597           -146.262876171           47.8205711974            148.717518248            17.2760659168            142.117041239            80.4430461938            -80.814636184            67.383153047             158.337578464            175.869099805            
rwgt273                  -8.84005288765           -1.3555495272            1.2391786278             0.0317081468104          -1.5486573033            -0.274303985683          -0.12012007697           -1.01284851672           -14.2116669426           -6.2961004571            -2.84443012739           14.7786851785            -18.7969121474           1.32412649178            -6.15314462685           2.43672331873            0.172593234043           0.206825860671           131.219640698            -13.3942597225           32.0540888468            -108.47561055            -58.834291101            -65.6352583351           71.5890444905            -125.157829846           -179.334226527           -122.704407329           144.676918126            -53.8558338299           131.830822353            117.503593597            
rwgt274                  59.8225458888            6.73309075038            0.795966773807           1.62337843418            -3.82971475511           1.97232121271            0.20079348122            -1.31509899491           -13.4938368712           2.20249289687            -7.06170703076           18.0960737662            28.0009355372            -5.92334490266           -13.5453061535           -0.470211564443          -0.136722601019          0.469880984028           50.553615833             9.24861601053            154.484887608            -47.6624217016           -2.28849822654           165.243035796            -64.2535140003           44.3374569596            -27.5085522021           -18.1344765194           -54.2193111918           44.9523069285            64.505932871             52.8139934083            
rwgt275                  -105.240941769           -0.494010997973          -0.87080077999           -1.49318722821           6.15826652766            -0.667248288266          0.643468754162           4.5712499012             -4.89013630809           -0.191429358098          -12.1739604426           18.7891348342            26.2537497034            -24.1906223726           30.7037377033            3.62702852529            0.154394440347           -0.146104228633          -112.131752614           171.798122662            -53.7202221              -36.0214872813           -153.240550873           126.132924147            -145.494358717           56.7495854898            132.705687708            -93.6423854654           2.33254238877            80.4622194071            -75.7139639413           169.860825008            
rwgt276                  -90.6899760839           -6.48862548398           1.00948227879            3.14883359896            -3.78540391991           0.393894389437           -0.175255740575          2.09266653542            4.69986489152            0.0760168572729          2.99999977377            -0.766725576982          4.2584620812             34.3289900647            -15.4515543758           -2.55882813075           0.11849374013            0.598908515814           -16.8498359781           -53.151249688            -17.5164576926           -116.824476677           -50.8435200122           -104.222359008           -61.2411272982           -146.467939666           -93.4227263667           -56.4933164672           -82.4885050381           36.3002225507            -42.9520594831           2.96361752845            
rwgt277                  -9.8583899972            0.536203950466           -1.40569820095           -2.10092487688           -5.34158891572           1.19726895859            -0.662632813432          3.59547772905            0.0281873631031          2.39599873512            -17.5489133691           2.7064144188             10.0633376227            -12.5173140745           -19.1887780261           1.51987540588            0.148671878287           -0.110602123724          -109.362643752           179.967999203            -173.939610472           163.705771759            -124.438784017           -22.7698813691           96.46399555              -56.6926883675           62.768368061             134.113741993            -81.5235682045           -44.2467923296           27.3543483239            16.8872279462            
rwgt278                  -65.7107979847           6.12924059585            1.0887313274             -1.38104193961           -7.18904063167           -0.752767427129          0.6908663364             2.98199052219            4.52308791655            -3.393919724             15.9854412434            -17.3777992538           -21.3489363947           -16.4276425831           13.2883469367            1.69012356367            0.166220109763           0.439189738672           -149.621039387           39.935501888             105.600308014            118.517954697            -141.861154477           -12.1898773971           -37.5329729161           7.61060292666            -111.672785679           164.38571649             -147.999718061           169.212264444            139.121893535            -176.202540756           
rwgt279                  -0.990594718891          -1.21785061333           1.47339891411            -2.40390718798           5.72215607939            1.43526552462            -0.270746488035          -1.84174436325           -7.93602569595           -5.09200715071           -5.96942064059           2.37565697317            43.0908984415            17.2459344183            18.2099243731            2.02347239971            0.0613442645537          -0.49472161131           -151.216870671           -86.9498653101           -131.20502061            163.645135998            13.4506907495            -32.2436931983           67.3445879619            137.536494072            37.489365157             -70.8860072879           130.86140498             -94.873535689            -145.156520682           -23.9446970132           
rwgt280                  173.61484434             3.78499709342            -0.695249686905          -0.645614212565          -3.59793245157           0.101427929439           -0.594934112106          -3.49992781598           -0.298425553472          -4.67153475897           17.4154486686            -12.4075843849           -5.39457109854           6.99215661078            -0.232319453634          0.856073857612           -0.0994480590483         0.53284308066            151.363457522            179.838193668            -16.4740836833           69.2427426848            -11.8758238141           44.1545655948            45.0380841501            16.5897536768            -99.6355266464           115.086162628            117.723199612            40.6392376658            -136.416215062           -24.698726545            
rwgt281                  123.067220758            -1.76561603555           1.12552083407            -3.08973812651           4.12964598828            -0.193928218349          0.785149116589           -3.65232170493           -0.601344048123          -5.74490634603           -14.1187607117           12.1372922172            39.2581384007            -10.9922086787           -21.0451289504           1.95261154222            0.0424424324228          0.00951260154186         39.8752878559            -102.6206897             87.9176193423            53.2882143263            -34.0907083963           15.8427675252            -125.985157014           -137.197078827           -70.6628755256           -156.186318744           111.08541595             131.716050501            -109.664173192           111.316266757            
rwgt282                  70.2870837362            2.17079700237            0.616173754243           3.15661895152            0.253240792308           2.08719749548            -0.582380182558          -3.17262700986           2.25801971358            0.358474703432           9.66153785468            -7.09344135383           7.32250632145            -49.6997486871           7.52845672509            2.48478251255            0.043934144121           0.511886094265           97.8465160548            23.5458782576            -117.151667771           -109.406939814           68.9354080387            -1.47744540197           -102.253713214           -9.75666684002           -46.3538573872           -111.132008926           -127.928911287           -5.02902413195           114.002492209            -170.18818549            
rwgt283                  40.010256692             -6.12768160752           -1.41146264276           -0.664194093057          5.83142244161            -0.571527900266          0.353949109137           -6.37963810045           9.1270023542             5.11144552754            -7.13799661243           -10.1007603537           34.8192856966            -11.0903065868           -28.2813947918           1.2295926979             0.128591346593           0.39677272169            -145.395741888           -79.161502706            84.7450207109            -96.4279860627           164.46179953             -154.32920197            -179.720630437           150.665670954            115.376212587            -146.839744029           -37.7712322064           61.835287948             -179.278724966           -134.572749672           
rwgt284                  40.4869223313            -3.25967474729           -0.746711208507          0.705158071419           -5.28835050756           0.0346105996632          0.345374481625           -4.92332283357           9.05995091471            1.65277928362            -4.07691081831           -0.691510888581          -24.2637192919           -44.1150815097           10.4863005011            3.90299459497            -0.0722090437765         0.519194479623           31.4826028257            70.8033537646            164.644747836            128.476690649            -89.5386939397           -40.0923621368           -63.6829821171           119.972044645            43.7452531635            169.947789884            40.8893682753            128.021196839            -4.49271034524           69.6458334515            
rwgt285                  -23.4076050726           -3.7446970738            -0.639929761565          -2.62548944507           -3.71256952434           -1.05399816442           0.101313147071           -2.0034731157            8.34006957889            -3.89503888752           -3.85166157165           -2.13082460207           -4.08355096269           0.604636834231           30.8000741584            2.87046476122            -0.155436195168          0.181295693489           -9.20719600679           -1.36719325582           134.725525889            156.419021722            67.7998008651            -139.556855834           -82.1454498632           153.732384677            89.8316995288            -43.814155857            -94.0126567469           -144.237051059           138.938016607            48.2040002618            
rwgt286                  -11.8296332943           5.72161534481            1.41562921812            1.77800908798            6.67766956032            -0.746084811058          0.530983374315           0.75863181468            -7.30684228145           -2.52810162112           8.35076424387            7.1572090192             -28.9373360468           -2.52561529148           34.0338498673            4.04896836895            -0.0939365426846         0.152804182451           -173.021292228           108.269867736            119.609198634            99.3035968859            -20.7225194632           -40.8113702651           50.968078308             105.76127799             -104.016160128           86.2898361175            -156.732142256           -152.772515013           44.5075013909            109.546928607            
rwgt287                  71.7743300034            3.00700153898            -0.385531443576          2.06765792272            -0.543233108684          -1.15574483089           0.27884432411            2.02248283302            -6.29140628216           -0.228204387638          -9.28022583443           -5.46754044013           -18.9599086167           34.0592900815            1.74067963963            1.57830984956            0.10568398112            -0.2031892535            47.6116642225            -87.0470587413           -137.807137764           -170.464379144           103.821741167            -147.31516748            -105.606696923           -176.831866121           25.66141108              -40.580266797            -88.49613287             105.004413022            -137.769896648           129.480713718            
rwgt288                  -32.1506397143           -7.43701558161           -0.289879417953          -1.61197376173           -6.87870526814           -0.585854661316          -0.523327963543          7.34579771118            -2.45571944051           1.12198856225            7.64934320139            12.771434278             35.0777913348            39.1812615118            -27.6547716861           -3.63030212934           0.160816635035           0.465648595378           128.965274261            -104.093095155           -20.0090180241           12.3381173405            21.5670557576            -145.089745032           4.8944367958             -120.370061976           179.383511975            91.4057908601            13.4866221715            -90.5558366277           115.296805698            -37.4476188854           
rwgt289                  58.6899573973            -1.75559652117           -0.100404944902          -2.08622622698           6.0239292704             -1.84747457255           0.0579158350264          0.73228183133            -12.0275337182           6.25728770272            4.51962670162            -2.68746082148           40.4471170569            -31.9860351551           -27.4411040574           0.559934776937           0.0952307204385          0.564561108099           -130.858729135           -91.7237847217           -96.4775218688           128.34318175             -83.0204590262           111.421892571            -46.811199219            -140.370281553           -12.0357945409           -127.561064214           1.92715430118            -9.66108923494           8.1638615222             60.1570497991            
rwgt290                  -129.119534439           -1.81466585317           1.05951941283            2.7113952183             -2.03902579973           -1.55485009233           0.577872271509           -0.238700350432          -1.1406318139            -0.0889771235938         4.30575374941            -3.80167497332           -33.6902723273           -27.1852418889           26.8252792606            1.15523899017            0.0332427030901          -0.319849921745          -174.22051495            57.8902933221            65.8119146393            -52.3543944613           173.354101552            -106.582826375           118.480840005            -55.3006037647           -28.0737399125           -67.3464053355           -44.2327683034           0.676031687676           -79.9643072944           99.8171883987            
rwgt291                  97.7466080758            -5.12856393416           0.498973554191           -0.674031475458          -1.35785838904           -0.958976889211          0.756425050429           -2.11041746133           12.073097882             -5.48374815979           -15.4842783554           19.2695192868            6.78814226955            28.5361589128            -37.1110559693           -2.26068688196           0.136125332686           -0.030275301132          -113.263396732           -132.798526253           98.2765028867            -43.8551785529           44.3711004917            -45.1898123994           110.565076844            19.7359829196            -2.14026461187           72.1335371069            21.9112560099            -95.146584154            88.8291408088            125.872568891            
rwgt292                  -53.962900164            -3.10896945376           -0.925053980839          -1.01016706751           -4.49570244716           -1.69865729411           -0.368517846447          -2.43627226282           -8.94439430204           0.249014337738           13.6118822686            8.7017262036             -24.8969456853           -33.9808181154           21.8531831528            2.27995761198            -0.0643331311806         0.405381230612           23.9038460014            164.350557484            165.802264793            -79.6662246              -163.652351199           -117.971083492           128.37783464             178.632139221            28.5874266902            -28.7903736675           165.800238411            -118.821030519           68.9167578759            56.1010081143            
rwgt293                  131.765128756            4.64801281344            1.47280004352            1.1469662822             -5.09137044152           -0.185283172098          -0.259103027241          -7.39375217582           8.83198431218            4.29377157819            14.4525113001            -14.6689846871           0.992251464705           3.21874044627            -33.70267208             0.846757253775           0.178563587515           0.530495028135           -160.941397142           116.757666141            -13.0520372641           -156.141974855           -34.2698533478           165.090272221            26.9130940934            -150.462865327           58.0465755146            93.6831115799            6.16416073488            41.1196631177            91.8227973812            -86.8436148211           
rwgt294                  -102.097590721           -1.09500850135           -1.18605769495           0.64624546713            1.85360998958            1.80927336298            -0.556430832506          -0.841933590962          -6.37081209478           -2.23834897173           -6.35839807524           8.73250491851            38.6318619588            -24.6299760601           29.5967447053            -1.19808557177           -0.0915555346785         0.118995554394           -47.3361084412           -1.30930994212           125.720306728            4.56650469244            -28.8577779873           -54.2446100042           -179.645707423           42.6919606535            88.2853212678            10.677595874             92.0618763375            115.053626997            -157.210516655           134.803410062            
rwgt295                  -45.3785408962           -1.77667797124           -0.128407321401          -2.66806591021           6.28215336966            -1.65050389973           0.75198428659            -3.00664455588           -9.8398944421            5.77445625903            -13.2742433973           -0.00994728814462        -15.954344682            18.6812803424            20.532087421             -3.30805937342           0.0430231850845          0.289048927873           -57.3394130837           88.1527788776            29.1764778865            -140.365658575           124.080658856            -146.625804837           -94.390126067            -120.376199402           -178.919947763           102.476805766            -48.729849094            25.1673395868            105.044358746            58.3040296464            
rwgt296                  -156.486523721           7.41270320807            0.708900361701           -2.36548755862           5.88565315285            0.847534142227           -0.282753105059          6.8029552272             12.6623106976            -0.335565999534          12.490885044             -15.7848358056           -9.9353769131            10.4266518801            25.1985878204            1.32748973074            -0.122411247269          0.356771505187           29.9841426127            -31.1829181657           90.0655891179            -78.4514584633           -170.737016594           -119.356950692           -140.087877788           128.928432842            -175.654856359           95.0042395962            173.410149353            171.259775017            -151.216523873           -37.8176090532           
rwgt297                  -71.6403402884           -0.809162733112          -1.22491007103           -1.24922455297           -2.27214168444           2.08988291902            -0.200410499359          2.22129357484            -2.38690144948           -0.0196367893151         -1.85197123364           11.2435295498            -19.2837916376           24.3097902813            -31.2253187782           -4.35521101974           -0.025915822677          -0.626721347244          30.0707658851            -152.123246197           139.924851399            169.010784237            69.2615202259            72.4516406115            109.532725249            -140.963073158           -111.509638324           -32.7950579745           -32.070628025            -94.0271845991           29.7424331333            3.74005742798            
rwgt298                  -89.4271902825           2.64260441321            1.40063762049            -2.80791133268           0.0120732290255          0.231040760466           0.614165691785           -4.26700631496           -5.74973281425           -0.799520040767          10.1340080781            -17.900424803            40.3533554487            -49.3264141571           20.7788516204            0.421087110349           0.00217194697252         -0.392524330235          -73.1470473509           166.380837917            -136.728977049           -127.590316347           -153.052991289           85.8162114941            31.2341385001            -121.676662486           36.298384471             -46.0269378367           -41.4404038378           141.540712247            -32.8201509468           -12.5449751385           
rwgt299                  -172.586829135           7.34026726299            0.753849804497           -1.79903778617           7.03426973891            -0.879074598402          0.345312579406           7.44350627782            -3.89929376458           3.34239871458            -5.33739452034           -16.3845064528           -4.71963367895           -6.00805642755           -2.77146159175           -2.76964256373           0.126533704698           -0.583324562742          -78.5121099357           23.3351299511            -96.2762565147           75.9691595273            -141.631861377           69.3029881089            83.0973246297            -45.8557876687           -70.3575174034           -62.0128499891           30.8817655535            152.429359988            144.234303873            -95.1699355712           
rwgt300                  -109.655616582           1.86118393066            -1.36141161328           -0.788779769412          -7.00173984108           0.593193737567           -0.0946535237646         -5.61048136508           -14.0288095738           -3.68085858666           -9.50081406092           3.93430895954            8.8505788079             36.408340154             -14.1729421496           2.12357708205            -0.136873211596          0.596836962016           -55.0703263047           -124.531559568           -4.57215585618           127.228807414            49.6974731347            -29.9753719091           -19.7343333666           116.062858624            91.5013738858            -64.4503108349           9.1717462404             -50.6330225075           -96.8118347628           -17.476746899            
rwgt301                  -89.6768957571           4.81181590454            0.181339288144           0.0371410956209          0.467412596543           0.34273081134            0.565867804081           -2.23538369845           -0.451162498085          0.76469847193            -13.583410805            -12.2963858556           -5.22855887151           31.4642001054            -15.6572087191           4.34606382854            0.10030326141            0.0894581551205          -171.287777715           -36.5930628923           -138.614152423           13.1491035749            -24.14301894             94.6403333086            3.39103214868            -151.936308326           143.012714321            15.728448241             -13.0485824              -73.2210450388           95.2554356489            175.800896004            
rwgt302                  -80.9406740485           3.18724817917            0.375544921581           0.217159551623           -3.79416015972           -0.0713712084539         0.673324781806           -1.69010447449           -1.89691721751           3.65886865319            -9.50931884798           4.4032014947             36.8149161604            -9.50570694474           5.91135995845            3.41047899947            -0.117391981286          0.163307129867           35.7397598147            -139.06935134            -73.5529782989           150.619242627            -82.6507005292           -119.362288122           -62.4910533686           155.144653026            49.8975187078            93.5917937343            87.462576637             -9.4591446294            -66.8220752209           36.2818949919            
rwgt303                  173.87928656             -4.60232890797           0.530395601102           2.37148004433            -0.938258692161          0.430854211651           -0.640651528515          4.42068996942            3.86347877494            5.96002371819            2.13524360133            -15.4004169037           -3.58344210989           13.8880812969            5.42747704254            -2.56798912915           -0.00954234935779        -0.0300176209033         -69.9967997313           -120.880549906           70.6283069965            -93.7855393452           -169.110121185           25.4174476439            167.00084813             73.7947980243            -157.332465347           -55.3918705868           138.875015704            -131.139300176           165.563610143            -115.566989369           
rwgt304                  33.6843646795            3.17503644708            1.43831791199            2.463167012              1.40569582575            0.91669290758            0.808484237677           1.54010352111            -13.3630345546           -3.65312653835           8.82551671342            13.8145605832            -8.61940889836           24.2460007006            7.20751951042            -0.805954635753          -0.130979179638          -0.475909615414          -126.110771048           -146.393246352           -11.1350567601           152.19486822             66.8864258727            -169.094494592           -19.0427394578           -64.9042854981           -37.4755178747           12.4575540868            43.0692102167            -60.8064513667           -0.0450861314711         -157.462395634           
rwgt305                  153.514042508            4.32102073489            0.193432263293           2.49999049545            4.61975416006            -1.63561831442           0.157333347932           -5.26335592429           3.55237405701            -4.69192950256           -7.1645062132            0.0759212759986          3.48309661877            32.317661207             4.27454485103            -3.01687129074           -0.0348037645196         -0.122474671848          -5.61287574673           -149.80649651            117.164295601            -134.076241934           -151.468339227           59.6165842536            -74.8665980854           -86.5297167953           83.0441979109            -8.42055226562           -21.0775369418           136.777877111            -94.1010151723           -78.8318488597           
rwgt306                  76.9051868446            -3.45633267655           -0.478841215405          1.74358065512            2.06641479999            -1.73029352519           -0.491302512738          3.68472041585            -1.17724757563           0.0571764814662          -0.224160006356          -3.43278619121           -19.7816634393           28.68014071              1.77495181492            3.39321164334            -0.114231582549          -0.325690426108          -59.4409171614           0.411139661452           64.8364068467            -140.457318407           -81.933345874            -132.730052788           112.218807913            -6.47837823293           53.4948485078            -135.427776149           -46.3995259097           10.2104493243            -57.0380924754           10.6620247421            
rwgt307                  8.27122318511            2.79017426362            0.956629917306           2.21734203917            0.916914656724           -1.13397122842           -0.302622149741          -4.55392528155           -10.2860113411           0.842131481874           -13.6675414463           -19.7698759227           8.31811246764            -23.7876281735           -22.7618548584           4.5209105309             -0.155811925987          0.539167402911           -140.000918436           129.14306632             -134.544073882           -133.532458738           140.702375398            105.454436524            137.104358435            -52.034197821            -130.092372722           -11.0325510201           -6.8780730226            126.34738855             95.7428383775            -38.9051708231           
rwgt308                  -152.594812803           -5.70520722961           -0.605537389226          1.7609782668             -4.33410138231           1.92527067357            -0.676128697829          -2.28636419767           9.29661008897            -3.45227665513           -11.2877812268           -3.66672007409           -22.3772173495           24.4699477592            -12.4396013253           2.37088950183            -0.0731243411404         -0.402555421058          -11.5150952766           -1.3871952795            122.66696785             127.290990662            141.962720101            161.256384369            -51.7615911519           -125.443752435           -79.6999433147           38.5934536217            115.500975296            64.704564953             -57.9486320502           -102.920908413           
rwgt309                  -28.4333240648           -0.591505474442          -0.757339242726          0.65648915666            -6.47006217786           0.806692209596           0.25333424196            7.42517049824            -13.7030818475           4.93102114306            -5.24077320027           -2.31787930978           33.1355309785            2.60560932804            24.1159563863            3.55276314975            0.0132011754026          -0.27354826499           25.8641036557            12.9565659987            54.1028708412            54.2550225884            -56.8152402228           -136.963601453           33.4315218557            75.903890219             -18.1199796359           163.410978927            -93.7392995974           -79.5527609284           -99.6671498245           -177.580588707           
rwgt310                  -56.0551288996           0.653799019599           0.504184218317           -0.577824538563          6.14901610536            0.539157922136           0.40786098496            -6.84442820508           -8.70709850594           3.08632988648            -13.4329734214           0.175650924321           5.81950797435            12.8722283914            37.3980132765            4.62085370256            0.104260990474           -0.132753530986          100.185246658            -151.15488725            107.291130869            143.826907595            -107.695742391           -63.6714455817           138.699175939            117.861045266            -161.667663366           -83.4151212518           -122.780899677           167.697597507            -23.3290717144           67.9900869241            
rwgt311                  -156.639136902           2.73123724102            -0.0779998351992         -2.17103900933           1.91064271761            -0.206630590726          0.341770019515           1.86181522976            -5.65678960871           -0.20740694072           -4.50696700199           14.3048502665            22.7958349319            -33.2481832668           37.3098866558            -0.145967568109          0.120433921333           -0.474743578758          -77.5718969242           -62.6359429322           -106.587493641           64.3171127848            175.551453204            140.390328884            72.6089399947            66.9433337331            149.803396155            -97.1901776651           -160.58462193            -150.514399826           55.010672818             -85.5872171073           
rwgt312                  8.58608806213            7.22234406933            1.44801685262            -0.472186944247          -3.86403018111           1.72408569701            -0.700838448891          2.18267564555            5.59675163942            -0.360093079609          -3.89180357572           -8.81585672969           3.81297043872            1.5672867823             36.335645975             2.84033306485            -0.115642028669          0.218563181063           -153.794616856           -177.364821981           -75.4102702112           156.647029723            -83.7242818784           -9.20310934714           164.619257404            -136.110128832           -30.5128843857           105.280087571            -35.3134515661           -111.206222019           -39.0640682431           33.5757399169            
rwgt313                  99.3186780979            4.1374387635             0.00726976430309         1.54267503623            -2.9930865389            1.71549012166            0.19045868051            3.60427632989            3.09629888684            -3.66239816955           -15.9535924515           11.8856640913            21.4895500061            34.2206835287            -0.566015403             -1.98945948706           0.0130876366085          -0.107364196019          -97.6123174867           -1.83843387111           -106.55329681            86.6704362228            -44.2645069529           49.6718976978            -88.2072479943           140.945192888            -136.590086016           -89.0191652248           -140.713234165           -176.414745944           -153.885357419           148.738288183            
rwgt314                  -71.7621751689           2.91001335348            1.26466487357            2.73440302451            -5.73761127685           -0.617014543761          0.137279395469           3.32461825096            -5.66215766363           4.04041219084            -7.51603474527           9.85237603138            12.84754431              -19.3901421888           20.2464739204            2.42457081661            0.162572859778           -0.613007252441          -99.3292367406           -20.5014549174           -18.2716633151           -151.806336533           152.146070802            -42.5123029594           37.6549559647            -140.520260679           -89.654157653            -7.90422315564           146.627290462            167.366401765            -173.258714236           173.998954338            
rwgt315                  -57.2742080282           -3.83194703              -0.0771608212797         -3.02244002822           5.91674566985            -2.07267242742           0.0953468009515          0.351094589564           11.4279537915            4.92756565747            -5.98976820607           12.0630563789            14.368211998             25.2582205256            18.4032006688            -2.2140885688            0.0404398627748          0.0429190523475          -157.059145474           61.3010358907            -19.8064913089           75.2422253999            -86.2219396978           33.8166266842            2.3365802613             -81.6992940726           130.040446642            176.602436774            -125.213147732           -0.448179801596          -40.9241407133           89.546338918             
rwgt316                  79.5367574777            4.50837545117            1.0682307132             2.4640035203             -6.83331565254           -0.326644209205          -0.229444949327          5.22149138231            -5.2202627856            4.21763686172            2.24979656644            -5.9929952521            -5.95758916674           -27.0742340743           -8.97498419798           -1.86892605316           0.0213197363265          -0.0932892733702         -158.793719259           -56.1538538964           157.841212842            54.3226395434            51.2434066985            -25.8082458565           40.4610431923            -113.574538617           -95.9803859295           134.832469287            -52.6786858171           151.762396421            72.4236995921            75.2634877979            
rwgt317                  177.241906869            -7.43473063124           -0.165552150359          1.69558473072            -5.15689506559           -1.83341586062           0.508369092762           -2.12547381286           4.55669081852            -6.09789274549           -17.0438686069           17.3141915563            1.4476658662             -11.4375885391           -5.57319827832           -3.0603279883            0.138694276536           0.238355138958           33.5169690647            10.8653502102            135.072568834            165.041415458            101.25862782             -47.3726924457           104.579038557            -48.0365372062           62.823481076             128.31592713             101.130653624            -126.264224859           74.545212164             15.0825208879            
rwgt318                  -59.4268038732           -0.0284672156886         -0.296277524039          -2.37435359029           5.35245593144            -1.23299542977           0.675248126524           -5.63395440659           14.3466976251            5.6727426234             10.1322757459            -13.9007771478           -14.3040105789           -21.382681966            7.38042931992            -0.775055658126          0.0885735956298          0.289626058134           62.2009129232            69.2014049439            87.8161954011            -108.75665181            -40.5702934633           126.680876658            -84.5054931777           -160.393275542           92.4347142094            141.63548961             136.70276486             -83.3152904357           135.439003446            -57.0438996898           
rwgt319                  -51.7591680338           5.15484011232            0.26198018673            2.45743777586            -2.45051195726           -0.710847777077          -0.0881425608563         -3.11167533942           -3.75870263502           -2.11848845205           -4.40972494997           7.80109738721            33.2161555952            6.934793407              29.0742745406            -3.03882789214           -0.103868340946          -0.0221710532611         -179.261549749           -50.158453586            -126.59364939            -59.9776454424           119.129645849            161.826152427            62.6432495117            170.248002504            -19.2736488128           -135.672611597           -56.8668449996           -144.105491984           135.925723983            -51.1968809941           
rwgt320                  25.0221667164            2.04654591216            -0.132664755993          0.489554097385           -7.01446433717           -2.07521623661           -0.606350187102          0.513541542862           -9.14620466188           0.89511070715            -11.0542745424           18.9920575927            10.4386799788            24.4070278563            -21.4995083257           -0.551282058821          -0.136275499522          -0.514037239569          -58.0638698659           175.941738524            -78.6748676675           131.914399586            171.049846835            24.8672018201            -111.122978839           -161.373959878           132.653095622            -68.0422442232           -84.7391889801           -85.9488874078           -42.0589530765           98.9666683739            
rwgt321                  135.23990778             -6.32252093529           -1.16434461952           1.38545847892            6.60250050457            0.613505199107           -0.709408389822          -0.0741390503498         -3.04911671467           -4.0138965464            -6.01284497503           -15.9261197243           2.50428915845            -31.3631440206           -13.0298156373           -1.99606876313           -0.0793419251607         -0.196298370138          -139.947741002           -23.0685766072           157.703603556            50.4081765971            -116.379105141           2.16205865542            -143.239750604           -42.3559915113           129.552731757            -23.3322237307           -114.988761033           -36.2925176396           99.5001835965            -111.247271562           
rwgt322                  20.8381118622            4.38942075548            0.483319741884           -2.27343154966           1.75101880377            -0.727710443616          -0.549014359693          6.0449601274             -4.96782600829           6.15945609232            -9.61724173143           -1.72570850478           -2.96427373203           -11.8641992446           21.5634096479            -0.652575940756          0.122390283821           -0.536257871834          101.040084196            -84.2992509407           168.134238758            -160.133122193           -29.370281613            -164.794754505           33.9274548729            90.5247291831            -86.5651286086           -73.777663658            -30.8033056117           168.697615188            -18.2183875593           146.834139517            
rwgt323                  82.8226240058            -0.115258305386          0.203821662969           -1.36783197711           -4.94775844788           -1.51092274282           -0.0502097664701         6.3626848751             -0.860532788645          5.90824464422            -6.46065362833           16.7666320182            8.81705624055            -44.2826175331           4.23133145752            -3.02706900183           -0.0944016223368         -0.46224647739           124.254357966            28.9676538806            167.594040123            74.6977008381            -57.1762337168           -81.6410938732           -103.002461746           164.035008648            -11.104593633            -18.9330590912           -2.1132463973            -70.080457756            -142.012248025           -174.955572113           
rwgt324                  22.4981242585            -7.09948061236           1.30148919978            -1.1846473171            -4.48874349217           0.82137078395            0.480740387351           4.08375717639            -1.54390956303           -1.37311884128           15.1680676613            -2.27100321618           19.7591040619            -31.7651878823           30.3534401382            -2.84175680789           0.0657639633476          -0.393564050292          -70.8171021504           59.751305397             22.3192427653            -161.02475877            118.851605596            107.750168426            -111.562215386           -2.8769992903            3.86530645074            -111.228834563           -177.580426924           -89.1690365556           149.43753977             78.3495673654            
rwgt325                  119.39641826             5.6633003503             -0.476929979186          2.03725580861            -4.99105118488           1.76865147094            0.478456475124           -2.85842208495           4.03468014406            -6.05293509473           -16.5559569966           -14.4117709745           5.9875585633             -13.9783384463           21.2538990939            2.89252059209            -0.164651944086          0.208716786472           165.744952113            -57.2460209666           23.5201231742            -102.984670288           125.811885978            8.53554422781            98.325077169             -128.932376314           -33.0233200594           -152.69677345            90.7175972368            44.4168927184            -82.575563094            162.851742666            
rwgt326                  -26.2802619505           5.79246085464            -1.00257043263           -0.471342984531          -1.58369525642           -1.24743498253           -0.233220199745          6.04993424162            -1.98503569493           4.11307507939            -17.6245090443           10.6226266948            -43.5174820741           -41.9363309715           0.903814622406           -4.70929180011           0.14952812886            -0.0739335067442         54.5880780327            39.7934697387            36.2176657307            151.709356236            -143.655356505           9.60185883066            -124.597397972           -81.0990985189           136.022194924            159.304875027            -29.5273313941           43.9916158152            156.063660557            25.6932961573            
rwgt327                  147.319264368            -7.25725612904           -0.0920919057611         0.598684818788           5.68327303933            -0.380806913767          -0.592988681325          3.86327908624            -9.9096477705            -2.65571742389           -11.7070393331           12.1047489444            -8.8627038255            42.0933199157            -7.89730308445           -2.12832966649           0.166100234943           0.170468420774           -65.9407232604           28.8977843578            54.3976964637            115.331392564            32.6965247003            23.4753827668            12.9959735972            91.60717423              -78.5851277948           52.5220391429            116.000282811            -60.0337116032           52.1239548161            20.3766328722            
rwgt328                  -176.766897019           -6.18688621747           0.811187704498           2.38442715366            1.82709879285            1.01006235991            -0.146794865579          -0.370709134301          -14.5976075829           4.92103598656            17.8315370435            3.30554490145            -18.1560570848           6.1543000545             -28.3269461075           -2.57812226889           -0.0172019558113         0.380720252309           132.9152841              -179.020844278           145.333185258            133.177851588            36.7655221642            130.156939566            39.7514735967            128.666647817            48.5489212485            -35.1305078746           105.04246562             -21.6362823166           -32.8746211476           172.521249021            
rwgt329                  -41.8070906486           -5.23070242932           -1.24322609433           -0.761893747638          2.20476965778            0.614846905972           -0.662764509818          7.04372326784            -0.941608936612          -5.81719752957           9.9215179065             5.50605802823            -26.1748106651           -20.5284925755           11.0834978372            -4.43243409611           0.112088109583           -0.578449723369          -16.9400361846           -113.196164384           148.839190268            172.497191214            91.8704366537            -41.6023341216           3.88690742399            18.8297556939            44.7319230125            132.16357743             -147.64854396            78.2758673098            -100.114267957           -35.9718360715           
rwgt330                  -157.621650536           1.8726477798             -1.4206697695            1.48801741974            5.39112223421            1.05331752605            0.758432015508           2.01757483986            9.32575100652            3.6129803079             8.9932644517             -19.7902609599           30.8095538732            -6.77263163199           -9.29772419794           0.954790042615           -0.112743034902          -0.320037226283          2.32101753386            21.7043472701            -165.990082966           -15.1018742174           -31.8202151003           30.7387150041            102.835545396            -139.335842145           161.941966811            -161.35700526            -89.653396641            90.3072587849            -71.1950938773           -18.7661290363           
rwgt331                  -155.651236439           -5.57311667643           0.741049021854           0.858777928727           2.94956976803            -1.76080060381           -0.610115188425          -3.7236917871            11.5990763184            -3.17052463048           8.92991967723            12.8016713729            -21.6430830571           -48.0423690782           26.8665677326            0.706683234667           0.0180767969406          0.211623281119           -43.2583908884           119.482738624            127.95079466             -112.638433596           -177.405473698           -0.955068152878          39.6155089586            26.3105461267            -68.6875421464           175.199803697            -61.6923681228           18.9688478624            146.485707658            -23.4647807081           
rwgt332                  -139.944875074           -6.57267272074           -0.591921383779          2.84589189182            6.40301195043            -0.33012358782           -0.252158053475          7.66994148192            -6.5389066261            1.19977567961            -14.1657034979           -10.6783399122           -41.5618485652           -24.3272454421           9.06118790484            -1.46451429818           -0.128468225234          -0.36363481669           98.8398824097            -17.9495102942           -94.9611704955           -166.712894636           33.7554536369            -36.8697791501           -105.88986413            134.002223432            81.6607246969            -3.53725703743           57.8985547582            -31.1320533621           146.802050196            -12.7387726341           
rwgt333                  -38.8767345215           2.40484505932            0.887270860467           2.42673186428            -6.12633815672           0.758126098831           0.791599234644           -5.06471450323           -7.34651573003           -1.24423054035           -4.96346274196           0.118525532137           -7.14477705659           -18.9255889748           -1.81601300774           4.43507744962            -0.0416564531323         0.138474296513           -4.1437762286            8.6941923154             34.1858059679            39.0829410957            102.959063749            11.8404480181            107.350267311            163.972530027            9.16611211793            -62.846283627            18.664675948             -165.022565877           114.391592524            -46.7099855841           
rwgt334                  66.1892069901            -4.98589523102           0.0972101251619          -2.62540047493           5.43019577074            0.6288185358             -0.245214014811          -3.37044723776           7.22268806834            1.79984734143            4.6901560302             15.3929492368            -28.6117250854           39.9547412486            -16.6068922331           1.21292385946            -0.0669328780382         0.351525236409           -151.400649466           88.4523388309            148.487738047            78.074090161             -26.4489244929           94.3896733159            7.33651843103            -96.3436583896           41.7994233435            -162.314383856           80.6153149552            156.647315898            24.4794799598            -109.055080219           
rwgt335                  41.0238394193            -3.08467509708           0.385873093844           -2.92360341734           1.79594598725            -0.470226589679          0.623687812037           -5.98355394686           7.45995258002            -5.01760867938           6.82994731372            -10.1256917408           -13.0419191521           28.3779299248            -20.6286989532           -0.349507241274          0.0637971753918          -0.240631900242          -10.2615539878           92.5117685297            -45.761393917            65.0172659481            -80.3310122224           96.0655578648            85.0445945486            -130.875599711           -175.027588406           55.2086436935            162.815842732            -100.236021436           -136.518824896           -13.3366299933           
rwgt336                  97.996900205             -6.12187793611           -0.638938669634          1.39332125152            6.72324733314            -0.0121940299906         -0.259793513231          5.72877232502            13.2695555929            1.38295226286            -17.5125732743           -12.8829997699           24.5785485177            1.73057052631            -0.875255778514          2.974671995              -0.062485517876          0.0563858493805          -124.320292414           178.968581831            -138.679284752           20.102132553             143.763504934            -139.382683875           64.6585767508            -142.710109677           114.352624018            -161.99792667            36.6725903132            11.5026850048            -162.226499072           94.8622775852            
rwgt337                  120.499760556            -3.26661159989           1.19221036344            2.72806107579            6.23846836747            -2.12883484852           0.442362732306           -5.33162644539           11.6534230657            -0.0866589743259         -11.1728355896           -19.829095583            -18.8144550604           38.2781969986            -27.9594296849           -2.38604626725           0.0851065248439          0.270764690337           -141.020016209           14.8195709573            -75.2527138088           -70.7870005008           -163.803325516           -49.9486091078           52.0294173732            15.1038313287            -89.2122804823           32.7761962197            162.505355351            -7.48944928048           -101.21580849            -57.6667419502           
rwgt338                  -124.971539533           -1.33455688989           0.601695197369           -0.78270850959           5.07671515599            -1.32321460227           0.65054664014            -2.75314857417           4.34424364923            -3.35246643143           13.1981011142            -16.8305461465           8.64798911151            -52.8216175098           36.7755888962            -3.42312330873           -0.133065348671          0.397346925812           42.2700790627            100.146413668            -62.2027769973           86.0625053862            108.607028946            -112.698707858           -2.31293620383           111.548161505            139.566958112            101.898274244            -30.6180012494           177.723093589            -69.1809361001           3.71960022307            
rwgt339                  95.2627113448            3.19158892924            0.304942025788           1.2905200807             6.55160264984            -0.122296293422          -0.236583188318          7.31728070943            -14.6410477908           -3.96984023614           -17.60897069             10.8437467409            15.0965395807            18.984253955             -18.3832346722           0.408432765209           0.0631885350293          -0.102680628973          -104.939196275           73.4149562855            124.444691363            122.428579542            152.117314275            -148.023875254           -135.711774107           -18.8804633415           -63.0801407295           12.5308300998            -160.858554256           -34.7864962944           144.036505462            -82.4599402434           
rwgt340                  -116.628877366           -3.00768512316           -0.587444427172          -2.79975489635           -5.92622045726           0.5872527234             -0.526782410865          6.65720693265            -13.8363585894           1.88520136706            5.51466584885            10.231055605             -7.21655825832           -26.5756426712           20.1671952072            -0.301242775231          0.0141454819248          -0.454265709268          108.962837907            67.4121956034            -157.804492325           -148.239119707           105.582340541            -133.357656247           168.174942694            -100.174778964           -9.99857326797           38.0081186261            -179.06098363            -161.577954696           100.706765518            -162.582767142           
rwgt341                  45.3727638772            -4.53532604749           0.25893514642            -0.175794308254          3.06016556356            1.39171955358            -0.285695026977          4.60780096842            2.46556732966            0.515903474282           5.46897955241            18.0258730604            -29.7664572772           -0.288347347007          -13.7026218114           2.81529578435            -0.0155096941566         -0.628273144114          30.5870108621            174.45323756             -128.838311548           -145.263106587           13.3571505825            50.2923338235            136.129020193            87.0272535857            -156.78121897            -140.650399049           -19.8423880637           -148.951690023           -151.173719186           -86.3197139574           
rwgt342                  151.720002331            4.64390373563            -1.2491521574            2.98604166325            3.34529220256            -1.82361518384           -0.399626433192          4.81068218118            -10.8079505678           5.73041903375            -0.112756355504          -3.33872766263           10.4091440822            -47.360814181            -10.2043210709           -0.152213351114          0.109489761985           0.298344765402           17.3989636069            107.177507303            -33.4560249604           5.45354261811            -128.869619978           -28.4844720412           -55.6518996409           -145.457649729           56.4623003231            22.3691377446            -153.420156089           56.8342039925            116.389803736            -175.005818703           
rwgt343                  57.2345587235            1.66144779836            0.958741353903           -2.8384531339            5.4602789457             0.489743102749           -0.49137616247           -2.8436081462            -4.83559262893           -6.12011035869           0.308580417537           -8.363678984             -40.6190330073           -50.5271761868           -25.0488316177           1.07645172074            0.155183468906           0.496105288494           12.9132807911            113.518071592            -69.0589415009           -167.486902027           -177.175310035           170.037685471            -169.272074504           -56.5931640036           117.800511338            -32.7130848659           84.5001754742            -60.8177622802           151.522722747            -151.989500343           
rwgt344                  148.291985516            -3.91046314067           0.571395680457           -0.592798243854          -5.47088935152           0.0632832431314          -0.756991253592          3.88425748776            -5.27939747897           -6.31424361652           8.53453964032            4.6925188962             29.9579068681            -16.2810307904           -7.76839165657           -0.684054929204          -0.130502838363          -0.51418054925           -30.1595196147           37.5319265828            -3.57775340252           -177.467309219           112.136119254            -132.763618975           -57.4153754168           14.4252639596            -151.790075891           149.494684739            -130.850413241           -173.177742336           86.6123186445            -90.1537500209           
rwgt345                  26.4357306639            5.9164331028             0.0727446969476          -1.67320869181           -1.77854797148           0.479299760422           0.71976698127            5.23924434822            8.26143567085            5.06718147691            3.26744193622            -1.29472176538           -3.30892025352           -34.3386747347           -10.5264612535           4.29776023421            0.037620161613           -0.582880019109          -11.5043510871           120.950737321            144.0158175              -39.8531182663           -94.7054828347           86.3963100988            -53.8214711189           -131.359970604           -150.843944153           35.3053227538            171.091963152            85.5361689738            19.5229132853            -67.2341972341           
rwgt346                  -166.662592622           6.55099776292            0.198144904121           0.0708867030786          -5.31085299894           1.69966596404            0.652154123833           -3.69849831412           -7.01679323145           -3.43230190151           0.488741069661           -12.0652166402           3.97473326386            -45.5837505813           -15.3502458189           -1.11950124967           0.0719123189903          -0.105954161949          58.6606707337            95.4663802927            -86.2137572095           146.361327567            -50.0713604845           106.110654822            149.390057926            -114.773385308           147.889454224            -76.5033744654           76.1486425838            -90.8272225074           -126.743399751           109.736537751            
rwgt347                  -20.9691945981           -0.0367658923609         -1.07820766127           -1.75261623583           -6.36102959394           1.28357064753            -0.590244440203          7.66802752353            -13.5486960234           1.67147885386            1.03578965462            -19.5684741894           -38.2589255914           15.8589249086            29.8252163501            -1.34334240131           -0.0403348097189         0.305756695498           30.2684857438            -71.982442192            32.3976781296            74.823748901             131.57584713             -165.480360217           -111.284327363           26.9249410858            -13.3223238845           -96.6554256976           154.342874159            2.74378350427            157.229631399            -140.244987498           
rwgt348                  79.1820652369            -1.6394616825            0.232304037085           -1.76283191078           7.55138824182            0.591226102739           -0.0362499483505         -2.40036463008           8.71906350006            4.47422301061            8.65746859146            19.3958875886            4.19211495368            -35.9136212092           30.2019465489            -1.25672528351           -0.0499069687856         -0.0581133502807         -5.42005178433           143.534474743            -123.204792267           -58.072887913            -74.2567190119           130.175881543            20.7581244488            -55.9853139716           23.570313665             -13.9098532433           -31.7867110291           -114.395760758           150.583719961            -84.7139746098           
rwgt349                  -45.9075718658           -5.92252435581           1.27779857304            -0.158797627489          7.37456340068            -0.482869544942          -0.185339531485          7.09442120467            -0.793460322217          6.06115633582            7.58149181286            9.0434731603             -35.5427191635           40.2794102407            -18.4053220928           1.14727981734            0.0785101678936          -0.471454129524          153.021964932            -68.0682019283           137.95575931             136.756138303            117.674972448            128.99822977             -86.3201315445           54.1351146724            42.482393946             121.591667974            -78.8185549219           -67.8415432677           127.977350535            133.164935926            
rwgt350                  -98.4418191734           4.72989630042            1.17762096087            -1.55938167451           -1.48564564973           -0.255655583788          0.31881354275            -5.54749448159           13.694377356             4.95359619527            -11.6945855581           13.6227702046            0.596851733779           51.3950468702            26.860612237             -4.72836810561           -0.12384194656           0.0657985555337          146.329304422            156.533414506            14.768903499             178.100626473            -140.734417578           -167.184335553           114.284567039            29.3066934099            -42.8052321825           -79.778166769            -2.54251046891           176.903034458            -11.5036363634           -71.7635697125           
rwgt351                  -14.8025780339           3.35746456473            -0.751382875442          -1.60141552792           6.01243516993            -1.80178515074           0.141532260446           -6.97379257733           7.48938454331            -1.20410068846           7.70261278667            -14.0001230936           7.60444659172            6.61088649462            24.6287349053            -2.02051984976           0.0995269585328          0.176273487773           -167.033774015           136.115227951            3.43171052424            -81.2481275177           -143.113657756           -55.4678411208           -80.9700501605           -25.9028492599           -92.2050546884           115.091896333            -176.977669667           -168.067267164           79.1194828296            108.322987874            
rwgt352                  -150.868673411           -5.95204653326           -1.2424961663            -1.24722880157           -3.77599043754           1.8954293054             0.547306068022           4.450955938              2.62196424178            -3.98808793858           14.6777097954            19.3888555573            18.5870440244            -10.5259865203           -37.1433786218           -3.87827718088           0.0517108889922          -0.387025537193          -170.667140107           46.0865625499            9.8607281526             -22.4348968445           57.0538819709            -54.2840990989           153.088526801            -21.3698726459           14.1397618107            97.9783355007            -133.338010508           108.583241879            -67.6295492642           -93.6103588255           
rwgt353                  111.441974359            -5.82537242442           -0.558869038828          2.45064635425            4.64973267506            1.44352481024            -0.124739926718          -1.31460060938           2.86077578374            2.70633010408            -6.83761145639           -17.7921808636           -16.123632336            35.2613266494            -5.56327131583           -0.309063281001          -0.0913780695776         0.417329757047           -101.732810803           -45.1426992581           69.8423017208            -16.9336154989           -166.219583412           -86.5811370592           -68.3443142814           -27.2570844122           27.7538118159            -60.985832661            -168.519566925           -143.369641546           64.7859949916            71.8671249443            
rwgt354                  65.1792055249            4.91501428742            -0.027101944092          0.505488721227           6.38980363154            0.381773224748           0.267551378037           4.57638198356            15.0177195629            0.0681337482363          -1.09955833219           10.6777665751            -36.4584569229           39.1254948153            -28.6179956244           -1.1337577393            0.118026771338           -0.0796921425395         -169.184700378           90.5323292528            -14.9826024936           21.083052033             155.713324962            -98.4450860907           169.110376977            -174.275704606           149.98796611             -94.9644309148           -33.7053726726           -5.37401037667           57.7213004746            -9.00981931399           
rwgt355                  -144.375767711           0.597063547198           -0.929996776031          -0.642856106776          5.96906952661            1.0425180778             0.645008886075           -0.489199237798          -9.82503592212           -6.23656872824           10.7061373234            19.7889684006            -21.6424261702           46.8473114584            -38.0700605761           2.24771236126            0.115781743543           -0.338067834508          138.026022538            -93.7217400279           -139.730346196           -40.4771869128           145.990964136            90.8194652846            -5.72582655925           94.2201541459            28.0336344616            -67.1795344886           6.86625950544            79.9128914317            -14.302406861            -53.5197646864           
rwgt356                  -23.2624563135           -2.81008801555           -0.58055947752           -0.894230180906          2.8427937401             -0.735095177815          -0.567388746068          0.649246945748           2.70116869373            -1.67995845184           -2.59765356574           -7.50752108416           11.3055982078            -21.5530628226           33.689338387             3.13121291905            0.0572743262901          -0.0581352290276         -130.791236098           161.351451663            75.4816928165            145.828632168            -0.938764594123          111.449825348            -169.505146928           -146.236637727           67.6862880751            12.0476868685            20.3594349743            24.6425168192            -166.660961677           126.826439617            
rwgt357                  175.0905894              6.41665433712            0.893623942529           0.142873612533           -1.30236572881           -0.0909190897055         -0.26051896018           -5.71143721079           1.64241938807            -4.60943043597           -14.8638944144           8.02521892918            -1.03848608636           -43.8903821151           -3.0241513933            -4.27677484162           0.175694912551           0.498744840933           -70.105362816            22.322741467             -134.536434517           -175.750688483           -35.5879878559           -120.352317152           138.289347406            -84.5040579233           -19.4145010295           -97.3673249595           79.4318575552            -172.7413311             56.9177343523            42.1004858318            
rwgt358                  38.8434683211            -6.96959940567           -0.550042094632          -2.84990166016           3.40316014206            -0.688528902321          -0.243488195298          -0.921193054068          -12.9364652417           -6.12654205627           -0.53799041302           0.349167973682           31.3302541305            53.1194072443            -19.3896901963           3.82796005841            0.16560083487            -0.35692328551           -137.939839524           -115.515413796           -129.690444744           -36.9289122192           12.1847392436            -88.7232813697           -98.5491547053           34.7090034327            -162.364039647           134.581424876            -158.285173758           158.833608363            -104.29527868            45.0457755648            
rwgt359                  112.992509261            -5.81422314409           -0.437428943557          -1.16280037597           1.70969443671            0.160945675863           0.387423834293           2.62480222809            9.03384523932            0.359129946737           -7.49295008715           0.723315561587           35.9891486593            9.8992046931             0.379224424753           1.27837449743            0.108176335004           0.609626139377           -83.8235689237           -135.801307828           -153.557570058           4.06210961384            0.492768205878           -29.3216304501           -135.845887026           99.1524497207            -143.972493257           -171.063230506           21.3264250569            5.19495049346            177.073321425            164.366049982            
rwgt360                  -179.656397132           -2.05402293336           0.825973739432           -1.89694026167           -5.76479675076           -1.22142414551           0.564476927461           3.68002880889            6.53845683212            -4.57644804731           0.865733852383           3.43826966064            28.3045797262            1.09047830092            14.5304783793            1.72717917595            0.0208756493239          0.399638320269           55.4652703025            -66.1284912197           -96.9195776095           53.2375580886            140.33902186             173.864283065            -116.172555301           -132.786780438           112.841904914            122.492840049            75.4014415248            111.218141182            3.48404465896            -164.130529998           
rwgt361                  0.995660016898           -2.29839269052           1.2471240881             2.81831393353            0.427025084013           0.193264233905           -0.265301501672          -0.163473965814          -6.69440188515           6.41312138416            -3.44901615139           -12.1664333889           -14.786255558            45.8034306884            7.85734408246            -2.38665022483           -0.0383930412103         0.23348281135            -151.89313828            156.562457709            -79.6244338277           154.372130095            42.1124723735            -10.0727230749           164.617195515            -124.81909483            -89.3039573613           134.594514393            92.4732809718            154.36505046             -125.591289685           -1.51549972636           
rwgt362                  -152.74846283            3.2055123072             1.1129983752             -2.72172592656           -0.121658877647          0.666882762881           0.048696876374           -1.41955583359           6.55330193211            2.08682578379            9.23080745872            12.786595621             -14.7541848392           51.0023778907            13.5751033679            2.69640212265            0.0606835913346          0.23383132279            -108.365817666           -116.701215783           -171.873894227           96.8803841941            0.843284522146           -129.052533706           85.2260504899            158.360463292            108.825023778            71.9007488546            163.344726143            -22.9340920758           -168.233546605           176.151012409            
rwgt363                  -19.4050697061           2.45305477224            0.593526658491           -2.65015290418           -4.8149259301            -0.496946804934          0.586656821665           1.19097911271            10.9615309717            2.87899822905            5.86711857117            16.7611983123            37.8595176733            42.6776348795            -19.6896624972           -1.85011199365           -0.157562766077          0.0129506435017          -18.9147578204           -137.299862852           -81.7630140347           -161.985237907           72.1695885573            -133.155846081           -40.1515373336           55.9484137579            155.719882789            41.8055097719            31.6145174557            145.545925125            -58.9094342584           -159.728664457           
rwgt364                  17.5504042565            0.42541026924            -0.213014783087          2.52335469806            -3.45816425489           -0.258415078546          -0.420358001099          7.48857589856            6.20196248561            -2.71211726022           -4.92962709925           5.39600941474            -32.9932438946           -47.1235347066           -12.2867632305           -1.37480496747           -0.0250605474553         -0.570180043096          43.9568820666            -151.144291119           14.8193000579            -160.579749325           94.2715699795            -145.593081608           -165.539144481           123.025439885            114.527955648            -127.662440526           69.9906263524            109.699056238            -36.0862720522           155.489825276            
rwgt365                  -76.3092203025           0.189277973706           -0.431887648067          2.52182628282            -0.636051713388          -0.710252833768          -0.808130912828          -6.88361048685           -12.1728217435           -4.37831000666           -13.4215762979           -17.9451540753           -0.157320521109          39.6869344657            -11.8271593354           -1.36186283441           0.0435489829964          0.56159465832            -122.53449833            38.1766317569            -91.2185534227           158.18067628             -69.5631253581           -95.2987693946           -133.032714528           -109.738308531           81.0297296171            47.0973218485            -11.4715041609           59.0222416888            -165.130436026           -169.847984123           
rwgt366                  -39.2189446473           4.20317020844            -1.44528527726           -1.94991298808           -1.94339817122           0.248712949059           0.424843055024           1.91148705233            -5.92942248982           -2.91523295468           3.68030625483            -3.84846978109           -12.0628175787           40.6754693313            -21.2348272357           -3.21565186391           -0.0685624915248         -0.552522660687          173.733705727            -35.7219208521           -124.740558649           41.9302164723            82.7129967963            -98.6495652426           -78.6243083279           166.061204681            -140.677947011           -176.272405115           -166.354391812           -35.084218852            33.1666138314            84.2881028329            
rwgt367                  -63.9069989476           -0.710507965599          0.43334125139            -0.00870674711791        -0.673628163955          1.49256294389            0.357963047239           1.3312671887             14.399856632             -3.42167821846           -12.4218710337           -5.76578771247           -30.7256476745           26.2247490486            -31.4617382154           -3.47440432169           0.162332784229           -0.6182941977            156.890506848            -90.2611797368           -50.4402351565           -179.039334737           115.16442742             -0.534022907713          75.1189244981            141.721165365            69.8798599733            160.592035718            -121.452921365           -81.1498567588           62.5916657916            -80.7603853266           
rwgt368                  -112.659643318           3.98261274302            0.324920732006           -2.34290747919           4.56699610693            -1.46087691098           -0.0755885839351         -0.852743521905          9.45521592075            -1.6883856965            1.63444438937            4.40564979184            36.7521244114            1.14533065695            28.2663768718            -2.55976484842           -0.156974299436          -0.533891657644          -32.18549329             124.266597274            -52.016270218            -32.6018671336           -4.04856264047           3.47366016645            -110.617540559           -94.1688352109           -54.9230616023           14.863857881             -30.3181873936           175.581104931            145.564556496            92.4243722367            
rwgt369                  148.173303006            4.04228442935            0.881485700431           2.26847833162            -6.29642566727           -0.845990029001          -0.266536046242          -3.8175292884            6.11596050956            -1.32484002062           -12.3286851496           12.0962425259            16.877131497             -27.2174549725           13.6487291491            -1.29037283549           -0.130026868693          -0.309049546585          -168.70486757            -118.199542734           23.3514208246            8.80916175242            -36.1939081185           -53.2720191739           136.661515991            -128.399098099           -73.2137762905           163.14794165             -108.881759721           -114.696953213           -13.445217392            -72.9665312208           
rwgt370                  -43.0060363544           -0.253737578106          -1.20859687114           -2.4777493004            -5.03630248062           0.756240456178           0.227440986481           -7.22458994572           7.98530686765            5.9194453999             -10.1325226749           -7.53162201142           -22.180167941            37.5975615359            15.661696176             0.608973523167           -0.0904048318939         -0.479125597046          5.1284642918             125.184174091            7.30082477478            -58.4697882606           45.5193892403            156.01976294             149.246279857            -23.9147732332           -100.94457574            -1.04658175005           -148.777837265           79.744224847             170.081088939            24.3557107286            
rwgt371                  -9.51282698075           -7.37955580826           1.36733005517            1.425467633              -6.192640609             0.357018677908           -0.0533474942803         -6.49827919331           14.4712844526            1.86344687741            0.816026147889           -11.0190057354           -18.3019311927           14.3000833091            -24.4633682597           -3.53134753663           -0.0391593492797         0.200884983609           -150.847425121           -146.40514154            -148.114683275           -161.158105897           18.6621531505            91.5975372853            56.6913814139            120.355908612            -114.473909626           -167.368851964           -73.2488706745           68.4554392967            -137.85721667            90.2968408641            
rwgt372                  -162.902831593           -0.956444909213          -0.609993126864          0.739064820422           -5.94190649729           0.88690853089            -0.729567734761          1.4834877944             -15.0778780042           2.99053127212            4.36570978439            -5.20763393785           35.4457567219            -23.5344346226           35.1984537229            0.0459948522784          0.0480331344196          0.111765823394           152.631690149            -108.493882248           21.086415129             154.8279164              41.8098245888            -142.347052224           -152.092284188           -26.2789875285           77.0968313486            68.4775350588            75.894412852             -130.221447166           -170.417412299           156.515152749            
rwgt373                  -80.4750506381           -3.15405864809           -0.919528239069          -0.663455811942          -2.99409082989           -1.13228007857           -0.150887011459          6.3395358797             -7.40142027129           -1.45193310116           -7.59813226036           -14.0654975723           9.70630964268            -39.9433187367           10.0490369431            -1.51927612662           -0.144429296217          0.498686008947           95.0346309244            139.703001661            162.807805674            -2.16730864644           75.31797815              -24.6985606939           -66.9735068292           114.086280081            -85.3961119821           97.8251146711            159.209856346            27.8795147729            28.0316384079            -46.8724067543           
rwgt374                  92.8202592556            6.11857689578            -0.511742007536          2.47384045139            -0.876592179954          0.162475328571           0.429898414748           3.90105285909            1.32299038856            0.987252843554           15.2633097956            18.217952614             -10.000583857            21.2218876157            1.05366668483            -4.44690078175           0.0294704043714          -0.348721298432          69.2604335788            160.561920514            -153.718181487           -55.2971645936           125.464533232            -7.40859646741           73.3013098358            -25.4081501624           41.7384120933            -62.8313618211           28.6020294354            -32.6200616461           -67.5943203912           -111.078004031           
rwgt375                  52.0618560266            5.49939143904            1.17430285935            1.94267852986            -1.52338131539           -0.553137869739          -0.148367421532          0.240399271991           -14.4607794998           -5.88785584749           7.62487787836            -17.5399159702           -25.0719183662           -30.3799807568           -15.207974012            4.38609745521            0.0856809841792          0.412706100561           156.432957838            -131.984904802           22.3029949198            -109.288118209           28.5363989787            150.004076173            105.738847038            -87.2088319395           -135.643209286           -156.112578841           -158.247442106           159.333979566            163.934753386            -1.01963963514           
rwgt376                  141.56496632             -7.33714182511           0.541900223911           1.40166644117            5.05764422589            0.764582179876           0.351012394216           7.04747201509            -2.76840380559           4.16728360179            3.81292967445            -10.5340405622           -31.141944521            10.0984851482            -1.49661233006           -1.80906867238           0.172664308251           -0.444773351478          101.344249401            -168.323870562           56.1149181238            104.753367328            -23.4560245895           -119.338557633           -10.0164188606           -140.085749952           20.9043429525            142.371242624            134.117272666            -25.9091301937           -17.1240583438           154.210758575            
rwgt377                  -34.0561990949           -5.779199054             1.11040736428            0.533073199534           -2.40843686578           -0.428579079875          -0.230100558318          5.03421258897            -4.80312519495           3.279705746              -15.6697200866           -12.8605625668           -18.6074445895           47.283876267             1.73897221555            3.85910042245            0.0233016658634          -0.597599731261          -179.211423424           61.9307185114            87.4815798316            -68.3901028801           -7.23914018748           69.7078476661            127.336188939            -80.364537714            -89.210788663            -158.144463044           85.4937936657            -72.7908951887           -32.7873684123           59.0435396807            
rwgt378                  0.322750318285           6.43974064104            -0.681987679213          2.19774361741            7.11645483688            1.98506037105            0.293470169861           7.07036857169            -15.1375033406           -0.588701068537          18.1737899921            -16.8893760058           18.7106975502            18.0515927669            -13.1726918759           -1.83122377625           0.136404824031           0.0052400374807          164.465184318            34.3048898454            127.500116675            163.057975615            27.1564757214            -149.073066243           37.9716509992            31.1045086403            -69.5087853716           -106.498628041           24.0429360009            100.506978276            -78.3076043795           -154.294339965           
rwgt379                  -142.563089234           4.43905893268            0.0164662077237          -0.236976450356          4.20463785312            -1.38243881909           0.392573267572           6.27930499485            6.77398011705            2.5523780739             10.1815951341            7.41491504187            -1.23102414454           -15.6716441492           11.824233103             2.83470525107            -0.0706441908475         0.102222149378           -76.7505062035           -120.387073542           -114.171309599           -135.732011477           -159.608742968           47.8769014744            -107.954950754           -132.802932902           143.889564618            -111.489755163           -24.2217599801           93.8749699864            153.548402207            167.806110087            
rwgt380                  -55.4539407788           2.71557796981            -0.178130186166          2.49553297118            0.0523242102087          2.11979875271            -0.0622720697172         -5.65748152051           -10.0522988594           5.46833020525            -11.9752668182           -18.7761712395           24.2726802348            -10.7767383155           10.7527738107            1.05752084312            -0.108686189739          0.199162049959           -92.2226393799           60.5122605973            169.873610616            -84.0707524617           96.7644378696            -48.4643366688           -117.656849483           -71.2955077054           -75.1441995053           127.946155102            -33.6283406622           -48.8367994985           102.968698002            76.4583267275            
rwgt381                  -93.0825538436           -2.55400816902           -1.36482724024           -1.73015833386           -0.280070736801          -0.0431876553542         0.600091275093           1.64107023322            -6.81849958861           1.23525773186            -17.257324299            -5.06440956964           30.2946717179            13.3767733078            -16.0453829137           4.31447068206            -0.148041204272          0.389606658786           115.64449992             134.746147795            7.20525911033            26.1775128299            -40.1421441736           167.391648764            147.346252246            -147.259816585           -67.1789788766           39.6586398299            -78.0442007482           153.17201803             161.694619904            -66.074118399            
rwgt382                  -45.3132652752           -6.6743498197            1.31388937142            -0.490838873207          5.93847231439            -1.28380006686           -0.353532995063          4.44560084161            1.25817437928            -4.52079169812           -13.4709282866           -6.76270470332           -6.81785246287           0.848583115062           15.0452050209            2.2047842577             0.00611560779097         -0.431132537762          63.5507760836            -72.3256746199           152.368178926            159.842268706            105.362267496            147.19779161             -49.0437174125           -31.1382786033           -139.965923892           168.681111954            75.5600469863            -98.2575637173           -147.145171409           -95.250669456            
rwgt383                  -32.4171479317           -5.84729384174           0.18087307669            0.935878526256           4.9559865617             -0.134914981562          0.156322666522           -4.85624613202           -6.67203313117           1.97795452227            -5.45037673712           2.28575932845            -27.7611376385           30.167219197             11.6361797434            2.39825887908            0.0335996943881          0.418423237762           136.681676264            117.460041898            101.724286311            138.709105093            176.069878805            87.9261090186            -172.543274532           97.8842972792            -168.353001647           -105.323554579           165.529351006            107.607568813            179.891775898            123.127427822            
rwgt384                  -3.70666841272           -2.84541767748           -1.3840290232            -2.03609382476           2.68739271638            -0.518857712259          -0.0331431709969         0.690720457076           -12.0951000965           4.90156271832            1.55063670617            -2.89670196613           -9.29984358792           31.866982511             -27.1952313071           -4.10182954573           -0.0983600639933         0.23383738576            -142.251061346           150.919193513            -148.795766379           -32.0163851845           11.8109908876            170.328092916            24.3081918199            -175.739414115           12.2467087632            18.3195192659            121.411883221            171.687657263            -10.3881391655           -159.331131434           
rwgt385                  -156.983957645           -0.286817288203          1.15897731269            -1.36529024177           -7.3634649444            0.0650562674233          0.374437953334           -5.26946042334           -1.58813883674           0.968028109398           -6.51842143155           -7.96172187317           -4.40364537774           -45.9743028714           3.86829131599            2.2992698137             -0.00257269061995        -0.308471773353          20.847380125             62.3395793688            18.5838193683            148.396308409            167.774646121            137.983521909            -13.8396869922           -141.037320702           83.9584543113            92.6687224879            156.149839705            -96.7735891347           -163.562301011           -47.5260574694           
rwgt386                  -57.8258362671           7.19102300954            1.32484919965            2.11590775878            -1.98380491071           0.512865004158           0.544462130922           -2.37704148124           0.0559491413266          2.35180311918            -12.437980041            -12.5877924641           35.2761449332            -29.7093599505           -3.5247252855            -4.06785590206           0.0106388422981          -0.441855283501          -73.5111391843           95.7260668513            -157.022013623           170.497247469            -121.221038962           156.420178637            34.5768440502            106.873469944            77.1719907534            -50.5717480288           -54.0174192001           51.6400881305            165.282472775            -118.19029035            
rwgt387                  -8.08890068311           6.3268462832             0.00619157620963         2.26936968861            2.80698011189            -0.886859831384          -0.758463141922          -0.857962370731          10.9498766668            4.61777064754            13.5939316844            -16.244345904            -21.7058184552           -51.2048451415           -1.49842221731           -1.92564891562           0.150449188558           0.611042666609           -5.63988261024           -117.693647309           115.081569851            -82.541025708            -46.439561507            -77.1055910498           -146.02168669            18.5699987608            42.2902793359            -6.91037610335           -136.076614348           32.4082175022            92.8576364935            -36.430704261            
rwgt388                  -26.3971359851           6.73561975506            0.330524735611           0.379126006731           5.24654501981            -0.738840493528          -0.377585258326          5.31658482208            -5.38799837028           1.43324914212            -5.55607628311           17.8154750956            -26.3006725678           -19.4340449903           19.5166175255            0.818627994652           0.104074789832           0.381659300329           81.6206892713            67.7697538325            8.35424546686            -20.3624203043           119.428903691            142.597070354            49.9872260759            -88.8682628587           177.376708701            39.2070698496            -164.558932293           -105.852912571           121.912506807            34.7727481782            
rwgt389                  -3.19443375668           4.83075208224            -0.163122383509          -0.11817657741           -1.07826100977           -0.188694949821          -0.46510284469           -5.75561209684           -5.38307629766           1.98297486209            -17.302221042            5.15038777064            5.32467063014            -11.3091091834           3.68009689785            -1.78019533288           0.0678883104046          -0.611168408128          -150.862238769           -80.2933248602           -54.552642145            -178.378093193           66.1182502866            93.661334146             19.1405087025            -166.743076951           37.3497861509            55.0234689768            48.1460515893            -77.9654005461           142.927529251            -69.6331145552           
rwgt390                  -100.231342218           4.77444690308            -0.537467492892          -2.52047967535           -7.11398811867           -1.2693355713            0.518960870462           -3.84597817769           -2.84255607785           1.26840209768            -5.41501628951           17.7222616388            26.1246767443            3.52610574181            12.3280936274            1.19685539185            0.17451704793            0.052207186352           -119.944214653           -104.478846801           -76.7262180035           113.109292002            94.3346424052            120.990897399            -38.2098260831           149.821737635            98.7948800881            61.7814779523            169.978030575            119.631834703            69.5888776595            64.1364889734            
rwgt391                  165.834921152            1.60118388816            -0.956285520172          0.108396250276           -5.65378874362           1.21930396339            -0.245015438579          1.48840582547            1.32985384953            -0.458328116629          -10.0171665063           -9.40608096966           0.0741064290008          -18.0985080661           17.5130011362            -1.1802886212            0.127326520666           0.601241411206           -172.880281445           135.997879638            54.0973811573            -141.579341586           -39.7543604757           150.300676526            31.6361076643            71.4233891361            104.052875619            -26.6522672835           14.3989823407            112.227503368            -37.4321720715           79.8859109772            
rwgt392                  51.7800966105            -1.47758551258           0.299574032323           0.0410659109607          0.942023281587           -1.45436498499           -0.00307047310042        6.88059425033            2.99806751515            3.30130361737            -7.61132328345           1.72421420013            -30.212814688            -48.4451108555           -4.81860867341           -2.83156277091           0.16190295519            0.240020705014           -137.900968799           -22.6826886863           -152.845990106           77.3662564867            -160.235056643           100.180669094            57.1630856629            20.6716935563            -135.544382763           62.6903979841            -133.247212933           -12.6884657269           90.9774774171            40.3639384795            
rwgt393                  134.2879778              6.47849698137            -1.15568141196           -1.76823126781           -6.09538715946           -2.12313267455           -0.115098383744          4.36495294473            -10.1130139909           1.34866034895            -10.9829554699           -7.75424558214           24.853059706             25.7781574782            -25.1794811089           2.66341092144            -0.0474473365022         0.298149083343           105.431179895            -1.53095879272           134.076788102            -170.164775347           57.8218931331            42.2725062099            -153.568682017           11.6566916873            126.717611809            -78.1041976916           -145.826506302           150.619414074            -153.915649553           -115.97408078            
rwgt394                  -116.010906486           0.920055516355           -0.0663368757148         -0.938455826363          -1.31226078927           -1.36866525603           -0.502054301453          -5.97673668177           15.02637034              3.99174149241            10.4969486628            10.5070601316            -43.1327375055           17.2504733647            3.7138654833             -1.26093202009           -0.13534114139           0.381177937272           -72.775629936            -78.8227341397           -71.5883394304           24.9833376041            110.806226674            -45.3123869192           -2.33756523635           -150.042532519           -48.9738085602           62.5015251767            -80.2000816167           -28.0352787629           121.446460098            12.4695065402            
rwgt395                  1.98813326748            -4.16180141219           0.985776332717           3.07984551017            5.40669921539            -0.252318008783          -0.581980245424          -3.06101419391           1.01159653564            -0.53576614052           -15.5990381365           -11.0588053786           20.8038858816            -47.4037984864           4.11505633914            -2.60164305225           0.124979024642           -0.250218677095          45.9728477307            109.941345845            -85.1645455774           60.9728108257            146.261102092            -2.42236609342           179.974654731            -127.630136549           84.1189437426            85.7658361303            -166.344636759           -48.0640355421           -1.73065049466           145.564088863            
rwgt396                  75.0083285281            4.6222705679             -1.16164665045           -3.02627691045           3.04042538052            1.16230470526            -0.382904024776          -0.215250335084          2.21456837698            4.79685235477            -8.5738798854            -11.7049340658           36.5213218238            17.4966119524            -6.4265509076            -1.90403721605           0.0522929800337          -0.0410602386302         102.294974019            149.591342462            -60.6049914402           -59.3415909118           -4.26787398742           98.3962280614            -91.6255711161           17.4774179385            71.0232781785            -4.98509332127           28.8137470661            -9.36770549238           -173.809119161           -18.5014250219           
rwgt397                  71.0713785693            1.31826330022            -0.0511470641075         0.225313173342           0.581677177243           -0.720898870743          0.256393526601           -3.07773161158           -7.40360129329           -6.19971024934           -0.574374787291          -3.80301378158           35.4815801287            -25.6361325282           -17.6969088882           -3.37043627311           -0.0481130523798         -0.380622417093          16.5908444703            -113.994827269           169.390424908            43.314581464             144.947370727            176.849018861            -104.906625738           -12.500255506            -101.196919486           118.803179207            -33.9785039234           58.7572733678            -153.102540504           -167.859051508           
rwgt398                  -49.3650990107           -4.84095084545           -1.31222978416           1.4257074181             -0.760121726597          -0.17266200219           0.23807906326            -0.968119447997          -12.1412337282           -4.03933262532           -13.8496324819           11.2911956042            41.1038911691            33.674995659             -9.261810835             -4.28794005391           -0.168715317624          0.557614526484           -55.9621144417           83.1035548648            -113.670203634           -71.0056523771           -41.1176586557           112.925495277            -77.7585704491           46.7505338529            12.7207932288            -128.880637461           64.7903055348            133.516975148            169.999915188            9.74643862284            
rwgt399                  70.0266242842            -3.85404704567           -0.864836042325          2.61957436477            -1.66360738886           2.00457238826            -0.376672889481          6.07703025638            -6.22895594194           -2.04104609401           11.3077676852            10.5778718051            -26.7977850511           -48.5487477455           -21.0511773247           -4.44021115245           0.0300723216778          -0.424198709109          142.686628598            94.5766860848            -157.791633302           -38.6905036898           46.3325778333            119.521898457            -130.213515656           -117.087338706           14.6844624605            -138.878420284           -17.8183014893           69.6511068818            -101.076352531           -124.623898119           
rwgt400                  82.3781711208            -2.61202289951           -0.536814288379          -0.752281278949          3.63739759333            1.95129639891            -0.473412628116          -4.83323233461           -2.29553965978           4.69871683034            13.6193548126            12.5700686903            -9.77294572886           -27.6553327227           -22.9119370923           1.52660315064            -0.103085371568          -0.218598664851          119.051883282            -3.05816988199           -81.6163933425           -174.739925783           -45.4208407596           124.34577256             8.09575711924            -73.4305731768           -19.0706351483           10.1802817083            -158.521284725           57.1955280319            133.603361152            62.7235357992            
rwgt401                  65.3207915644            -0.384167004242          1.42787628991            -1.44015251662           -5.46661347456           1.7131798302             0.413750525813           7.52201701344            12.6473718013            4.3623885864             3.36384464697            -3.36672906734           -12.4759597378           -39.5130450297           9.8353175775             2.10001955179            0.0117401831174          0.552899569744           -21.0775373616           99.9416656948            -10.583246981            121.905425465            -50.4219241735           59.1432673605            110.552725671            -81.4082453094           168.896413449            -24.9366841182           -19.6058658289           -13.7384092991           89.5014944146            -9.47403589302           
rwgt402                  -98.6840830711           -5.6314633984            -0.931316217767          0.723878480073           3.80312006957            0.356012271942           -0.00513934448472        6.96085081884            -8.38576724813           1.97855515734            8.89772471374            6.93256715276            19.7306427848            4.22879346541            29.5813664674            2.67903034834            0.0247736734029          0.531056531727           -32.2156352934           -108.237079617           -60.2504021465           127.865228971            -44.6192281974           -124.263848369           55.9574023606            24.0793097351            -13.6575751601           169.610506577            86.0602161886            68.2541127504            -175.287556819           83.334460102             
rwgt403                  144.093847437            3.54858879531            0.741490975287           -0.272636487623          -3.34696722223           0.186409971582           0.451063936815           3.18711033167            3.06472794698            3.67613534957            -1.85994921815           10.7955276751            -31.5654216105           -9.94069915809           36.6734296513            2.58826400774            -0.144503938595          0.250652591827           92.0545420365            147.40100436             -64.0222626898           -55.681220026            87.4568756457            0.85081963785            -114.353518478           129.802941265            -147.948584945           -38.3526815812           -91.8153210851           104.080373668            25.5058858481            -173.002801838           
rwgt404                  143.422015448            0.704673406462           1.42657957902            -2.65264115598           2.28606189176            0.337848055857           0.10601819179            1.28563763831            8.61877316234            -5.56909805919           16.5541106102            -2.60110316603           37.0939540816            -22.135802343            -35.698312523            0.887915572637           0.0971066956188          -0.466084505904          -96.2558757532           -82.7400524392           -156.36625176            -8.71205432806           176.994235898            125.539254411            -5.21835023439           -6.02378759173           -165.199648244           -83.9432915426           -160.306884429           56.3028236457            -75.2699617773           -124.181897842           
rwgt405                  142.662979614            -0.982515834757          -0.0316998936897         3.11257242318            -1.60457946981           -2.02339699284           0.2548268944             5.49283555301            10.4756951338            3.97748689284            8.89738672394            5.54645972313            30.2612421976            0.150595821398           -38.5916575049           -3.21651060858           0.174904281756           -0.0764437940973         147.38543056             -156.519887776           178.327966272            152.984968151            -51.1830012304           175.175163149            -42.0124727649           -66.5574376433           3.73405413329            -127.21510126            -72.5108030238           -90.7039932404           158.497589971            121.455033986            
rwgt406                  88.0556201672            -3.57260598805           -0.701917077222          -1.55102632211           2.16302408061            0.542413469082           0.366007503887           2.40281455476            6.3903689311             1.08990644471            5.26585276223            -12.936983472            -19.8416717186           25.9084286883            -14.0045404938           1.46517523651            0.000596223980994        -0.559898371131          23.0183386886            -42.0570127112           -49.6252295594           37.0844601817            -24.9420439743           120.037855575            147.943098313            -171.501903372           73.2890516713            174.342624657            133.557643599            123.995449336            -27.1939923509           172.342339909            
rwgt407                  -66.1603806109           2.9262900408             1.35939270704            -0.794841670385          -2.78038653866           -0.454508622562          -0.755467195447          -0.47798890598           10.2368291114            -0.747710809644          -14.8931490844           -15.4684867962           -34.4929678724           -48.1744305403           -5.99122574972           -2.79326874826           0.140270960438           -0.296523242624          -6.00095278988           67.9386453764            68.473906422             -86.4196974999           -160.527520619           -115.589082425           116.485331501            -45.7101432882           -64.8584919577           -97.196929106            109.514548807            160.001879534            129.317457022            163.93137513             
rwgt408                  4.93681490143            -5.96866930397           0.530060384908           3.01174326972            -4.2117054105            -0.913438610153          0.338642286525           5.31675648299            -11.1022434697           6.36738380718            14.1961193681            19.4771721202            -8.0681348335            42.0912794142            25.7386979539            0.133321559577           -0.101716497085          0.0204583337874          -70.4385243755           -76.4289615604           -121.821478083           -68.3190427922           -172.347794959           148.298728401            -151.711300956           83.679739218             -100.592379331           127.256258108            145.904084674            -141.121370562           79.2909794963            -60.1983147628           
rwgt409                  -18.6350210446           -6.79209934986           0.666084926746           -0.275733994911          -1.9402021188            0.488959698382           0.380130466501           -6.34139708785           -12.5478608616           -0.90286846102           -12.4303730449           -9.92187862847           -13.5313195935           -50.0606562723           10.4505863334            0.666485874181           0.142113325117           0.472231266948           -71.0077920039           -128.474445844           94.4106858535            -111.918768092           -74.1578552194           -3.57850841394           174.997835962            -0.880687476158          -88.9204886687           -14.9999784634           33.3923315367            -47.2114987713           -162.505456814           150.026939354            
rwgt410                  91.3964878238            3.19816573277            -0.251593495105          1.10324034193            5.03211479812            0.899848521426           -0.643170907733          -7.12728153305           -3.27888901409           -2.04441690789           6.0254882576             -7.56529258114           39.6636307521            47.5946677657            -11.1350935175           4.44685657173            0.0246551895656          0.094827633908           155.024962243            -152.898849121           -38.7142309854           89.1313975826            47.8945312854            88.150993368             97.868715497             162.83454693             43.3165236952            -3.91788946725           -13.9194960468           -168.00536689            -104.112825893           -133.35363879            
rwgt411                  -49.9387664659           -6.43809928015           1.02689494827            -1.75927802561           2.60904727562            -1.82290198469           -0.795011631376          2.86195136903            -11.5896210531           5.19458707062            -11.2125154504           8.77097974204            19.0817690521            -16.4745561548           -29.263388397            -0.581006868854          0.0489069974923          -0.603603980518          -54.0165517833           135.32998178             -36.0502090253           -43.8238025522           3.32462861412            -49.7944581369           -30.094441289            -99.1986491855           -81.6370504486           -112.851118915           1.74304292575            -87.861030277            -153.78354371            123.924064289            
rwgt412                  7.71890015534            6.68303008306            -0.465205015307          1.30046270988            -1.79077747755           1.38637281035            0.177428867595           0.273937008712           -10.9269827268           -1.78154709329           12.0324717998            -15.6934639907           -31.3371480246           9.5440249614             32.6451424266            1.76780275612            0.0386145680484          -0.177123101686          -87.816793189            -107.254355312           112.027276975            -98.2692082137           -152.449088582           -65.0331523739           -71.5970326476           -3.71590399518           -107.487000309           34.7152003729            148.465591332            -56.7980521483           54.9726532161            16.0225693179            
rwgt413                  -122.898063956           1.90110306422            1.04769841402            -0.893835767507          -0.137119606346          -1.25026675017           -0.222005621929          4.64112775697            -14.6273326227           -3.34795892284           13.0790488218            15.770403074             -14.5375044334           37.7562298321            37.6761783938            4.08422105526            0.0859932748537          0.538136780068           -160.806461586           -59.0813897704           -66.4422392731           -74.398134283            -163.572087039           84.2335770004            92.1219719392            -142.165063126           126.521541148            -100.309543162           31.0009264738            87.4530014651            -101.375015716           77.1561006727            
rwgt414                  -5.68818188082           2.22870050876            -1.14212205315           -1.42380777227           2.23739535177            1.255926028              0.18438811875            -6.79751584683           10.4088039278            -2.41452869727           12.3375809737            15.5424999627            1.41203631671            46.5615213806            7.6272321384             -1.50787138343           0.134863789955           0.441804247573           165.681679246            -165.179469898           -106.294540951           95.1905390392            -23.2243732298           38.7752984073            2.43961231933            -39.8639439353           -45.6521809749           169.765416443            -40.228522123            -35.0322364219           -47.0409664153           -29.5607661465           
rwgt415                  -139.024906278           6.20395208031            1.26461292498            -2.48144851414           -1.73756699478           -0.321784923425          -0.792831332176          0.836218595063           6.69644518904            -1.51177395247           11.1303598732            19.6838871783            41.6826509606            -44.1827404141           1.88295306634            0.300729983324           -0.100896217467          0.185148216554           -100.921892103           178.721334637            -101.936004421           -85.853259689            -80.638724785            34.2318488707            -22.7842267582           -96.4352810669           63.0391632801            -92.5565858508           -103.564018697           -163.11421733            -91.0475645392           -72.6105208496           
rwgt416                  -61.8226085214           -4.11692864813           -0.767609941253          2.10370280296            3.22636366508            -1.79198180469           -0.660858379278          2.11997395088            -3.70322278731           6.35820740733            -0.495424502872          11.4781528047            -9.09237302536           -6.52591164353           15.1134676006            0.732266300546           0.101402626707           -0.250845046766          130.389451336            99.2261862346            -101.964120691           4.06724384895            137.666247162            -177.622036132           90.7072522985            58.0956545589            43.7443145626            113.788470778            43.5972972338            54.2886838318            -25.6250756421           -158.196986643           
rwgt417                  98.9548382458            2.09521676009            -0.978285046261          -1.45193300395           4.11173707866            -1.90221655678           0.361751362583           3.61074824481            -8.93220683682           -4.28564917857           15.8767887613            -5.59057406043           20.7833031831            -18.2104939808           14.9042822434            0.067480080843           0.103474689681           -0.332084765469          3.47660099852            -20.4842956379           -139.432851502           122.669252488            -35.8311694426           83.8127927832            167.178709086            151.528441552            -70.3665497456           -84.2485457166           -174.196411733           79.1103725952            -44.1437953124           -62.3475490906           
rwgt418                  -60.3690378716           -6.16013262472           -1.39136872593           2.55566871147            -4.8478559711            1.42032679404            -0.300620396972          -6.90123227905           4.53143482129            1.31545410958            11.9554786919            -10.6069644694           30.4608180264            -34.3650736568           10.445000612             -1.78601556908           0.130460081113           0.323777628151           -29.9484007795           -80.6673123647           -25.8483571829           33.8959344345            -96.1924129366           154.36155697             118.034104912            168.996414078            -31.4135428692           -32.3593595479           -90.8957744447           -137.748189099           -105.423001068           153.342195999            
rwgt419                  -86.2284173974           4.50091829138            0.0477497394513          1.91006473746            -7.49506289357           0.246686874609           -0.685705719236          -2.0373775287            -4.91320885816           1.36554208769            -11.6940291217           -13.4321626974           -36.5912077512           17.0362309011            -30.7068013795           -3.62429256974           0.127141572826           -0.200086129781          10.6775397929            -84.6834825688           20.591257855             71.9185581973            -22.5912344651           9.5076691468             98.3268775691            33.4229591779            17.1523347567            -94.2956995723           -41.7285398516           -124.630020744           124.167764224            -133.885769242           
rwgt420                  67.9282208277            6.93822399668            0.217613250121           -2.35586504404           -2.47610915744           -1.90138274679           -0.0991843188849         -5.77954067326           14.2215654048            -1.99854867997           18.0229517163            7.96615318408            10.6334792907            -22.1600727284           37.8473503294            0.801681802295           -0.0200291639878         0.0260392682332          93.5298727276            5.8889975782             -162.328913471           -138.670712207           -143.938421182           102.656773461            77.011919163             -4.54279550675           -150.54912958            33.9533201195            83.9097877735            143.142742032            -152.084381784           14.8236800588            
rwgt421                  2.70688352414            -5.04215519701           -1.43813470611           -2.94222208787           6.88099180313            -1.10215121103           -0.1932553215            4.70283625761            -1.75140198858           -4.2233665143            -2.41291405814           17.0789759598            16.5609390281            8.62961789736            33.5507655995            -0.0609294106972         0.0137787826828          0.139053672774           115.025006318            50.8530651597            -110.935739262           108.881236106            -60.1643463667           -137.199374743           5.20834968749            -143.677618767           -168.52272416            45.1193280758            10.9559265825            -42.0399927629           5.35963138361            -28.338229673            
rwgt422                  33.3995819594            -0.893879517046          -0.737854400859          -3.02702357073           -2.09933925345           -0.117334683263          -0.590459107485          4.87706988133            -9.66810034873           -4.83028256955           17.0663541445            -2.89044572817           35.1135618666            26.6550555013            6.26508336629            -0.299347735117          -0.0509064603032         0.572211736463           -58.4379225612           130.080077624            47.7395962462            170.78371963             -103.191364581           153.11984944             -52.9917057116           -120.416495397           37.0057203802            3.4020304262             -89.4191577407           -125.781805754           77.9463667129            -114.961245258           
rwgt423                  -34.1885801213           7.48015848782            0.818051026736           0.837462473877           -3.90075381811           -1.32030511141           0.020188648775           1.28339537295            1.93418129702            -1.41830280619           17.1363549734            -0.853966735034          24.0655169602            39.0677877628            24.8849224638            -2.21667598001           -0.0330109142696         -0.595296615403          -176.187778023           176.307757264            148.399692086            107.758974452            -119.572132224           -28.0178662071           13.1077239449            -103.666470024           -41.9720820625           50.9834583184            136.965414424            -62.8525944071           18.7900201662            137.793145896            
rwgt424                  139.818776322            5.21950447666            -0.41486267537           1.13475112325            3.77419502813            -1.67361445834           0.808007543729           7.20091157837            -8.72101010415           3.52547725918            -8.30093643203           -3.69165995891           43.8196090078            45.9028905462            -31.1067341237           3.05213364298            -0.0186091572968         0.0117834760437          -154.391073322           85.7116531022            -35.942049665            148.759150525            -93.7748022818           83.5045308801            -147.550463254           -115.228214622           -68.8395028024           144.290861727            22.7990630803            12.9196039282            114.471312319            -15.1517317296           
rwgt425                  166.891887896            7.12029414487            -0.0447774010003         -2.61942263979           5.45391659471            0.351483977117           -0.566361608414          -1.14325106889           2.9871654231             6.27779465716            14.2127888499            -14.1859540019           -9.74358011394           13.1159446364            -27.1814291092           -2.05087171729           -0.167083820397          0.56871327334            84.287135934             -17.9508424698           -174.519471204           -0.566897008853          153.615344363            -7.36887591472           39.1962903046            -0.0216982193818         -48.4957968264           -53.3027440124           17.8302284525            -168.700729527           -29.6807675863           -130.621256732           
rwgt426                  -158.330677825           2.90789540203            -0.698325264775          -1.52231012509           6.84101146733            1.55166328903            -0.0835048669486         -3.05722630618           -4.69641128187           1.80395862052            -17.8376783116           -0.77110173052           16.632542826             -26.4199955693           -23.7450573061           4.51614921274            -0.0790668796619         0.118805795249           12.7860944441            -157.457485289           32.6059979695            137.351325709            75.1028803184            -134.361875334           103.157257289            -48.3527138075           137.760966636            -113.653632687           175.390353971            107.039181848            78.0191457449            -125.608665823           
rwgt427                  -153.572402723           -7.1774663895            -0.713591261306          -0.0311101246333         -0.696262638305          1.40530531811            -0.434829468799          -6.81021999169           2.14036192186            2.1550381564             -15.6212732026           -14.9436684975           -27.8106312206           28.1627973599            -20.0901376002           -4.27841798171           -0.138158788849          0.387112624607           -159.346529426           1.61898076742            -148.120699887           -124.101733821           -125.995720505           -86.0494979842           172.152837125            54.8746159898            56.9692537083            -117.803026909           -102.152452592           -42.4513824281           85.8540105919            160.69842284             
rwgt428                  -15.5554761939           4.5995570915             0.119554438036           -1.31649606132           -0.454887726729          0.410272285133           -0.219819215093          -1.38905949485           6.47313218107            -5.31706518949           3.30643920409            9.22313834762            -19.0441849586           -5.64271971488           -38.1914010332           -0.591577305729          -0.0279564090236         -0.577186270256          38.5884755822            136.291950966            178.464689452            77.4365548067            -116.467813376           124.712731943            -106.630285489           137.529078792            74.3193865176            -86.9052219082           77.6112874237            -72.6341001323           -67.516190781            -164.58356796            
rwgt429                  -150.356813379           6.49534918385            1.1769838779             1.87514326098            -3.96280086311           -1.84607032417           -0.0828674295291         -1.98104779415           -9.91786551578           -3.42747439585           -8.05431573723           12.6608355894            11.0859685513            22.1441416024            -21.7212142913           0.592771790058           -0.109319746319          -0.519940762413          -56.0753937934           172.086634561            -144.237254214           119.084220267            95.6941089628            -160.05546178            -94.1688237058           -55.041185375            62.9794979516            -67.8778087013           109.671276366            45.4333978662            -80.2526637538           124.248598899            
rwgt430                  -58.5894022148           2.81643197553            -1.02045494918           -1.42683457343           -2.05821387032           1.75470478894            -0.253845373471          -0.86786810366           -12.2072176163           -0.810216712005          -9.78800928263           0.427707061756           2.99809690617            -38.327177475            -20.8604023446           1.58731289848            -0.138031071623          -0.0950185288826         -85.4918868086           85.2507370847            -23.0898272988           -156.836820432           -73.8582394447           -35.3508636781           -148.205334575           110.729870941            38.5066445262            -85.4171258083           143.318403531            46.5678813609            -54.6211869864           -61.9765487856           
rwgt431                  -103.805011273           2.68856606186            -0.906264320114          1.71097883173            -4.88695869926           -0.201838385043          0.23936672052            6.33492079027            8.19183917232            -1.11068111145           2.08917647856            -3.81484587092           -5.07438717065           -38.6650032147           15.9462043445            2.21309066885            0.0922297218833          0.446200459892           22.4197346755            116.94961314             -150.999326742           -179.119740199           -65.0457957867           160.739876803            134.668858408            -27.061105024            109.65447449             -174.805008924           -31.4343677622           168.327973371            -175.345695351           -86.5726768825           
rwgt432                  133.171857743            5.88768648519            -0.927091578423          -0.345551957577          -6.96546400648           -1.48933215368           0.6889057661             6.43068353106            11.5324674224            3.99172413377            -2.6657128371            -14.4640429329           -15.8594943496           7.46288282167            -30.6478902173           0.425742439119           -0.0896057439191         0.0473040548245          11.2523273731            -17.6210545871           -25.4148202572           63.2340712948            -56.2637979905           96.3616264271            -57.2903231812           55.3396236649            -60.7900226894           61.963801939             -46.026371466            167.825370614            51.6106060953            30.5908654589            
rwgt433                  85.6800415924            4.83999902146            -1.23909247607           2.72711229663            3.58177217637            -1.43169776745           -0.00458096195828        -2.42220264237           1.59872396233            -1.33806081688           -13.2637073484           3.87631135746            22.5696568926            51.6290812548            5.48854108241            -1.48511000948           0.13740685926            -0.052917030852          174.579745789            64.2990453334            -136.937965674           160.421021893            -63.2824667489           -61.4497951295           -102.786046189           -92.7348089964           -41.5548357445           118.381040293            178.691364951            16.6432833822            66.1602087158            -12.5971124719           
rwgt434                  -144.52568424            -4.77218002813           1.19839141269            -0.960568340171          0.242693988908           -1.83970899518           0.303203967763           2.74618356736            -4.97386133626           -1.98321413635           -4.00258581264           12.2532958774            27.4965008195            2.46665938186            25.4717688957            -0.720167064476          0.170699513885           -0.411454032226          -70.5640948291           -135.327086579           -173.550454504           24.1844483741            -96.9412778833           63.1636676872            66.4620925818            160.408146016            -38.8531450125           -115.249597002           -105.144465704           -47.504785409            73.3712328572            104.696972406            
rwgt435                  33.906448221             -4.53729426858           1.10287201337            2.87492783791            -3.37284926489           0.985064282066           -0.425218735107          6.51593681599            -11.1564598147           6.20826542992            11.6361262515            -12.3446875711           42.2090030617            3.95615174546            -32.6800466811           2.59258210444            0.00662694442434         -0.57722330848           109.592950552            43.4310534327            27.6920061468            -122.357772798           -108.482857706           123.891367671            74.2971194804            2.28829076053            -35.6574722552           -178.872191301           8.97362506361            14.8613482949            -53.9885068688           4.85911469688            
rwgt436                  63.304766617             1.648637207              0.353309063726           2.12557897093            2.44376944235            -1.64694920669           -0.492947527207          -0.694594805232          2.53160505885            -2.58181634098           9.89992191884            8.41875223707            -34.62370612             26.2678519596            30.7428049757            2.25998828672            0.0242436217728          0.244883293142           -71.4130556994           30.1435122983            -2.84886412164           -41.6706902191           -76.2665144483           63.4565187167            -31.3036684587           69.3808078939            -69.9823664865           -174.13623898            -120.916982177           -67.137404498            64.0454449403            -150.321145393           
rwgt437                  110.594346721            5.18260196468            -0.156711550439          2.17155154295            -7.09003137862           0.229582599035           0.107088755342           6.51664924779            8.78445852391            5.19561531056            7.00940174542            -2.38799654075           23.7534866218            34.9304657196            8.42827885308            3.45279580073            -0.0568641784917         0.214564249785           53.3742686547            57.272405594             49.1094473693            18.7482328327            12.3233755855            102.583782892            -151.38771748            6.90126121467            165.922142325            112.744392338            -40.8091289073           -170.195543101           -28.634360633            18.2558332987            
rwgt438                  107.662617416            1.53222941079            0.514631938376           -0.0691932911156         7.52230292224            1.3598961864             0.80016811129            -6.8333345816            6.94115409296            3.11255508261            -11.1139236675           -8.30486673112           31.0966757883            32.9041144179            -21.9197486249           -0.0596431084803         -0.161332741874          0.278802299243           56.393012033             -177.069058657           76.532993301             -137.562501681           -63.7915323641           -89.0949125761           -111.146559688           174.494114366            153.224813501            118.020000925            85.4997294644            -30.0710424587           19.2216508619            127.337923349            
rwgt439                  -93.8336735395           -3.43407627288           -0.538656864581          0.633013490542           -0.25379887504           -1.72468937797           0.00254701511349         -5.81585690115           13.3082205825            -5.06723210969           1.8395519131             9.79938935544            23.4930840798            3.66128384697            31.5320824967            -0.553511327932          -0.0172126556101         -0.338729683337          88.6852121409            -143.554426785           164.338719811            -45.9151320289           84.4013059096            130.435111651            -170.149437044           93.2720307825            158.146393689            -46.8988007497           -64.4216257638           -83.0268713873           69.286996562             159.454272673            
rwgt440                  64.2392196602            4.11656327396            -1.1066497206            1.6999381251             7.11785488586            -0.731842674283          0.723067839566           2.19644777891            -11.1071358251           1.44869033982            -7.96487651523           -11.5520142909           39.7526214108            7.29120707635            -37.5727300879           4.3075383027             -0.078323826652          -0.616784730801          -159.941134577           -8.05934716446           -67.7899767646           -0.865778645218          171.33138867             116.116353496            117.147703552            -20.0267390456           -119.69927103            59.8449066776            -17.7761717869           120.414385245            148.7394261              124.685693783            
rwgt441                  -167.261066726           6.86166264701            0.185463757334           -0.774058771956          5.24210147844            0.180804307619           0.806462720293           -4.11998172287           -0.86402432539           1.47639420106            16.8501538844            -7.08998143998           22.8839138236            14.9593120885            -12.1197793073           -1.67847522023           0.067741509751           -0.34484033488           1.31482781913            130.083327379            24.6857874634            141.441882934            1.95098910863            142.258649559            148.940603958            -126.165252617           -165.715349889           17.639722876             -154.717738762           -77.6337690674           132.879930619            -161.911463704           
rwgt442                  31.6027957397            -2.9246812842            1.39182873049            0.683223249353           5.83912570556            0.18308982102            0.510422904421           -1.95286747495           -4.39624406767           0.538780832122           -18.1656089198           -18.6493241045           -12.1248395075           -40.4488550026           38.4757249334            -4.29032484094           -0.169541150899          0.102855570012           62.1926256239            -113.357630251           -111.823799968           -39.7916058468           -5.3832514005            114.876396943            38.2554793294            62.3285740358            -61.0673092121           63.2905769608            86.7504328531            60.5649088241            12.4189974559            55.0463218754            
rwgt443                  -46.8321238647           0.2456201243             -1.05049653747           1.25006946967            2.34752035821            -0.704827367078          0.801355498413           -4.31393483045           -13.5528169855           -3.52438675901           -1.5268696132            -18.0545476494           13.8622496545            -35.9346632149           21.8061947779            -4.0702308144            -0.0343632549497         -0.0862524276102         126.89698888             -15.5978009226           66.2515673844            -70.3860570826           -84.102327554            -55.9949407471           -154.970423999           156.649665991            -91.1138346878           -178.13650811            -57.7493486535           -59.7358720918           -138.420300951           -162.96152851            
rwgt444                  -56.9320239331           -7.10131851346           0.331667504483           -0.111754127425          5.81407415373            1.09303153524            -0.594185748112          7.62467925323            -11.9164757857           4.57590889342            9.56094038129            9.9671557545             -29.8215336648           16.7416747786            -5.40997965235           -3.46731982875           -0.0209507516077         -0.581228956841          -124.114515934           -117.130066543           -113.60685224            -150.635945136           149.019013735            168.49249663             71.1913086094            46.1374015972            -17.7524979949           48.7344427476            19.9406331137            118.460549911            157.345913553            26.4548302095            
rwgt445                  -57.7846690871           5.90017603501            -0.741440765969          -1.03571872949           4.14471681985            1.52161709324            -0.474891644765          -2.86950772601           -7.85750766758           2.55330885944            12.8570269082            4.3631835522             -30.3732167355           38.7411068601            -12.0277929814           0.975705203775           0.0746697349526          -0.463382613529          145.859795843            36.2155426014            64.4886808278            176.553536467            147.075023171            8.23930704808            -42.3557218133           10.7522741509            115.42624237             93.5559766745            -48.9974879955           45.0385055641            108.633963891            -101.028698307           
rwgt446                  176.245811072            -5.67730941667           -0.1134263134            -0.474862046309          -2.96768707457           -0.535008814269          0.385856597638           -7.36436778692           2.88850437704            -4.33307754263           5.07674861396            0.817955228786           4.16786464485            4.54009514086            -16.4345558688           3.74321218785            -0.046978801714          0.328325558786           -80.392034363            -167.179557354           -86.1782809118           -120.290365287           -76.0085559179           80.3839421363            -118.453933862           7.98155344511            -137.17983286            -100.462846093           144.160067544            17.145293069             -149.79301059            -33.0629093945           
rwgt447                  -3.1263368995            -0.385565641083          0.766568018614           0.980688419191           3.3510046128             1.53671805301            -0.56923684457           4.42301204092            -14.0849036705           4.79132088367            6.60463737844            18.3507263225            33.9063499008            51.7545288664            8.0658247206             -1.37397546042           0.106273292578           0.450268023146           92.7763830176            79.4642688834            -36.0277718803           117.185006732            -58.290468956            -152.499110733           -157.331302579           146.205993335            89.5472451155            -79.5378674989           -138.182349126           73.783833584             -58.8742416364           -87.833056971            
rwgt448                  -50.540351522            2.39488266281            1.39435741902            -1.89887108183           -4.8115608909            1.81091537736            -0.446299265077          6.5730871398             -14.9578351736           1.7064827046             12.8473141755            11.9514101987            22.3987809219            0.537828842814           28.1989685269            4.12153542714            -0.0705017791251         0.398527431284           124.277750115            -160.498544876           111.196292959            -170.808661321           25.7700387204            -87.3083779745           -106.921998701           -100.513999105           98.9110701584            -141.069823693           163.187328665            -131.130175328           -132.633035565           -55.4023278223           
rwgt449                  -94.0098390721           0.0566591644377          -1.07103407787           -1.78510495152           2.90307465053            1.3164913185             -0.179844823191          -5.54108737505           14.55606131              5.29718925999            -1.25774422733           -3.41157716851           -31.5334973161           -50.2644578889           -10.9742646987           -2.65746317847           -0.109487324007          -0.246235056369          -169.53406014            -14.2240924545           81.332930839             -163.218773746           -9.38471690642           -154.225307398           119.716449022            11.1488529908            -173.572680338           -57.2879660525           -99.1911724051           -48.0806722681           -1.83975012681           -97.6676418434           
rwgt450                  164.195958917            1.09280328077            0.46451705565            3.13204637017            -3.32932048216           1.49053759066            -0.507992801956          -0.855233310376          4.88530855747            1.18596541022            -3.51731644882           5.31494829247            -43.3256893346           1.45541335835            12.9210567125            3.65772215237            -0.105831633109          0.100863497192           -36.4850820214           38.958823889             -82.9183117356           -139.112391819           -75.9100232342           140.937607869            12.2496329087            118.798773859            94.8349151031            -81.788695879            19.0847084651            29.6486708897            -46.4306865631           -107.067639937           
rwgt451                  -84.5891556389           -3.98092244784           -0.257110400622          1.68602431539            1.15907028196            -1.41113997374           -0.0484561391965         -3.20894478355           -14.6378958989           1.29942127796            -9.38950107317           5.15862236156            9.98396546668            40.8505923025            -12.6924675836           1.19754642031            -0.00689494543454        -0.433859289037          -83.3303101543           11.1984538265            126.681241801            -78.3535294894           160.305410352            175.047917864            86.5004309686            -101.894278601           -60.7029826911           111.807467073            -68.0060434574           -178.755930123           62.9916534747            -59.7668458596           
rwgt452                  -67.4657543598           -6.89105936387           0.857080110348           -2.54762467206           -5.11444269443           -1.21991205424           -0.721676193534          1.38794880084            -2.07031762146           4.12378599718            3.29966354618            -11.5766417172           35.1081818265            27.7819264774            11.5711804956            -0.758966084342          0.00438547161099         0.337974656049           -153.033479191           -85.1300715248           -112.581577613           -171.722214143           120.323555824            118.664035395            95.469035748             -155.563549788           95.5642551066            -152.305988893           26.3138280634            88.5140839885            53.0803674622            -135.054613205           
rwgt453                  -103.370502086           -4.77620315007           -1.20866858244           -2.20261606553           2.28199938908            -1.55067674222           0.122969208336           4.24310601967            2.48179503484            -3.63605115904           2.25978276724            7.79176420677            -3.84419902526           -1.01448042455           -0.371557163601          -4.55261640705           0.0344174081071          0.174053886859           -134.673190293           47.437807051             -147.008555386           -98.2856337544           164.489368238            44.8427668724            94.3254033167            -44.3187870929           27.3797865628            23.3525721692            -136.686927048           -100.118145863           -15.5494216061           -163.184483712           
rwgt454                  39.8591204735            3.01803616766            0.289027000205           2.28628864575            -2.84999838239           -0.516723835564          -0.309559235624          -3.13042467549           9.7349542818             -0.405628428163          -16.8895568574           -0.714633175662          4.64360690324            0.787719602317           -29.4928280011           1.55476902197            -0.175157750943          0.500589913511           15.6388345218            -45.0230251071           146.363079325            -124.229872432           156.456331643            -48.2049952026           79.393859979             24.5247712552            99.0736227324            -145.841395085           73.0095454635            -40.4154877552           50.5438807547            150.552409751            
rwgt455                  -31.273840284            -3.15679825364           1.3406266283             -1.74775508443           -1.889519071             -0.984042379393          0.121143232354           3.20751614484            -12.8966113989           -1.39420314417           -12.2700246548           -11.2682881215           38.8533863725            42.7403920781            34.9708599464            -2.5030424246            0.169415270884           -0.249127479511          101.937664702            3.83623191843            103.177057294            139.630179294            86.3263426683            43.7785298523            1.35775656318            165.720512305            171.194708958            105.477646646            -16.0469441823           29.6702501989            146.1206841              -71.4778163541           
rwgt456                  135.803230468            0.749719752881           -1.39168150397           -1.66161671048           -7.57624141671           -0.518046011042          -0.526966004063          4.41933576148            7.40109496797            2.40481472333            15.446941214             -7.22644594275           7.45651590709            -25.3166160135           25.019951019             -3.04935256363           -0.0878469500539         0.463508069108           140.664444966            -172.11386879            110.422556994            -140.612936976           62.6784376339            -117.606400371           75.8927575615            -105.51842628            71.2728102311            132.607831328            137.35896247             -29.6325044312           86.9915378985            106.558209465            
rwgt457                  -7.10453792067           -1.91597484945           -0.522843914463          -1.92073032736           7.49424261243            -0.443465827122          0.1785808607             0.493479490576           14.8472665878            -0.0810044504326         -8.55579843305           14.113570062             -28.6035122724           -9.28937124857           26.2097353513            -3.25072114211           0.0281425015144          -0.23783868521           88.8597476896            82.3658036756            133.09838817             135.907080226            -30.9313137606           -39.6959364643           69.2138979038            174.275231161            29.4734102133            -148.85237399            -22.6594261727           -41.5977275403           124.561867172            9.18732225888            
rwgt458                  51.6562646546            -3.40376146002           -0.418239594466          0.884384771477           5.64524689165            -1.98740136315           0.636070451209           3.95296222446            -4.06170491215           -3.66206670169           1.07224478262            17.6505151095            -4.54724936199           -12.6023167276           -19.0167791547           3.05983460599            -0.158957149339          -0.435524602357          -73.5660141318           -17.2341574485           -24.533316181            -116.627347541           -165.463052287           159.112162866            -137.55760248            -22.059017622            16.3437538664            -47.7353748971           164.684997795            -137.937068861           -63.604003101            156.98896448             
rwgt459                  -103.79472557            6.87991773378            -1.01114770709           -1.99435012368           7.07319108669            -0.287293662397          -0.545452599385          -5.39580342295           -4.31125962671           4.06854298328            -16.5396515299           11.1089690725            -35.3694055691           35.2401365594            -18.413041544            -0.655859451431          0.00942785037542         0.287610834732           -34.3481544732           22.4466485854            90.3884003907            -177.222531217           92.4352279836            66.7520429037            163.268217442            97.9217039352            -175.153458523           131.368804353            -44.9283642055           71.0660711363            89.8880211327            61.1332082302            
rwgt460                  -105.660549282           -2.86612257182           1.24534596417            -1.80470404607           -2.72545566607           -1.02023113285           -0.273883464689          -5.28386472372           8.19858223281            -2.29335209572           -0.439698691739          -11.4608779469           -25.39912655             -44.9049786694           18.3494312351            -3.17170575749           0.0834038632753          0.599236031923           89.6871679049            25.8005149826            -65.0617128967           71.2117204244            -1.35438309364           -45.8051661421           -58.3238651228           57.5992723076            -151.875517803           -110.471655096           -69.3999227986           -15.9983945159           81.2557052379            101.496544361            
rwgt461                  133.891522827            0.996252930621           -0.76502244522           1.97135339949            -1.23141517984           -0.299592950538          0.392124570968           3.6734065763             2.41723305743            -3.3689971836            7.3419939253             -3.81038942161           -8.7692163819            -21.1446861844           -9.0938065706            -3.27807062859           -0.0447382761258         -0.483541365798          -111.814196713           -77.8941718367           -109.0881191             -12.3967695025           168.301452179            -169.70451092            -106.92236596            -165.082205443           -110.975742226           -145.455895091           -41.2106007164           12.9805701473            -91.9702512129           24.7671375498            
rwgt462                  -154.751479598           -1.08008856896           -0.86970290577           -2.76336344724           -3.84539931312           -1.21775640105           0.214764327254           1.12441628366            -2.8143420718            6.1798355094             4.36882879757            10.5944362029            30.2511156059            6.93852125935            27.2914921614            2.7651713281             -0.0764839361597         0.362376197276           51.6507613936            172.681116827            -179.598292063           -168.6809499             175.818439295            29.5687698868            58.6535573459            -106.481091664           161.662590365            -65.0034498075           -27.0866963967           131.483142867            -110.268372594           -105.490555266           
rwgt463                  82.8350443201            7.21137653357            0.163477211201           -0.445818789721          -3.80826005621           -1.3842415584            0.741119439178           5.01524676111            14.356885056             0.198062566615           -5.2417775565            13.492859387             24.1977097206            35.0289729906            -24.3826787262           3.23432522636            0.161571435012           -0.47612588719           -33.9574116908           -47.0558661607           -105.235595586           35.3990321668            -82.7672367723           51.8701592731            -70.974970084            -81.4297275544           -35.607897259            -96.6483981871           92.4536625114            119.021087712            -22.5303771568           56.4083713599            
rwgt464                  26.5392933933            4.49044255213            0.313639618405           0.345559158893           -6.85476111134           -0.714481536881          -0.213268344831          7.03125942027            10.5006714543            0.118170598411           -3.38174712451           13.1553598597            10.6458906349            48.1711405251            28.650723177             4.42759786916            0.105741738483           -0.0372299133596         -46.516712379            -63.6669425103           -54.3298142824           72.7304661203            68.6390666202            -138.351881007           -26.8240562453           146.987509739            -118.660717349           174.347355519            -78.9158124707           121.012745194            45.3011136353            29.4395725064            
rwgt465                  -51.4401420273           -1.03294517229           0.268439347233           1.67359879615            -3.53080330571           -0.20741562443           0.743021362788           -6.76884234225           -4.89127886719           -0.755902413485          -15.7675049261           -4.48867819987           -20.4811394408           -48.3908635864           -0.261282100639          -0.993202293517          0.0807467637373          -0.607281752299          -17.5909545964           -16.6847219214           99.9862133279            54.7087192223            -57.0419911556           -10.1092671132           127.895799531            -17.5612252856           -161.261024513           145.36540596             77.2746137054            -51.0104286117           16.6669241579            129.221159422            
rwgt466                  -69.7218304316           5.25143254613            -0.460514388157          0.303913285678           -0.487331250372          0.8267776501             -0.768958087329          -0.310770519685          4.50243130885            4.24384556431            -14.1178959786           17.3312853668            0.457918705886           43.2616284544            -9.40861899448           -2.5365511072            -0.0930539411282         -0.573945452149          125.774295402            -94.3887310511           -166.327911109           -66.7534925046           108.542456015            -15.6819397275           -16.731761933            -163.084183919           32.5850213424            -119.6152327             -123.993556926           93.4353313035            20.8162169645            -178.233169647           
rwgt467                  -31.9248914516           2.77576697598            -1.04400762809           -1.1419522541            5.35640309324            0.100678888974           0.760296804179           4.08165849139            -13.4093717769           -1.49859769442           0.0829993480001          -1.00646823857           17.192862408             42.7077637104            -7.41341392458           -2.75457644791           0.177841252639           0.397135631807           101.915951537            121.56447313             174.187595013            67.0180003954            96.434282082             125.237611815            133.902780211            -98.5390809349           169.971331825            -144.322617949           91.8140594249            -75.6094325388           -174.748959931           -78.3132130166           
rwgt468                  -35.6912331455           -2.61679680391           0.270759887034           -1.0887465464            6.23171203582            2.0818900426             -0.664987942184          4.8999238957             2.42316637331            1.05815602073            5.42139412991            17.6709637844            -4.06300767348           -46.5749705573           23.7206041835            3.44824254116            -0.0174191773386         0.609462077565           57.2693903016            -24.9376642992           123.641941708            9.54905571974            -37.9952517827           -1.79821463017           -100.589824827           18.866348096             -30.1469810645           -7.12581616081           154.691647875            -38.1935889578           -109.751736007           164.920242055            
rwgt469                  4.08583580688            -6.75813481857           -1.30128480439           1.42302960654            7.29204966867            2.03070538574            -0.703466800797          -4.4922710004            -11.2203615575           -5.50565111346           -8.81527913115           -0.612012219458          -1.21311835246           34.8612184225            5.63171669108            1.92689709126            0.122583769618           0.044432380155           176.953609983            -56.1251411934           74.4160633512            -160.44629378            145.043095309            -115.260968722           -175.112014236           85.0630210199            135.379633421            -23.8693919074           -41.0687516623           -112.219424699           -88.8927241022           -84.0586427105           
rwgt470                  -79.2460796102           -1.48898637551           -0.390215852381          0.10509500511            4.23381654106            1.47990640476            0.212615584032           -6.86807415424           -10.2797014187           -1.32085221465           -10.597508412            8.3106858487             -3.09049717902           26.5636078551            -9.7974766288            -0.736082558493          -0.0484747235026         0.615128128124           -82.9787067433           25.9263532128            71.722201725             70.85257426              -65.2858490232           -85.8322071764           135.728733913            53.1880279625            22.6938213106            -100.368144431           38.6425144722            -166.490387369           113.011052208            112.706038719            
rwgt471                  179.703204414            0.460846185219           -1.21111924666           -1.00594663548           4.96970181431            -2.13328679554           -0.0631660042611         3.92862210381            -7.78804438135           4.15533042447            -9.50148619473           17.7637774657            39.8412618094            -34.1129449256           -6.86379348791           0.275919346728           0.108416544141           0.52128748508            -148.930690708           8.37448859984            94.6345940556            40.0400758299            117.406288603            -169.093355948           -78.2249025113           -71.8653007409           -99.1141697878           47.188679623             64.00443767              -17.6736491362           156.331180793            86.8979079062            
rwgt472                  31.9182845905            -2.8598011872            0.715314249679           -2.28891100684           7.43675842462            1.25591427556            0.0912363447488          2.91180738629            3.37339861663            -4.05435459024           11.9233561901            -0.478177164452          1.12403721299            45.0523556989            -37.7280588146           0.966083220402           -0.123437786645          0.493503513203           174.031242167            101.239473481            126.692980127            -151.2245227             -93.5516542597           -115.910571154           -172.678476602           -65.90071095             26.5943976951            -130.874911104           -140.596212808           -64.8296622535           -156.871008636           -171.969663729           
rwgt473                  -6.62710029446           7.35043737397            -0.860947912506          2.50011363499            -3.11245190263           2.00504157112            0.195265498273           4.10366851001            -15.1268205395           1.49781773344            -17.1754306276           -0.609666482583          16.3132186121            -2.53212028118           -19.3529749686           -3.54922656318           -0.135173470175          -0.205264827138          -161.995771147           175.602230995            -174.853252713           -102.582641471           -18.2183850032           139.926555709            -156.337545523           58.4456707071            -39.0772839656           8.58559578023            -138.333295986           -54.272985067            11.0563239035            -88.8535707604           
rwgt474                  45.9624478121            0.8139239547             0.154551235005           -1.39902943425           -6.04587646771           -1.00943066988           -0.609550344608          -3.59094848005           12.3691644834            4.9411179374             -1.65460462274           11.6718019063            -19.8263401506           -49.7887878701           23.605046321             -3.79471889029           -0.0899689099389         -0.194936085892          -33.7429408079           64.1899903053            -109.671863159           -131.433824145           -49.2230869646           158.378440204            169.213158879            172.445337309            -118.018440575           -141.064226245           -47.3837656386           -31.5057863757           94.0014513651            -6.24152764133           
rwgt475                  178.574312881            7.30841277123            1.47279112002            2.0077244802             0.567569225914           0.013472878034           0.0310461224679          -4.08448265448           -13.7718324713           -1.43316786519           6.63116110247            3.42164158743            -40.3316333387           18.2230341309            0.99292781566            2.30249412148            -0.173388157922          0.211457875371           135.543052657            43.1910504145            -24.8501237637           158.955298105            121.468802774            167.853280358            -18.209912024            166.669284912            141.224181652            -21.1286197801           79.994211361             -20.236088234            140.379555741            109.586574158            
rwgt476                  94.3529968148            -4.69500788069           0.834385774915           0.901903739814           -6.99250162831           -2.06145897194           0.749958495256           6.87852008758            2.69650844185            -2.50050852479           -7.24018143722           10.8612639173            -29.2586452779           34.0128662203            4.30694260975            -1.2423433195            -0.175228417014          -0.121855714966          -169.964345428           132.289346529            -97.1118828739           158.920233784            -78.4995865665           151.769594737            -85.3703508167           29.0557690263            85.4329150157            126.294296221            173.081617809            5.59656469437            112.193766558            -16.8977161141           
rwgt477                  84.7420320997            -0.910247019771          -0.640481857526          -2.89500837824           5.28594647487            -0.299202052914          -0.270140492269          2.72493604527            1.07219695211            4.32493180193            -6.53204341555           -12.7789947392           38.7793342176            31.9020923763            -24.2532612463           -0.00669556647292        -0.0220751414549         0.395685157613           -106.308140638           -52.1603758467           -74.0206873924           -177.95793086            -39.9149931042           -174.146533789           -168.001896058           -24.5321561836           -138.604063507           36.1330943912            168.536571247            -116.164321041           85.6903099031            -44.1004273304           
rwgt478                  159.573492327            6.74767391455            -1.35356071509           2.041919983              -3.00176001929           -0.777085494475          0.611994491688           2.46726241395            0.879178391744           -1.50767827838           3.68334034438            5.62295795112            -37.0451374536           -16.1338321991           -18.245547476            4.75844106414            -0.0154177528236         0.383672736412           -110.921935881           96.6304470143            47.3455936684            -41.7544280507           -139.410189537           34.0097416621            57.8708795603            -89.8374057334           68.6181780387            137.93423355             119.866831997            23.5648095118            -21.9698096943           78.8547397343            
rwgt479                  164.060093046            1.88355362398            -0.107073535128          -2.54471920958           -1.19929734423           -0.835680124228          0.773858142788           -3.28138686295           -14.0780536998           -0.499215184937          1.83330135538            7.7484625657             -10.7926840158           -27.3171583267           31.8633217136            -0.277980266454          0.0626029175258          -0.45602696805           -47.7166222337           -136.714973259           -149.10349476            15.9461569168            168.755218678            -148.753601873           -102.975299846           54.8771116942            78.5924012791            151.766634932            -22.2270188897           21.653264855             140.349772889            135.165318036            
rwgt480                  -9.4106316103            -2.49948955548           -1.27801786885           -2.4872201951            -2.79071020226           -0.056405208665          -0.427295378651          -5.32995498855           -5.06843601248           3.94758693861            4.44913162278            -15.5488780588           -26.5738928582           -5.54389498297           -17.9120060038           4.7055515559             -0.150756872711          0.359762869243           169.866182827            48.0016491931            -96.8274636238           77.4857404937            48.7449991886            -150.522980425           -51.89441968             138.779112953            37.3235903647            69.434853982             -106.070476938           -19.2512859211           -20.0214082512           -50.6912091788           
rwgt481                  -170.005625351           -5.44126049415           0.498210301752           0.704262632053           -2.85430976247           1.44771312739            0.275708293165           5.80599247617            2.67229190472            -4.27003067859           -17.195451893            -8.88021661094           -10.929214595            -19.0826114382           -18.9763936852           4.42466760061            -0.0339287749631         0.327614964899           -83.3791318382           8.45614891914            165.69981283             167.922228337            163.034912053            -144.072689844           174.888275992            -60.0899078035           -46.0753376919           -33.4241167218           64.1831313272            172.250724044            -48.3048543059           -7.24006964434           
rwgt482                  155.691224022            6.97306059747            -0.254083113721          0.682379861159           4.67501215807            0.346037308706           -0.537737474914          4.65451797401            4.36726947907            -5.95859673973           6.07889873318            8.87963488317            -13.6851012483           -5.93536012339           16.7520169814            -4.00548567563           -0.00231528866052        0.514189828016           -48.1285471572           -113.002069201           35.184754234             -139.861196782           58.9583607329            -69.9366409919           -128.807512346           -72.2027270696           46.0266914247            145.897683864            -131.886327663           156.671086385            -41.368275659            -103.494648973           
rwgt483                  16.0790346658            6.15267020938            -1.14505031502           0.617762755245           -1.48109230364           -0.497993416566          -0.715692962479          -4.7182222968            10.8424835255            -5.48764303126           -4.06414709048           3.91558636549            -32.528700938            13.2692398238            10.3365311569            2.80299012369            -0.143637105117          -0.409108476727          -138.420813056           56.82969191              161.180694569            68.5040682327            -55.4295164845           156.593453662            -84.4553102611           -40.2981422079           135.963003539            66.2494213845            176.833061933            100.038673085            -28.3189189231           -17.4692369738           
rwgt484                  47.3401219633            -2.90365441407           0.125726555899           2.67745293199            0.00114493241595         0.457769171168           0.410908385379           2.46964887266            13.3418670841            -3.42548771786           16.1123200796            17.4792993516            0.434225794588           -31.6553711694           16.5510555417            3.27924419947            0.0820826504499          0.414579497944           169.684179864            41.8913508546            -111.540205096           -151.415081225           163.620598224            44.3325597248            22.2691414543            -44.4118262227           38.9680516987            -64.0942934228           -133.106598648           -157.999261875           -36.3983373432           107.516277027            
rwgt485                  166.213580968            -6.80799652776           0.782999455288           -0.378689027096          0.483176854712           1.86221289545            -0.600330755032          6.9025200606             8.59131166142            -4.72551599548           -4.19431522681           -1.17386891387           3.99649143209            -27.9451147805           -27.1500421833           1.13883560683            0.173584286117           -0.183798463568          60.6317165026            118.613501399            -129.808413991           -174.673488181           -53.4793176055           147.682192746            101.938961376            -6.00802549305           145.073296932            -1.96343764422           -53.8237241959           137.532945343            -83.307531727            156.304536227            
rwgt486                  105.69726439             -2.3554771942            -0.528161555861          -2.73315513745           2.63530834899            -0.0366817646049         0.666359461118           -2.55575292912           -13.8352964204           1.76547970747            5.18764463085            -1.83338326331           32.6240473399            47.0543513051            31.8549793989            0.575146632471           -0.0145510601675         -0.446985461283          -135.358297709           -159.895554216           -89.8504068144           41.4928261334            -74.1197707023           -135.97554895            -156.323389815           38.9282616819            124.271582652            55.9303740308            -0.43189187892           -134.961585096           -13.0672565292           -137.188591963           
rwgt487                  -94.4045508408           2.69729936615            -0.755048180919          0.970421992916           3.11177516042            0.252947843194           -0.556766632587          4.21308870063            -1.87883890602           -1.41431518403           -3.99100678698           10.3819768092            -36.0744475752           -20.6175408346           21.4193143673            4.15016175857            0.143263869306           0.0734326873712          -108.371694894           103.291994347            160.440181272            35.3224415841            -100.821073381           -100.414162246           -15.5122011718           -117.50494561            -115.270907211           -13.2385520459           -143.739381349           -134.617665702           175.49695866             -116.776722083           
rwgt488                  59.584414033             3.41943644304            1.03180694755            1.25167267778            2.48198878104            0.303661853646           -0.214478811093          5.03673132183            -2.57062433324           1.69947288738            6.84502204907            -15.5722033462           -3.51617924645           34.8331551338            -27.6276447409           3.28499541488            -0.111632966871          0.559011437974           9.78182011659            150.349167601            -63.3864980114           -114.93557628            -146.519660141           -14.0715131466           -158.320392464           126.294829465            -49.2970772586           103.905626166            -137.419112232           -25.0469215242           95.7328371693            -75.1265364652           
rwgt489                  -78.3935025877           0.491089486045           1.43282367612            -2.32888948515           5.53711065597            -0.16099730868           -0.393470663304          -2.73759006541           4.42448019963            -1.20060265473           -15.8996702858           -4.85736277036           20.6745862074            -41.1758443466           3.00407014347            -1.19154698064           0.132638846088           -0.400900628345          -136.868366906           99.6663614792            49.4130578357            102.388548545            -92.4469193206           171.704110572            53.9677391093            -44.6227240457           179.767140709            -68.1416012106           -14.5179503131           -51.6006600471           93.4219213702            -121.027835359           
rwgt490                  -88.631486579            -1.23485001943           0.0616051247382          2.25396466475            -1.5450168561            1.88157012699            -0.0880907027441         -7.73780423012           12.2795483287            4.09836132187            5.00757818274            -11.0770221973           -20.3117955324           -20.4125933926           4.95808536758            2.52041541945            -0.0326757315631         0.15715862893            39.1945738836            -94.1972667001           -145.913318142           27.5873427464            13.5268031514            -87.4780997629           -121.187274544           12.6491139887            -129.273701926           -48.5203389625           -100.940945694           79.4131721039            -4.30758139342           87.6203039266            
rwgt491                  -160.476620257           -4.33141547479           0.284760192238           -1.72964427311           3.88033487832            0.58187176179            0.328928988537           3.56806728499            -11.7326681654           5.61426786879            -4.8282704438            -17.5157362527           42.768555032             -21.0470147372           23.6985114356            4.26760238372            -0.0553524016366         -0.418240356745          -74.4479314908           39.3694132283            -148.320956601           49.0017055505            47.7814296354            162.014681997            -62.67781259             127.634481949            73.2320808553            146.040372472            8.86263838739            -88.2749326945           140.71991428             35.9286463116            
rwgt492                  -142.028207801           -0.733766302478          0.799617578096           0.868756863784           -2.07699364571           0.976516209652           0.655412690977           -6.32546348185           -9.30904639817           3.61846149679            3.55314312421            -15.4367384799           0.647707895725           -3.74484304861           3.53051657743            0.932538948461           -0.0643428513109         0.298927530316           -117.029912364           -95.9438170006           -117.372088424           -74.4854811935           70.9266555647            -22.9428207044           -164.674564022           -24.3458090583           -90.2603526278           -144.698763332           77.8435810294            -33.5125803358           -100.516416926           156.069006737            
rwgt493                  100.093689172            0.201847940475           1.1867976737             -1.56880470289           -6.99153276986           0.0554497167718          -0.0925664523519         6.87732628727            10.8374091968            -4.63719627454           -12.7248419852           -0.66967664616           -34.3136719454           -30.6270931371           -37.5446467656           0.0795296861931          -0.179830230368          0.616374655615           1.97329836163            36.7348386849            -33.6659772348           -80.0520948604           166.439953139            -122.271858059           13.2271266157            -85.6901360117           -106.0837494             -163.013905651           -71.6936527286           -65.1448736949           -172.861184525           6.86802969933            
rwgt494                  -33.3590113505           -1.91204107349           1.1429732307             -2.5997239959            -0.819215635053          -0.567460026419          -0.64642273859           -5.68291268274           2.56690847222            -0.643261026406          2.0824627397             -13.226308894            30.863378167             -37.5760292923           -10.3533141436           -1.1573079318            -0.170404287291          0.62830071992            36.8482290318            157.437527635            -39.9899765679           -160.373997826           157.992581517            -75.5921731017           -79.1580089235           26.6547342822            61.6693562376            30.7914005402            -116.778061519           -92.139499932            176.450043127            -29.5489309243           
rwgt495                  -137.473204026           -4.19568472532           -1.18493514168           -2.85729606476           0.795653729569           0.431971069941           0.50589400493            -0.643205747318          -1.60901988469           -0.0258008804398         -15.1500827936           -6.89373280012           -30.1825268123           39.785976833             4.27930406828            -2.19142902322           0.149472739806           0.323282469337           87.6785694406            -116.4407551             36.1929952595            -80.6369116955           108.269490738            -32.9667011049           87.7139570963            27.3135162407            -144.159926211           -81.6454809767           10.9440612687            51.2564715931            -164.451673567           -67.9196916148           
rwgt496                  -158.261704945           0.498683587787           0.294048598881           -0.997143880891          -4.39489323524           -2.0968859428            -0.752086170709          -5.54044254164           4.95283313116            4.64754424257            17.8769386945            0.895681845697           -28.2845945037           -27.8659701255           7.98306410525            3.33840326802            0.00930695392119         0.0222315932852          50.4093452085            72.6270153291            59.5040927644            0.514067482806           150.122451306            -94.3397310521           -67.4525624991           169.82642163             84.9918249991            -141.481908508           14.8690468952            122.065135438            49.8718354021            -175.403333395           
rwgt497                  -97.4997385991           2.50859803523            -0.190016880797          -1.5174089822            -6.15246756851           0.912727148724           -0.131105529682          1.13761872322            3.24331901115            -3.33296935213           6.50794280014            -7.49548014642           20.6448188109            -34.8816193528           -13.2300349558           -3.99416778065           -0.0905556904886         0.192304472835           -92.8287766031           -32.2374346862           -85.9860115384           -120.988589079           -158.162506458           -171.570297028           121.249971887            101.697196229            -110.412067692           78.0801848243            -30.0674691862           75.3174658618            -142.167654914           -15.4498496543           
rwgt498                  32.4357546527            -5.0318985043            0.681019389106           0.0174948707429          4.49312535174            -1.23934516379           -0.477046022982          -5.46543705935           6.69495016428            1.96503931035            -12.8826226595           -4.45804479159           26.0946859877            -12.4623900468           25.0953718693            1.23594207452            0.0770041874792          -0.230062300639          -175.108947052           20.7252942156            81.4567066999            -77.7025786713           -105.875430563           -37.5761739585           39.6025036803            -163.207616429           22.3160444394            -176.922234418           86.7414869389            -115.439930283           -166.944336227           27.956173842             
rwgt499                  70.9629125132            7.48812953456            -0.563928061181          1.70588910023            6.21203029045            1.24832729911            0.524665676395           -5.17025069497           -14.2090384075           -2.11804584871           -14.4074594162           -10.1798132818           9.43232441154            -18.0482899189           -26.5038570428           -2.40828080437           -0.0531674759768         -0.410565172566          107.251293924            168.078802293            -80.7384806526           -68.7962202263           -90.9284166205           6.57974879978            171.380476411            -154.068054143           -102.492107675           -86.6360102439           175.761410737            49.6154631849            -130.736254665           69.7630600425            
rwgt500                  -1.08859594098           4.79374179722            -1.39119149862           0.697010327975           1.98716456362            -1.47220278904           -0.223563263103          0.0649369673857          6.38102003787            -5.78095250423           2.63886243964            -5.11824508839           17.4420471931            2.04010226219            -1.52846835934           2.43229638422            0.15629196038            0.536269781439           2.10775797055            -2.5445602985            142.934230769            67.7606530485            -69.8215594543           166.703613113            139.039626718            -87.3023117548           -46.9754898216           -61.9252517201           163.247930103            36.6518680495            91.8940671646            -124.94403625            
rwgt501                  129.244024079            3.85701111547            0.511708642859           2.91239848159            7.28479314899            -0.113648469162          -0.212125044938          -6.78669610422           -1.28099307432           0.476405338937           1.52477191244            15.531039472             26.3331438027            8.82548092769            31.0056586311            -3.88148223642           -0.014567711848          -0.557735525841          170.879975206            -114.794171901           -113.659856614           177.992923269            -94.3274092904           28.7701534566            -10.9130887442           -57.2233098538           -115.435050018           88.8556702093            -37.2785576733           -100.552247355           21.9547423497            56.7869514843            
rwgt502                  6.71494283616            4.1863964214             0.719947471908           -2.92245135651           -7.2919449413            2.08604258954            0.42839593608            6.25501690438            -13.0470936388           4.93295252738            -0.575022559604          4.80081274973            -30.5967877204           46.5527542277            20.9028411356            -0.565036931317          -0.119198500394          -0.182055446376          126.755270932            45.2961854645            172.414942501            27.8256017425            -79.7560529839           171.555700094            122.030519896            -84.9239248924           -24.6560733604           36.312211983             18.7220839982            123.217810267            30.601505223             145.217887985            
rwgt503                  131.773970954            4.71911892936            -0.776848802823          -1.81853577295           -2.83015389589           -0.857248062315          0.0889101053123          -2.15097502846           -5.77130235008           -5.24727845715           -9.71688082061           1.57199102368            -0.643541157989          -40.141389399            17.101318371             1.76642345441            0.0263332419918          -0.0883702779271         80.9431605865            10.0343346406            -149.668288363           -37.0069395249           113.778011895            176.72859663             -102.649515346           123.235923528            10.9718367284            -158.918168124           -95.5940817957           134.731240093            -27.4875869613           -28.0560020119           
rwgt504                  152.43567724             3.3363268566             0.580701425315           -0.426066265056          4.33401912958            -0.786513115579          -0.428704005719          5.72430218609            5.75924891851            0.964805292636           6.25520558966            3.04311281515            17.8344102369            -3.7724672632            -37.5531982586           -4.25804318003           -0.158934351751          0.267981489289           -46.0697860484           -146.32409712            129.785302855            148.914772878            135.488387109            -124.42036101            107.250754007            144.362108348            127.463039756            -136.060091056           158.195874458            -135.318713782           -125.657068595           -80.9009529452           
rwgt505                  93.5459954355            0.669601580433           0.449209891096           0.144548792298           6.34265936576            -1.36020061092           -0.672954130515          0.107841043285           1.96551773477            2.0196452933             13.3190128555            -14.8013071004           22.3270259744            51.9769362492            -12.3076277464           -3.6182491508            -0.11220540006           -0.254021945333          117.890424404            1.22456607382            176.38879608             -45.1103174392           84.7796658541            117.988357765            95.6102962589            79.9469257862            32.3286585733            149.625996275            146.348006616            158.216511768            -107.499587953           -114.162093704           
rwgt506                  52.3089141324            -1.59470703674           0.329508103009           1.52318189744            1.422617558              -1.91684056952           -0.64692367184           -6.19907082293           -1.40176370246           2.94554920626            5.57266211965            5.9754844499             -28.5225550192           3.06384021467            -22.5748112121           2.17114526736            0.0421022767901          0.155178629764           -91.8449957543           172.154826425            -54.2448350936           -144.043602538           -119.158543929           -84.5011702789           -79.6717246879           164.07911707             -5.46049400951           72.5850213229            -99.0131238322           -156.333919935           113.022106738            -44.5705102086           
rwgt507                  -112.669539476           -3.17031753946           -1.44077947749           -0.147303382984          1.07462505587            -0.202316318588          -0.612701900879          0.0654965352671          -10.2162681314           2.97645941845            9.16994985319            9.44528685332            24.1005756488            20.193517742             -0.524342950184          -3.6191053241            0.169658858538           -0.0852802875508         -45.9589773169           -82.4654523056           86.8362490571            92.2928814973            -6.82339728446           -73.4519037975           84.0364214925            -84.7883348202           -46.4683077643           -74.1683541642           -72.8468980868           155.749014895            100.314785902            80.9404038009            
rwgt508                  109.854343893            1.86969776752            1.20016045267            1.06922292893            -3.77217884725           1.77637483133            -0.478671871167          4.86157151634            14.1996897398            -3.09857644616           -6.74865728921           -9.62793663131           -19.9402986347           12.7483914313            -17.3760478979           -4.70351786216           0.174093170959           -0.4113019108            61.732678525             41.824493127             -143.868193496           2.3816949981             169.348119847            166.924687314            -63.7926161859           -78.1214257307           93.7988397505            104.982776303            -176.133384457           -159.846020951           170.861025578            174.505983731            
rwgt509                  -71.7677553759           -5.30984113566           -0.329466845892          -3.1654360378            2.8520992487             -1.12080927151           -0.451505495272          -4.70597887256           -4.19868693931           -5.07523793612           -18.0178746223           -14.7903950916           -15.450465962            -47.3153079309           23.7516171389            -3.43619805604           0.161750366767           -0.527277352665          139.314016661            77.9327310343            94.4470720581            -119.629722887           -50.4891891354           -91.4639427791           5.36482709658            -23.4063962057           169.600525557            -164.107060136           117.381040057            -164.421177894           69.45318679              159.221792907            
rwgt510                  143.981275488            1.12824426327            0.0958281492964          1.04729889466            -0.0213416090377         -0.834840971373          -0.615613846632          -1.41622635868           2.39905841251            -5.45245961513           -3.80146827355           17.1641046555            -12.6154801343           36.0049689937            -2.79830177988           -1.23860884971           -0.124851484028          0.561740363287           149.627222154            -157.152952088           76.6670165083            -25.6247867102           49.8056739938            -86.7502972206           66.8913737431            130.749274216            -62.0986721782           -16.97742071             -36.7265957334           106.633352761            -91.9110208018           178.494246086            
rwgt511                  -72.9572098439           5.68140896227            -0.479946343282          0.179687579268           2.93686903888            -0.706545461041          -0.369763581719          -7.32365720913           1.20177602141            3.33962919929            -10.3382678026           7.96663513547            -23.3384490133           46.1865954831            20.6279288321            1.48140425797            -0.0991133487319         -0.0181455541443         36.852002023             161.499530089            117.817384023            -112.290094953           -22.5540894647           -57.4938302098           122.770860683            -90.6782747584           -22.6324324778           145.762913529            -161.522229473           -82.1351782248           153.64562205             61.761506172             
rwgt512                  -124.876090873           -5.72736204177           0.348142220163           -1.60106780327           -2.42688963197           2.01709383413            -0.144868755262          -6.33862094321           11.4703443412            1.49613128934            -14.5620021861           -11.0257759676           -8.17446989437           -43.6437798195           5.73938520541            3.19721976269            0.105224540408           -0.626079930462          85.9437817953            -112.383159873           -133.839090593           -94.9034918661           7.53592996943            -161.954353684           11.8908794401            165.610472846            77.3397351725            114.888701633            98.2020348815            124.853152228            69.0809274625            -129.31575522            
rwgt513                  93.0243857972            -3.34756072799           -0.698851953973          -1.95233922279           2.02420268162            0.030808145663           -0.609650348171          -7.07201265761           11.7581805495            3.87125693759            1.01772766331            -18.2242821083           37.2549962217            24.162373406             10.4806903108            2.31398380427            0.0932321394238          -0.095450136013          54.8829089474            133.489226202            39.1433466492            -99.9531604742           -129.373391004           -175.639543002           -100.306479158           -172.437887703           -69.3898698254           129.951775177            14.0715824379            2.19047414909            -177.169314615           -118.961191968           
rwgt514                  24.0034275343            -6.54681693833           0.621880665678           1.14594576714            -1.81767202521           0.633795705647           0.578967034292           6.47435459904            10.7528002016            5.58029322804            -13.8815576696           6.09999234002            29.2546161464            13.3752905149            27.0835393259            -4.32433892038           0.00254703046296         0.500294091859           53.0316081581            163.813854308            138.531706827            -156.589120028           -178.927980024           -20.2805684039           -57.820411723            31.1574254135            -82.7513077305           -50.7710083477           -158.585476831           -120.459981371           -18.1445499473           -178.143918362           
rwgt515                  64.6524870041            3.06594791522            -1.04326335551           0.940563076855           4.20214257093            -1.40753733079           0.380084910343           -6.90515259965           10.7318496094            -0.933095382547          -12.5679237733           10.3483298461            11.0119223291            30.6129537971            -2.19443333806           0.531686947319           -0.130985574046          0.496093816879           -32.7543409559           -45.6967187396           33.8700270462            107.094436922            83.1715117624            -30.0928824123           85.8171214159            -163.845577666           11.7987198165            -14.1288502904           158.656607243            -167.839726707           97.0285565616            89.3888607271            
rwgt516                  -44.407939559            -1.94699614721           0.472276451669           -1.74030711241           2.59394429083            0.420095034973           -0.118736028925          -2.48010601871           9.00748561069            -5.9761186191            -8.96367376676           -18.5896963551           -32.1309725747           52.7309254753            -10.136623719            3.1949469627             -0.0556521900356         -0.454389459262          45.8945114637            104.17737906             -11.7570735831           156.015789575            -126.367465455           -74.5238132312           -141.173074016           49.5550960413            -112.180200336           -68.1588610729           159.719874719            -68.2387427038           -115.374893497           69.8475411988            
rwgt517                  166.39455891             2.62061019905            0.61274683963            1.36934946236            -7.55169213119           1.86410307471            -0.116774829994          -6.14556771523           -12.5111065617           -1.87058441176           13.1343738431            2.22123794305            -28.2191229342           -34.0827928907           18.3930564784            0.81111579223            0.08548710203            -0.220254217944          -108.162369994           -73.4505028152           -61.7480065043           -84.5433458502           89.4582306097            -152.757022563           -93.2289391208           -31.5876181903           27.674570912             -33.4236030715           3.07206206048            -139.093758143           122.437388547            174.177017097            
rwgt518                  117.196459348            5.34452724279            -1.38882651466           2.16795198051            -6.64573621607           0.371409589542           0.177697093658           -6.7336904051            11.7407194255            -3.3666682443            -6.50612404428           10.8248031663            -40.5900382739           -25.7289972235           19.5628103122            -4.63942300112           0.106604795461           0.58733770223            9.66338141015            -165.765141764           -154.958476461           -140.360234333           -168.620054315           155.193084608            18.8891239643            112.89387807             -160.782044935           22.1314793164            163.814747084            -177.183573889           114.63045132             -172.95768238            
rwgt519                  30.6564110721            -6.32837939703           0.560446462667           -0.479653004003          1.43033970692            0.51788682002            0.268811842405           4.69205176445            -1.71801983752           3.68004536149            6.57272969444            14.9547881132            30.5074517462            -27.6268889356           32.5548965959            1.73474471883            0.176224640588           -0.0993775547193         -6.70923344782           113.208697213            -81.6472862466           16.6717809111            99.0948911966            107.991095291            -118.141016082           133.179733781            -98.619195274            -84.7627458555           26.1223587904            -41.6868197155           -142.600962851           -162.423931795           
rwgt520                  177.865832416            -1.18129174333           0.352837481206           -0.296877282839          3.38388722368            1.32628013657            0.790247326601           -7.14823657643           8.52046003388            3.88535067002            -6.25215024975           13.3563397095            32.8118416781            -22.6726484329           -17.2188300402           -3.5403444043            0.177391009724           0.428706834819           66.702594439             24.3443027581            -170.205382714           151.155301467            120.187647877            166.896623566            -7.37275749861           -112.237314733           -57.4610969456           -82.1012568425           68.8310384307            -37.6825761431           176.636832589            -153.895632304           
rwgt521                  106.29860112             -1.82574732097           -0.119672544706          0.506407350846           3.24900567434            1.87010845619            -0.344620095857          -5.28615922798           3.30506695852            -2.90180806229           -0.977969511654          -19.3438200785           -16.1429632847           38.5982834158            7.26475069402            4.07860324453            0.166276070312           0.364762832014           62.9522911891            -162.974161571           -12.6363556642           -106.723549141           178.283144281            -87.1983223185           -153.554014784           22.9556090871            -79.442896065            133.242593199            144.784720538            139.629351438            -94.5108543462           -54.0059005702           
rwgt522                  0.223411653708           -0.80211821378           0.462137094099           0.236099868182           -1.6151826215            0.449475095656           0.275435821253           -4.82892752743           -6.80270936395           0.146916131674           -10.0107726207           12.0118072762            -10.9784574998           21.562928643             -21.2401527023           2.5589630898             -0.0131940610935         -0.424067133643          59.5219162807            48.4852674961            74.9262164199            -87.7536547067           -83.1044200128           126.278921404            0.252249931103           146.517720326            118.957271311            46.7709540786            81.5413017538            124.903632863            -40.671358699            136.310703978            
rwgt523                  -8.03431436741           4.87100349786            1.36136364076            -1.21690189311           -5.25600718694           1.17968237021            0.741619449111           -0.004458825044          -4.84938148807           -0.199627051732          -13.9351257568           -2.4024630787            -2.15924738047           -2.60819017491           15.0565647583            4.65164881017            0.0297706380729          0.34991184451            61.3798589892            95.4833556793            65.9440359789            -76.0708726077           44.8041506955            -66.9857314761           14.4562751742            14.3338713364            8.6050984125             -105.976893085           -179.837127567           166.193126331            24.275415699             123.412502574            
rwgt524                  17.5218384442            2.03802221375            -0.972697514876          1.49862085861            -1.49506099004           1.11531727622            -0.548938358661          4.92043166707            -5.81444143454           4.28474442671            -18.1515850872           -12.8289825871           -36.304798571            -29.1026280665           -36.7336935664           -4.17646281782           -0.145758935381          0.627876371639           -138.825993302           72.7998981081            117.346146762            -108.854134613           123.837810437            -167.366169564           52.5003413105            -92.8085995697           -105.368437705           50.8378487085            114.745711988            -145.425531731           137.352053654            -161.256247327           
rwgt525                  20.1401213963            -5.53458277592           0.513293835142           -3.09714851585           6.86855341837            -2.06467615402           0.313810792672           -7.76264560092           -2.79029165975           -6.08753854535           -11.8050538478           13.0506519342            -33.5451524061           23.8525464106            -8.77337874035           -0.644174886847          0.0569339763551          0.324878737209           129.943733657            123.930922818            -90.1568223255           -95.5881788283           82.2994498739            -57.9311159367           -166.439357033           123.082985074            28.8149950713            -119.0502835             81.2401377137            -168.662903979           -110.400626612           -170.919591711           
rwgt526                  137.093685683            7.07185394141            -0.738064089094          -2.25569521895           -6.08535664411           0.405324836648           0.724032496979           -0.161619723259          -4.94866213835           -6.30683209348           15.2784627701            -6.15732402201           8.1193501531             -23.808002133            -12.1313517481           2.12561245737            -0.175268071173          0.0847727959999          -11.0228866185           -66.1067766961           -41.6747570259           109.282002492            101.652850497            -104.585381493           81.699106298             3.00701268216            -126.628550516           36.3009709129            15.5074028227            160.104131634            -88.6822705324           33.2355564576            
rwgt527                  -59.4715629643           -5.6178019531            -0.741777095839          -2.8706238103            4.03529711386            -1.27280641511           -0.0582572773596         5.62813065293            6.67449074119            6.38639586702            11.0177923386            0.136515263836           7.53318259917            -13.4153070076           2.63826986537            -2.3218176669            -0.141041189098          -0.428096531823          -63.4591460354           90.3180575899            -117.728469129           -6.16668088361           32.2853188847            -149.299833814           -144.842483027           60.8056155384            -52.7171038606           16.6397021744            70.0299929432            162.094626989            -124.401589207           -19.9161769552           
rwgt528                  -29.0854550832           -4.58008309914           0.0828290432007          2.52256842257            6.67389821214            -1.34020147459           -0.113835119385          -6.94734142914           -8.34854495627           1.05767236001            16.8216520041            -4.47822507914           -11.8900529351           23.3388676909            -34.6186663868           3.14146326784            -0.0222886977902         -0.111130513362          56.7981262143            56.4669981013            163.631939604            124.489829411            -93.0557288951           68.7891910487            113.856452545            174.587302833            95.3626256465            -82.0353958614           149.594186126            153.553724688            -49.8926885395           -142.264828534           
rwgt529                  177.751281576            -3.66130973909           -0.494868723676          -1.89544943901           4.72465418107            -1.36959268562           -0.809498019174          2.77289957942            -14.0056628435           -5.25248086657           10.0880551305            -1.04528692152           -8.33900828383           -46.1976051945           -2.67823478724           2.26318844782            0.17471287784            0.548706231706           -90.7027375806           106.596119742            -62.3043799037           118.011411203            -24.0766061821           -24.1821754432           35.1672964729            41.4600197378            -135.372842509           -32.0901851692           -65.7925215609           150.95681903             -29.7941197164           163.113672418            
rwgt530                  -86.8880661406           -2.71426309485           0.813253652378           -1.41577427935           -3.46840669531           -0.647643901356          -0.12367934069           -5.44399831084           13.1347145304            1.511722576              11.4349842165            -7.45957564001           34.7991920135            -2.16546828764           23.4242859282            1.61676013319            0.164716199618           0.365653287188           -76.5904358913           37.8248672183            154.871014046            -37.2465389065           -37.9653839583           -123.381548364           136.926834174            -54.7796037946           112.955557677            93.1613328141            -155.790129643           175.339390383            -31.6476993742           155.157400837            
rwgt531                  172.66456158             -5.64386499578           1.26377058057            -0.441827183493          4.59944697657            1.58714808373            0.798554013571           5.13689562387            -0.134378050255          0.836339189147           -10.3202394692           -10.9720769555           32.8182173563            2.03868969037            5.36526718692            -1.3765802518            -0.164788666826          -0.200181154474          -48.3298764782           107.772215343            -142.964424002           111.856870981            -107.921253684           -36.2376344038           -101.199598427           -44.8117384947           -73.8848236378           -54.7060379836           175.568419249            146.405663752            -126.00220538            -178.215331962           
rwgt532                  104.686737343            -1.89464798384           0.35789575838            -1.15092021668           4.61474748101            -2.05759829104           0.442984704652           -6.36399148768           -10.5653334789           -4.91957327644           -14.1960118289           -10.2552572838           -27.6783531391           8.54448841766            17.6993743095            3.85145822295            0.161644647931           -0.319154852203          -72.5462715727           -85.100571521            134.210236757            -175.936386937           -141.417304099           -129.333998313           145.983092358            -11.9910414645           133.291261425            -78.0333698765           -101.45820568            41.4956415252            -141.14144894            -152.687694084           
rwgt533                  -46.4741172461           -0.155865318104          -1.15301087052           -1.9033106034            -3.50401766713           -1.48597109791           -0.696743166157          5.35846153412            -3.80653903903           0.0962029001041          13.7559643523            -17.6976032792           2.04782048805            31.0409353754            18.486619327             0.707876918756           0.154909504766           -0.193248290723          15.8879705909            93.6388992878            -177.319461285           62.8986973119            99.8366936861            -30.1043693017           -92.707585395            105.433364578            73.1029411848            107.75919848             85.5211609294            170.627537269            -99.9499212591           6.13318006539            
rwgt534                  99.7050840856            0.31849114722            -0.372527912093          2.01998470732            -1.35121353468           -1.5555060579            -0.736107587997          4.87225426919            -0.0924366882859         0.194261095409           -13.0430468287           -0.199573686979          12.0078003857            5.4620375695             -2.97538958259           3.51706095884            0.051840080974           0.53081173879            73.7440245845            -88.3054286564           73.8734443436            83.4449392069            -19.6312329131           -176.979364889           -175.355189739           -21.1467496462           -121.666710821           -59.4230399852           -117.064772105           -84.3369055781           16.253873389             61.2333481908            
rwgt535                  178.343859344            5.23272145693            0.371317049393           -1.72511189992           -2.04156540493           -1.33469186341           0.54681844803            -7.40393860369           7.77479869253            -6.0896003434            1.45098165824            10.9232682485            -21.3534999332           45.7480408385            30.4986624367            -1.12577982147           -0.0994708056938         0.205922125275           145.577318894            -35.0258395498           -59.502389167            -61.6264965332           98.691518057             -51.6124954293           -11.3084433699           3.32517974935            -171.913983024           111.819068494            18.7691159881            -154.544147473           -82.2839922529           -158.11094179            
rwgt536                  175.052198427            -3.92970868626           0.14768977456            -2.04730237008           1.40695400792            1.00571041465            -0.238181277372          6.66461593488            11.4642361474            1.47553639072            7.64910385485            -11.2478332102           30.9966328004            12.5973044985            26.0524648665            0.400902326867           -0.0334350934723         0.61591007536            47.678682003             169.064286395            43.9514360689            99.2747485629            8.20063112032            162.129332555            31.0246378508            132.140769737            -128.235021701           -63.8500761173           120.802415662            141.185895712            -127.475866667           -33.736629516            
rwgt537                  -53.4294548422           -5.24870220889           -1.0574105891            2.33035619057            4.41844381854            -1.39505893496           0.446350717478           2.95948444284            -9.54553951791           2.29061367823            -10.2260196997           -14.4537391133           -10.6725681871           0.0898197237989          31.1449215139            -2.78848660771           0.167074333525           -0.561382924786          179.724432467            -124.872300648           -139.029447854           160.599037127            -30.5769717509           -57.89447703             105.061407773            126.022799115            -35.6990740138           157.081156701            -63.262662012            155.999931148            -105.407925821           -154.732280364           
rwgt538                  114.266754951            3.46456276686            -0.445809847858          -2.04177685214           2.25767935548            0.761308329313           0.683906169699           2.61223383883            1.92482393562            -1.3174244173            6.98817794727            -1.6811335185            -9.06265030252           37.3204121868            14.3366344648            -2.21255949804           -0.143663975392          0.367290592299           -67.5103584629           -162.615519316           115.655185234            27.1751289819            132.296101807            -151.644222685           -63.5576721981           -67.1052877042           144.94251404             -32.3146465752           -69.185546449            101.779397002            120.720682444            64.8780574106            
rwgt539                  -6.01364115347           -1.82435377761           0.847280515285           1.39257903971            -1.46401954575           -0.374710893917          -0.691925394621          -6.57094307497           -9.31108916828           -5.00876337483           4.71773048555            3.99341946242            -14.3124714876           -5.28276144467           19.0498796381            2.68939114723            -0.0195020122142         0.366195115788           -172.728794052           -8.22713924039           74.3021247309            174.070885497            -90.8592965247           -60.0587065957           156.652584541            -5.96901820043           12.1980743276            -63.7937978158           135.912815599            -80.7055640065           142.610134707            -94.0369063295           
rwgt540                  -131.670650145           1.84054849809            1.39374370849            0.867801498639           -6.86547719977           1.99402918638            -0.391419863115          1.95061817449            0.0867412791356          -5.28661529925           1.83886933361            6.08437531939            -2.35753039002           -12.9557397256           -20.0696555589           3.44401652531            -0.161939516366          0.572694142717           -59.6134159869           -179.986210288           -122.115888894           22.6390978545            173.045813207            12.4095926356            60.5988577386            -1.90292837303           42.9207605711            133.266268559            21.2812743067            77.0426121792            -97.4920824745           53.1420411409            
rwgt541                  158.46859342             4.37032486091            -1.35353553248           0.641775389582           -7.07621707313           -1.44243061895           -0.0582175685777         -5.57472513533           11.1093313679            0.624114765683           13.62265596              -14.9023520304           35.6305793052            42.382738609             23.9271530869            4.44613292449            -0.0309235736117         0.342420929575           121.318472507            -107.292902797           87.2323941906            -105.634538475           21.0945940555            -142.663495779           -102.935173871           52.8072275193            2.53350658241            113.922492368            81.699722474             108.990670877            146.316297329            7.87996422301            
rwgt542                  41.1463447569            -2.86406547263           0.429950350422           -2.73741490501           0.628238593303           0.651510472356           0.291228464558           6.55056115091            -12.8333522972           -5.16717571137           -14.7273176185           15.8137664339            -17.8372876756           -12.7493521081           -17.2277127301           -1.30856484169           -0.0464183731274         0.237994119813           -73.9211260836           93.1283091387            -137.911823458           115.84643766             51.809328343             174.055396325            -106.87568883            43.869770933             -49.4426449031           -0.0979885467439         -50.6445274966           1.28611475376            43.0858664314            57.5724841909            
rwgt543                  -155.992558088           1.55561431891            1.4333677287             -1.1090756436            2.54661833175            -0.308051539592          0.505481172681           4.99892337198            5.92548708127            -2.75194688529           10.2685023741            -18.6011827863           33.7533401733            -14.9531633233           1.79444786456            -4.14765536787           0.133799122878           -0.625318380136          13.1947079664            -175.333311165           12.007224917             -130.113098125           -105.007044562           16.5043794241            -157.021707711           -110.86221987            70.5018713444            -116.750345975           -168.345466071           82.0239766098            19.9903461331            31.8619817641            
rwgt544                  131.462019276            -6.75412941516           -0.696952292785          0.630893449224           0.682988257782           1.63576013959            0.214861116288           6.05767881077            10.4157460803            0.262286819583           1.70198500062            -1.7892234822            10.7309635097            -14.1293227165           -9.64709531828           2.76994691434            0.144173156688           0.284213888321           31.3286896278            -26.7732474259           -103.551706998           49.9021497559            4.71885345768            -25.5863223469           146.253249213            -68.4316887801           -41.7016952934           -136.921382934           -152.257106245           59.9794314702            173.604960965            -10.385975206            
rwgt545                  -121.487234616           6.16332484581            1.42772950248            -0.517668746336          -6.24191495186           -0.536823641362          0.760250988525           -0.140764938009          9.51392776787            -0.450543483433          -15.0672258861           18.2046465463            31.0051332271            36.3311464763            4.26991874508            -2.10689376046           -0.162024970659          -0.611858835131          -6.04793838557           -74.1728763757           -24.6275193017           -29.1101951771           -80.4483079435           167.373724023            95.1606786722            29.8799774723            176.899562707            -62.2603147644           62.1643404474            -118.870970116           173.983725564            -29.8340055257           
rwgt546                  -74.2586521415           4.64899192161            -0.0710657056736         -1.42968708086           2.22091594486            -1.88165644846           -0.253465336652          -4.39847746962           12.4479986024            -0.0492248203834         -16.975273303            8.89383857181            19.4496304413            38.3311552858            -14.2356293755           1.03023312685            0.164645179012           0.0277077105082          169.293376548            -77.7982708191           54.6463778391            137.221319596            67.8135144295            -132.492223821           143.667429614            118.578421379            -173.912903234           -71.7574107173           -31.3988581029           26.4969861558            67.6278864924            42.1906360126            
rwgt547                  7.13212228123            5.96739899757            0.535098869699           0.479027282457           3.99919444922            -1.22601564711           0.221596497697           1.95496698789            2.1850808704             -5.18600660571           -9.66861077586           7.22085824641            14.3188590955            29.5631488257            -28.0638827693           -2.56466434515           -0.0846723885236         0.276439179554           53.8678198487            -113.891051262           172.451132703            -85.9468394402           -129.09887381            -95.0106239872           133.482159663            -0.665758708099          115.216552439            -95.304732745            -20.8078528215           57.5818901981            33.9971500875            134.776564439            
rwgt548                  -112.398647777           5.81440262969            -1.12499131834           2.16627218367            1.24338779924            2.09113749577            -0.30301789451           0.436480649165           1.64448241112            4.978076519              -17.9867416555           11.8601523731            -43.2011522052           25.6931825429            20.4460519229            3.84461882223            0.0137952742928          -0.500666965013          -61.7815571498           65.8218534704            49.3032087013            -119.623962362           61.7780861124            118.158366354            -57.1358204557           81.5829827751            -55.765958777            -85.0924317543           -14.4189635614           129.03231454             -146.78527482            153.388467434            
rwgt549                  64.3370277521            3.18520375233            0.757697063594           2.81967680385            6.01535462942            -0.397710913814          -0.387447293664          1.16781203553            9.86851861965            2.46557162026            11.0228731479            -16.6241383144           -18.7866576803           -51.1613033408           -18.3951716327           2.47387571459            -0.113401306566          0.627742637652           170.143823459            -133.746297192           -59.5110661504           -154.575750221           30.3902898885            -85.4164874175           -165.523315783           -164.951216161           89.260793895             35.3127186228            -135.972880281           -15.5263306188           148.882241369            -20.2080613162           
rwgt550                  -88.9369448452           1.30119730561            1.21000241459            -1.22561565025           -6.60875868528           1.88210285112            -0.628966795173          -0.422170420488          9.89377807383            4.74413315354            17.8607170096            -1.35785099957           15.4520229679            52.5890695437            5.63783583291            -1.07406429414           -0.0469476580464         -0.35778553712           -168.241271203           107.021867991            139.718616067            50.5036665915            -122.323414995           -172.516395051           25.0444157528            167.322693356            142.470062108            161.957700686            -65.8826213014           98.5812243973            -170.58807594            -103.122502439           
rwgt551                  -24.5842750384           7.0497038923             -0.0677001287349         -0.926537743191          -0.396372266065          1.84110706661            0.260379108608           -4.94805190442           10.102320017             -1.36150088537           1.57756030734            -12.0471870161           -36.3063671593           46.8125639397            -29.1804829785           4.11867789971            0.0595272984029          -0.22298365607           -98.5156574536           30.3479954275            -164.259832031           14.1771858978            -94.2879330079           102.719121305            101.56174437             -171.199350645           -150.812136009           -97.3091147341           -27.897473694            36.1996776335            -48.2933561045           -64.0982244773           
rwgt552                  22.8817352571            3.35525527259            1.41857526902            -1.22999179554           -5.68815796712           0.632085276932           -0.0542049777641         -7.72059002925           -7.97448468473           5.62433060702            8.98770400687            16.3024009466            3.87271654353            -48.958156866            35.8883968542            -0.809624724405          -0.057054519203          -0.518067509561          -15.7064356661           130.620473512            -132.489255828           59.8260511291            58.5788299937            47.5254524504            57.2973513213            -89.6270920848           -42.217452532            -70.7166390601           -21.7829241322           19.3525895058            126.782581874            150.696746001            
rwgt553                  -152.693530647           2.1496582293             -0.992543345868          1.15838925246            3.99573404007            -1.53667550454           0.214294283252           4.68075172758            14.485510797             -4.68070282979           -17.6333652361           19.0715630754            -42.2841645978           -37.9839542964           4.65033931337            -2.61159081016           -0.0627582761146         0.497007367815           86.4366062681            -59.4161894803           -131.37903608            -150.282435011           -146.615515843           99.995174343             161.696291183            147.541546573            -48.3229153612           178.529615977            -147.417501336           -11.384516235            -64.4082338801           54.5156554261            
rwgt554                  -22.7840640173           6.14715926514            -0.642472659219          -1.4780068916            -0.453923114085          1.84257297681            0.59933335115            5.79326954829            -11.8164513274           5.68960919327            2.56791993923            -17.7461980984           -6.07582259291           -27.380632744            13.6945915144            -4.59097238185           -0.116383249922          -0.615922400982          157.908253039            -138.697861298           170.403980621            -177.96381477            67.0029568276            -104.345697725           84.9295915346            87.3639878884            61.2185087076            -48.2552354166           -156.31047469            -42.7813927859           -84.8035916137           78.4997622954            
rwgt555                  136.760406415            -1.18251046119           -0.728664087743          0.784078437451           3.02932235558            -1.51911286874           0.611512199115           -5.05253764204           -4.36922648034           1.62172644168            -12.4366200079           10.928738014             -22.8942051981           15.0877987641            14.0115687569            4.76653604085            0.125930757471           0.267882605533           -121.019661181           144.038148945            -108.601646891           -107.045726295           9.26982128112            -86.2971524984           -150.990656228           5.2175393386             -46.3423803448           110.689439149            -178.48090486            75.2969627619            112.604487742            -175.849246308           
rwgt556                  -57.0629313076           1.20567172126            0.103918084837           0.0656629835725          -4.79041750752           -1.65107919287           -0.233020391966          -3.1008310796            4.23255665505            2.18715696922            11.8934183418            -18.0810562509           -1.30789996984           -18.7320404547           -7.05199105702           -2.23548342298           0.0213318633433          -0.359565519653          146.476220354            174.614338245            -81.8221919829           -64.0313955735           126.017552819            101.751535839            123.064611974            159.595918574            60.1951988424            -92.6606513029           68.9953227751            -80.7101068124           -70.5859181458           108.045155592            
rwgt557                  50.5995598845            -6.5450821858            1.37420246844            3.05358086324            4.87693648812            0.249041455329           0.65558563034            -3.016099396             -10.1041341747           -2.37329735351           -8.5454438463            -6.61587574982           38.3275037406            -40.4915871107           -8.86324495878           0.750635587521           -0.113105835672          -0.495674660501          151.101749567            -70.0790953535           63.9339093374            -119.861959049           25.9880858453            -87.8053665797           -127.339017862           68.9233019987            -49.8164626339           165.487042398            32.7747779901            -134.698580502           -161.075232276           -86.6018698721           
rwgt558                  165.652249631            4.00572992241            0.668470659965           -2.35850265964           -3.87579368169           0.694002560018           -0.602800528642          -4.12298244764           -4.76652009151           -0.450858799172          15.8296259747            0.230928311756           1.66121312489            -16.1771026895           -28.7590579313           -2.98190726572           -0.171953473847          0.299332927168           167.117932357            28.7809668691            165.387731413            -42.8585752283           -96.9059226707           -54.7147197786           148.649816336            -26.7991161756           64.8851932572            77.5102270606            -35.9374866429           -43.9454445975           -4.17889914851           177.417195523            
rwgt559                  125.346121723            3.1851354442             1.2727366798             -1.88192061029           -3.41269915042           0.49938649535            -0.0516751877273         3.9741391614             -10.560060954            -2.08261655038           -5.80917407736           -2.10877564859           -38.4377797602           -34.175823934            -32.6544518605           -3.37022869839           0.0816774608837          -0.180611777629          52.601650209             -176.597987394           -141.334655521           77.2904731951            -4.5007549836            44.8476374872            170.076240684            81.6317801299            59.7187748655            175.414512172            168.01774642             -179.797313115           160.016543574            23.0321003398            
rwgt560                  159.599222289            -1.08193447704           -1.18493824676           -3.10379357272           3.24171424723            -0.646451025428          0.495943891869           -3.234391928             9.64139463297            -2.62861630286           18.1648386529            -4.52438976147           32.8349818448            36.439515479             24.1368853111            4.50697519481            -0.0109927501921         -0.0514405490015         86.892760726             -95.1534952563           148.63036213             -99.7577996062           138.634834014            -83.3228573052           94.7151856782            152.51099189             93.3871099089            -116.741827704           -22.1166100482           -62.6299899202           -78.3999588599           -42.148859057            
rwgt561                  34.6079430319            -1.95934806388           0.399676077393           0.686338140764           -7.04577493584           -1.97242620527           -0.791255214162          -6.58452947966           -1.41802936554           -0.483332575054          17.4093034441            14.4903118373            23.6684122639            -39.5221344803           -2.84023190706           2.67332286649            -0.115060565535          0.0651275572682          154.52905875             46.6924790193            -101.884695734           -95.014059829            -60.6258351396           -125.569683396           84.680482623             -59.7126290535           145.088831054            -81.8490996688           -2.20601661335           78.0024893539            8.87992264768            150.50044633             
rwgt562                  -58.9079514343           5.90300267098            0.283698003975           2.8066210557             -1.91631882533           0.100110949861           -0.0762645794209         -0.116987687628          9.75194874049            3.47389694699            -12.4419441957           -17.2953533464           15.4033382196            47.2158300076            -1.57735792294           -3.96663120279           0.0210733132273          0.389690532057           -31.1341903802           46.992074855             -14.3586354999           -23.5117305964           -49.9425497199           62.2749425665            -4.90757881248           -4.28912076534           -55.6124660612           -152.347541867           -86.1609872616           -141.662829775           21.7533682811            12.2801795323            
rwgt563                  131.744878016            -0.897014197254          0.16992385003            -2.33598423389           1.11730735267            -1.51379941421           0.0753942639952          1.40899855797            4.30525976385            5.16699530492            -2.7677834432            11.3429905914            41.5667782762            47.4316377691            -11.3668596912           2.37177133475            0.0596480109142          -0.244168509168          -176.647487535           36.5653719696            -83.541981645            118.995470081            -21.6725550903           -23.9670681675           3.16138005816            -51.1207349647           -130.069731842           -145.442452484           148.731697558            -33.6502058786           -38.417262888            136.601812436            
rwgt564                  164.11061869             1.70715120402            1.42724487707            -0.510419589361          -0.757035522109          -1.4655589704            0.802142300307           6.95320760261            13.7241359898            3.63111261931            -16.0321903746           -13.7854273074           -2.7068234513            -1.53326703233           -1.3899637087            2.82285742905            0.174551027541           0.272637969568           170.961908851            45.5021571856            93.7990172982            -123.815895807           1.92862729116            20.2738185967            39.8334337592            -167.125398865           141.691664129            155.418192889            147.387400329            -108.034259674           8.41907920161            -84.7274635334           
rwgt565                  -137.105559894           1.56755281289            -0.059028916545          -1.01548372617           -7.5685836276            0.884918569375           0.651081865761           0.799663000086           12.4383785928            -5.85309327309           -15.2441962524           2.71111406005            -34.0620253079           -47.1609560255           -18.7108470826           3.68683088131            0.0534533430334          0.566564641043           -70.4134093914           -93.083778674            178.977380435            117.677515658            -148.516615217           -85.3153262905           128.681447671            -37.3626351032           -149.068811962           -148.54556478            -33.0117092167           63.3450777763            136.415486296            164.46489671             
rwgt566                  -172.49183843            3.13793698739            -0.855869746305          -0.940218802583          -0.185403878422          1.49794832569            -0.341276511673          -1.99270596159           10.4910239005            -5.07927633899           -14.965103218            -3.58917255181           -41.3931698299           -35.7859581085           -0.0752947321914         1.61191668549            -0.0123822960059         -0.233215797749          74.970758024             168.904897239            26.0152589157            115.565468555            -52.3694146992           -113.945895261           74.6228701944            -51.297524262            -154.864318924           -135.568144438           -176.189282207           -23.3742618652           56.40045112              92.4512481853            
rwgt567                  -113.660890418           3.95115882393            -0.3977442006            1.01501344588            2.95609974694            -0.617659950169          0.544269698289           5.3466868691             -0.00798418975665        -0.867727915899          -14.8149719137           8.1838882788             23.2762152153            -25.213447684            4.67951476953            1.09116100755            0.0114327902584          0.0436737040861          -122.395053528           -20.4325176974           -100.224996441           -4.2072695144            -152.039359469           136.779124388            -161.107835122           49.0389455785            -62.2975239504           -80.5001329832           6.3777827908             5.69441361621            -165.057102437           -81.8115782611           
rwgt568                  -55.3659290137           -1.07666543299           -1.11438606671           -2.65489006994           2.13516095439            0.00941310169515         -0.62548645388           -2.76025935263           -5.12499612067           5.83916324795            10.9512439279            -9.15348485038           -29.5267181693           -42.4912865585           -11.5291003744           -2.45330745105           -0.122107250577          0.560341435708           -68.0233238046           106.838423068            78.5324477342            -92.3091858905           -97.0982466852           -91.4310959335           51.2255984121            -4.16680857372           -131.795651061           101.745396873            -126.187260376           19.6110987165            38.5745521882            -84.9451275089           
rwgt569                  137.163983722            3.22214538528            1.26897823535            2.34800663356            1.1609838418             -2.12714259813           -0.796112761392          3.62674960058            7.83610983452            -2.4267198043            16.386493093             12.3805228348            -20.8370099091           -42.2589585746           35.3730515508            3.90001137426            0.0571032237206          -0.37837897757           88.7815230535            -154.196692239           -55.3828668995           -146.730607589           92.2704659254            142.86982399             51.7993980295            -132.504372896           -171.755771036           41.5010376335            -34.0708932069           34.8459948918            23.6099346687            -40.4802991471           
rwgt570                  -141.269331893           0.410567174254           -0.141400472794          -0.601072344491          1.29359560348            0.470437195782           0.301230027929           2.46634574075            11.1727096004            -1.71501571264           -17.3921428638           -3.43694287703           34.7768759261            50.4412170555            31.2203214825            -0.892323065957          0.0399102319082          -0.156990668733          95.4463697474            153.513804769            -97.2940403714           -114.06016327            -50.0654580003           121.572711747            -168.365051352           0.867831964172           -174.836837108           -63.5234306663           -156.285061114           109.562820396            -154.356009552           116.797530688            
rwgt571                  -13.1782631125           -6.2207690328            -0.733944435833          -2.75277986765           2.91343956567            0.793693361429           -0.556499838621          4.68425607029            3.60580390974            -1.05575244245           -11.1925330578           3.81489111742            -21.8253304425           -33.5128598359           33.7283052287            -1.83869047447           0.0693604896216          0.0662664799485          61.5653413046            2.94924307204            6.08573722442            -1.62061959849           13.8383805271            -95.5021161145           91.6295342771            -71.6030079011           26.5865056723            15.9014788149            -121.488075964           -101.811697004           136.44849012             159.004961851            
rwgt572                  -20.0372273399           1.74379844411            -0.143791490062          0.710446432885           -2.47555052673           0.5177356795             -0.724106425104          0.427474906134           10.7270333134            2.9409521515             3.01724831677            -1.7500398892            -4.67124023292           -23.6592248978           -12.3461288303           2.59954379544            0.0460505224457          -0.53827097525           152.077439573            -113.464900493           -64.2380349037           -169.459660999           104.739426756            -142.706269706           71.6638178437            -160.720682107           -149.865212703           24.8102995892            138.115292467            74.947800785             -19.1681286729           51.7751204148            
rwgt573                  111.671594192            5.42383220511            0.843987631203           0.427035031895           -6.97174714981           0.133308198448           0.252621470681           4.70023783706            -5.83778125629           1.88379703934            -0.179565930671          -7.11999357598           -11.2931562436           -52.0087310896           26.6137268693            4.70090652448            -0.0971050579706         0.513149868746           -167.168148431           -131.267730396           58.4418307304            -80.857875902            165.694444538            -71.8979039317           98.5333850479            -125.645878401           -154.954647458           -82.2109240244           -112.125655875           10.4250892349            -179.263620131           -70.860069574            
rwgt574                  145.867286313            6.13146678144            0.314610422964           2.47923733906            3.18768926219            0.133615046883           -0.318766224867          4.12876413707            0.9967550204             0.929951526315           15.7950988868            -6.59839532821           43.7173299284            -23.5527018158           -13.3085548284           0.654664236696           0.0842810854065          -0.601552531687          15.9349857422            -5.59791926101           -63.493070963            -129.774086101           -9.15494117205           0.498433733626           70.1229887663            115.98635216             27.1761794073            -66.81769311             45.5263292744            -91.0216615886           48.4037082498            -151.718046133           
rwgt575                  131.222395287            -2.09694282501           -0.0505308901628         -0.254847773884          -7.09697620274           0.299949827065           -0.23241760428           -1.72524743798           12.1756240927            0.686527948743           14.957133988             -2.06945191121           25.7701206123            45.9211361541            -21.4454020975           0.511444856599           -0.0610815267581         -0.607065679922          -110.473438746           -15.0118115477           6.84621305663            90.1246917103            -103.622874499           6.83190930538            -163.021067658           -57.4323535347           -53.4224440451           46.4119072032            -71.3837112452           142.858062579            130.479288463            20.9194516362            
rwgt576                  -163.487856208           -3.22043885213           0.329301457248           -2.89471180507           1.66366835188            -0.514889615799          0.744707654954           5.25945117507            7.54088474396            3.05631489068            9.41103834346            -5.17373759504           4.46448807739            17.4746253261            6.88651224636            0.836325456825           0.00737595328845         -0.198100190369          75.7278134755            70.9577347811            172.510797588            83.9706194875            -93.5256394329           13.163182302             -106.741775688           82.5376612746            -25.9702016441           -82.6841366171           -5.78540912864           -5.95899974109           -24.3752619113           -168.061580824           
rwgt577                  -8.52489820068           0.228661025191           0.931261467195           1.51077661545            -7.15493352271           0.907470975077           0.635530090681           0.508452171345           7.42984683253            5.41897825171            8.96507989422            10.8911971265            32.6616509295            -1.56365006718           -36.8910208554           -3.96601299554           -0.146972844484          -0.292027558733          50.7232268191            48.5154419016            -86.9403449588           170.51786864             -100.351450901           -86.788731969            20.00678931              73.5938351836            -61.9850372938           97.7698820176            -70.662803718            69.3130544283            96.4548246338            43.8578170159            
rwgt578                  -179.606915527           -5.03961794401           0.0243587255826          -0.76516822334           2.48792565109            1.61263218369            0.807533773174           -3.44963080636           -7.15680578762           -0.160495826034          -3.70143907259           0.58130118175            -42.1313111753           40.8824754767            0.161546997736           -2.77188306428           -0.129519876546          0.0139722892728          3.81766979106            -148.842583217           -173.009993631           47.0851834647            -35.9926637373           -144.835694945           -1.80913416626           -71.3456079768           -7.07160798306           -164.159662667           5.12410364903            -148.54485149            8.19223161701            177.91627576             
rwgt579                  -111.748662169           3.79480026316            -0.602026999139          -1.35011345169           -7.33004933331           1.10728656718            0.118581076356           -4.44207160722           10.2634064864            1.71108529596            1.56322273762            7.62993530115            -19.0074074536           -46.7269327485           23.3728017814            -2.42932847485           0.0372340591071          -0.328148798679          157.354331768            130.039396361            -167.627044298           -109.705311499           -171.199802374           94.1886653538            4.2011050012             -158.318119807           31.1737728228            140.543159511            59.7181575981            -133.777255671           -149.127629966           -35.6071216552           
rwgt580                  -25.7096592023           5.14945803289            -0.397340556234          -2.35101866098           7.25749497183            0.65093466744            0.0980391380057          -0.03525082233           -1.16240230772           4.32957190106            -9.66981574783           0.417788919934           -37.6858506895           0.0927234194249          3.08498217258            1.15472056016            -0.0781167356816         0.354263636184           120.871979459            128.095871516            -86.4498958507           29.0334478422            -4.76515861435           -166.513155859           6.53526370296            178.018479761            -124.118534367           -146.566699802           23.6261432186            11.596226762             -87.904232886            9.2964490548             
rwgt581                  -65.4237735972           1.91114835109            0.107422079501           1.4853491588             3.46954131378            0.305787006655           0.0271349799652          4.79246830702            5.83303373116            -2.88453084718           -14.8279667857           7.83282283841            33.4223275575            51.1175779997            37.8447390627            -2.8704197433            -0.112473922488          -0.0425885190078         51.6834781162            33.0604865427            135.17583123             150.241891805            -16.3096660964           -75.0561022877           -32.8057141854           -169.013737735           132.673940062            -158.506933675           -25.4569790292           -79.2221746902           -36.9463117198           104.505402114            
rwgt582                  -114.968978153           -1.22385061398           0.404795577212           -3.11343187512           -7.2461807455            -0.608767200362          0.428612840225           -5.78239818551           3.07078705794            3.47304960039            -4.81058340176           2.66855686593            -26.4762010134           -53.006577136            31.2161768928            -0.821405445101          -0.00736697705309        -0.332950825146          68.0408122478            -133.501597585           -135.329113238           94.6125926592            3.09467708498            -112.700336654           4.87351158263            162.665268957            -125.304553961           142.168450805            -21.7352571222           109.984190704            -164.152151561           -58.9293082088           
rwgt583                  -100.65020948            6.63359226734            0.644224905146           -2.78516133507           -7.10201467371           -0.276153066519          0.479214090337           2.84789093782            -12.7633232203           1.30212841973            -7.4294100929            3.0100652476             -22.5435404135           -31.797886341            -3.70317546547           1.43686984897            -0.157377994467          -0.5871375361            31.1668873521            -91.8639956884           -170.213034106           -155.961856724           178.358054409            176.602974781            -171.943808702           178.454256263            73.5163041108            0.308549430042           21.7810811036            -77.4088200577           -61.4528837027           114.300943883            
rwgt584                  172.097798321            1.5233291808             0.763698774552           -2.02196448718           6.34188503112            0.40968651627            -0.158183812546          2.77529393269            -1.20437010214           -2.17135048075           15.6090082992            -1.14925394676           -13.3859202324           12.5673829896            9.70820825459            4.37711172121            0.0550834372349          0.00625960915326         -107.103877228           151.038279177            -6.98790469143           151.391559376            104.59389489             -52.9638105631           89.8095752159            95.3165371486            164.911718724            -103.479481326           106.897110475            147.077872846            39.5492918752            -168.10021824            
rwgt585                  76.5733744926            -1.27153001058           0.16321663007            -2.37987301875           2.12081371296            -1.14246274493           0.197752336621           -4.4446027143            -0.675140684988          4.41603075047            12.6014995856            -13.883174455            39.4719183617            34.7531950124            -30.0486860647           3.83199605639            0.0237925150072          0.39716646676            -102.870919665           87.3114467813            -88.7544082171           -84.3223459116           155.861506216            9.92145108832            -47.7279395434           -132.396057062           -50.842831076            -90.6688189899           -168.911273333           -83.583972628            147.331047266            145.797812712            
rwgt586                  55.630818572             4.37439062123            -1.13644956258           -1.42771019141           3.32488842274            1.49350569519            -0.742610899748          7.54073971482            -14.6351551834           0.113628648667           -15.3969033214           15.4799109901            29.4802279469            -34.4883100182           23.844666848             3.6597566824             -0.0952061145525         -0.347517639674          -84.7513462922           142.644215105            -143.69561869            -110.35028068            110.734963374            84.5803435745            91.1838803875            22.9464254534            137.764368495            -82.4598559471           -126.158803107           78.9640001599            66.4020400176            -21.7031423257           
rwgt587                  -133.818724484           0.475330685235           -1.10084032306           1.85135440377            6.26899022445            1.22485226559            -0.15037398579           6.07063034601            0.934589062653           6.17310956814            -8.30312735513           -13.7672584375           24.9161314427            19.6771535946            0.0202577499284          1.16785094582            -0.0494412109309         0.0777501646834          7.56905437165            -35.029128529            -179.263589674           171.907628874            -137.225967693           61.9552160207            -116.374058191           133.493760944            124.196623111            8.58906967245            136.748990366            -39.6265035764           -29.8315486093           93.5438379919            
rwgt588                  112.094664547            -0.438033444717          -0.529847363609          2.63387491505            5.89865549633            -1.96104659059           -0.272679898412          3.80971680765            -12.2421117759           -0.505332955308          17.3190316454            -18.24167894             -31.8312096149           -27.7185348958           -24.8709907422           0.213284043536           -0.0784409306942         -0.454550639159          126.575954454            -96.6100638581           -166.043834649           7.13768220364            -32.8285649333           -59.1530151074           97.6123989887            80.9217707273            -163.051725185           36.8692432523            8.43885558145            17.3965079268            91.8714739271            -157.199774824           
rwgt589                  7.51552147047            4.96657081776            0.94172829198            1.28079027403            3.74322696197            -1.56408661459           -0.0607245185339         -2.67786254634           -5.36865319916           -0.057774515845          7.59122182813            5.79687352864            -2.37696358301           13.9788414105            22.0457516357            4.72210105117            -0.048425775826          0.118171312823           -39.1627185656           -6.5551976252            118.383579285            66.5616955021            59.9641649454            -84.4758562181           -119.873637629           -123.446978457           -9.9677579558            -4.87098389708           37.2827602022            -117.497662968           -134.813673201           -80.8845790875           
rwgt590                  20.6558787739            5.16617310169            -0.765968841894          1.1842089072             -6.35696334655           -1.26546425806           -0.102648934779          4.17817759532            -2.76391281183           0.619333690152           -13.6034750805           1.66854443445            21.8121114955            -11.8199347568           37.1795884451            -0.478313280109          0.159032336969           -0.0413100297655         -46.2443049919           -16.312268833            -135.780482696           24.5098044219            114.424872008            -153.804917194           -142.175242931           -74.5196359189           64.403280338             11.7054359196            -40.0577472224           -89.0093874652           106.176788275            117.048933257            
rwgt591                  80.483786581             -2.69173870383           -0.735680155242          -2.60202134117           -3.69555311571           1.68086672204            0.0995873799645          2.06332638684            2.41441785186            4.40784782466            -5.06658899659           -15.2854044081           -11.8667426104           28.0059447559            -38.5152771044           -2.29970998933           -0.0629512731309         -0.0138522425122         116.02442786             68.4488899529            -139.84487058            -57.5450303911           -122.380332382           76.6642473971            -124.124909696           148.863770091            101.335893464            24.9361863471            -44.9541290636           108.987014806            80.1031473584            11.9038243264            
rwgt592                  88.2901693544            1.38686702933            1.28063127475            -2.32304288817           -5.02107987072           -0.951538295319          0.26190518663            -6.85869580258           -9.61668027531           6.37331618964            -7.32893819999           13.1108961677            31.9730201174            -45.386129162            -1.04513785579           1.04987589841            -0.106671965144          0.28519275143            61.6583020847            11.2430994447            104.597093898            42.1663167037            -87.7678120094           -70.2581192664           -37.9537513438           -127.130302724           -75.8677441399           103.229737113            -117.72640928            163.974306109            164.071136257            -25.065706485            
rwgt593                  -18.2773877704           -4.74087685722           -0.539051170225          2.59065528875            -1.10285982249           0.5324129293             0.182598961999           -5.16348810257           -12.5040434574           4.52145860925            15.0128946736            13.2838638155            -3.30584831849           41.5739856823            29.7457802932            -0.676792796762          -0.0327842678421         -0.483282619202          -98.9058071834           156.562761233            85.9617846858            -40.1589687076           -62.4765341647           48.7643850818            -90.5181039369           -8.3226676981            -155.28714039            -176.353019141           156.726488087            -2.94912939467           25.0013338552            87.2636083323            
rwgt594                  -97.4881729139           -2.03786280057           1.01782839683            1.29716186736            4.38830781377            0.444309075588           -0.508045119183          7.13809500306            10.9678102638            5.48555380628            4.76429007698            -14.0200922538           -2.88599075883           -19.4908345849           -8.38559763897           3.28116285811            -0.170886335414          0.381336241232           32.2164245906            -4.517542782             81.3209808656            -50.0521826907           47.3994223223            -15.6891217923           47.1013670266            -121.981054996           -134.068456069           116.690857273            168.168653695            43.8574254983            83.0431930608            -154.317007337           
rwgt595                  26.6926435205            1.78057394485            0.00835642262943         -0.912866924806          -7.51778559613           1.94764477577            0.61356346022            6.60081141757            11.3687557887            3.13079821863            -4.02920045444           -6.23625622835           3.51490858282            -19.4386142049           17.0776153332            0.659367496975           0.0636976939166          0.490036326735           -14.1156753242           -134.883762425           133.969059411            -42.63616889             -145.678027115           -167.927048135           160.929849993            -48.7714036996           146.271358864            71.7390139279            -56.3662935099           160.044326803            -123.793674646           68.4351670495            
rwgt596                  83.7271268409            0.667209060458           1.43331590968            0.387556264323           2.66239475023            -0.760471014612          -0.275139825697          -6.41917772157           10.6323916016            -6.07453739196           7.25729254302            -12.5646400891           22.6602765914            22.5879365788            27.3078775497            -1.31817597826           0.0132320360758          -0.194580952951          31.7093356053            -160.756778036           -148.752566236           163.394710032            154.93783592             -44.0775847404           158.118010674            -74.780044361            139.49698983             114.341661657            27.0061633032            -49.7220415869           -31.6644111416           -72.6660127689           
rwgt597                  -86.8259277329           5.22138361025            -1.04515634068           -0.527300251292          4.37554013032            -0.29139177966           -0.0491801955098         -4.04200410958           4.20430168786            4.21453512774            -11.7234229645           2.89579093967            -24.3865825013           -15.6524693152           -8.85836213037           0.0172404243124          0.0814270459074          0.145510625947           122.601006671            92.0696523132            31.0973606388            168.137833244            -96.8027516216           -124.065925337           174.04052104             -33.7053555726           7.76047763889            160.680134947            -95.7993466004           168.538377009            169.01831855             143.590720612            
rwgt598                  126.133313653            -5.16809759897           0.0305649730052          -2.66390296245           5.00779655356            -0.205389181051          -0.336313065349          -6.11457842659           -8.38312549284           2.29757823658            -10.8226581393           1.32140951261            22.6278639273            -19.110176432            -5.44687253531           -3.32191664567           0.0267159020156          0.497843175522           4.52256521445            -163.608101982           137.19348368             -31.4683650043           -147.491631591           -169.196639983           -10.5053819339           97.9372302582            -18.554208846            -117.414307352           63.2640325445            174.117369256            -120.485443072           -64.9052745148           
rwgt599                  156.265196978            -3.65360073698           -1.2443230635            -0.00761815761839        -2.5533043106            -0.502107520513          -0.316786997011          7.09186349493            9.85467049524            -1.18139465225           -17.82816563             -9.90868881303           -3.66060132246           39.6034068805            3.10470244463            -2.61316225429           0.156608066504           0.452619872666           -78.9231149215           100.638966803            148.982347534            20.7241568235            -15.6302739823           163.385482528            -88.4155939922           -108.99209052            140.864528386            102.555515658            -144.342321728           50.3709345024            49.9723913397            100.346007259            
rwgt600                  3.72074445896            -5.59089750053           -0.548755286783          -2.51303462942           -4.72698617724           -1.38676380252           0.720535654399           -6.80160247283           1.93958987785            -0.534599374194          0.744932179263           -6.52833358641           -28.560983891            19.354069608             -27.0873113054           3.23306686484            -0.167638346156          -0.11882105768           -20.9898410266           116.837277149            153.084145445            16.0565206757            -117.679172729           92.8085683303            37.4791672817            167.870703223            -47.8665634206           28.2933921498            -165.932260333           147.144708076            78.0477714444            -170.26048985            
rwgt601                  -170.054083022           -4.40689717199           -1.1328425814            -1.88026443782           3.49251936494            0.508422667203           -0.538839291668          -4.91868490746           1.04845983426            2.95089747266            -2.48985855793           16.1843883639            43.0386522183            11.4772657129            30.5909732123            0.913697811301           0.0732217552565          -0.0933429366659         -86.2862002921           117.266546657            5.2682832623             39.0524508295            -178.246366156           34.5835216242            -27.7368368646           71.7045029419            -109.059105491           85.8212055461            94.88852324              -119.600375006           30.1431243032            164.632853953            
rwgt602                  -129.607614656           -2.22594834826           -0.599937484458          1.64708533965            -6.40086023565           -1.39656103849           0.438670457166           6.51510445072            -11.7544865785           -1.28024396439           1.88122349683            3.90745809357            41.4172399826            -33.9004358688           -16.5918725944           3.23639890813            -0.00281874128284        -0.0683425502844         71.7393707319            -36.6973863392           101.36518232             132.837006924            -156.699754299           174.29119452             -82.948691621            121.375471562            95.4026554991            -92.8060012655           -42.1519435586           17.7069681067            135.069346695            52.1955995764            
rwgt603                  -80.1417056869           0.271047003202           -1.17701525242           0.700582961264           -4.00675970067           -0.482590175456          0.773716352297           -6.88303372961           -10.4545808247           -6.10336181936           4.42783657747            -16.1280559346           -15.4840024157           -37.9949634522           -35.0910297398           1.91238346357            0.128542259164           -0.0928727424288         -135.936887102           66.9105227348            -74.0059086232           -165.609248149           -80.3587097021           55.4615807042            116.353845913            -173.376622084           169.279432307            63.3297998357            76.8155247883            -63.9241271012           105.69971365             -119.132117576           
rwgt604                  123.615471768            6.43321035771            0.769214753391           1.06939492313            -6.27570709739           1.34394348206            -0.580706564809          -0.204166677336          12.8985581601            3.78046615687            15.6769997063            -10.2936553402           7.09493355701            4.17599336962            13.3734314921            -2.07684462362           0.0383102859729          -0.294453501061          41.1392045903            -100.359928839           -35.0488307544           103.460042749            -165.031106327           139.093410056            97.2629398218            120.178641237            157.732108566            158.1199078              23.0267911845            77.1335790839            -171.000677114           -56.8150108113           
rwgt605                  -97.0646107042           -0.490458595297          -1.08898036448           1.41683341102            -3.91333695617           -0.139613580702          0.461295085426           -6.2316883685            -3.69118674202           6.36137083378            -9.43596537564           -12.9111856316           -27.8182050743           5.662941975              -1.22141013187           0.670431733069           -0.00113656129979        0.536619768369           -166.194650244           131.796900173            -9.7452132598            97.0529343615            101.985024389            118.554292183            178.174509354            -119.314277681           102.367352922            62.4173275066            -69.9903121476           -64.04360901             -39.2091561245           163.202753573            
rwgt606                  21.0205005184            -2.19880810641           0.119744812078           2.26979840617            4.68905811017            -0.739214562429          -0.426109388481          4.52708366915            -6.9207390946            -3.30441614775           -7.67308131609           17.1754885872            -37.270052328            0.166154326584           7.87654922141            -0.668266172456          -0.0822755226085         0.0948693644558          -36.7458025229           -162.138751324           87.9472320092            -20.3284653525           -16.5499916392           -56.391265123            58.5451524604            67.665518214             -139.749624495           95.3404974646            -92.7834076472           -47.1707578155           58.7501591778            117.901887756            
rwgt607                  -122.572242523           4.11457606643            0.0438029399807          1.46004250752            6.65823784075            0.846449683478           0.465582267009           1.58652714507            11.7887084343            4.44770996127            0.707274851832           -2.62412899254           -29.4596584915           43.895435094             -25.6651824163           1.79232367543            0.034180074584           0.422889860377           144.766927444            -0.96187586422           97.9298833859            138.374915682            162.790296318            92.8876173519            -56.4958406338           -48.6741379149           -28.9909976254           41.1900153227            -100.511045062           103.244226939            147.583254649            135.576461796            
rwgt608                  -140.382804285           5.28237211163            1.11234129035            -0.0626312565938         -1.97885886795           1.71100146313            -0.342446772739          -6.69481504433           -11.1834036428           -1.86380602001           17.184049195             19.298177504             -7.75591550428           -30.3348167816           26.1374590069            -1.17491538103           0.133662213192           0.268222018639           16.933824699             102.649649576            150.286682901            -22.2959746931           46.861648068             68.1704833649            -4.64147701949           -32.4792418801           -94.3246843479           1.56546919085            -177.103671724           161.105236918            140.168901737            -53.6517221832           
rwgt609                  16.2577292604            -3.10792782295           -0.184469768432          1.38258766229            2.0674226946             -1.39488971762           -0.606461338859          2.14226616833            12.3690493856            -4.9983800677            0.691371157621           19.4736084862            0.310304013257           46.8343660714            -12.2168998524           -1.31215578397           -0.136290105598          -0.150687553918          -113.111992035           25.5753793691            165.714436071            -2.75052791147           131.134254777            -9.71821273548           -154.640670684           -110.188351421           -122.988242269           -146.357693737           108.688879042            152.247816487            -162.379915023           0.123439880757           
rwgt610                  36.5350049357            1.58872745103            1.07055167962            2.35115459232            3.82446537017            -0.284912028621          0.529414552922           1.21770452095            -0.652957112042          -1.12029808868           10.6139473262            18.0165171104            25.6527332527            -44.2266715623           -12.7097767977           -1.58771928039           -0.13378230876           -0.38518111068           -40.3022651013           101.209274104            -85.1027388627           -155.315217195           -89.7837882328           -8.0534193357            -4.22676920204           -16.2288401425           46.4221615098            45.2362891924            128.46639326             36.7944780123            41.9869645287            -32.1860685921           
rwgt611                  98.1209411446            6.45831585427            0.0940043553747          -3.05434608535           5.68435853161            -1.15585422806           0.131146044291           5.43533421489            12.7453745489            4.5878544604             18.0717825378            10.8838206107            -31.1086702265           -32.3900989515           -0.273235309145          0.17280530842            -0.161471175645          -0.413119860301          -20.6562184002           65.799993586             -83.8390755546           72.2960061244            -79.689997105            -109.596921643           176.530957932            118.453330572            -133.217505747           -24.5592428212           41.4823803404            94.3757532949            11.4219577825            -70.5548823805           
rwgt612                  19.046532152             6.98763766996            -1.07893717763           -0.195698133346          -3.75217168053           -1.39407850993           -0.61741119374           -4.72279434347           -5.8567528899            -1.60951413021           4.30629662805            19.2720205819            4.04773504997            -4.77295431316           -0.787600804826          4.26311939419            0.0827816263795          0.364578007092           29.1309601313            -18.8482533149           -63.0013083869           10.4950832263            -138.67872112            -74.4017785655           16.5475411522            -136.217024116           -137.744384894           43.2905451496            -172.790133506           -175.694659771           51.066378503             165.243210659            
rwgt613                  -133.468861282           3.77698684685            -1.35211119513           2.46979192646            -5.14286678369           0.355448074416           0.301151618004           -1.65646114933           13.9612218741            3.36092186601            -7.39077569094           -3.05160198832           8.03770051509            -50.5656370354           21.0338974796            -2.26584801973           0.132023267092           -0.202719841861          -85.0405005479           -1.596870568             -161.814701512           -92.7364338031           26.0621680095            -20.2131258703           106.493745435            -135.043622045           -74.8530547553           -68.686829916            40.6090175802            12.1379029555            -18.4933951673           87.5422980301            
rwgt614                  12.6505264085            -3.17688214557           1.33034327621            -0.672885075979          -4.94584574202           -1.04914082296           -0.191175212525          5.88022399539            5.74061119316            -4.03174381277           6.01174303891            -2.42856949453           18.6776249589            -45.6792342668           25.8611627983            -1.27726457678           0.00348155554911         -0.346004573202          -139.105409331           144.337941459            133.204428881            -38.8474324812           -128.213770311           -124.79723268            -150.095005135           53.3916577091            -163.893847569           -105.063926638           16.2707493757            12.4403732842            -84.8952948725           -111.787696536           
rwgt615                  -128.236451924           6.70754730686            1.40895888061            -2.88950952547           1.67813886005            -1.7210151896            0.309781911356           -1.46206154263           6.81119800066            2.0092053105             16.1691064034            11.7476112759            -42.2100605316           21.2926547981            32.7915916007            3.41876857084            0.0183185327713          0.261867217667           156.746471666            165.477486785            -16.2612359134           61.2090922794            -39.274158984            -106.686750352           -64.6584800384           -106.231528016           -49.4528194476           131.786083508            130.159920286            -14.0827840417           143.97338127             -53.1810777744           
rwgt616                  -122.107343976           -5.94569966729           0.296524412527           -1.30900451664           -2.62686013996           -2.0181445258            0.550417721217           0.452496372681           -8.52937482751           5.25532874541            18.0681092074            1.71589727386            17.3581433986            -13.3079376207           34.7559482079            -2.97601500442           0.0383945030804          -0.212499435146          -165.643087117           6.95058145177            125.274223487            78.2261678352            -142.638589681           38.5109837508            -66.4751335388           -3.48034835443           93.0620885636            172.53835332             97.1455058558            -148.074707494           107.173219041            56.4241905783            
rwgt617                  74.9939030198            3.46182345192            0.969109729949           2.27704611486            -6.34059612377           0.17099675               -0.244474835525          -3.01797030218           11.5071405144            -0.532135480901          -17.2716587474           18.2577377467            -10.7932132701           22.4546164711            28.0855117999            -2.34389734888           0.12476463508            -0.373711582011          88.4074148473            29.4679998395            -130.070048317           -170.18137624            31.627539384             162.787284206            -163.504809743           -43.1004129855           -151.113548225           125.629365661            -79.9053532287           139.421455551            175.733756254            -114.836411852           
rwgt618                  54.9763900457            -6.35287890632           -1.06838643415           0.0440689756343          3.73865556547            -0.00128411394444        -0.558911415086          6.41153482912            -11.4734264991           4.93901343743            -10.5803049638           17.5481170587            -3.75184333129           37.093762985             -38.879933648            -0.220256457599          0.127001868054           -0.625163788782          78.488037145             -124.756762395           -80.9724859595           -100.865894363           84.8326724183            8.00104877368            -18.03694597             -16.3241817159           -59.5717292195           -133.570909724           0.54361238982            102.884017453            101.417376637            -141.640205027           
rwgt619                  48.5922504219            -4.81011970782           0.898573854314           1.33338620817            -0.569453820052          -0.182988522508          -0.153809804169          0.643367994495           -12.9234490626           -0.933239270582          -7.00966721445           -17.1457266613           -40.885432195            11.2559197445            3.33364091906            -2.32746473765           0.0406633069862          -0.47520224706           47.3133585966            -57.2775989113           -144.842539491           154.003145358            21.55559915              63.8236016254            143.776035827            62.3282025582            -66.6039552063           136.701681235            -122.513596534           -153.582703932           -115.235680675           -32.3225850204           
rwgt620                  -10.3687383359           -3.13202492249           -0.688578753063          -2.71012304631           7.48724507245            0.992422745684           -0.149160965524          -4.88116185418           2.20147047395            6.22969642234            0.977803006041           -14.9524766407           -32.9857234909           32.4995434351            2.11849822205            -1.57959421722           0.0421380691798          -0.567470159244          40.0806081445            -98.6206085736           159.705911065            -99.3307041074           -93.8192838093           156.708072218            -175.564348916           -135.628064856           -3.7006493775            -93.9997479364           114.975302257            143.300562695            -67.2491191079           -7.40418469049           
rwgt621                  102.676361082            3.90182178218            -0.102613969403          0.625813991391           2.69934060832            0.286378754129           -0.80535844971           1.08640485574            8.56785837254            0.899330716977           3.45557202802            15.2373500406            -34.367856351            -48.4119802361           -15.3525226158           3.46664649492            0.162376162757           -0.290392071078          -105.551532215           -22.308781946            17.6632681323            -47.96545468             -109.938412923           158.67042794             119.816497797            129.431934578            -72.7690103294           -4.14916066276           69.1423911728            -43.3172223413           -4.67023106719           9.74680720561            
rwgt622                  -102.75781673            0.738863218199           0.0623717626066          -2.0854064719            5.9969511315             -1.39011959274           0.682824615142           -1.01805881072           -6.52149139586           -2.82275763548           1.32990500709            -18.6565333241           17.7701825141            17.5249066554            21.9103467694            -1.20123870702           0.0301877643412          0.576603704891           -12.5871634448           -118.140896653           -80.9513034335           -19.2606205693           66.3325315002            -87.1757042572           6.13293478231            95.017270951             -18.7920696968           -87.9405212442           -129.620051905           -178.145332404           -142.504627847           102.0050734              
rwgt623                  -53.9429373667           -3.13342438295           0.462200380169           1.67750292301            -2.60531895785           -1.67166370067           0.0926383863177          3.80952987653            2.77580115363            -0.782415951253          -4.92265804576           -12.9348753131           6.74146178295            -43.2996911439           -24.1162594961           1.70244893122            -0.129250023898          -0.171981201223          115.767514762            -118.215320188           178.465139386            3.06985140446            -43.9742104395           -117.837086913           -77.6011685408           -95.5135508237           -67.2964752468           93.9532144292            20.497863506             97.6064293881            118.775213228            -89.0610542782           
rwgt624                  -150.193003742           -1.27091296959           -0.188992783064          -2.21481326391           -5.89068700938           -1.87319176235           0.314831402633           6.24692877592            -13.5137617472           -1.60987159271           -3.51394531066           -8.83068359134           -9.53548474696           10.0634279748            -23.3140099658           0.593013741795           0.0755942429588          0.58796339548            -125.981212399           165.676479032            80.7641052155            -157.087201269           105.013086975            118.393283216            -118.871516293           -3.84053844139           116.137762513            78.8731477641            94.054699977             151.228406652            -142.002736202           -169.281351545           
rwgt625                  14.7299446733            -4.18876147966           0.348450551813           0.717934961336           2.93689530982            1.3562676192             -0.523306920446          -6.01875130447           -0.574784005562          3.42436397759            -0.343026218405          -9.02852561794           -5.96916069241           28.0043608               -22.820653598            4.49907680015            -0.00428110422941        -0.197708657578          -166.920687874           19.9080791448            -78.9358387565           140.200503723            73.041666776             80.2675035419            71.4139015928            -118.32229544            103.220071871            108.526168746            -101.992520686           -17.7921586013           16.291752886             39.7591193404            
rwgt626                  -108.905118709           3.54084202898            -0.182840808165          -1.51120942586           -3.44457467624           0.588984848291           -0.439467188015          -2.42760397775           4.33873205525            1.54512469479            -7.75203746953           -17.9699677235           -12.5197949598           52.2231506345            -25.6589266835           -2.27398196269           0.104011749804           -0.598540846316          133.004287521            -1.97849447597           13.9389359868            162.378889036            -153.859305313           -129.762230451           -39.491734572            -150.475916968           57.8355905583            -58.5983286468           -9.19702119406           75.7125829944            -30.5776919143           93.83918818              
rwgt627                  -157.90837763            -6.10917153475           0.244467612722           0.903105454797           -4.30180209053           -0.670196953237          0.0325240078355          -4.7818948549            14.5248428238            1.68003180113            17.6764907729            10.830526969             -2.63094116135           40.7408678414            -31.7507925844           -0.580615970168          0.0668522849294          0.160678390699           -139.465610606           22.1378945555            122.286128066            16.8861574838            104.000918808            -172.789198537           -50.6107966087           83.0609609716            105.204374071            121.254440731            42.3281173006            -161.62595206            175.093878258            163.893225749            
rwgt628                  165.601667504            -6.78026945339           0.589314483938           -1.70164269625           -3.58979536861           -1.3020996485            -0.747237780614          3.94477761938            -3.40973329513           0.985247675603           -8.41611985483           5.38000674394            -19.299863037            24.9085976142            -12.0651331076           -1.61757242518           -0.0721737809988         0.00423642979692         -167.76476313            -81.2110886443           -122.896150122           44.5991644535            1.24312420737            -84.7983115067           -56.4908331268           106.366831946            57.5767502084            94.2516308475            -91.0109791728           161.06688424             -135.992855836           -77.4805310243           
rwgt629                  78.7070246717            6.82322654285            -0.597487384113          3.13958018605            5.4534230431             -0.230044369881          -0.730141453256          1.3216992162             -8.00363482362           -2.00555214329           4.34927760698            -19.4258676947           -19.2692889734           -6.40018439144           23.6838617384            -0.493791424368          -0.137091781698          0.0341835864032          140.88528484             -10.3125790142           9.13174892401            113.28472142             -147.240508572           156.433423637            118.301885044            100.260488882            -1.57001603981           -56.8372000248           -125.324170012           -91.8469994757           146.673339453            23.1855004553            
rwgt630                  -157.526547103           5.73053645377            0.0947243476815          1.81796187561            -2.22047498785           0.368035286724           -0.666707993486          -0.683954717985          3.31569472581            -4.98951178779           1.45667023704            -14.669892604            -33.5147680411           37.2126041223            1.22486981397            4.74353576819            -0.0258702766609         0.332843546235           -108.805803634           -103.872188802           20.8719613202            -13.569285604            -177.688389186           -172.047957518           26.0743397251            -112.803302965           -101.96871039            142.034239716            -31.2914781901           140.660566947            37.7894847047            -89.8522393692           
rwgt631                  3.44768017941            -7.15868304951           1.46473606079            2.23134436384            2.25435854523            2.10314817967            0.540914503482           -5.28286692483           -9.9369940418            5.5518829972             -12.6055092057           16.5597869059            3.12064391304            -28.5780875528           32.585656019             4.2239025547             0.0787812666401          0.420746590645           132.393992614            -42.1451476199           57.7039334072            -45.5541067245           -78.1435361428           105.289580626            140.859357154            114.706636081            -143.645185212           16.4924147275            -157.754249803           -138.82209376            18.2134418305            29.0365990922            
rwgt632                  104.039797836            -6.93258471981           1.3521969646             2.27702921127            -3.89712444995           -1.91087254712           0.684714077393           6.52181406557            -4.89302590437           4.72934552603            12.514253774             7.61746272737            3.14116478051            -13.199430925            -22.2132882942           3.84942086055            0.0677592362619          -0.48135228136           20.5823441763            80.4557920165            29.6025325012            -112.27576535            42.7317699577            -143.378716629           25.5205535845            165.3641452              -119.537393884           -116.002659424           103.700119403            -154.575070318           -114.228911134           62.1069690731            
rwgt633                  -159.966806216           5.18387498395            -0.763099482535          0.0956015937692          -2.56436064517           0.702256908229           0.534138502813           -7.45375873193           -12.07349077             3.98667335969            6.06950230889            -6.21256432266           38.4018406542            -25.7277265341           22.8436688706            0.541842186571           0.178985660138           -0.401323624471          -165.53761108            -66.7919842345           -104.795901859           -99.4090873764           179.278384539            0.681837433107           -79.163312085            -124.031566922           -37.8784955889           162.422685295            141.31668313             -100.373810486           8.6872543215             164.639356166            
rwgt634                  -125.12664852            -3.99037535952           -1.47378806562           0.548122489396           6.93168270345            1.86104673406            0.56052693915            -7.00396199076           -7.0263529415            -4.08690042553           10.8121348593            7.82925916387            5.1338358067             50.1300494705            -26.8315808479           -2.55201227595           -0.158186025006          -0.350946542745          42.7359311228            9.69115700216            138.544394206            -82.5797472566           1.39525032543            31.8354821497            93.5708553103            -101.568464452           148.074940243            158.571160563            -50.2729914274           36.3436818644            -73.8489688393           99.2901716015            
rwgt635                  -124.734057973           -1.14959358886           -1.27914426485           1.36399327211            -7.26008744734           0.100343419409           -0.5612287218            -1.22782062195           5.93455366183            0.0558803734187          -4.50056996879           -2.06310451555           3.63587868863            44.3396794996            24.6573449081            0.607460112151           -0.0363302489955         -0.241833996617          -27.8526037812           159.470649979            -35.3019546154           55.5874977075            86.0557318023            25.8315371503            147.492893086            -156.364218489           -160.908135207           44.5332766998            -19.7091711007           125.625076771            3.42224852158            116.533089135            
rwgt636                  132.416833764            -2.29166218309           -1.07651201955           1.91406583868            7.50607320959            -1.49906826321           0.0159095643204          -5.14323698786           -1.71684423235           -6.26966826846           15.9089040493            18.5361112553            -31.2351321475           -22.9526827123           -19.0510454078           2.98903681574            0.076623774085           -0.0378476957539         116.121478771            32.7877942736            16.6755150591            -111.564326997           -104.002754363           -36.5402091067           74.4952530426            171.797527301            46.7373426933            57.8728963255            -33.647370892            -54.8498254499           112.701673102            115.259875749            
rwgt637                  -45.5245897884           -5.39744512624           0.60645159701            0.387664566643           -0.20368473337           0.665376662356           0.116691332936           -1.14083275647           -12.2357702241           3.18970760617            8.14149948211            6.21436933088            1.46181511447            -32.835607081            -21.5827007498           3.53394827579            0.0361606330167          0.410452466474           142.420044218            169.437884241            33.5220281814            167.179796073            4.51023779942            19.4205615898            -31.1129018243           -170.42622749            -33.9395079574           165.024153003            110.282539514            140.418710165            -112.82842321            -46.4540522444           
rwgt638                  -131.310681842           0.772173478067           1.05863390464            -2.20047112067           -4.57001573919           -1.59574712368           -0.105834374181          -4.30196600494           2.49587187587            -0.889646045009          1.59915439259            -0.682303013492          37.7579695479            -43.7258741488           -33.2474662974           4.64741591672            0.0119932677203          0.521054163949           -28.9446522286           -125.629536439           -69.697105916            -176.449947312           -162.869938055           -82.5448777538           -103.569138897           -31.0640537831           -4.96540578973           -33.1208126985           167.753355958            -30.8408470809           77.4819802872            -171.265030421           
rwgt639                  34.8365726626            0.369946176758           -1.04843198927           2.88202268264            1.71693156476            -2.05395288242           -0.405546747498          7.1874464932             8.00180570224            -0.538037293916          17.9693861425            -5.21767241956           41.9515024661            12.1471425599            -28.8096073255           0.603727665              0.0843808862431          0.0215998305482          -166.175939282           -116.417720501           -6.12111798056           120.203687226            145.876578788            94.259154153             -76.1087124198           -69.5712189029           51.4912686467            -170.037970567           74.5737277588            -56.6005666244           -77.3257977416           -93.1502205943           
rwgt640                  13.0581209631            3.43060614846            -1.31548911495           1.74312525641            2.06550536303            1.87738725039            -0.520544331219          -6.75951878621           8.46369473895            -0.0259518187287         -15.1832627925           10.9646885891            26.0881582668            18.0995988946            1.38593228253            -3.00219829403           0.0415616338615          -0.547665174718          90.9368980394            -177.720844615           -156.923671019           -44.467638543            160.931430832            135.587281718            129.585103334            31.421722532             -23.4261887979           -118.968729226           -54.8529588898           -151.008513932           -18.2279451473           -43.7109165518           
rwgt641                  -112.030178007           -2.82247127186           1.27482141378            -0.0685350078488         -2.26587988903           1.7397244896             -0.654249129502          -4.72339614054           10.2355156414            -4.34942987916           13.8745034093            2.67927074034            22.4358154693            14.394775703             -18.393977706            -3.08341090692           -0.0456286920766         0.182842143129           152.273434524            -137.13030142            139.180179222            56.8056746433            43.3550498351            19.2566418963            -77.2225310419           -73.5489851764           -69.568440176            -7.40294480353           -10.4124226246           -81.7000951604           31.809923312             -21.7267541627           
rwgt642                  -137.698296362           -5.99893060853           -0.00677273831202        2.97110754446            -2.45163927798           1.90019762236            -0.326136020543          -1.19726364274           7.39169205971            4.23469985404            4.56679763564            19.6628193954            30.2371420589            -22.2330577508           23.1588385461            -2.45925387438           0.149455255041           -0.182625672677          45.446748148             -110.948321791           60.8974864048            -70.2971390719           -130.569814679           -24.9490034475           -0.884418959875          -105.689743366           106.302985926            148.83210013             165.44309339             -59.564767468            58.7743170701            102.166246214            
rwgt643                  -140.668015559           6.03520524898            -0.470126868242          -3.03883546043           -6.96523864805           -1.94568791011           -0.173803596968          2.83670253816            13.5596512095            -0.789835163307          -16.2912309147           -10.8568293067           -6.35437079675           -32.6207196666           5.96564161228            -0.501974147367          -0.11959836391           0.602572200394           120.352875195            145.734216493            16.8052275873            159.861244745            -78.0771713925           -137.530816276           -47.1705453962           86.0282496128            41.4433125317            -130.145022037           62.6995116095            -119.623354334           -78.6231431121           174.27897182             
rwgt644                  46.2839865588            -3.00596439312           0.200082774092           1.6732419022             -6.31151344191           -1.04606750098           -0.461222281007          -3.61385203407           10.7480155442            -5.41745510761           5.14481669828            10.3105508364            3.82280417008            43.2298923454            -28.1586884108           0.82661172742            -0.165325954792          0.614397037733           61.8413046534            -72.5452063345           145.745322089            -91.8266636611           -31.6928331616           78.6013567323            45.9648138701            -23.7740063482           -13.2864614173           -40.9530851638           5.22789564573            74.6170994812            99.0027172622            -51.5854121626           
rwgt645                  150.549362715            5.69586162818            0.795814646361           0.969558225212           1.09643770478            1.66350047636            0.307793191763           6.33616687505            10.2171873972            -0.987490658995          -8.31374360902           0.581082993099           36.5112929524            -17.3672552656           17.3442323108            -2.53134610524           -0.142727372678          -0.113043974511          -168.428385503           151.118703799            24.3803094736            45.9360097447            -155.902083165           126.257912476            146.165312158            98.4159020913            -112.219992842           52.8745590561            -154.748687596           162.48311275             122.850598123            41.7198141572            
rwgt646                  -81.6867137869           6.40542349828            0.368055386621           0.463502405857           0.606580771503           1.40501767823            -0.699325756237          -0.573428404473          9.67645583811            -0.387947102394          9.44240948392            14.3380586961            -38.2893087592           -31.7324272321           -28.9230912326           -4.21845963973           0.00782714832423         0.43469399501            13.2960037151            -167.789521443           82.3274422169            -68.285188125            32.5465104175            179.651909036            -169.281293627           129.948263649            -100.759110375           -165.819049643           94.2087221257            -112.729264699           172.617581922            -151.683985272           
rwgt647                  -99.0637391656           5.88919246971            -0.365402288028          2.89751865873            -7.15822195292           1.51560694785            0.617671129956           7.43970741551            -6.58406398261           6.04149738018            -1.62876137924           -13.4296158315           43.6667135757            44.5405309071            -38.360198479            -0.246480525489          -0.144601612457          0.556018322009           48.1212931683            177.546277161            -13.1768206244           78.6124960305            20.7009620393            165.729514217            -64.3732231584           -177.774744944           1.38986908051            115.192575634            -113.150126812           157.209882105            -36.794866843            -178.082937654           
rwgt648                  141.037531159            -7.43696385142           0.981061431455           -0.457823413492          3.8797176127             1.94034744726            -0.11386773796           4.94940516304            4.41471995428            0.792975881148           3.29599238505            3.3384176038             13.051931109             -19.479214021            -31.7898660932           -4.79941343378           -0.0215839862698         -0.337101054613          6.07782304144            -40.6453927987           179.003582434            73.2376073561            -16.3027584106           -141.931557486           146.062212674            -146.249882576           -80.4788218962           -41.6289875959           164.599003306            -27.2935722053           14.6139884497            4.24919585828            
rwgt649                  -101.349764657           -0.0649466958256         0.440536189966           -2.90242781785           3.10962883302            -1.99714280929           0.455275909263           -1.60484113242           -10.4592531489           -4.80247813094           11.6725904371            -1.4672894148            -16.3507669883           45.7346127823            -10.5539231958           2.64936588381            -0.110021722799          0.526528899697           -138.569761011           125.450878075            50.9830551115            139.953153998            68.0181712967            68.9968968724            -160.578365833           -38.5491600897           151.008693595            152.194083383            -136.078568566           -22.5990457865           -24.0291684218           136.596338935            
rwgt650                  135.557281688            -3.42650528219           1.3972046615             0.0595644979055          0.0233307398819          0.342239703808           -0.139285825609          1.08363584465            14.8917600811            -6.35490836498           -3.5696006023            -10.3293430888           -39.25727812             -25.6557831163           35.1572806977            0.6360244288             -0.0829076411954         0.390759091147           -16.8363593245           -108.919299957           -165.539038274           -28.0979181117           -137.464201101           -154.210358101           125.352866599            -169.14650651            -169.346558356           1.17447899167            -83.3855550701           -63.569362631            81.3254811143            94.0569748082            
rwgt651                  16.2471667413            -4.65068969559           1.32522820759            0.260490426947           -2.26883783137           -1.80374716233           0.505950070639           4.49034001133            -14.5677025204           0.945166592643           -1.28860751772           -9.10564248495           37.2441428995            0.773569827617           -31.0733615319           2.49371987743            0.0881669963694          -0.00682756071109        123.728891767            84.1237488531            -118.362138011           -108.292580907           137.881641965            10.1963076349            -111.840261974           -40.6229364175           -4.40550165702           -164.229009575           -147.563248975           -92.8999812921           111.698120491            -146.481902984           
rwgt652                  -170.344200525           3.58248795087            0.697468788986           0.480299946861           2.59388925016            0.447371602413           0.164330204251           6.41856927575            -13.3357669501           -1.34717785061           15.7515271869            -6.48072029232           -2.98886526789           41.1705157085            34.6989672753            -2.28913611625           -0.159335338749          -0.283236282633          -166.929169279           -121.60214042            21.6417863317            7.02385393632            -60.9127477876           -3.20611055107           -171.056460975           -79.3917123653           97.592975066             -6.10241000729           80.0671755004            -1.16133604217           -129.813524574           -157.479941796           
rwgt653                  -165.566262893           -3.6005527307            -0.652122871247          -0.26780701558           0.0733657313829          0.318847950096           -0.396193571239          6.05451666292            -4.86257120408           -1.09945914434           17.1398691634            8.9572883857             -33.253058166            -48.8650944604           21.8211116033            -2.93949140103           0.0108154887527          0.1026329367             -140.751893393           -159.908574153           -36.5103448803           140.532925349            23.6876880117            37.8894404855            81.7738012052            -145.297344655           123.351364671            -37.0617198782           -175.938982493           -129.235889544           -44.7932697654           -41.3143930583           
rwgt654                  156.927477787            -5.92017451967           0.52541597533            -1.48351738092           4.01584650262            0.965648466056           -0.588401159043          7.67093593019            0.247202640507           5.47322732426            -15.7717040106           18.765692936             40.576022558             47.1318512933            32.2812389649            1.82854665376            0.12748050312            -0.383231348724          -135.265552462           -75.2121615421           -109.061139657           -1.53129242065           -72.8332156086           39.3053638389            -159.889587527           -174.379885268           44.2196860701            -32.3252600567           105.873790825            -114.880936635           60.2967006751            -72.8851989131           
rwgt655                  85.4254429457            1.19533658482            1.27911806387            -2.69114841991           -1.04373607915           -0.270642334798          -0.0323524108614         -4.59829824741           3.44525426297            1.15633447605            -15.2853175965           7.34326751196            -4.86813099246           38.732695295             -26.6567388845           -3.22951541617           -0.111849410307          -0.514193661431          -22.7537392785           -127.554371242           112.309466506            82.61927419              -127.50990063            -95.7648682227           -151.311557176           75.9378280699            -33.5844289982           43.5678851064            174.908127664            -142.105348675           -17.3021369917           120.972775198            
rwgt656                  125.447852304            -7.31032141962           -0.200971854322          -2.67162598422           -1.97918664844           1.24726845279            -0.486891890335          5.19161916576            8.86072149954            -0.771047167704          -12.926894762            -19.2299025486           5.88846947572            -21.9906045513           -5.80161822528           1.33868078528            0.123081429996           -0.144648599705          -68.8604207038           106.258899174            -83.5573018205           170.971339713            -166.728137969           165.220960783            147.216155791            159.845571019            3.26829272016            129.196299875            48.1694401476            -144.84186077            143.000481207            136.139586451            
rwgt657                  -36.2728341777           2.21291501449            -0.597520688031          -2.88157505332           2.7208592066             0.787987395693           -0.392588453089          -4.58897523187           13.6518092661            -3.2188479166            4.47461725675            16.9103694265            -24.9345500642           -48.2804004186           32.7441590453            0.850906686542           -0.156100146305          0.409584460764           146.669147642            80.2072275163            42.1830176424            78.7998279776            122.638532746            38.5701064078            33.9284804677            -170.043094364           146.85964445             -61.2402256683           120.232565076            -96.6794936388           -80.0947935536           -45.7794418759           
rwgt658                  -16.0683972617           -4.29872383745           0.615025442335           0.429328456431           -1.81382533276           -1.57017298165           0.599359343988           -1.88213117501           12.7871840511            -1.64988411797           -9.01975063438           15.3101995936            -2.4623977555            1.41561829588            0.752812619876           -1.60547834487           -0.128569949584          0.357985098984           143.807220269            -174.110910402           -140.198449541           12.0457064998            43.3059936761            -35.7670546356           -70.234252941            170.641136373            -93.0008872892           42.4494428045            -66.0860882946           -167.677800467           155.716077235            -136.876584316           
rwgt659                  -122.210138392           3.85621029219            1.1072897738             -2.46827877542           -4.92075849285           -1.74839174486           -0.279678992596          3.95550006602            1.20263470735            2.31089279029            4.58606539371            -4.45409562146           -22.6180877991           50.7449847176            -27.1640651841           -4.70681507377           0.165035059537           -0.0881599455677         173.133406864            -125.565525972           -104.055422488           108.848044563            -170.139696435           52.2727393683            -108.335302396           -116.565948346           160.130193569            -87.3091032737           -151.244727699           97.7433801224            145.502202124            133.242454128            
rwgt660                  -83.1167345137           -3.18838143282           0.403599415354           -1.59239225001           4.04501341132            -0.192764750062          0.131083259989           7.67972840037            5.64109241151            3.33434317712            -10.0568726921           9.31187959574            5.88040162305            40.1881437635            0.558824268496           4.23215374329            -0.123687053262          0.501310829424           38.3926699295            -145.79279701            93.7456848945            15.1093741054            122.184636048            107.066226781            29.1513343125            -172.885086421           -42.8494535513           -2.29576397807           19.7885588919            179.272249533            156.884145447            -54.3015055733           
rwgt661                  -146.593614813           1.34845153243            1.13125686443            -1.71427655173           -7.55521621566           -0.697396113196          0.319911120986           -0.282042369344          -10.0770406041           -0.875181820089          9.53960353827            3.51751524051            33.5473743636            -44.1645635169           27.1781120354            3.03046924555            -0.0304282741956         -0.00452915297822        -160.381132475           12.8435665111            112.741451809            108.593238237            -43.1661986098           143.197472716            -109.692999739           -105.62128721            60.6233032685            137.376387703            18.6014751509            122.369327844            -49.8519720537           -170.382303053           
rwgt662                  -113.038453096           5.81748499784            -1.02732142249           -0.602460051236          6.10718118196            1.69847061084            -0.587421633881          7.73240370373            -14.6156281547           1.70003524937            17.1285533607            -0.896910577367          13.0807906248            20.600410375             7.02330651655            -4.79506593579           0.044190212986           -0.317501839676          20.0715374534            -131.581925439           -162.216193523           74.7241992868            -172.897332134           88.0306312919            -27.2450204635           2.11368563634            -126.706960864           153.159572142            35.776142213             -9.7156996212            -92.7965734982           159.284060365            
rwgt663                  -134.307926258           -1.90639687416           -0.879991189957          2.46530211739            -5.89142588292           0.268163147493           0.752647550989           -1.24854125136           4.55368304618            3.60303144345            7.78273046353            11.701720387             19.501259023             -12.9191046475           31.844364115             0.149204517342           0.0379003315752          0.0844250656837          -10.0922288968           -14.2463978102           -58.1275980998           79.6828600233            -98.6903495466           -80.6042116892           -107.403101046           144.386299079            37.1224652112            -0.508739047331          172.7829287              -116.112940316           135.930383746            -157.491940926           
rwgt664                  155.219253074            7.3802990418             -1.39802390965           2.10546115766            6.211039968              -1.57831903231           -0.101095458777          -1.29102404855           9.0051271649             -2.27988527952           11.6619578946            12.5742852731            43.6430332967            -11.4997203724           29.1990085699            2.14147831988            0.108740059764           -0.0156171745438         59.0730195998            -40.0032757552           134.120076241            -177.670681306           -118.263393298           54.6889881094            -50.0823007306           4.7659244506             155.680822499            129.161747906            144.453070418            -174.142771666           -94.8995412417           -72.617320637            
rwgt665                  16.7068291401            7.20363104685            0.306930616393           1.75569165893            4.04005221471            -1.09607871693           0.681459716114           -1.85506032695           -7.30739190377           4.55014092154            16.0505838479            8.46239483545            36.4531750083            -42.1691663803           13.9287812548            1.5370847617             0.16143490597            -0.563332855618          -112.226636857           35.6815150417            47.1792272409            -57.501669506            51.3667278397            -112.638495079           19.3529944607            171.959406756            -39.7965236356           -135.657277395           -100.57924004            49.4806372565            -50.5158895534           -61.1261253802           
rwgt666                  39.1248082816            -7.20929186855           -0.66626372983           1.85142951089            -1.23984848266           -0.634013063505          -0.277258819606          2.04697774771            -0.776264379085          -2.59777433187           1.19732092717            14.672331232             40.8990803973            -10.2064245283           -29.8057741762           -4.17826413345           0.159649073529           -0.00522305032903        47.4873398061            -6.41685823098           -54.3122451112           -178.874635136           120.799676098            39.8303913129            44.4709855675            159.16468844             -143.165642674           -151.538266329           -2.37294522871           81.336311407             61.4240675384            -143.45092304            
rwgt667                  8.40147017096            3.31945042377            0.704243549279           1.55043577093            -5.50786130366           -0.108934159771          0.571078181178           -5.92385238921           -14.2792640969           1.87849757264            -11.4197602048           6.25676143772            11.5297836179            46.7709564637            -27.3594287496           -4.50279029751           -0.0290915234802         0.154700340443           -77.1339847034           130.754102986            -156.966246344           -28.4046299756           151.420895209            -94.6598140989           -176.312092346           -143.699503865           -147.390443992           -147.170498383           -128.030025117           59.5208699313            47.3418655092            -126.188649487           
rwgt668                  19.9931456743            2.31268861261            -1.40933235572           2.42085024307            2.95961923638            1.23135461196            -0.0372054362428         -5.99619721366           -3.94505429465           1.48800978633            -6.13319045055           1.55477472823            18.9450306031            -21.9557946242           -10.2801449606           0.249674280639           0.0189269128913          0.626343802073           153.032445909            104.608992446            152.327467516            43.1098819581            39.7745904444            21.7455184804            -102.423323863           -103.256231847           2.98884020397            -107.452425131           -53.2175470206           -157.5013473             113.02966071             -108.744999933           
rwgt669                  -104.791011428           -0.948591371391          -0.939338683143          2.29448307764            5.9900875579             1.76614992124            0.31884447681            -6.61094265972           13.8951399925            -1.98756155968           -16.9886062779           -7.62088225709           -22.5343960398           -32.7286760031           -31.8513595859           4.14947879708            -0.157257357623          -0.419979042425          10.890162416             92.8984363455            65.5847630909            -102.137298206           -124.841167114           109.116076877            -35.1500659535           87.6871905193            169.475216695            147.995019093            -81.1720796459           2.22474890665            151.701923963            134.482326433            
rwgt670                  108.59049105             1.34511824667            0.410421628638           -0.685277702967          -0.162102454303          -1.94747793509           -0.494186063558          -7.59846481556           -1.83215358985           2.2502490776             8.60179046713            12.1545192544            -3.88669607523           36.4467177766            11.7064969984            2.70635204844            0.00842546306478         -0.19499917301           -161.771435862           -58.0265555428           -45.9569947278           -23.285471996            -31.233368882            -175.497040178           102.904616315            50.8831467692            -168.995052429           40.5218625768            122.433502839            58.1471827359            107.66356213             163.099102452            
rwgt671                  -177.37374131            3.08263545026            -1.26751342406           -0.145111388198          5.4075740062             0.0950568092353          0.570778783089           -2.55797713147           8.80883700666            2.73505212271            -10.6515181356           -16.9313181991           -32.7516550807           -9.35778163763           -34.9242681249           0.964657808908           0.132622434252           -0.500852996181          93.7238424272            -42.4891769302           146.818751596            38.8488907359            -171.851692796           84.6217800944            17.506179253             31.9826002138            84.3931869058            166.754469032            156.827211069            -12.3767163755           -131.600280571           75.8980772954            
rwgt672                  47.8930771644            5.7947348158             -0.992445477574          -1.89775185761           -4.83624910824           0.335156894527           -0.0474815329373         6.71411799216            1.82539606486            -1.85321845673           17.9934246006            -11.867439107            -10.6900598721           -20.7969647611           -9.07632998095           1.14567851792            -0.078456857575          0.0293038877061          133.976363072            -47.7145864126           46.465717846             66.4641391584            134.309434791            93.5532588347            -83.0966899084           140.94713617             -126.760588987           95.1082142636            69.2367204794            166.963918276            -58.1172945356           -86.6460314988           
rwgt673                  0.0                      0.0                      0.0                      0.0                      0.0                      0.0                      0.0                      0.0                      0.0                      0.0                      0.0                      0.0                      0.0                      0.0                      0.0                      0.0                      0.0                      0.0                      0.0                      0.0                      0.0                      0.0                      0.0                      0.0                      0.0                      0.0                      0.0                      0.0                      0.0                      0.0                      0.0                      0.0                      