                         ctp                      cpQM                     ctW                      ctZ                      ctG                      cbW                      cpQ3                     cptb                     cpt                      cQl3i                    cQlMi                    cQei                     ctli                     ctei                     ctlSi                    ctlTi                    cQq13                    cQq83                    cQq11                    ctq1                     cQq81                    ctq8                     ctt1                     cQQ1                     cQt1                     cQt8                     ctu1                     ctb8                     cQb8                     ctd8                     cQd1                     cQd8                     ctd1                     cQu1                     ctu8                     cQu8                     
MGStart                  28.9972                  21.7367                  4.0458                   4.3159                   0.9845                   54.9747                  35.6076                  102.5764                 12.7075                  20.0                     20.0                     20.0                     20.0                     20.0                     20.0                     20.0                     1.8767                   5.2113                   1.9126                   1.9495                   4.8628                   4.3265                   1.4507                   2.9162                   2.0676                   4.7592                   0                        0                        0                        0                        0                        0                        0                        0                        0                        0                        
rwgt0                    -38.7320280603           7.7400541697             4.22231986123            -5.31172426612           0.52266421899            -73.7321804889           -62.9469830982           -140.617474837           -21.4396344419           17.3016165172            20.4027328475            11.9975973615            31.9644343301            8.13431674215            18.9596359585            -32.3380448497           1.25979139389            1.60106887617            1.71432231604            -2.10603511075           3.23160939245            3.24799254768            2.44667874719            -3.33433663589           1.38072670568            -6.33227700586           -167.728991566           33.2121713102            148.365541543            -107.145143972           75.5607975451            116.445286175            105.7839042              -76.9820188477           -115.530160486           -41.0462808286           
rwgt1                    12.4468778885            30.2627026053            0.716682539348           3.1122786926             1.12022115568            76.7797717627            -7.20439153419           35.7558935759            14.3954105933            22.9807555802            29.7802534791            24.8075861734            30.4990411746            -22.0464852594           20.5920545405            19.2461418665            -3.25195724723           7.49589840191            -0.783218187673          0.17281329687            2.22950692459            -1.95426235568           0.794586364527           -1.89544531525           -2.47906673558           0.0983899128622          121.952325468            110.032616633            -154.419140605           176.275734816            105.463241374            -110.08886227            82.3773170729            -93.4931893779           -128.43985951            -159.274952235           
rwgt2                    2.40152678598            -22.6401060238           1.19094226659            3.85111208649            0.778707226304           -51.6399687606           -38.3239337772           -110.118139181           -1.98995753537           33.8700152689            -26.9246856874           -24.9233064394           35.6826788425            -30.1893458029           -25.1140587586           -33.7899907915           -1.39231513176           2.55928495665            1.67721226462            1.74386453274            -6.44290972986           1.53925713857            -0.436526208064          -3.74988546817           -1.92164989734           8.05400256812            -62.8163063613           -101.895107344           169.197876382            100.963115355            -119.886342929           -81.9908250488           62.4044408679            147.169147767            -38.6053418497           -5.44894696111           
rwgt3                    -16.1777882164           7.81159423603            -0.650378645014          7.59698945249            -1.00507786358           14.564469662             -61.6662283284           85.0720590521            -17.9762502719           10.1726553342            -5.01499862231           33.8743925057            25.4447085487            10.3219424309            -28.0994408823           -17.6784249105           2.7547206732             4.58302370266            1.53612639401            -2.04972670301           4.34781908178            4.1608706721             -0.804371927155          3.65986652508            -3.65703787562           -8.12741087614           -94.1515846966           156.756478875            25.5280374886            78.1394259597            95.320918082             145.591071894            131.945717595            -11.3628122006           85.5174126987            65.7529475898            
rwgt4                    21.8801929934            -24.3163229181           -3.02492710741           -1.00949835573           -1.53596485165           73.0976945856            31.0933273661            -7.30448705348           0.441221660079           -6.87361727744           -29.7434348383           -8.57986040834           -7.05913167633           18.5579087733            -24.8504852475           -19.8415911432           2.84016274486            -3.81264502845           -0.699942075955          -0.951021421425          6.89736548366            1.40147747611            1.27985171713            -3.38659468447           -0.105948653152          -7.11819269717           64.0997080761            58.4718632111            153.973017549            167.378948031            -27.1096318251           20.3698869541            -143.616008273           -141.160663707           131.587790181            159.080572635            
rwgt5                    -9.16241016308           -21.4270522378           6.74697953032            4.66103189326            -0.93609018841           -32.9782118907           22.1146171204            38.7407960629            -2.08687445464           -4.4760580966            35.6183851217            -27.8315720659           0.887546294173           -0.621573722474          23.5203663129            -21.4329337544           2.89218248606            -4.78855558198           -1.37317311435           2.20562499909            2.45839721241            -1.86315406086           2.0853421355             0.607519049              -1.28295511998           -2.94833096189           127.578870647            -175.551036114           64.4269543915            -6.5713968776            73.8715248378            -21.1631581218           73.6161732816            -86.2920229517           -170.22077477            -14.6700661298           
rwgt6                    7.98808369971            7.40733642349            -5.62437388603           -6.57956199385           1.24069308479            66.4379299525            -50.9779927196           176.622034599            15.8338629533            2.66845604207            23.5091119573            -20.8191722964           29.0619832218            -30.153103108            -13.5989853849           -10.1051016325           -0.758909241715          -9.06669388667           -2.11003294444           2.23421670118            -4.71224816421           -6.12784577459           -0.498466832574          -4.17702733169           -0.13578461801           -4.43874670096           -154.670112692           -148.699556812           -169.335392981           174.069191713            -179.260714433           99.5293380638            -140.099187541           -32.9250345369           -152.459474634           -102.406625414           
rwgt7                    28.2967880132            -34.0220477268           -2.81556712372           5.27042051947            1.45136029097            17.0195928127            56.3791227624            -122.552013114           9.6861554982             1.85152311686            -3.63560555423           11.0456530816            17.5145390909            -5.07304957768           0.251548060947           -14.6384799671           -0.230767828004          3.45894308543            0.97866848712            2.03122333809            1.56761254735            -1.71467762009           -1.58920345455           -2.66432774373           3.41516934009            -7.78040125733           -150.194693809           -159.196152246           71.7507060125            12.5661946091            -109.244446491           -105.231220761           127.097960621            -160.100817312           -154.109137337           41.2722329054            
rwgt8                    42.3746312052            -23.2757848219           -4.57787211597           -6.74480936882           -0.136001502667          -28.6592841528           -60.7973542647           -114.458243757           -0.33693031401           30.8294497223            24.0484702962            -1.48105740249           1.65728090711            35.3502975584            30.9460374835            -13.5470734309           1.72275630139            4.38027246264            0.54987302199            2.6151522448             3.61598779567            -0.911391873857          -1.44718600354           -1.19385087016           3.70317157335            -2.69845052375           -150.261433398           163.361158719            73.9915373559            -160.514831459           46.2290008302            -4.24305554969           -140.792973984           38.5863530675            -167.805871777           -12.0057977355           
rwgt9                    -43.7271974018           21.7050184264            2.45626224888            0.0457123211354          -0.658445625706          46.7899616812            -29.7168030544           10.2800083303            16.6776265515            -10.7067482698           -13.2541995595           30.9647307578            0.379118061768           3.65116818553            22.3437325884            -20.0822707632           2.772057013              -4.6627105063            3.37861855468            1.62834719653            -4.09516893641           -0.437359693318          -0.29449383592           3.30784825706            2.29378652345            1.38257575786            -58.8359716507           42.250568494             -155.816901357           -129.121101276           15.2552611587            39.7166661619            151.444375286            -82.942996119            156.180331827            -20.0705194226           
rwgt10                   -37.1486835984           3.1977307117             3.72438299201            -4.40002517499           1.32955324502            43.2902285231            12.2365364984            -45.5192852669           -6.26742929327           -31.5320244262           27.0194811806            -29.7322992706           2.73086922099            34.4490274513            -4.37736431777           1.05670258805            1.0683109582             4.42350347401            -0.347874225575          2.5487336298             1.61323134761            -2.14776070047           -1.32797334995           3.01717361551            -0.60358388136           5.50285708269            86.7533855523            120.443932627            -78.5254543608           -99.1295215354           45.4207660707            15.5327912431            -120.220388756           -166.90757154            176.296132581            -100.609165784           
rwgt11                   9.72816169544            9.50009051193            -2.70041263229           -6.24625309607           0.454408587566           94.9550564049            25.4714551306            -46.1406929926           15.4934594546            -33.8893470556           35.5635196765            -9.89089393938           31.485792879             -20.4445431062           -27.0818658428           33.3345822519            1.47850421616            -7.99328430253           -1.64614737177           -0.0378751434036         4.0405944376             -4.22289891942           1.97984826929            3.89269903201            0.588245131264           -1.40253783821           -151.632984568           163.890459784            -154.185579112           -113.745462373           16.7591729805            -179.246645943           -71.6238684718           -117.111436531           138.897318522            -10.6329370968           
rwgt12                   34.2149279365            -26.375285058            -2.83614795442           -5.8964402744            1.28025203846            -46.8386446845           18.8419129145            103.063258826            20.8487676102            -18.8099554174           18.8877440268            -20.7545477517           -30.6413633837           11.9170743995            -6.59576872519           -16.8873482749           -0.131923217269          -7.42315513428           -3.3469614561            -2.73757275759           0.432954431748           4.43332260616            -0.79513544686           5.09199080534            0.592108643647           -5.27300711868           -31.1797498435           -131.337579202           126.559273923            72.1325757235            -90.0281072854           -94.1061397983           -87.5999967329           14.7164908966            -83.421034261            -122.889770642           
rwgt13                   -13.1711411386           -18.169687524            2.68323827757            4.44624977474            0.437832623234           -89.9252577916           -28.2427581986           9.20516476654            -7.92915379989           -17.0910214482           25.8660782659            1.72332989709            -22.1461012676           -22.6346571228           32.5347829993            -25.5234786887           1.83054016965            2.13686604136            2.41834684143            -2.08419015517           0.303621766137           -2.46225464074           -0.114658551013          -0.149832861976          0.96892720845            6.14571243301            149.082223626            -100.936925113           164.116985664            -0.92444604798           -91.128626331            47.7410146842            13.394496923             -105.531460962           100.432096153            1.28927378732            
rwgt14                   -50.779734861            -20.1423304472           3.51936162417            -2.93236409143           -0.494124125573          12.7866667436            21.6302076679            173.51570365             -3.91784747254           25.4733504546            28.543799984             -14.2690400478           8.71468540818            -28.9204715492           -28.3219217481           19.0136535832            -0.882480418968          9.20445708159            2.19965799328            1.98749234535            4.66939737263            -2.73048582731           0.702120237162           -0.357871900722          -3.23749940076           1.41952949412            -127.822751609           -127.582044495           -164.607341148           7.41311150709            -92.4635355436           131.856918432            -23.9083400155           -158.870372723           -90.2398689088           -31.5252165089           
rwgt15                   -39.9761419757           5.54783899278            -3.25938661588           -0.947049192344          0.0420612449737          -41.7916631348           -39.2413345873           -20.014757815            8.25968492592            -30.2167815791           34.5914187272            -34.9642252279           -24.3606115113           34.5566168335            -30.4946720785           -27.3989120997           -3.30446334661           -3.87366643203           -3.23069563256           3.32025601356            2.82692260609            1.18164476328            -2.37916698764           4.93265486214            1.90088778485            -2.72249734442           12.8695130611            159.053116254            -65.1284755139           37.2772659538            122.862971278            -76.9103795726           81.512462747             -0.620246830221          154.717081161            -111.503110564           
rwgt16                   25.6739088524            -31.5031222911           1.72789749947            4.42168901435            -1.21227008213           -52.9944008813           -5.78146110495           -125.15530477            -18.7883125246           -6.00510504725           -7.63887311279           -14.5745249246           18.5919425387            -26.0177744473           31.5188327892            19.8364684123            0.783067069152           -4.22176361526           -1.95321381391           2.02750231563            -7.10680409897           -6.4364594215            2.60930318194            -0.173133554864          0.785876354116           5.85296922893            -33.5425849407           26.2613031791            -74.6334885801           -98.3474456293           -26.7062670658           -54.4078987027           49.7225589787            -54.5646039318           46.2936124971            57.5547850564            
rwgt17                   45.8312406276            30.4500339481            4.88040324593            2.04427354317            -1.27292729626           -22.519722138            -38.973895828            171.905981497            -16.7132502403           -3.90879003861           -4.0992097084            -8.18875461279           8.67818522138            -34.5767627919           8.04748482107            -1.46538677162           1.99771739695            5.85126404325            -2.31893929138           -0.166929610165          6.33354734025            -5.30116871295           -1.75406909893           0.0741362531997          -2.93979311163           2.91827585022            -40.9651961459           145.578264931            89.5437146453            -164.897637592           80.5721071135            -77.2856627876           96.4285271242            124.734055227            -101.346946025           -109.110498627           
rwgt18                   39.7931602631            -9.22613466234           5.64532632591            4.17474453839            1.45797532366            -53.798828453            -58.2529673915           165.307829861            -21.2989554653           17.8505944686            -26.9553343575           -28.4018657245           -29.0275395621           10.0837474931            -19.7379417922           18.415409002             -0.187554494428          4.47680373196            3.42999846658            -2.56615345313           0.841014136631           -6.24744361329           -0.457995401181          3.82734580407            -3.57586401838           7.39036349367            154.132238751            32.0956361762            178.03598637             -35.5231472572           23.4740944611            -85.7977435225           45.5928216021            15.1375637371            -34.7069449712           -9.04461038027           
rwgt19                   4.18515837697            11.2014199337            4.31915639332            6.29006473927            1.37643285837            43.0986044606            -20.1574326341           13.4073505551            9.69529754714            29.952024963             27.8630041985            29.7126134529            10.2536705928            -27.5219231586           29.1946900088            -23.7310987985           0.2032310659             -3.1791762107            0.639340156059           2.32751985174            5.8033177972             -5.6833276895            0.372798246085           -1.7258643272            2.73906229551            -5.99099241079           -122.849050042           -172.073808166           -127.197631488           32.8892930426            152.773724197            -153.198827885           -101.407287335           -37.2758214945           36.7424077685            -3.42447061743           
rwgt20                   -31.8878169587           -36.9235429947           6.73982993036            -7.59070988011           0.705920169966           -92.4612583139           -10.7846196248           44.9919666875            -16.8360317505           -5.65010846926           -31.1425958322           1.18099451708            33.2220487537            18.2230143629            28.2343064711            -15.6458755762           1.958958139              7.05791190809            1.78639596477            -2.97525224918           -7.09531343397           0.0664263771544          1.57643711128            2.41223314183            0.162345678833           0.51581056415            22.7644462124            2.97291603232            -116.561684366           146.994377259            0.96492827621            -145.567980981           110.573857824            120.899712907            143.019036068            -67.0886742068           
rwgt21                   4.54254340028            1.77523049525            6.24110771117            7.63610507057            0.0790185501182          -49.4123081655           -16.0343387288           -131.440990544           6.69325713394            -8.48219372314           -0.254522314332          -25.3284907054           23.2202694278            7.40115822918            -32.7524956397           34.0319667555            3.16628554889            -0.192511908371          -0.263481369548          1.97958472925            8.285327701              1.25077646868            1.26676660346            2.81190782832            -1.11984257256           -7.79629936612           -27.4705013814           -42.0874423127           -36.0182980513           31.5457551526            -64.0376092865           -127.032607224           -73.5537052501           -155.975586643           145.578810434            -168.721101039           
rwgt22                   7.38358729166            -38.6740098156           5.86881663802            -4.82497909004           1.3546759689             -8.57773647753           -22.3864870927           -49.4873921558           14.4323213224            11.2133776141            16.2893430911            21.1003144962            28.6035863374            15.7950660505            -4.90552696859           -4.2126970768            1.86951402195            -6.93562726664           -1.16275890405           3.16784532027            -7.04542283666           -7.43104101317           -0.927948138226          2.85295208421            1.04407141066            -6.46285244059           -148.150429624           -50.84329547             83.4574764485            -131.927966259           54.6050692598            8.49551836676            -157.108022959           91.7215081798            -150.255322702           9.03977918073            
rwgt23                   -50.7175688534           1.70981431028            2.8883169468             -6.15255220931           -0.787255406851          52.6793292331            23.1291421049            130.142740972            -19.5804354082           19.3689839818            -13.8223187927           33.4970063034            -9.17586906686           -28.8066116501           -26.8070487264           -6.4757118726            0.401142561061           1.61056669697            -3.0812011672            -1.3435728779            -6.70096610081           -2.9317756287            0.684893455532           4.29188621107            2.87991872711            3.37719398689            21.372551554             53.8288909822            -111.929471905           134.601572785            -132.205328652           26.8457929787            -3.58619769271           154.488173951            155.943396394            99.1318621872            
rwgt24                   23.9573863158            0.716678302868           -0.465272685327          -2.54830333022           0.0149867215043          -74.3098434954           -5.3993689679            -30.1285965494           -2.23054532507           14.1189306844            -3.32105229349           -15.1495027835           -8.25580062349           2.13925963234            -18.3015395076           28.5693751251            -1.57303776231           -8.40990518367           -0.892042490849          -1.9825385246            6.64299033411            -6.22822904004           -2.44398887874           -3.08359661792           0.377995572291           6.19104974803            -115.837378269           -18.5255416091           106.123459142            160.967061787            74.7287665904            28.7579617128            -120.343460241           -44.8485488402           -64.2242190437           -140.958980392           
rwgt25                   26.6008379285            -23.6831046639           0.0630896506904          -4.08937688004           1.47926694297            26.0813516615            -26.4465618996           63.6152088919            11.4903234203            -16.5163298574           31.1967804263            10.2922102983            -35.5490319646           -35.6154550491           -32.6114203581           -31.1010083585           0.830656900575           -1.49253319405           -2.29845973897           -0.697615754225          -5.3626597437            1.76940829583            -1.38053335134           0.243535703629           -2.50804325165           5.26926729849            43.6860873099            -60.0829664717           7.52875001732            95.6791149836            75.4458451493            -111.120723885           37.1784019082            37.4026273846            -147.460318741           -86.4911327334           
rwgt26                   -47.4845783518           31.3388883583            -4.92671269624           6.87481069451            1.17357313394            -26.5065885281           -43.3174583494           155.179351332            -3.87463520271           21.3674232735            35.6891147911            7.6062006221             0.228349766023           -31.7264698321           -30.2102261468           26.2758315802            3.18860275795            8.30768501169            3.41548731206            -1.57364546867           1.77131763193            5.41554517809            -0.901984859389          -0.18083114281           0.691243411455           1.6768425618             -0.552509906879          -169.122132059           -134.819311642           62.7602461226            0.892813051412           97.0863736759            54.7441428539            -144.569019637           72.9272623955            -114.659750665           
rwgt27                   29.2578331642            18.7623592157            -2.93544066363           -6.4498633935            0.444389166811           44.1016173217            -34.2103309782           -171.276123637           -1.37594422429           -7.56601887225           -27.3729432184           11.1076193892            -4.85620131785           22.0817983532            -32.3727963865           -23.6135473237           -2.75557354969           -4.42885516117           -2.89718707059           2.38418674506            4.27302008644            -2.05501358298           1.68597728242            5.02352400723            0.201596827862           8.48507947089            78.9182162727            177.39547021             -64.0044494495           75.2950037334            165.719796848            53.6764618713            117.632917352            -55.2005386073           -104.836744395           -154.680682484           
rwgt28                   21.9978209227            -8.98629559697           0.791378986798           -2.54017949889           1.14827038907            -51.6802076416           9.09050947649            -77.7737195903           -1.59969477308           -13.7022757618           13.8372725076            1.34395766116            -34.4183034967           -35.3774059161           -16.3709533593           -5.99920101331           -2.23473597741           5.72115241659            0.890233842924           2.16808799474            -7.84959214358           -5.30930010017           2.53248758015            -4.8507431915            1.31150292993            4.13305323911            121.253194873            117.268317811            -20.9728875611           -43.7782285688           -141.088850883           38.2147134388            81.8802307134            45.2132315294            0.763510474671           -160.335267688           
rwgt29                   46.1026926472            6.3348475788             2.83429550233            -0.981778878225          1.73087831408            65.7891913876            1.94841185994            18.4786971485            19.8811705336            27.9452547844            -15.2696277037           -6.87533337555           -13.1852850923           -30.6837876213           -10.3464066339           -21.4862090668           -2.64902905648           0.381851978441           -0.39006886301           -0.766748088532          7.03990740017            -4.1605262448            2.57444103276            -3.86076214392           1.8359873792             -7.26872803605           -24.5609694167           -131.732255387           54.5943123254            -91.6290672635           25.3404968864            -113.221664651           88.0148528071            165.474468163            -142.426785381           -51.1837796022           
rwgt30                   2.22182273572            5.58639942631            -4.27916780594           5.20065020605            -1.22447946659           -94.8410918203           -26.907082865            -126.441893316           -19.360749455            17.0853217172            6.57802655669            11.1722024123            6.30318534989            -0.13744004258           11.1616931751            -27.2136637804           0.780381795715           0.0136386892096          -0.960243236177          2.06261290811            -3.05760193131           4.20164542037            0.911467261534           -0.312205658166          -2.84958589295           -7.09870185041           93.5348654044            58.3253606719            56.4526236211            83.9256198027            65.7930367974            -96.1185631167           49.8969685867            151.860285922            -114.478610688           -100.464639178           
rwgt31                   31.5676716485            -7.03553162751           7.15743635048            -6.17209962157           0.544001576074           -62.8750532258           3.96348042963            -163.09113599            -0.255125974124          -15.2209168994           25.9379542616            30.1538802605            7.283791943              -11.0829368539           12.5364887362            -24.859432639            1.95536940663            -8.11639638725           0.648237621312           -2.33997064199           -7.79731268515           3.61670583874            -1.24838294352           1.41967961163            -1.56566537103           1.0715974429             -93.9441499468           -53.1819573623           3.13152974432            35.9903894157            -144.766376622           -49.3271628292           -110.518853709           101.873712452            -146.197939264           -121.971871472           
rwgt32                   -16.4966002079           38.6304064851            1.25373515528            -4.0505334909            -0.525846564155          -44.6069706343           -58.776183955            -27.191205629            10.7278280852            -5.76766954355           -15.0274745072           -11.5804272446           -32.6945127688           4.52751163514            22.0968228437            -25.6539851529           0.293750008549           -7.35641512195           2.00754539397            2.5316297422             -8.44327263232           -6.02865956337           2.45283814354            0.290721443302           -0.738487378146          -3.4601366165            -46.9250963894           165.640188056            128.408490816            -107.621654751           -84.7730681971           -164.56260729            120.755919629            162.748585189            -122.863124013           96.1780726295            
rwgt33                   38.383505213             -37.0723920693           -0.175169034594          -3.68050572358           0.527370395559           56.3999098793            -2.02713260058           163.753996202            -12.708984923            -18.2580521868           -22.9511766832           10.7100840122            14.5906572748            -11.2862476036           9.21908818834            4.41542839594            -1.44824983411           8.76476284397            -0.748599330024          0.477019717825           2.86677877624            5.70304994617            0.572265009644           3.07611576676            1.01480024704            6.70660318232            -89.0171207001           -149.788863528           -14.9701699258           17.7611205818            116.356536388            -50.5090364774           63.4140375066            178.484747045            -170.064870733           177.588378917            
rwgt34                   21.6349806567            -26.7368355383           3.74003754519            -1.81764885108           0.792503592447           -66.0779251983           -12.7668138346           -156.896984661           12.322753098             30.1471550007            -33.613283282            -30.9574781071           -5.18068652991           -34.7695204497           -5.4886219644            -11.7702876813           -0.450490059184          -6.77477568443           0.82186609311            -0.726070533209          -2.48246761202           5.70787573149            0.209745737771           2.73535672757            -2.854704216             0.377515508845           -37.3927060649           -2.43346142975           34.2429371005            -1.51701639919           15.1544050844            -165.270761658           158.474862682            114.01932037             -64.4876159468           87.5102742336            
rwgt35                   -27.679012579            36.8819482246            5.7384746303             6.17993290287            1.54286886503            41.1649994164            -22.358310889            87.8677758776            12.8084997923            -5.72300129414           -9.04845689865           -33.6641245826           -32.9653962282           1.53032482062            -24.4331313893           -8.70859427096           -0.32265022019           -8.10269233037           2.12799807183            -0.0589760481072         4.9033011289             -7.22146865934           -0.328391714609          0.181349827028           -0.355250860166          -1.97738180244           -54.2892434594           -134.550543672           106.074482405            -68.6602356496           -95.6631457479           116.428772782            8.47319370198            -96.1731619492           170.342162307            -33.5968603977           
rwgt36                   4.91210312259            14.9707607329            -4.90153657778           1.36681485661            -1.264933215             -86.381405286            17.6505037767            130.960760005            11.6389152953            -29.1612726642           4.07080327631            -27.7283368643           24.3944800269            12.7397010082            19.6271337609            29.0510694114            -0.139134166094          4.00178661784            0.940292345613           -0.272533756618          7.56392447886            3.08967391659            -0.606032416             -0.0553252716967         1.90261299848            -2.22404065908           156.250960853            -137.266866383           41.8541086387            -15.8556933659           -135.422327088           90.2293894996            109.391125881            -29.1884954587           -42.5889388745           78.6465343111            
rwgt37                   -19.5791417228           28.3629779727            2.50442626115            5.48378167723            0.407963607317           -38.8503650767           -32.3662821716           -183.296703498           18.3548694855            11.3173451419            -9.51554632372           28.0983149155            -12.4845547048           7.26982989927            17.5440896572            21.90402376              0.376599622267           7.44125962383            -1.5939640091            -1.27631642083           -7.80717706704           1.78282253858            0.109451695973           3.1646761433             -0.842249198034          -6.64881877392           -49.7867269428           29.958081084             3.05283693321            171.762328758            -118.879439759           -178.482845329           91.2432812818            -107.383598554           82.1591093314            -17.315621133            
rwgt38                   47.849348336             19.2266773095            2.28396686875            -1.57812235369           0.421142290711           91.3548311717            -8.81573025204           -64.0338228773           -6.94777907385           2.43743219654            26.8091299754            -11.3611469275           21.0505822241            -12.4571422715           -6.32074284575           6.58982685865            2.68285357661            -4.15713850678           3.18482422483            -1.63179045968           7.40155845528            -4.9778233614            1.13545138702            -2.78601339215           0.462412658533           -4.26096048292           -26.3024398695           68.1587496953            -56.2542885978           -121.255483435           -77.7049559898           117.26838195             -15.2952440578           -158.526006746           83.2943872591            -74.1333018092           
rwgt39                   22.2052436076            12.0477952026            -5.58915925207           2.9538084554             1.37313226548            79.4883833872            27.9399287901            33.4107154018            -20.8499450068           24.5927757516            11.3566551133            -9.05441330768           -6.35921410999           23.2216386146            -23.8898394309           13.1281738873            -1.22624870556           -3.89037802859           0.388962014014           3.03412579709            -4.29849710603           7.26721105521            0.0660525030732          3.82360373759            2.92879312404            1.94933619806            171.835816024            -20.9090893545           109.394365619            61.1078681306            -104.843848386           133.449773381            148.830586027            137.321873253            -82.5068500909           76.1958588714            
rwgt40                   31.9301286081            -30.7890010564           -5.10356200316           3.99394970466            -1.520806789             7.19311912027            55.0593221834            26.0368025309            -22.0206229186           26.4006004163            -2.78224254192           -2.67227525939           -29.6886182606           -3.6132381544            20.5026646619            -1.47329791749           -3.24826864827           5.26752669167            -2.60485476368           1.83027624991            3.72416369687            2.68392236873            -0.424079454446          4.25795503547            -1.86219894562           0.029861077822           107.54306574             -174.217352135           68.0312375283            95.8934620434            54.9963569058            13.9674090102            -94.9852230984           -75.4220990873           -59.2702130657           -45.6154104617           
rwgt41                   -8.94722279395           37.0516961213            4.32318141008            -1.43063414811           -0.663922631927          -61.7885429623           -28.7373804302           -64.7439019152           -6.07244682593           14.8535133484            -8.1822758717            33.4631679591            3.82292103775            14.0575502527            16.6276248408            4.97107555633            3.08050098               5.02116910527            -1.95568999058           -2.02832500523           -7.37516848585           -5.23593843056           -0.437852844896          4.98205499092            2.88666129834            -3.66402944714           15.3573318416            -37.5816108166           19.7417571859            27.6877000232            136.022541119            97.4900451306            -62.8245714106           121.187526338            -6.74422348289           -2.96365609959           
rwgt42                   -0.670034440912          31.7502481779            3.40180231877            1.50552330152            0.653630427273           -96.9596877229           30.3246901295            12.7115948241            2.7577403905             32.7861077255            -13.8717651157           -33.1433597813           -32.326004899            19.8926732791            23.3724848964            7.12843273267            2.3838721035             -7.95910296041           -1.30308921128           -2.67052325263           8.10755089873            -1.35401204327           -1.4216606366            -2.16073689465           1.88160440793            3.66589657367            -102.465495618           -73.8561396177           -43.2635790188           -119.45496031            -1.09551543877           67.6203038948            -1.29546558162           -121.333285475           -173.090247765           -80.0129278599           
rwgt43                   -9.64358738463           17.9779385868            6.28401246533            5.7813331498             0.290606821673           14.7045255156            -0.37659973052           5.30556189925            15.6785168097            0.142026827356           -22.2057558981           24.8230407833            20.0337777731            2.34397601               35.5741789287            -13.0651386631           2.18398227036            -4.49963412831           0.916868988439           -0.173670732217          -5.52355625589           5.56181959613            0.197373588058           2.82722475792            -2.58186798024           6.04172016122            -73.1376092617           -96.9081645545           -92.7807145724           -9.72392594303           130.771076965            81.6962130858            -108.33450759            106.626759766            165.518344804            -102.53237166            
rwgt44                   -37.3514837235           -21.9471712746           -5.89843251474           -4.46323178831           0.126292419991           63.2730201143            35.6325778844            112.760387716            -21.2768496783           22.9199039417            -11.008419619            25.578885506             -31.6397982902           -10.4760400695           1.67100484755            6.26827311927            2.15459652402            4.80963109065            -0.754817999451          -3.35094126508           -3.86292206098           5.33749290872            -0.381234839583          4.44289010049            -2.18747845904           -1.78502851587           25.584012395             -88.9755667305           30.0642880322            138.919135389            -51.7301071124           62.9521554043            73.1028204473            -60.5528190939           20.2892986694            -87.4156726089           
rwgt45                   27.4087341307            -1.44758773933           -4.03414365349           -7.18888712182           0.546239227929           20.7909287011            -57.7350469395           -90.4081684042           0.581715139623           -9.56990979715           -30.9474346401           26.224846208             23.0927076898            5.25216397779            2.838455465              18.2242222149            -1.45622245741           -3.62291865473           -2.35094594496           3.16122607011            -6.8194842476            -7.19126010941           -0.769107400939          4.96217853186            -2.80904069833           2.07204306065            -125.161333087           -97.4722377536           36.8757062509            22.8246993699            96.4931094327            162.440392441            -60.0767850054           90.3213618837            -0.471219749124          127.610232175            
rwgt46                   14.514918526             34.1150059554            3.20737892796            -3.51391543609           1.21336952576            -38.3261421085           -61.8573769397           -178.970419554           5.37111989207            -28.6217709736           -32.2235069334           28.3985205859            -8.41631818907           -1.8701331406            1.35460847606            -19.4304574209           -1.94636698145           -0.698237448527          3.0366893997             3.38432550624            -0.275876717871          0.847774683406           1.05489882906            -4.87553403065           -3.19494529025           5.92117858829            84.6476562025            86.9782777504            39.937109367             137.374480265            125.427489571            -132.614616097           179.48455695             167.689406968            -54.4545034154           -177.782762254           
rwgt47                   23.2213498846            -22.6397013422           -5.81530037291           0.575595003281           -1.21976287322           -62.5942425899           49.5365295379            166.327852165            9.84931348037            -25.6831526761           -2.78944442302           1.99894435824            -16.6642920229           7.00408030882            -31.7210754432           -17.3489431797           3.36117439498            4.68403975112            3.26919035558            2.89605944012            -4.31788139911           1.55592269951            2.08450649854            0.505203830016           3.61702324248            -7.50613057081           -179.945139298           89.6855828809            109.290836738            32.8500719598            32.2552914616            -22.6131704382           54.3621984275            -49.8634795803           131.173540421            -35.2625931688           
rwgt48                   14.6033476306            -2.65096513946           6.67898749265            -7.10829034065           0.63163760812            44.6420498453            45.2795383075            70.4366302065            20.764195783             -20.66742567             35.4859302854            2.66404159227            -6.44381109839           -8.91997707106           -28.9211675051           20.8223608213            0.422650797122           -1.30650258583           3.40972306719            1.92184146294            4.77360214285            0.848876881373           1.98050164577            2.65509165762            2.24151777945            6.12440238351            90.0409075073            123.580856228            -123.498782034           -17.590427029            52.9385080992            172.414744347            -90.1347031774           69.6849771955            114.620264419            -76.1005684172           
rwgt49                   13.0086690848            8.59909609032            -1.74559753979           3.57452366686            -0.503265698645          -98.2761579421           32.8695185578            50.8633622689            19.1426868287            28.5920802143            31.6438555928            9.47627652745            31.7138914946            -14.2689685887           4.3438404992             35.8020959183            1.49224174686            7.12174722331            -2.83985106919           2.18363766376            -0.497823088573          -0.518575670614          -0.296957322987          1.82309262768            -1.86512000618           7.52513666226            2.94596640266            -176.460199633           -19.2717442885           87.3083751519            -125.86869972            45.5514143963            -66.1739308581           -68.4376369383           -68.062848433            46.5047593055            
rwgt50                   -8.01977806961           -0.502979222965          5.47275508661            -3.03069622204           -0.0358803381744         66.6556207948            -60.3386979948           -76.0490173569           16.4264437562            -34.1738113226           12.1028641979            30.9264685691            10.2026246461            32.9551301987            -27.3134970545           -10.2898965734           -0.719995736412          8.56379006633            -0.740305226116          -3.17884513231           7.98519523027            5.98594399327            -0.320094683103          -2.76541765398           2.47239980139            4.97505012535            -117.161149478           90.342526402             164.689523089            -142.989408601           -41.8939543563           169.288384179            171.921020635            169.874315508            -98.2428506982           141.436232266            
rwgt51                   -16.3487188573           18.5608817073            4.25246042541            7.6190660522             -1.5403083181            -18.3441529439           43.4225343953            -141.595057478           -19.0026563095           -29.0621026478           -14.9139943534           -4.14083162832           31.9904279065            -20.8294525775           33.0416864286            -31.6556915301           -0.454760765426          8.28182758615            -1.30401825457           -3.4339909554            8.25278736759            -6.60891320619           0.837410015308           1.62102064049            -2.52980552346           1.27422997117            14.0304068217            179.775859998            22.9426304026            -138.409328239           143.619410385            32.5615335966            44.6954830494            134.084621905            -179.448437632           59.7036366676            
rwgt52                   -48.6603071263           5.25403260548            -4.54581364926           5.23144670741            -0.749033336333          64.3010057478            48.6657312385            -16.1847917127           -2.76865788044           5.53256239924            -11.6495740723           -16.2426612749           14.0753558102            26.1090027441            -18.1203792267           16.2826349376            1.09103974689            1.13376732969            -0.837841292637          2.23150142532            -7.51189347724           3.07297822282            -0.288955133724          0.826810584008           1.94016682628            -2.34564291497           -142.313878722           177.59973438             15.4096962215            -100.250690369           -165.189770298           -111.245810445           77.6914170157            93.453917589             -174.709604649           -135.862687943           
rwgt53                   -6.27034669404           26.5595581445            4.91385814417            5.79577330825            -0.373132853726          24.5064487758            16.6915767021            -117.765806995           -4.43959397492           9.43884036245            -28.2814516042           -28.1020209809           -4.31048562636           19.4596352603            14.4678355238            -32.2937905197           -2.90599241034           -8.90771254067           -3.39627924099           -2.51192944059           -5.35195361326           -0.363407864212          1.73702666122            0.69445803838            -2.77829903341           4.52708826843            165.200922267            50.8115553209            124.150649581            -92.903145732            31.7350746026            -9.58158077323           -160.579294098           -35.1050229711           -116.170711249           -74.3818452053           
rwgt54                   47.3956823247            -35.0946537745           -1.39753852701           5.9856782726             -0.720333739525          62.3813461272            52.2846768961            125.694062195            9.39431415921            -0.755495027304          22.5733528697            -3.69635441433           29.6644231359            32.9038703983            -27.5154652842           -22.922178024            1.31030633388            2.0214830672             0.657592394603           2.74011637267            4.37652435097            4.74864698333            1.74081566286            -2.35788304688           2.9373388102             4.9627006102             141.239570492            -104.653607625           108.307427332            -22.1541488783           -25.9674553712           173.823540802            -63.2286208045           19.2238152862            10.155308778             125.934862992            
rwgt55                   -48.3728316595           -1.55835715382           2.56921143233            -3.05842287704           0.713176786594           41.7960436062            53.8252424267            -80.3657033779           0.0683203462339          13.7068757803            28.922887648             -29.5675017127           32.011045037             -15.209996218            30.0555316153            23.4456094182            0.847275483349           -7.41324153663           2.20206897537            1.6925461449             -4.32196432268           2.97466556329            -1.93390976791           2.62461897071            -1.36008193676           1.69349716471            -154.375589349           177.981941057            -82.711660557            -124.047500262           100.113935479            109.89594731             -125.639108702           121.124278016            96.7406865902            -88.3923687203           
rwgt56                   4.95097861362            -0.949537812259          -6.39451913637           1.32229990861            -1.67000637394           63.1739100445            -4.54493883314           73.0443655973            19.3760776654            -9.25955048466           31.6444006083            -12.1880273403           -11.9434542035           -27.1113633623           -14.0219968153           -13.3078363485           -2.79102041594           -2.53270598048           1.11605282456            -0.585478742184          7.98196112801            -7.63499258656           -2.26926339488           0.272991390354           -2.29725144116           -5.86451398554           57.6405598038            -159.945678154           -67.6824279463           -177.3053308             -32.3939892575           -179.975929495           -127.985014828           60.1953855579            -16.6530128164           122.155555669            
rwgt57                   8.4340492671             -19.9201452663           6.05823028532            1.09514047289            -1.64815500733           27.5594157278            33.9199519364            -177.878489779           -14.8211856722           14.4575440752            13.3805695595            -31.9336926273           -10.3584294769           -2.46811953657           3.55123479749            4.52107210367            -1.22425486217           8.10562688893            1.35567480847            -2.70548376823           -6.65554904068           5.92917686452            0.0345018542321          -1.65222264975           2.38879828872            4.44740663461            59.2616591791            106.154731756            -148.335385581           -144.054930003           -80.0502273064           -148.220443299           54.7315302771            -130.79815277            -39.2024406379           118.175693999            
rwgt58                   -9.04407527992           -8.93264781366           -2.20665209493           3.29749463889            1.76976608209            -92.1467212949           46.1626153295            -179.77269468            -7.50189449028           7.51513863323            -31.6133308157           9.53796908101            10.3992590713            28.1863073208            35.9127156943            25.2478205446            -0.447785420327          -6.69653309175           1.87205867897            -1.81519575789           -7.2667001519            4.13177204173            0.475607675369           0.963888603338           -2.97972898448           -7.86381663692           -137.130653558           -176.965318699           20.3726078924            139.46380871             -124.259795274           36.4430969906            162.367665818            -126.795877723           7.01626957905            -31.5160173428           
rwgt59                   51.7436801102            -19.766479611            5.36762103581            1.63040522197            1.28978785709            -35.0160279234           59.0352281898            -129.531262084           17.3591491746            15.3075378381            34.5366105214            -27.4499670434           -21.1766414307           17.1123556119            -17.7223810957           33.710629722             -2.9315929487            7.68539396935            -0.861111247511          -2.21572198671           5.20259564457            2.2850112267             -2.16255643765           0.293522914461           2.98090045934            7.50248899452            -90.3638562349           -163.317420025           75.9213792909            72.6741709697            98.4639328379            -63.0733110587           15.0810773505            88.0551180729            58.993071452             -26.7814225099           
rwgt60                   0.280730410857           -38.1182358951           -6.65184958119           1.10559324565            0.0885635863799          -85.6069707608           42.6598336759            -17.004824549            3.59297700547            17.6214304977            27.4214324971            2.10922315731            -21.8992715758           26.577818391             -8.13463740543           9.65900215767            -1.82064361339           3.37716818202            -3.11388732855           -1.89039297235           -7.77912376656           -6.71344110227           1.97379900207            -1.45127587668           -3.32627638496           1.85639318993            -8.5144335206            -163.534648694           -29.3057823097           23.7616446423            -24.7412158537           -86.6604501432           -140.595598171           105.02441529             116.949059076            84.1302985891            
rwgt61                   1.37870057876            -28.5169312847           -2.26227807997           2.67421638647            1.52782944096            1.28708454443            50.2607791295            172.485839879            14.8450757004            -29.4210524034           6.64413592453            -26.4203245821           31.3498170511            15.6072683753            -32.8753422004           -8.927180483             -2.41309942401           -5.61007738411           1.42926676274            -2.55261139128           4.14126392367            2.97026495178            2.31662126348            -3.69888827455           -1.16463250953           -0.728940367391          58.6561908128            106.287799459            -128.237425482           168.790994178            -146.602582564           174.583210054            -164.392216399           34.1395981816            164.361755161            153.929269096            
rwgt62                   19.8379924056            -10.4106577867           -2.53663050412           -0.118834255534          -0.631059863768          -77.7539727453           -21.2612031123           -44.1095846238           -8.217164499             14.7503839923            -0.675540179613          22.2025835362            -30.5914953696           19.6126313795            22.7798652727            -7.11697704167           2.77328194906            -7.68569831391           -1.14491009676           -1.19101189629           -4.50922829062           -7.55696440862           -1.58068486913           0.544431332296           3.26936272968            8.23130611919            84.6058765891            -157.916195719           -75.110799811            6.41340058657            29.240371213             174.973247072            -21.0873207894           -27.5218776042           -5.23262503073           -130.372003691           
rwgt63                   -34.8093349959           30.6244694056            2.27465874883            -0.240463392953          1.31888083844            -11.2525103868           -17.0514001039           143.247859729            3.73287500523            -16.1667380757           -26.6507358419           -14.54644935             1.61035721385            -5.5454815833            32.8400749739            -15.4859309705           -2.05923315259           -8.06692624884           -0.943215233724          -2.39336961396           -8.63984039858           0.503154391129           -1.89787430196           -2.84983625273           2.40401696901            7.84229745662            30.2867234959            -64.0412377856           169.444161413            -118.97183575            179.480309829            -145.942298866           117.575015526            -31.5703394076           54.352799156             108.791754322            
rwgt64                   16.5864907588            32.7783696253            -6.53402261646           6.34880029053            0.938693942284           65.1157376317            33.9089680141            29.4962997891            16.9819851626            -9.33536800002           27.7428410852            -10.2243374377           24.1593520006            22.1692437094            26.5995721261            23.1403834107            -1.37493090887           -4.12099190324           1.62482071056            -2.36278784076           -3.25627133447           1.99426748085            1.12462548375            -5.2440571618            2.84812129281            0.704241415765           32.948244171             -135.762283346           56.4062679754            179.017183766            176.799649825            61.1278968577            179.076911854            -100.078052877           -30.133719438            110.531152823            
rwgt65                   -2.12023554762           -15.9663749262           -4.87190061645           -0.0377542720844         0.932034259984           -60.0969326797           -36.8643403965           76.2569508102            -14.9039574337           -20.0892873742           -32.228998088            -12.600040743            9.19480037438            -8.53046526624           -23.6295001219           -25.7517191098           -2.64588593668           -7.80350446333           1.20990698098            0.588302437812           -0.620657300257          -1.98739566192           -0.857434575991          -2.54345309028           1.44378080592            -2.50758043609           167.548695213            -42.2364100628           -46.3025784602           143.534696921            -157.83612008            -90.7550673445           -57.9796734533           102.040540735            -112.807813183           76.1778052247            
rwgt66                   27.0270561132            4.73902212365            -5.48645599384           3.68106966657            1.03509876608            90.8689717289            26.8072476337            47.8210840963            22.647299452             27.3851458726            10.8246109506            20.6872231342            8.29987111566            2.06898552894            -5.4124871367            -19.184085083            2.91314291751            7.89436390923            -2.21145705633           -2.34429034458           5.53065673884            1.52186283004            1.44289175408            -0.673287962138          -0.140923221713          7.68343663621            -58.6288132342           -170.287983216           -173.915531394           -18.6410977374           -32.6014443645           -118.037092223           133.081194898            71.5313263136            32.5607490599            177.816493119            
rwgt67                   -42.0748469738           -0.406089134546          -4.79338958914           -0.715671389837          -0.898940865072          -96.6714511558           25.9250858622            4.5361456136             -9.71479894464           30.5684139177            -1.71749659338           9.27368780573            -10.3037332195           15.3971848188            -8.1930752899            28.5844317375            1.03923436172            8.57086810073            -2.4287097047            -3.07082780311           0.640648141136           -1.89077936612           -2.04845089142           2.15783690058            -1.08321364855           -4.75556494612           -54.2151017539           -31.7796676186           140.220814888            -17.362491416            161.105717245            -71.9255859629           -81.5361189118           150.473009112            176.207256298            -172.866239094           
rwgt68                   -42.3925800796           -12.0404539436           -6.57100281196           6.28536360642            -0.284468044952          54.6776702998            33.0793120661            -30.3678244409           18.6689261825            -19.2351434731           7.19250337155            18.0384936458            10.5855100743            15.5806593612            -25.7633049577           -24.189324761            1.29526357153            -2.72956400518           -0.698522483737          -1.36009086837           -6.90280934229           7.57882959064            1.06944594068            -3.34625691542           -1.87996869779           8.42462887019            109.242437569            -98.7756661766           105.024051184            66.5192853349            -70.2724126206           120.490024388            -2.6564477986            -62.3490629287           76.0686661047            20.4934169619            
rwgt69                   51.2040084308            15.7192153225            1.85773513404            2.27145791474            -1.57667404239           -31.2939172286           -45.530525376            -18.7981538997           -15.8616810146           -4.68470976938           5.12756638465            4.68670148373            20.3327083672            3.06677866569            14.3252334134            -32.4346512511           2.6862958292             -9.0650021091            -0.912869631483          1.20871092217            7.47887373229            4.15813480225            0.922341027479           -1.21314885813           -2.23964841247           -4.70100430443           -84.2928187513           -15.0004981406           -98.8266421083           15.3887750923            -112.006683306           101.324158964            -15.7587573872           -155.211681268           173.430542954            -105.033902921           
rwgt70                   -34.7259588546           -29.2891374299           6.81261067032            4.84511623599            0.0766656476736          84.376415032             -43.6362371885           -184.010995221           20.848208868             -23.7573194574           -23.7164658167           -22.9783998914           9.20375060392            -7.325393987             28.1773863488            -13.447424592            0.202744384868           6.30896846714            0.0889537935545          0.405120582835           -1.4337535101            -1.49863093358           -2.21461134567           -1.1705677177            -3.14836449254           7.46841378823            65.2258383629            18.0647472552            168.851866704            -87.3929190305           -91.1594828851           -75.7344551471           146.997489303            -148.772421515           71.7527322518            38.4512003447            
rwgt71                   -14.0993829588           6.5445911199             -6.05037518343           -4.42025298834           1.49437520309            -52.4312287976           -17.0242399093           -0.124710615121          14.3409768231            -28.7704500654           -3.55947852438           -17.472813745            -8.22541409573           19.607019597             -32.1874545877           32.5945245477            2.42474748266            8.3789041044             -1.64467218302           -0.913785102851          4.48694799405            -1.79703130345           -0.793191381896          -3.93900301872           -1.25612635399           -0.246709679158          144.364382001            -173.973265997           -110.072996531           133.172408491            23.7717519471            179.258085924            90.7589363371            -117.188047559           147.557773941            75.6565499663            
rwgt72                   -28.6087868335           -1.26798359598           2.12348514159            -2.6623801686            -0.268897965605          -69.353432449            52.936939551             -83.1384494183           1.24817854555            18.8456594468            -6.32633409584           -21.4387877535           -7.48667749213           -0.36488239168           13.529295855             22.2301972214            0.47847644892            3.70539633684            -2.42199931569           3.0263223926             1.89665616585            2.60343345711            1.86183602953            2.57669979722            3.18265677376            4.95664640682            -149.80654326            -3.06149418196           -104.873226644           -119.682874554           11.0601510122            12.3367709526            -102.647708838           -89.5307372331           11.9258229554            142.521078268            
rwgt73                   -12.8355688947           33.1989745776            0.0697670008286          3.94267522986            -0.355034992487          -0.503104532978          -38.1133735091           23.220280601             -10.1711916746           -26.9808835356           17.9081887035            -10.3565108307           8.83161009139            -8.51530704927           -21.4921698601           6.91973914507            3.32650720395            -4.55299934759           -3.15196651731           -1.88892105458           8.07076334513            7.26600143924            2.07208219758            3.86917574848            1.81966775274            -0.336100135034          109.845216099            61.13964206              -65.3606798007           -142.804657304           -18.1208564182           -86.7071335831           102.636629112            -140.665268355           -51.9251800613           54.1079393557            
rwgt74                   -18.7228625566           -24.6645479304           5.99875426206            -7.62672459702           1.69224067145            28.049545647             42.3574810778            -121.275622222           -19.2515018048           -4.37693969078           13.4176310764            -31.9875128866           17.8511669216            18.3064175434            25.6235786683            3.12031080986            -2.37083658792           -4.57699881101           3.41830553471            2.62483417993            -2.77903258614           -7.16686435357           -1.98347378458           -4.86646215155           3.38121779016            3.53190119678            -139.336937496           45.3154839272            70.7341871668            171.709517981            -28.3055554631           -12.6070683347           -150.350774706           121.012925496            14.3279384931            -141.825597363           
rwgt75                   40.3022120543            -21.7681379265           3.28202799149            3.05544646078            -0.355279775335          -91.3611448135           -58.3716313443           -27.2284332875           16.4443724715            -21.3673654695           -35.2734895388           12.5584975063            17.0885342406            -17.0050376846           -3.44739731163           34.3181435919            -1.8559419784            -0.79676415294           -0.794446167699          0.880772429593           5.67265686037            -2.44827770402           -2.43491657832           3.47923665359            0.479229398056           1.04641406922            -145.977260649           42.1434872873            55.2253075117            156.650011484            -76.6343560301           19.6030440086            0.652454839584           -5.17863301609           -86.9475886081           -124.79714492            
rwgt76                   50.1268459876            27.0484897282            1.8238831723             -5.94650102365           0.980066599341           -27.0386341716           6.88065699594            11.0453410777            -22.7147949438           1.21487638749            0.525259835606           -29.5703047462           -19.9691410521           6.42929352918            -35.5292445602           -23.100576014            -1.31532619646           -3.9316200832            2.85926625683            -2.61195737902           -4.21378820726           -1.73738859885           -2.07088415231           -3.21118372441           1.32847720508            -2.84664185541           100.325580235            40.4498886287            -140.066779692           48.2599814776            -49.7349282655           -38.3787332365           -21.0736673549           130.09580856             63.9330424525            -58.0672777658           
rwgt77                   24.5146120894            11.0530379203            6.13590882281            -7.01209744045           -1.5755584272            86.2255494626            17.0278679125            51.8719811342            20.6930082872            -28.7762903194           7.33832158185            -28.8643941184           -14.6977890599           -17.1783350717           20.42410979              -25.333538915            -1.15310152311           -1.95192029261           -2.52617435334           0.339161930071           -5.48057028956           6.82041572054            1.68656355058            -4.02698066057           -2.8092794069            6.35321541325            -99.4165515621           61.0729718514            -116.530341564           -156.498155308           106.567502686            109.068372834            105.150299447            -125.640618916           116.070948935            -2.28586505425           
rwgt78                   -5.93008535662           33.654198412             2.80249532937            1.23885430045            -0.937698886367          -32.6931092626           58.2574209803            -31.6450228753           -1.72489718111           1.00806476786            23.9308808181            -33.2971419506           19.8497350462            -18.2446890435           29.0441819078            -3.88347267819           -2.25630787975           -6.63704181202           -2.54625524828           -3.05645975195           1.79073294262            -1.51800902883           -1.99953794044           -1.92434670545           -3.47277162205           -8.17304006743           105.249878325            -70.9898048931           80.4530474923            -57.2773576806           -138.08651788            93.0542847532            -166.831293392           -122.832481708           -20.9320200509           -40.7937863              
rwgt79                   -33.2542671841           35.5059459985            -2.15506863249           -5.22508881194           0.236924184301           -26.0783036416           18.8056122078            4.1270486438             -1.82418136205           -14.0181118954           -3.48644126009           0.588517073346           17.3112629107            -5.11423809216           -34.1137408793           -22.6083880481           -1.12127009224           -2.98650714829           1.44642900464            0.703865367448           -3.34618580233           7.32335696959            -0.524596302579          -0.399466884277          2.67587058728            4.01118128388            -125.073880341           -12.5905966215           -43.7111145293           -77.6481464271           -144.126245505           -130.737360544           -35.0871432987           6.65494771753            172.468098638            116.400820322            
rwgt80                   -24.9549288571           13.7321263559            1.46119175944            -4.35122032963           1.25591635676            44.9632991569            -53.7293214044           -12.0652465869           22.3149515009            -18.2023729172           5.97040877651            -6.46217624319           16.8549667013            -25.740876624            34.1249824228            1.44453121356            -0.632896645423          8.19066381008            -1.25899513826           1.93584216157            -2.75345335167           2.97486490544            -1.96531825867           -3.0045008348            -0.0357042786636         -7.82539653648           -159.501303515           96.0107820918            -145.242226096           43.671360452             10.1097448901            1.57000972052            -83.9858100803           105.953252285            71.0038527809            53.609703137             
rwgt81                   -36.0117418798           -14.277468908            -1.40688209365           6.43839699417            -0.943997836721          87.525420492             26.7445737986            42.1766180312            9.38438476479            4.77553532181            -4.0590117275            16.3567439208            1.9907924103             -4.34054145207           9.88233781109            -21.0677701168           -0.692220496656          -2.49459104689           -0.0455514011152         -0.116921804296          -7.71472535434           -3.27237188817           -2.58436208055           -1.98117644622           -1.35626057575           -1.83350635198           154.817047634            -108.533470292           93.0139164365            -125.99590909            -88.4711319951           -85.5308179188           63.365336803             98.2094633803            -27.1001570452           95.5817855124            
rwgt82                   34.8690504705            26.8233683906            -4.12292560422           4.83105399794            0.805902451628           -49.2063056424           -21.790641305            -82.6764062079           20.4840384718            33.9991748826            -8.62610924974           32.8674120001            -25.0723450912           26.3355179843            15.1065728291            -13.8291903378           2.84558836963            -8.7765205252            3.19244006586            -2.9957354893            -3.12396716015           -2.8467162039            2.37580097618            1.60462851282            -1.9591164868            -4.91109816258           111.191209276            -88.3513420475           -63.9540769565           29.4455642931            -22.3385231239           22.8824826885            -83.0408976451           43.63486952              -158.311925229           -15.859003189            
rwgt83                   27.9384428129            -32.5813521953           7.1331464676             -0.646204048123          0.364949565885           66.9167847605            13.9201094194            133.339459971            20.0256950725            3.71532481634            33.3469292336            10.2451353769            -20.8297116224           0.567929064686           -34.2710252095           -31.7552156627           -1.13994069409           -9.20128210085           3.08910168353            -3.10892800886           1.41891636872            7.41344566837            -1.32779272939           2.69884111929            -1.60981392073           -2.25509185943           0.165660529682           94.4670700355            19.967353815             -13.225143273            113.042187457            -140.850878931           29.1013272402            108.781263763            172.86893907             119.634687591            
rwgt84                   51.3951894912            9.0675217992             -2.63039666021           1.9602530253             -1.67576365714           39.0707042888            44.1114457113            172.772417572            13.4252182591            -9.55126455252           -0.791098709452          3.77616122498            15.792009908             19.3374034822            -30.7645316804           -21.3018368941           2.84878881785            -8.82717861355           -0.372680605092          1.31156777271            3.03893033673            0.388116331137           0.203574506836           -3.21263457016           0.856921544266           4.17955741761            93.9178713762            -63.1096929922           30.8031756488            93.1636936574            4.71185943364            84.9276539752            -0.81751508785           -82.4750688893           -129.473409205           -138.441646253           
rwgt85                   0.830952443726           1.04860271217            3.73878488369            -6.43676335896           1.67884448685            41.1677662429            -51.0445097867           -13.4099004373           -2.0522823875            4.2074251694             30.3369010949            -33.7774597852           -23.9767865842           35.059336266             -5.77463025504           29.422568356             -0.715211452845          -3.26968794272           -0.608655923839          0.0891671744003          -7.3960231589            0.797963617372           -1.85452674179           -3.14776038082           -0.253613104369          3.63610480059            35.0080802258            -112.370490067           -97.0068162251           115.756762791            -28.6427151595           -170.893212349           -72.0139512407           -33.1207265543           121.811748344            -64.6195064524           
rwgt86                   19.0559019891            -10.4524837726           -0.132330888969          4.10212558825            1.04606254605            73.4987338591            -19.8764894711           10.5828871635            8.12617412276            22.2753696685            20.3720690327            -33.2222835428           12.1759221497            7.7893183115             32.1082318561            9.92193629817            2.33049063981            -1.79236139471           -2.21641044547           -2.95021209243           -7.47570812665           6.05660317593            -1.27888092075           0.510313678964           -2.4052330184            -4.14057102927           -24.0974604576           -69.4576662705           -96.1788923599           -150.379348931           -42.2419994089           146.864751539            -69.302953272            47.6862616625            -144.70686067            -77.109362205            
rwgt87                   35.8765356544            -3.54562952157           4.31914216461            1.6534075699             0.0144362997518          -86.4006693332           31.1602393639            -73.407641986            17.105941932             10.2053340183            8.70759634767            -25.8294078347           3.91267232389            18.1389638983            28.3350663052            -18.1223540507           2.3635833719             -3.64301942157           -2.40118294817           3.09459299058            -3.77203001238           -2.43072019953           -2.37195617378           2.79691845449            2.27343612554            4.44745632323            -19.5707970639           170.120908647            -134.871999658           25.7816806372            170.154511941            159.139614708            162.91809296             -99.9459065652           0.269364664444           -82.3169151208           
rwgt88                   -49.84277388             14.0327874316            3.19675568131            -3.29800965645           -0.970067366478          23.7332103836            21.1449292788            171.649676347            -19.1038898979           15.1143219205            -10.1091827949           19.0661458986            33.8627191924            -18.7487620407           -21.0229212977           -7.17097517671           1.67043791327            -1.69014498755           0.830545877611           1.92408798953            -3.51480785794           7.71077818543            2.30763791433            1.50470327381            -3.52503506844           -1.45392779517           -54.2034700119           -60.47874992             -141.306747246           -176.699822221           6.26147007968            75.474515766             47.8176241501            -38.8191857838           62.9094066667            -110.62306129            
rwgt89                   -19.9080613373           -32.9956875001           -5.34143545108           2.83369717477            0.713568208615           13.1154437665            -14.8033504967           -37.2075102505           -7.75490884906           18.6891257852            23.8837669437            18.7308760671            -26.4074022823           -10.7076773413           -3.64044413213           -28.8858665944           0.596152651154           -6.60615412408           0.799566882069           3.13769025932            -1.74896924577           -5.33754860375           -1.10382506167           -1.333802849             -3.58751341769           1.15012443104            11.458216602             -27.4628127936           -139.553547013           130.707105083            71.5288655908            -151.725011975           -121.208049233           134.816162865            -161.267758326           156.331058411            
rwgt90                   27.2703769978            -3.37223590029           -1.9860773332            -4.76630758861           -1.05365274078           -87.1799622279           48.4738504298            60.2308742586            17.3631809775            18.2798042578            -35.4224935625           30.3445503329            32.0285714547            -6.78366337114           -35.2073694954           6.27041186685            1.38672992702            2.03242528946            1.80148728918            -1.76444833055           7.31907668063            -4.16291869748           -1.50524283321           -4.24752898071           -1.3333199111            0.783124770944           170.115267429            64.799233012             -127.70421864            -21.8121604997           -18.3316026367           -154.012697175           77.6686129723            -40.5274459856           76.3562642063            162.630652877            
rwgt91                   31.3665019411            22.9082308262            5.99298578963            -5.49572829602           0.697781110126           75.4626709241            33.7912192663            84.0862633785            -5.98419191283           -13.8768525278           -12.9458404513           6.48278410466            -10.4490625071           -33.3180467528           33.1445429288            -20.9505091584           -0.450242271406          -3.77985264816           -0.163273001763          -0.0798060738606         -6.00005165962           -4.074721605             -0.312684022036          -4.21414046502           2.56890672536            7.86430534143            -157.550272466           74.912239515             164.999939877            -100.331267427           -133.545606334           138.284604887            132.855019492            23.2110219641            -7.36957535313           129.482936464            
rwgt92                   4.97490220373            -37.0999520379           1.78472160744            -4.34816658821           0.214866573557           80.3338654154            12.5849573597            -73.3971294798           -11.5134230034           14.0056437632            1.30303462501            3.49877064541            -12.0041638921           9.36280160107            -9.06524082419           -29.4635542934           2.55843014207            -2.93956324738           1.84496403394            -2.41827424237           -1.49827711387           1.40215246772            -0.558681112332          -1.05582866315           0.888673566785           2.47292979756            -168.581616763           -35.8525614639           74.057314283             -20.3708733846           93.8805646143            0.255731602472           166.155312509            13.2715127758            -71.8550685178           -1.57967097689           
rwgt93                   52.1267742542            37.1666515035            6.73031607915            0.403387943499           1.66878855624            -76.4631227091           -2.00756299249           100.574905821            -18.9617581694           -15.7792180657           26.724254917             -20.2106587028           24.2404510355            11.7254434642            7.3879396013             -30.1326612858           3.01082075743            2.97742964948            -0.98540558019           0.477243143278           0.64350717742            4.93992544013            -2.06725656781           -0.0500934815692         1.67260185891            4.76622679247            109.103941426            76.3512979725            -61.4522042105           -163.550238844           -129.331285304           -114.724556838           -160.859492095           -72.2730958312           54.1933292836            -54.7675020291           
rwgt94                   49.1243785427            -20.1677821067           0.413744366543           4.5868798283             1.05344249976            1.07157396401            41.9976660255            -25.2797905203           -9.46020277264           18.5953682105            -14.6531444956           -25.8097635994           -10.6905884963           -1.32705901159           27.809704595             -24.8864835176           -0.99992096607           -5.15645024471           -1.50144514033           -0.00749248095308        -7.31981090349           -1.90972872013           2.35723001005            5.13602371148            -3.29825971547           -5.32216518273           -114.273037435           62.7679856937            -50.7799827782           -26.3700126308           -109.271737562           126.946377968            -34.4912615855           163.404083563            134.632236022            -142.253887134           
rwgt95                   20.4723329246            6.35129850441            -0.059510321624          -7.69277832942           1.47018700133            -78.9478151919           -51.9061653058           45.1790276847            -15.8357129836           -9.14785398393           33.7927345649            15.3677684879            10.7777720872            -25.6537529781           -10.647410139            34.9238005741            -0.957373453519          -3.54424425271           0.0937601410499          -2.85933796962           -8.44347416294           -3.24145440136           0.332872816656           -2.00692755027           2.73411586229            -2.46353755718           1.95414226613            135.40466117             55.2838257623            8.80298675508            -69.7235755098           168.329368451            -81.7132666481           75.9720766395            121.938237154            148.45348033             
rwgt96                   -47.1155507854           -33.904440921            0.366732580887           6.4609631381             -1.15127612494           -51.0974306707           -5.14408422888           -88.6028639829           -15.4197347102           35.3760778061            5.92713067086            23.479248469             28.0886749303            33.4693683827            -23.6660882239           -24.5980512675           -0.782736698049          5.75462623231            2.93854185015            -0.154033934934          0.854137907499           2.93207116021            -0.389630354095          -5.00620503896           -1.71573529903           -7.51734142039           33.2252465725            121.300083513            -47.6798740066           -125.462508582           150.891711233            174.498565558            -168.360830774           -26.1920243168           67.1935149229            113.636933386            
rwgt97                   42.9860908251            -34.4238571671           -4.4924333243            -2.26314156014           -1.54111557573           41.1828910055            -51.3196680757           29.9446882987            -22.3817987054           -11.3345085557           -23.8038103748           -2.5528012537            12.2654039204            15.8269438862            8.37697657343            -18.4184790428           1.66808727185            -6.03943092325           1.37058406299            -2.60650833071           8.25873846299            -5.27070893119           -1.70378416527           -1.66198698412           -0.492878573144          -1.39962742869           169.696306997            80.1290968447            -64.1309130166           -70.0707756576           -179.298240134           109.298249818            96.5414502838            -109.104204869           154.535649794            84.421858641             
rwgt98                   -33.642548678            -12.1034928484           -0.246256733063          -3.60430992268           1.31676484719            90.7690963958            38.5804860344            8.75488016799            9.19221118568            25.0259760548            22.308735137             -2.22239187709           -34.9288068559           16.7291647286            -4.71402974074           25.1715655258            1.44086244049            3.02395859887            2.40625122905            1.89244303767            8.35128162428            -6.33632907104           1.61959265894            2.77242070309            0.0267104719435          -6.12953494967           53.6381078697            142.666422184            -18.0071460826           -88.2297481499           108.297501045            -157.618084748           95.6590124622            -122.455731073           13.9116822149            -65.8306523339           
rwgt99                   -19.6914752754           25.3869153214            4.15267169564            -4.15865360888           0.36208760183            -42.0689902858           -2.4656593026            -54.3481405652           1.7841391308             -6.52159913044           25.4361252587            35.5280479201            17.2794525444            26.7836548139            -28.2390406814           26.5697367199            0.996365972874           8.4284092303             2.33013517372            0.597217684604           -4.3859463644            -6.0918972956            1.5954204434             -4.48064478594           -1.24177928279           7.43742076183            -7.03356505985           -123.818974656           83.1235351475            62.6325353368            90.0060178802            -1.23192306937           -165.854732666           -42.8020193385           106.351153575            68.9526403626            
rwgt100                  -24.4826645297           31.710341737             3.48739296153            5.143643716              0.157744020549           48.9257746031            2.21046166843            -33.49444705             -6.78545428949           -16.3926569593           23.4637642337            -10.1928650528           -11.9011714212           -18.6065514741           35.6052804679            33.4595545993            -3.32930553839           2.95504604023            -0.263113462596          0.161410772882           -3.30807914975           -2.3012955921            2.12874469091            0.573224237931           -3.19980553359           -5.01764307996           -82.9874852322           -142.964834901           -47.4437014697           -117.233779315           32.0307897067            34.620038493             5.14133665341            66.7071604738            -101.346254556           -147.90517292            
rwgt101                  -20.6576786516           -38.9657277649           0.653032821164           -7.66398007074           0.60619579344            -81.5306525804           58.4224059771            5.953261676              -0.942052689862          -14.2011969391           -19.9267955487           28.921887532             2.35858056768            -23.2542378431           33.0396277101            -20.790022884            1.01646576394            2.76144675042            -2.58990164227           -3.11220194116           -3.59758475051           -4.98521506545           -1.22790142532           5.18614594304            -1.12040419494           -6.68786601104           -165.990808525           51.7549684222            170.887164418            113.448555362            94.7929116235            -37.7875632274           -80.6651094076           -127.937582868           164.858178507            141.797344813            
rwgt102                  -5.07122171669           29.8599259535            6.66342247043            3.6052617969             1.30180077787            -79.7964683631           -46.6705074893           60.0693358078            7.27600900146            27.7050733374            -29.1823592672           3.25386460115            -25.4623157729           -12.0745308904           -24.4761192198           12.1989897336            1.65769949879            -0.0503042557762         2.90547022828            -2.97725019295           2.29202197418            -0.803730470779          2.02368229523            -0.48120786853           -1.35995894403           3.33817618776            69.3732068897            -62.8895164844           -42.5008262669           -41.404467247            -3.82769841709           132.492973761            91.8971650402            123.370515106            -131.119003613           -30.8763088806           
rwgt103                  28.9800253447            -20.3581581298           0.809948465254           -4.44392812829           0.473563240782           20.9847646255            24.5628398647            -106.059152188           13.7799544528            14.6539811714            -32.481776537            10.8081203784            9.67823214758            13.6313887976            28.3463019496            -7.03278874406           -2.31343457617           -8.78936113787           2.19706235318            -0.921383526912          -7.40116351374           -0.989995075933          -1.77611288037           -0.728403131741          -3.40187733758           -1.87130755091           111.371704478            52.4046676487            108.553988772            81.0642993311            -37.230223113            -37.606762325            115.279638175            26.8583548187            -7.81137476841           29.1233424906            
rwgt104                  25.7252565324            -26.3417090433           5.10296802957            -3.84186547481           1.03706187985            -23.584484035            -39.9055163993           152.286620662            17.377601249             -1.72603514051           -30.3421757439           -1.55152366285           15.7975159429            -15.3462565158           6.41036566223            35.5798500917            -1.23271062008           -6.54989898107           1.91648251509            -1.61393113774           -7.1102372393            5.59326780255            -1.6744827757            1.76122177832            -0.0994607375826         1.62585062321            -165.416189284           159.246412181            128.038558548            -160.814004326           -95.2640290843           -81.5032582825           107.247304534            -168.349374678           -50.8888717346           -154.0998716             
rwgt105                  -39.9935851818           4.64193547068            3.93827302858            4.3888793824             -1.19551227208           -87.7680401819           -48.901272101            -158.034779823           -9.67957736264           3.40648278157            31.5163611989            35.6422408133            5.97118525932            -30.0080791937           28.7358075562            17.0286959237            -2.568701132             -8.9113774254            -3.06579866134           0.752219066423           2.73379492828            1.32487867622            2.51605227286            4.29327120775            1.46534860501            1.8740417352             135.159136377            26.6019078888            85.6763955494            -168.008026767           -43.7513508842           -16.5032517109           -169.994124416           -5.57177254801           177.291281679            164.922801029            
rwgt106                  -50.1793492065           -33.1737579168           4.58465482981            -2.79311256515           0.456150084666           -14.4284148899           53.2385032323            86.6473863421            -2.97886404798           -26.8336629366           -14.2816889677           35.7765477502            -7.50145995652           -5.71112409159           33.7651578193            28.9762177984            -1.98145536122           7.89149039194            2.49131288092            -0.221294879995          -5.15529381521           0.58789504266            1.11122349054            -4.39273083567           -1.61775267427           -3.378850769             -23.6647529627           83.5565694322            152.928910389            3.07421694038            -120.395281955           -100.992896358           137.644172888            -78.4765264413           164.802179249            -137.279699545           
rwgt107                  -36.3997528943           -9.25092975625           -0.311907115333          5.29456903157            -0.997834318439          33.9877522349            57.1810372714            150.209585095            22.2199657429            2.87273205089            10.7539999139            18.4698528118            -6.97207503789           -8.68230942919           2.34046402041            -12.2398495403           -2.61772051553           2.16316736261            2.85507908996            0.110752170511           -4.86169330169           5.31102302833            0.109085120688           -3.96752639235           3.57722265454            4.2034383264             -120.968965853           129.014068806            -9.59681118939           162.894787643            -42.6645854234           130.429617813            19.1489415512            3.75994950867            -10.3405924954           -131.125080518           
rwgt108                  -37.1565326618           -18.3967294903           2.95531608739            1.8153752398             -0.959267508466          -28.9428522787           13.2517235782            -56.5518193563           9.34016057044            -1.60884240898           13.9159466851            -6.39273707086           -4.80658903157           -31.177693897            -17.2377939144           25.9126818053            1.64572180555            3.40087352654            -2.03015869856           -0.4972007217            3.5021402625             5.06044275968            -1.30397484102           -2.0886429834            -3.46606211196           -3.9086123668            -109.210185619           -132.122917925           -61.2677086889           -2.92969293533           48.3662754264            -4.07788496006           -33.9677753168           -26.0395911843           33.4510700956            112.63782345             
rwgt109                  -46.7721218514           -38.8098196817           -2.54673107629           7.01885401092            1.10162001515            -37.6289847297           12.1000865058            -82.0327888645           -0.0669948452408         -19.6161908912           -24.9702649959           -1.60009513947           16.8338125293            33.7921773209            8.39164358162            -17.5044209832           -3.15412850484           3.41598066216            -1.57662044657           0.0213742695757          5.45500891636            -5.3510627253            -1.14405724992           -4.99286052716           1.15725770854            3.62666213699            -71.0267073702           -5.96140119384           -82.4973321389           0.0753683958261          55.2099045409            41.8075134578            55.0944732726            -24.2693824555           168.92740252             -55.9987022279           
rwgt110                  33.8742716719            29.7919518064            3.16082635075            3.05727731479            1.19632981263            -12.3917095949           -25.2107516834           52.3278771383            10.8367289858            34.3885100017            30.1787789849            -28.6021231228           -3.75341909502           -13.2578905186           14.2212540898            -9.61291445959           -0.838652043186          3.53873296063            1.62530687185            3.2793542529             -8.62520352257           -6.65345561447           2.17160743636            -3.56582410503           -1.37261285067           7.50873534348            -120.366451227           31.1667090562            51.6098730769            140.266672567            21.3457389483            151.925128351            -91.9318542139           14.9563725188            -148.14059966            171.791076957            
rwgt111                  -35.9129321606           -39.1170553565           -1.13739391805           2.0133281091             1.13864613218            65.5381081861            26.6300428293            -149.819584425           -10.8915823664           17.5545866786            8.77014387254            22.0712190016            -15.8981882652           -25.8779465603           -5.39605566203           -14.923067409            0.266628462146           -4.65971963241           -0.658427709196          3.15776501386            -5.00417557307           4.35597956255            0.748820096885           -1.84193682916           -2.73645251355           4.43598758685            -47.5477763695           -88.1581672738           -117.688457575           163.772421273            104.319424113            75.5931386805            28.8010531838            37.1639305491            -78.7449680724           -37.0011275031           
rwgt112                  6.77785596714            -24.728541303            -3.09715749729           2.96104118992            0.0811225252957          -17.3704928927           -16.6189225657           -63.1141161379           21.6943005989            22.4088213214            27.9285605426            -14.7538985572           -18.0926752426           -5.14738621709           -3.43305742636           -4.06913718793           -2.53578326221           -3.64458352686           2.68667735252            1.27611496087            -5.16146742157           -4.64532676774           -2.42312901674           3.3598903409             1.85797536083            -0.208516267928          43.8732471629            -44.046107108            -178.108836189           115.528511375            48.7840037757            -40.7195049538           -110.118197705           -71.2629015002           140.391618303            -94.3274614134           
rwgt113                  -34.2938508116           6.12545492869            1.59894586836            -5.74751965426           1.44015674098            24.6409847207            6.41470367441            -108.922481115           -17.4734254285           20.3213037129            20.6747971785            -27.5181069888           -8.05586758556           13.14859615              2.49911033774            -0.594162786777          2.90028308833            1.72587975297            0.237848015547           -1.77293945951           -4.44530732158           -3.61036356601           -0.00225165091224        4.45288301507            0.592394567403           2.40207648736            -163.546170189           74.7694721162            9.20273503194            -117.88879386            -125.437415125           -74.6632896809           -117.537919059           -154.879389992           108.784674871            41.4981909501            
rwgt114                  3.79452104849            -10.7625146684           3.74676278872            -4.20911929063           -0.0536512439878         -57.2189181876           -33.438182689            133.654378777            11.9925596669            -33.2732907717           -7.92061011746           6.98321840459            -29.7488530548           23.9578352704            -26.7784976806           0.233839816282           -0.718814889489          8.04850709297            0.945911725155           3.32125819148            4.91987485102            -2.43138484901           -0.134735065751          -4.61351483902           0.760815644897           0.690378243418           53.4266391398            121.151207147            79.5714400621            -169.696594122           -64.7796293901           -10.9157586947           70.9320309887            -51.5852842423           88.0475421828            -102.117700248           
rwgt115                  -6.54820453392           9.91243199607            5.09770644311            -6.33196688287           -0.623202196784          2.95688039549            -36.1408698223           -104.858706289           0.524371356206           18.951418197             10.110811218             15.7763079182            -29.4286542079           15.7524011898            -15.2044704991           -10.4657157728           -0.400447877307          -0.170866179733          2.54656554832            0.733276796594           5.67349842752            5.19518272701            2.071519918              3.73729216044            -1.76935037107           -4.99131209679           67.6484772709            -48.0264964522           -97.0497439011           -45.249459092            70.3589157332            92.3761598542            -95.7201152991           173.639021921            -7.98054502925           174.470095664            
rwgt116                  -35.946924485            31.105956672             -3.30768026905           -3.93462649081           1.21598201174            0.891724011772           -60.5941058367           177.665475784            18.6009300154            -6.88024559018           10.010073511             -11.0201246028           0.834413324186           -16.247661014            -24.7768006276           -16.2463490098           2.75328727097            0.714420695478           -1.98539987541           3.01197506148            7.43274520818            4.29109942433            -2.1028089752            -3.06367124764           2.79078138194            -3.70956803436           -125.265882698           27.7715219731            142.417517064            9.85076502082            -41.6455712213           60.2624422996            110.519657129            -72.3127752745           -61.6362327375           -34.0690068467           
rwgt117                  43.9896316754            -10.7812690502           2.19823398007            -7.73878190654           0.807069052004           -25.8079653339           34.9693155903            129.774033917            -3.87065962495           28.2624660586            30.0821943658            -11.5809426537           31.115985205             -24.9692699627           7.22828150203            -15.8038944326           -1.8432569859            -4.24993716817           1.3464237452             -1.90209143606           2.48301773316            7.39711550745            -1.61396582809           0.366147592029           2.02723495581            -1.4690259893            110.554059767            -74.2662786936           154.307824273            77.9950845106            -31.1787233433           161.81445946             -164.4942498             -128.440943078           -48.8393449246           177.442996027            
rwgt118                  45.4609102681            -19.7187861341           2.84457496987            -5.40171152635           0.54396229818            -0.386962335208          27.0786332183            94.2319247403            -8.73426402152           1.94927969867            35.7424414975            24.4320454354            19.5647594714            29.5407016972            31.1172534017            33.3221181315            -2.13058315412           6.73066229651            -1.92755444969           2.63476273346            -3.92804637885           0.597548764231           -2.3609389494            -4.76363274526           -3.6498828256            6.38426764515            78.2633560059            124.827839873            33.8390091327            -130.027410402           -29.7142236477           23.3387832645            -102.508488661           140.293907234            -106.958476926           -5.81973411953           
rwgt119                  49.7119871996            9.34273547891            -0.00156612616416        -2.44511882224           -1.25650627916           -96.6586664646           -25.9540225886           -12.4858307792           6.43118952015            17.9036317001            -35.7318006274           -24.1096341012           -3.01734618825           -27.4190665667           -7.43319651492           -9.89947015871           -1.44615248702           5.85411788295            3.41528388589            -3.2227780289            -1.86263243344           -0.424621837144          -1.56304424285           -1.33651412295           -1.89201237175           5.78244117037            -70.5777485184           -143.345780076           -12.6339408015           4.25525073332            140.369283918            30.251750849             36.805026864             -105.317138069           -164.299994919           -59.0649347052           
rwgt120                  -49.4735992094           -18.4389596598           -3.72496070151           2.58726183373            1.54657341348            -62.2094985474           56.2386289268            -175.984143817           3.10538630828            -15.6763536864           20.5364976854            -4.94524097983           7.42473344849            -3.35776372751           26.5155917194            27.2944725172            -2.13322624728           -7.02063979906           0.36119100075            -2.07035458908           4.18098237139            -1.20648654568           0.359018389309           3.81219757933            -0.785716106775          2.25882248805            -151.991812316           121.897552637            145.779239031            161.357250345            79.6340119477            -172.523548906           21.251227786             -89.3817466346           -141.060918935           92.1928652313            
rwgt121                  -22.4650332901           -25.6134930121           1.77334070957            6.58849598569            -1.28340111603           53.6676796289            -52.7840871194           111.253565125            -3.31429007038           -18.9419666976           -3.37343287335           -30.1276434675           24.2312753693            -33.4804719569           13.4331443823            -2.10918753851           -1.253479008             3.26470489626            1.66684593983            -2.6622015464            4.75086548787            -4.92681115211           -2.00815629389           4.57364627883            0.606677273699           -6.09664317962           -73.3816107376           177.860822182            -38.6771311223           1.21316470896            -94.1418632939           25.1625775703            66.7721218515            24.8126340675            86.4283386088            37.7545074423            
rwgt122                  12.0684031744            13.2776630264            2.09019220758            3.51855667411            -0.457206416401          -7.07740495925           -38.0382579069           134.735512607            8.18155324998            -1.17864284934           26.8482630063            3.6207468559             30.3770091454            14.0173782096            -15.1391140322           18.4533653036            -2.56825876134           -3.30874977852           -0.720471822432          1.26208895124            -7.4427201479            -4.55648773306           -0.488257655148          -3.27242165585           -3.12657418168           0.378148303157           35.1689011106            99.8640244428            -175.567581917           -47.7758589173           -76.2224299008           109.260636403            -176.446120381           119.288563591            -93.0354175906           3.67290488262            
rwgt123                  -42.6409661904           21.4310018105            -6.97252565926           -5.49918103214           -0.0569826662377         -42.9294080513           63.8951204913            -159.359864777           -10.4405027004           -18.5537498436           17.8256762918            32.7879576468            -23.3722720403           5.89514020634            23.0136165848            -17.0809785164           1.43300632584            -5.81079254583           1.74550568598            -2.2595013593            0.725462058677           -5.07683087248           -1.46977758548           -2.09008219653           -1.61682526346           4.88695693817            -48.8105779485           -90.8547323915           -78.172666187            172.754476497            -128.805105709           26.176375264             93.2134011653            135.749271918            -91.5013652898           -56.2353131139           
rwgt124                  -41.0817974616           7.61825269484            7.03484791537            -0.50205162761           -1.11187699471           68.2873185505            0.680985576013           132.10845879             5.32432147238            -2.78050616993           15.6594647574            -30.4021546296           28.3947828447            3.64898485813            17.856410106             13.5057907737            -1.48331698258           -7.08705837831           -2.00989910863           -1.68113912201           -6.67320987068           6.56975768989            0.219822956965           -4.86441336697           -2.98207516807           0.183922932011           -120.394205314           56.0508413205            -146.665588429           -164.678969549           -44.3584759071           -158.649571199           137.352340248            -42.4514786115           -99.1446394033           -147.531639669           
rwgt125                  -3.39938724855           37.7978147098            -2.86579322036           -5.0939476221            0.130910036308           -64.5088127573           -47.3099588164           77.9906712486            10.7701125517            -1.67390141834           25.4530013274            32.2205678967            -21.8766974002           18.3799408669            -7.8832819838            -11.8427077068           1.43494976772            -8.03160047126           -1.47922376766           3.20336472082            -4.77693135979           6.32721786856            -0.381557811248          -0.115549402517          1.11467561957            -8.47667960334           -56.3599651134           100.343535281            7.09785217911            67.2150112388            131.222344826            -59.4162187558           -109.763133279           130.683718647            173.1004914              -166.880254001           
rwgt126                  -32.4110643064           -31.406063366            -3.38112062355           -7.35351247566           -0.704495108398          -77.1104301654           33.9454018629            -122.029533621           1.54076589152            -12.3070339157           -21.2220879332           4.08462458251            -19.5320780969           9.00531816736            19.4514548826            7.19838672507            -2.9719731616            -0.631136777131          2.81538968069            2.88529464518            5.08720502224            1.65205557422            1.39663883402            -4.03124788463           1.76104268469            1.24003411562            75.550261721             78.207014616             -16.1930213962           -1.78623234915           -13.9935741506           -158.157203129           94.0707919309            -131.012902945           35.1714379554            -87.8695264675           
rwgt127                  9.52324489025            29.0214857079            4.31460875947            -2.38915542138           1.23026221879            68.2225899623            47.7573863308            141.0120688              12.2420054146            -14.9392341453           -5.52641770207           34.7459104095            29.3513682512            -4.06084211083           -32.0879300277           -5.60036156057           1.34919065217            4.43727433535            1.3040353686             0.596809994821           5.10700193073            -3.82891263348           2.58208359429            0.945499385525           -2.35254344504           7.64273481116            -44.3615788696           64.2909214501            38.5643762487            170.400557769            8.81340904774            -143.244469929           125.54058428             59.0117960106            -179.930294607           28.4970232577            
rwgt128                  8.10638324981            2.61838910913            -5.0844026832            -4.29494914749           0.811758152532           59.49377581              41.5187951222            -48.771004366            -22.6597661757           -30.1651382478           -3.08433092824           -1.12906081018           28.8725049634            -21.8463334397           -25.861974675            8.96312597186            0.258332936204           9.2377178968             2.79762034413            2.16763418684            -4.9618966175            7.71448715927            -0.216148387156          1.21133739183            -2.27232259545           -4.18433586285           -11.7298949722           -174.564517787           -24.2563937888           -156.708743793           -105.80444931            -177.791198899           29.4677088769            -7.21448584963           46.3550101529            -105.195661645           
rwgt129                  -8.21680838265           24.7337529734            4.28054568746            0.744501621098           0.332838017012           46.6336766757            17.986860117             -4.19977304208           16.0929914556            -35.7006907348           -17.7688112786           3.23071970057            18.2884702605            4.04449391918            19.8014405567            -0.224061024095          1.63575493409            6.4449967689             -2.39283101273           1.08755155378            -5.00007381888           0.654711949065           2.02611564039            1.44332670526            -0.125750162794          7.79454360883            100.522232687            79.6131711373            -175.150373952           -47.0256084648           66.5067983578            125.053723708            100.390487161            -155.566932269           146.326060796            28.2675347045            
rwgt130                  -10.8216620182           -35.5143123839           -4.01357115664           0.284616836033           -1.26004698128           -8.10469536532           25.6194521566            67.5004713383            -11.1214142263           7.34403293691            -19.7035198262           18.2963835949            27.8170558101            -1.48341595172           -11.7174387394           10.1143596748            -1.22119156111           -0.608985010146          3.06599085156            0.0843523948505          -8.5337629365            -0.0461263786253         1.61768665663            -1.92066408056           -2.10555642769           -2.66831923136           77.3903708781            -144.201587809           -64.1465987331           -77.4219166388           161.232084166            -118.563017243           -170.44676317            8.03136408129            -119.767625712           62.4208986569            
rwgt131                  -15.2274070111           -4.43254656261           -6.46133258068           5.18514965789            -1.65604964031           -95.9008058817           58.9590556582            -154.42817301            0.614492731349           -20.5415599712           29.9392083995            -18.334856374            26.8802333059            -11.1995534998           10.7174253846            -4.37069445263           -1.03264392712           -3.25328937542           1.39734712737            3.30067808628            -1.73095430691           6.70121096177            1.77346308904            -4.58539150865           -2.29298047963           5.5809630259             110.425466332            3.80106401097            -26.5530259151           -166.256025513           123.410525513            -150.029781003           -32.4544843456           -56.5072916032           -57.4493659618           23.6572037716            
rwgt132                  -24.3559514365           31.0398923849            -2.09491105468           -7.397171597             0.0564312845581          94.1894135975            44.0587480997            33.4621498909            11.9715923109            -19.1850043343           13.4697681773            33.0092209298            -18.0753521254           33.6883661687            -23.8435936097           -23.682038845            0.349004114777           -0.532973907279          1.01089523742            -2.69927382669           0.862438639342           -6.47755634479           -2.25894354696           -3.13991369983           2.2993416417             4.1986674994             -131.19359846            24.3559458611            116.576862832            -11.4788315503           62.5053482371            61.9566016838            -103.777849735           107.266507609            -104.298817902           -56.0864163391           
rwgt133                  42.5170566825            2.7158095865             0.924568844847           -3.22118619937           0.673092346827           13.5518223109            -45.345660893            -64.1863843017           -10.221645865            -4.39367411649           15.5437220645            -35.1699586056           10.3014237761            -0.266065486212          -9.21503395341           29.7442720946            2.61209830012            -7.15579786933           -0.039067952838          -0.876214046641          7.61503859401            3.10168308624            2.30180528734            -2.89401498009           0.833335544688           2.57856981903            -150.246101298           24.3794713547            -177.84872631            -52.2317539493           132.554149444            46.2875480246            91.682751223             -62.5149586666           36.9501197295            -73.6998330875           
rwgt134                  -16.1621715756           21.3729078969            -1.11379570536           -2.80056171073           0.132181051359           59.3812177997            43.1768562533            145.557164236            -18.8023039298           -26.997159147            -20.6658089739           -28.3712412545           -14.1480635467           29.0966801848            28.5107591146            -24.5904965038           0.299576144485           -6.03837384526           0.000397353584359        -0.225604418305          -2.43050556477           -6.97739381573           -1.23252911654           3.98313891673            -1.20840402869           1.71936548133            -10.6567396869           62.4864671813            39.9177870661            -17.13356686             -104.701402483           153.044043912            -37.0557597602           -147.517147669           -150.935024593           -45.3764338513           
rwgt135                  0.0466839732871          -19.7335832839           -3.92907766904           -7.6631572687            1.22761822574            -1.19409644151           35.9303354354            -131.374890835           3.71217809803            -31.7492885156           32.1897897855            -20.0989547125           -26.3837280425           -35.2623387164           10.3570032196            -11.9478682345           -2.16491358352           -5.99212196874           1.47763950222            1.2875856342             -1.00920672904           -1.37918618982           -2.16773392305           4.80643737441            1.35295859296            6.54792843382            120.621185089            60.2228958623            168.975138887            -61.3227878766           -98.6480783601           45.3422091275            121.378910526            -84.9639134902           -19.6939593888           100.674366307            
rwgt136                  -18.9393217539           11.0144999219            -0.00221713448661        3.64005590732            -1.10109362632           90.1750996728            -58.5983775108           131.956632217            9.51572864666            6.55583242425            14.7350580019            -23.3976421558           22.4548300827            25.522205048             -31.3467903455           -22.6341125892           3.1238504559             5.82538796328            -3.07402271179           -0.687282308607          1.48465236449            3.5823805713             1.81685915079            0.646457522406           1.80823832695            3.81780568303            127.219909629            90.2266389105            48.202532714             -123.040069049           95.9131166171            88.0131580433            -131.393019887           106.911159169            86.0931307072            112.952442202            
rwgt137                  42.3023797286            -2.29667178955           3.09719534592            4.72027932562            -1.22318939695           -31.7579474675           34.1131201843            -0.040210045535          -14.0992093772           6.0083591603             -30.8262268377           26.2329681469            3.42679761746            12.1902204682            -19.8194526876           -32.6798185246           -2.69521768658           -3.39108803405           -0.911463862135          -2.50701024772           3.28845877446            -3.05744589658           1.77097897626            4.41268926652            -2.19928544042           3.83017950817            -24.9620316095           -106.384944665           -35.9661057191           71.6932540472            20.4807393974            34.5583328131            -103.703162382           -146.122503559           94.0010076011            -23.6908138401           
rwgt138                  33.3109776163            -37.3392395989           5.84864295109            -0.635467742294          1.63166999328            27.2902097966            59.6646870828            133.176917452            -12.7195538582           -19.3410429089           13.910267022             23.2986716259            -26.2081108496           5.01826637226            0.471259976163           -25.4679343182           0.677827343006           -0.624139570868          0.660087662248           -2.12995026525           -7.82227404565           -7.24829685799           1.8037756689             0.936728276697           -0.779139453842          2.64572626745            -162.519732896           86.8970567659            -152.525342291           -31.400194626            130.45654501             32.4302582408            103.36986654             123.315674717            40.351190776             127.836285733            
rwgt139                  -39.0418602496           8.65809479107            -0.288815758512          5.48652282399            -1.45533678575           57.8433304563            5.30713312305            -139.399806767           -1.80630265917           -3.29699970827           32.9703530231            -14.6036596765           15.2745304282            -23.4888437437           -25.1483095318           -17.2190448117           -1.99789929461           3.12100492594            1.83285631679            1.32100474622            -0.0479822318353         2.66422545117            -1.8116636875            -1.34952934206           0.688832889124           1.73526470357            24.1814162085            179.595388383            -86.4569696771           -35.4440296974           158.519249889            134.846631523            144.008181107            -88.0850028808           3.24037484942            -179.790665431           
rwgt140                  21.4630632934            14.0805615819            -0.270657258688          -5.18528156919           1.34802603495            -50.9262937689           24.0788957636            -28.1003199395           -15.0645190752           -5.27587420735           10.3086215374            1.87355464498            20.8845850848            -18.5731151946           -28.8116562617           26.8024950888            0.59099550431            3.29028148586            -1.93093869976           0.723093985324           6.81136260403            -4.3504285191            2.10555194692            -4.7301145452            -0.91037171948           -7.15051416788           -151.326487465           49.8122952899            -22.0753649408           70.4616919076            54.6509295634            -47.9454655163           28.2133201257            -89.6718723679           83.7154846209            -45.4600828892           
rwgt141                  -15.7658552977           0.241352392634           -5.63724420035           1.32865773789            -0.375371796529          -2.15056340843           29.2813462829            -176.791505144           -1.28209553124           -5.02658604424           -23.4230032539           31.4416959432            -15.5554902278           -33.0805321821           -21.7360547919           4.33640921476            0.198249875789           -9.33728143264           0.301314477568           2.32107562003            -1.25740489982           3.02788617327            -2.61060461961           0.171471192687           0.0939839002338          -3.47817984221           -63.7885045504           -8.6859368296            173.176728203            -108.062252315           6.77995969404            177.812608786            131.72011906             -118.229442594           -152.462531375           31.0551320932            
rwgt142                  -36.9061058525           -24.8153425152           6.31921666848            -1.61548196426           0.179445662287           45.812581526             -45.557502692            129.372546715            4.42582407415            -3.21898265564           -29.9436110013           3.56280757369            18.3741703738            -29.906097128            23.8005278524            27.7958302601            1.00631025207            -3.39735950691           0.457152017075           2.6868658966             -3.78038486563           -0.723679863456          -0.607280822158          0.8084311165             -2.35042881425           0.619443159365           -57.9650804708           48.2619540581            100.454345057            20.3642734338            -169.388053473           -168.329062828           -136.291232727           13.6512474582            -125.650419091           -24.8305072392           
rwgt143                  -23.1295641562           32.7038260783            6.90958257483            1.86357945006            -0.509580386588          88.5862366638            -42.6750076466           43.1640184427            18.2487548386            30.129458381             -27.55493877             -24.1346103677           -8.96683740715           -7.61815278895           26.0473600175            -6.6773496183            -0.904041482098          4.59327512656            -1.65069437388           -0.267350743261          -1.05021834542           -7.77034936845           0.743544643912           5.00369309758            0.0142428375106          4.11769867702            103.39241729             48.1178208789            173.46507949             74.9639531509            -60.6608175512           35.6284848997            86.0951450498            24.9478082427            -147.852299594           -116.519190063           
rwgt144                  -43.7942462497           -6.23722742812           3.36243613348            -6.39867362603           -0.29427338099           -28.7039868403           -42.205371103            143.969235274            22.862342349             -6.2726257779            -2.60485551565           -17.6846195851           -17.9860218852           -9.06795530864           -19.5151794278           -11.568693               -1.63323126774           -2.93702487087           1.64374713931            1.04615614311            -7.03586760219           6.65232464425            2.5166991417             3.17281975174            2.78198514978            -2.66259789652           -80.9056169319           64.7080050059            -84.3592660689           113.322108397            162.804865729            124.916883107            87.3501984831            139.77112007             35.6529060773            -21.2102256425           
rwgt145                  3.56293441609            11.4313216996            -6.27925569023           -6.18546082272           -0.637556998712          -53.4106059203           15.263869754             -181.480682442           1.57967530753            0.252265811605           20.1118851455            -30.9495932476           -25.5467059217           -26.2249451574           6.19177757499            15.2400470049            1.67552973141            4.66079868569            -0.772751806541          -2.48824357902           2.1013529906             -0.0321434959997         0.788748379361           2.14156866933            1.85104309498            6.30534871089            23.3639591894            66.9740545804            7.08987617797            -30.3022748537           9.13801478634            106.129038751            99.8730788821            31.3728565777            92.6374760256            -129.381873546           
rwgt146                  28.7581630949            -13.3919632068           6.72696698061            -7.55962588825           1.64041794772            -93.0228652788           -19.098070236            -48.9042063044           21.1602389546            -18.648675286            -5.95655249426           -14.8292026989           12.5974077207            -26.3882272858           -27.6438011999           6.91570062677            2.00022625611            7.17317093463            0.71904899844            -2.57417644197           -3.45083212852           -2.60371691814           -0.978063861891          -0.6150019213            0.453453228987           8.42989065969            139.93800511             -100.867091428           174.830956576            -127.894535924           -76.1653141878           -92.1425305317           44.9771353659            -17.8961193621           33.4887536004            -106.13346527            
rwgt147                  20.6555458583            -8.08817610247           2.85911726844            -4.38013817227           0.954022644901           -45.7773833923           -36.88528533             -153.783994494           -2.38134076549           27.7786680219            13.010702733             -4.40160196212           -32.620101724            21.3244472629            -32.8369012006           5.99128945509            2.3019290954             -0.77996350729           -1.66090873944           2.5061373273             5.59968900743            -0.672977825093          0.156735818222           -4.5336329746            -1.6081763363            2.27931033032            -105.259992576           23.8896121998            123.603809805            112.570060737            -24.9476978084           -150.375180406           -44.2995890517           -31.7213842898           164.67639202             -109.16998868            
rwgt148                  33.9828784205            26.8650742616            -4.39032286988           -6.03684958098           -0.226720485085          -13.8408581023           49.2513725281            7.45526414997            -14.73109737             24.0775877065            9.51969437241            20.4780716992            30.8191361036            -33.0748966646           -27.8802424401           -13.2966502511           2.72759359385            -5.46465331281           3.14663244898            1.31254740582            -7.09593956569           3.50030604446            2.2807743632             4.29763994362            1.67163308691            -4.25415924496           131.122429123            13.1121622253            169.982988314            -86.1320170716           65.7198452416            30.5556638503            -70.8572228911           104.864999343            109.538267591            88.5947375624            
rwgt149                  -28.5374309072           -25.5884299688           -4.71902403354           6.03690166537            0.821805094493           34.094480334             -16.9844550266           -60.0565154472           -2.00610885656           -14.6955864933           4.42934280206            -14.0668912193           -35.7266528621           35.7117889776            19.6837205421            12.5187753551            3.17217948367            -5.04195500926           0.157142646856           1.00192862788            -0.0443401200553         -3.26909199531           -0.923502809532          -1.80515038057           -1.77232662084           6.42296812088            127.187683294            -53.5059491744           28.6089491401            -160.814381487           96.6296577322            -151.329206062           77.933264967             -120.838267046           -103.376719199           -39.9972003456           
rwgt150                  19.8820204899            -6.87311356413           -7.11286419567           2.96031915545            0.83172607343            -82.3046672311           20.5700965717            78.8286272709            9.11040669031            22.9091081851            -18.6962719679           -17.6157512167           -10.7005748452           2.33511656747            29.2932536598            -30.5005826769           3.31945027186            -4.49845535287           0.830615888106           0.957079403852           0.454523292893           4.18226159812            0.428110793053           3.61170290177            1.26777178081            4.53809951196            179.838061499            163.449529846            -148.973462493           -3.30806016443           87.2332594271            161.953441227            110.296127427            -109.334801761           4.28113592949            26.2493522168            
rwgt151                  -52.1796189776           13.9271495103            -3.47671814685           -7.66611038512           -0.326615292022          3.6115196654             17.1949601435            14.4675650783            21.6562218658            3.72049866902            -20.4821142731           22.2120056019            31.4062732266            25.7684224338            -24.8224537719           -31.0562359083           -1.6732019942            1.088300619              -2.42924888613           0.432531426556           0.817903922238           7.27755524738            1.19990153377            1.56580295359            2.46436617043            4.33937924951            -10.4185194095           -113.773008257           -1.81288689083           95.6589393162            159.762671597            -2.98650317432           177.005908556            -122.631111712           134.540734246            -11.567711743            
rwgt152                  -40.1232770423           33.7998916508            -5.19576489984           0.75688456636            0.372691087694           31.4798561353            6.19697883302            177.054483996            -8.33293731241           -33.2396057265           -0.530941878209          -19.3326434647           32.2708112074            22.5938976888            15.900725067             -16.7370500016           0.607336277813           8.36736000776            2.00560800913            -1.35901802728           2.46267363462            -1.90243834635           -1.04874793358           -5.24741229492           0.65896817078            7.77374447501            -78.422478963            -147.15543909            -64.9598473485           140.816316071            60.6119483001            50.2266394899            -16.4955642678           141.002559487            -66.3858138725           -115.605982122           
rwgt153                  -49.2903138894           -30.8721332399           5.40757570604            7.18062468425            0.0552365212192          86.5807115011            -21.0775358532           93.9915411821            -18.7849281595           33.6579098191            -8.5734915895            -4.55927308552           8.67122057802            4.22724895185            35.5567234983            -2.11760614821           -0.00194442702163        6.10291037312            -0.828726597561          -3.18911132583           -3.51473201055           4.86143491345            -0.178069397035          -0.960823597986          0.379785291425           4.62513071366            -144.432075113           -76.167074405            171.330894741            133.885517343            177.112008056            123.535104817            136.977096268            -150.340319421           -10.9235053065           -27.9215719291           
rwgt154                  -28.0635863531           27.5926905428            3.58682470697            6.82515604938            1.36888966615            -13.7780976038           -25.9605212369           -127.460595891           -18.7248042765           2.14406370986            -32.6277533903           0.128215975371           8.77124493936            -21.7453586574           34.3864844526            -21.2342356193           -3.35315928892           2.92087340538            -2.46566185311           -1.36622892905           7.53453819117            -4.81868699552           2.47510444588            0.293671248183           0.205697779976           6.93965141597            84.3471810047            -176.562829096           -105.168767546           -125.518915663           127.49082677             157.462721937            -162.340972939           43.0567515475            44.7250339946            -49.81259776             
rwgt155                  -33.8758849033           19.8438516532            -1.58657143067           2.47794987942            -0.656063979505          -77.3867663865           -17.3733914209           82.9334151021            18.8241121862            19.9420617322            -15.6808210558           12.7691499056            -9.80544933879           17.9456553825            17.5906030084            -11.8908540974           2.35686069821            8.60443522133            -0.266819548004          -3.4072536781            6.14336468448            -0.634017112012          -2.54619310568           -2.32560986144           0.780066617235           -2.52057999111           -42.0212050343           175.547579247            -6.97836486787           165.70293361             -84.6803115051           47.9511999006            -98.5885668949           -64.4304899817           124.976400569            -45.6398861692           
rwgt156                  50.4741565069            4.58101826193            -7.15384074145           -7.07164801141           -0.772686418725          10.3200242567            49.7661642602            -52.6957579154           -21.7456673856           14.8329891858            -21.4637934633           29.6914513194            -7.71907637008           28.5129006242            -14.0349000547           14.8344461724            1.97704850823            2.02793582215            -2.22679134967           1.07924793936            1.15610269572            -3.95766927983           1.74342956095            0.54531322536            -2.10458367556           6.69587175879            -89.5471566143           176.597863316            34.5949927658            -131.861652355           -25.4234258903           113.61793434             98.0989507161            171.722938645            115.544804924            179.352975644            
rwgt157                  -18.7379958544           22.9674240697            2.58937942016            -2.58582575405           -0.412257871617          -77.0470469996           4.38874827833            98.7824666852            17.4907979896            -23.5834903085           3.65621998046            -11.758633306            -22.7090263921           13.3448595898            -11.2019209284           -22.9681036998           0.984758432177           -7.26457022914           1.47687702466            3.00753459073            7.12082216054            -6.59038993892           -1.54287761995           1.13992957295            -2.79925363762           -7.64412814126           3.58267265436            112.904077705            160.630727007            -3.01312195067           127.028662107            -124.877129909           107.496203237            -171.286674926           49.1524373358            45.6677594453            
rwgt158                  34.4723757866            5.0787910077             2.27035949319            -1.36090310602           1.76782502937            -73.4177930172           -21.6682544033           82.2407093289            -18.52227043             -10.0859716746           3.91156127901            -9.54226060241           31.3425322244            -23.2443855198           2.19666239044            23.8234089753            -0.739153859703          -0.774207850583          -2.10029924579           -2.29971432302           1.90280212157            -5.37152546963           0.022494748626           -0.771712340756          3.19384078085            -2.18004405751           -89.2440175853           141.566388695            -139.044094554           -161.495374572           -112.458602959           161.486632099            -173.312399695           -60.0620286797           -48.1300816805           58.9442349192            
rwgt159                  -13.7298758103           -25.272657497            1.04440633546            -5.02276623082           0.448221035049           30.5936022337            17.0487944666            -136.369829941           1.01993080601            32.3930661292            -26.0591016337           -2.53375599255           -4.84684969138           8.07056404317            29.3425868072            14.3649584619            -0.624608317683          -5.62661326413           1.15316767851            -0.256404110338          3.08474419577            -5.77050040198           2.10142924776            -1.47246586724           -0.589044559694          1.15231417738            162.609548496            62.6314336171            68.3602164205            -53.1178274874           -39.7913522693           -121.030151529           -39.1241931624           -77.7356690171           -72.5777153731           -83.1143701418           
rwgt160                  5.09615463053            12.2566592684            -7.10179320252           -5.97215320991           1.25216476921            -34.7286626317           -12.6164611343           -24.4327272219           -20.8837955374           29.3405922719            -10.1844305789           17.2898035085            12.5653117593            2.25890092383            -34.287298188            -27.7934556504           0.925800288158           0.407057549382           3.31811338252            -1.12419052057           -6.28430884788           -3.75169652255           -0.479832391182          4.42756795105            -0.639801961072          -1.38018664557           103.994024386            -14.8540676949           -121.043925155           97.2158775652            52.6297802734            -156.358689905           -122.384815968           -135.78390897            -23.1069959416           -179.076924452           
rwgt161                  14.0433777692            22.0999523039            -2.00308082696           5.44498238096            -0.999687364624          67.2758136721            25.0943963835            -50.0802655567           -21.086950114            0.817525416139           33.8502871989            29.3180762328            -17.2113864348           5.98259476704            -33.7177997001           6.4741651563             1.55447414589            7.23500909624            -0.0713096083433         -2.47405556781           -8.02380125861           6.71248154716            -2.02842638712           2.93084412497            -0.331100600895          4.73338649114            122.078285163            -129.420734951           -126.015321922           -152.187311136           -108.998116035           122.155184049            -170.622041724           -106.809403372           15.7670432499            1.85109589992            
rwgt162                  -20.6251752408           -2.48280086627           6.29395389118            -6.06965044164           -0.404605787957          86.9016945338            -17.9275985758           61.3565602892            15.2143888888            -10.1046010452           -34.6688440623           -13.5116034057           -4.04112604853           29.1483817967            34.97825419              -1.57857456028           0.858659133495           2.92049151897            0.898907837207           3.18827590742            3.89777374261            -4.33304579982           -0.315310739045          4.10393823942            -0.382665933002          -5.05244080665           2.57621330033            -32.0019732542           -147.94720825            -154.878386791           -53.4850643352           27.7605414877            -143.934399931           117.995401375            107.447862234            100.433972498            
rwgt163                  -32.9160323747           17.1205282257            0.868952230796           -0.427783354784          -0.961704133174          83.1070361816            -54.1042615921           -167.827544721           20.6891960586            11.7454841546            35.8461125468            34.7256750479            0.878658838216           -20.6616323635           -15.5046578591           -1.10952642883           0.0808272063836          3.21914446384            3.44063541521            -0.286244604088          -3.57752543451           7.574585025              1.80043746605            -1.74445600609           2.36557789415            -6.70961690315           -24.43541012             -72.9604315262           -118.281700634           -166.903410718           -24.4320358347           -71.4543491354           42.4728193805            -67.2652052086           -71.1814224999           79.3816489504            
rwgt164                  -28.8712674302           31.5889979428            -5.84047483506           -3.80262066259           -1.5672585627            -64.0096863968           4.12581551592            -51.3961794679           -15.8015422555           -24.6899145234           27.0465310287            8.14836904633            16.69233142              13.9111915463            10.5527920652            -2.26931257616           0.843603355928           5.87938193772            1.15585645157            0.797691299549           8.56839114513            -3.50256140761           -2.08682382579           -2.91852149037           3.3621998357             3.25202084969            67.8382843964            -139.817355793           91.2054788618            -3.77938549788           41.5304918285            -110.002896984           15.0614946953            -41.4862833976           43.5555431385            -139.778402198           
rwgt165                  33.3494385833            32.5057855036            0.25597487926            1.85631097207            0.819875008096           -38.7157569446           -22.5119931609           -94.7363979281           13.4019009376            -33.5850752972           0.0290524511329          -5.86223857209           34.2420893335            31.009719374             0.762570012942           -23.3163889315           -1.9458975165            -7.63924357989           -0.726301574611          -0.928681258411          3.46992877594            3.07682433528            -0.971843770274          -4.2911202315            -1.40275228898           1.26115355249            -51.1294445731           39.3496459699            -9.48665066198           39.9417321777            178.153712711            98.6901722899            -41.9173476905           24.8274388682            -122.956926892           -10.9728399807           
rwgt166                  23.8037970208            -9.87307472533           1.34438325749            1.93479848775            -0.303721925635          -71.9438949987           -18.7720217205           -34.9009161746           5.65970887134            -22.5783412564           23.8115292139            -15.9363651824           -19.986794357            34.8389487928            20.2795731029            -1.91336168028           1.82251483912            -5.81317537673           -2.0299091392            -0.615757817511          -2.69428785432           2.23517421617            1.3043936476             0.387121407538           0.877764563329           -1.70636201968           -152.082381036           108.672893554            9.05145253098            95.6282058493            64.2800606637            37.4229082306            -74.6218509165           -66.6467197616           55.6251443246            -60.6816550177           
rwgt167                  32.3978428002            25.2880310603            -6.23578945126           -2.59856280732           0.433002277754           14.8118542999            -15.2376692891           -37.2802466447           5.10102060206            16.1388473138            15.420668427             -5.12906910103           -9.34952241878           -35.4161694888           28.0592196424            22.5465193528            0.783716319415           -3.81047733252           0.608629676955           -0.68618483525           0.317811288076           -6.82324528378           1.64129195007            1.45962804628            -3.5066037965            0.785149475444           6.12525487696            -81.9418516118           85.5832296845            149.222488084            175.927200723            138.072520752            65.8764510055            162.735609059            100.490793278            154.288615388            
rwgt168                  -46.1635017611           -5.87810859798           5.13530471634            3.33265481547            1.69278536827            53.2016522287            53.2345232277            -143.053429615           6.03705565245            22.5716329943            -4.85047280927           -11.4787404429           -22.7053459816           -32.7780375497           -8.61607699556           14.5581819868            -1.74266876108           -1.31027901127           2.63143672944            -2.20620806641           -8.22176026182           -3.4802129902            1.04323380882            1.71005807116            -3.07731393921           -7.11221334006           -96.0185429375           -167.618904961           105.892530209            38.4969503318            -110.884412554           -150.751588908           56.7725531475            -144.486264385           87.6622658047            -100.363092848           
rwgt169                  -33.6121342154           -23.8077717518           0.622846024815           3.07704996765            1.65618078666            80.1793806585            54.2258354042            122.619165538            -18.0762778646           -20.2720893663           29.5750207244            15.1102662206            -0.625302336555          30.8133437065            12.3427388963            15.87925119              -1.04850141487           -1.65181400097           -1.04803946234           3.29828979715            1.44034730101            1.39468944338            1.22314928792            3.70701042298            -2.58934926173           -3.33764982545           -175.273907619           85.4528155075            -115.441779402           122.485383042            -53.9093584917           -176.971759158           -138.8566512             -57.8015879504           62.2826413102            179.379490997            
rwgt170                  1.96451363851            10.1213509034            -5.36181894961           -2.24347671121           0.154152949036           -50.049803455            10.3267737111            -2.61969812537           13.2817613043            -4.07939553564           -20.1346153501           -21.446853202            -13.3298306472           -16.4615655996           -32.8102283375           16.6409477713            -3.24399069009           1.97264797067            0.114421330596           2.19106421681            -3.36676715526           -0.960104273432          1.91229476938            2.63932204384            0.401682438658           -7.02795215351           -46.4194128655           -5.60774271652           -119.812255329           -111.261429694           54.9893481058            146.213662423            -10.9732753017           104.344561288            114.472776211            -104.736995495           
rwgt171                  -15.9244707211           18.7216271162            1.24462450431            -6.87101691024           -0.773061262106          77.1401171648            23.1782900566            29.6023127137            -22.2117287225           -22.2183160576           -18.5465730116           -33.8155907598           -28.3736685386           21.8824792704            24.4557936109            20.6398279195            1.05127951208            -7.90539525898           2.49027915562            -2.59132956036           7.78769087098            2.08622216429            -0.1000778658            -2.76027019258           3.23059251512            -6.36944911233           -116.577960882           76.0264894654            130.218903095            -72.7397921701           163.827086621            137.719975326            73.9148785772            -16.9673193058           -86.6561340521           27.4604603462            
rwgt172                  -33.8653102242           -12.7406712552           -4.00016277754           -5.80198052901           0.207674262358           -37.1214947096           25.4921333417            59.551985515             15.3940399441            4.71601180694            1.84404539945            16.6895619839            -15.7133652975           -31.7914460176           -2.66168945807           15.7689893229            -0.389117022557          -7.59456245761           -0.435671764047          2.44809211596            -3.04158468498           -4.71571783792           0.0223429887265          -3.76492579825           0.522345467547           0.362847199148           -177.903572113           112.253857999            -80.4778257835           97.2425428656            -42.1821181853           -24.5232190221           110.137024767            -2.38400796666           13.0055954236            -78.0422326614           
rwgt173                  -15.7455266301           -16.4920302653           5.71810736868            7.22250521379            0.389474190593           24.1074996156            15.824680459             64.8530856634            8.26369250889            -34.1661124855           -18.0239713121           -15.390278758            8.54203137537            -29.6512952939           33.6027532044            17.6316375107            1.09939187276            2.28263075749            1.25618992276            -0.615474678558          1.8955943541             5.52174516118            1.88583559787            -3.78576708187           2.56070449128            3.60444294117            78.6839296517            114.190264317            21.9853415505            116.584672004            71.6113591587            -45.230946674            84.9723048184            -59.5180621898           -34.0111306061           -171.826273117           
rwgt174                  7.57123373988            -5.16537796084           2.4331612343             5.90552686125            -0.490594024089          88.5166597965            3.37244236396            -138.948369268           -5.78941740328           -34.0031198716           -3.3685107663            18.4475738008            21.4582074914            -12.0169361567           20.973954942             25.3753349555            -2.17049332361           -8.53061126167           -2.96070937535           0.384278005321           -3.976653096             2.34338195477            -1.20064579496           1.676681319              -1.07076561005           1.99362471178            -95.8668013682           136.893347436            64.0182202085            -36.4288955409           1.77003465281            124.518080342            -56.5364650451           -57.82698657             179.462176637            32.563890137             
rwgt175                  -24.2631319954           -22.9255978519           -5.83183762984           -1.52723161778           1.71009474458            60.6284279638            -31.8801428868           -92.5046797431           18.7531526588            13.8458540671            18.8274731716            -12.9446450207           -28.5441168124           -4.34367454562           -29.8426552252           -26.700985665            2.59070848331            -6.85220359981           -1.91881142823           -1.29795646878           -1.72573877668           7.10979594963            -0.633998983384          3.93301878488            2.06480249758            -2.97503500633           -137.134832346           103.687402156            -178.879099435           -69.5706889074           139.385909342            84.5098425631            -0.660200750881          -56.8453796637           -111.756246577           -28.9648710953           
rwgt176                  -25.1554520149           4.65560872332            -1.69023738899           -7.6652353817            0.21763267466            0.337744270024           49.0720323039            -49.2076516549           15.8310006043            18.7387276789            5.59439925581            -3.98808888733           16.783595888             -31.3690760416           4.33469773716            25.6208949104            -2.68021245921           -4.78667740077           -3.28973906649           0.468591048305           -7.19689269097           -1.23853437644           2.26344326014            5.22305586312            2.26978161162            -2.50434819458           -74.1628880015           -12.2569605051           -16.9492329424           -78.6324718121           -54.3759477373           130.92666641             -41.9895259277           151.672968944            115.17654626             33.1215041656            
rwgt177                  28.6829647073            -20.6276047465           4.04138289723            0.993238849733           -0.540140409561          91.0125812685            -21.6667273268           -17.1640540015           7.07779555347            1.74889576348            22.8639097319            -12.4803352702           25.1073788973            26.4447670586            18.1977560559            18.4010904307            0.609109678627           6.87893913126            -1.89344086924           1.66084655008            -7.49626892585           4.89802896463            -1.2577036141            -0.0390489609232         3.36306659724            -0.0301841535567         114.260109204            66.0774098716            -142.514307344           -38.8108305008           53.6038943464            -149.191283975           -24.3378200488           121.482656474            66.3881088186            -92.2030245321           
rwgt178                  -30.4984425541           27.5704730404            -4.96136521949           3.26441704147            -1.305383231             87.2971636585            -61.5439449763           29.9589193978            -5.24305639389           31.4207926471            6.72336357255            31.9979892319            35.0374640383            -23.151004485            9.14554718453            15.93274931              2.78840224967            7.40925254817            -0.591294135924          -0.676030280991          2.73598719752            -1.61771145787           0.308518911832           -1.43650300572           -1.49184820324           3.73419110303            172.170822607            -94.2600963952           144.619912664            -98.1942488023           -174.026195188           142.921289318            -73.3453120873           132.361871117            121.223536759            159.76542812             
rwgt179                  43.7670243249            -16.5534911129           4.83169357686            1.36417548946            -1.1475709555            -27.8161369895           -37.4418798597           -89.3703558099           1.84804404538            0.316330440083           27.8519919897            8.70861221411            26.7388009563            -29.7153069721           -33.3208467192           -4.64262285961           -1.82153054587           -6.78143796054           0.136051583685           -3.10258536272           -4.9381647874            2.48980001687            1.11730836955            -4.46139824599           3.25391930006            3.49636674273            -13.7950082614           81.0984251126            -165.884130092           -120.965060543           -100.335868536           -2.35736425631           -34.5793864615           24.2409606388            85.2983134437            69.9543601234            
rwgt180                  29.9955699744            27.787780943             -7.23600060747           7.19400359388            0.69484722855            65.2504372797            42.156278824             -82.0990379093           4.51845165549            -34.248823044            31.6103651613            -4.09085549096           21.1164367024            -0.378177996541          21.061517016             8.42811057513            -0.111582466739          1.26091134793            -0.699918390072          1.75353733474            -5.21635432689           -5.55848472333           1.75194876303            4.46673443601            -1.56708974408           4.87854596948            -67.6115730624           52.7700941698            146.578545112            -177.696465791           22.4983222333            154.629097144            165.889021016            156.805556124            123.698343507            -171.525323544           
rwgt181                  -3.54544195789           -19.7932035701           -1.50466595855           -6.14315362001           -0.888990264051          45.374792076             11.5417114382            -1.38859680082           11.5258930634            -9.86965044858           30.7795372438            35.0933665793            -3.0000720328            2.83501032362            -34.9834034896           21.0077031989            -0.137951406419          1.22544934257            3.29572698751            -0.717671163773          -8.59569789966           5.47632839498            -2.5666708138            -0.857289208153          0.148953619887           2.26950103313            119.099861445            109.744716011            -65.682915174            -125.697178859           -119.986807768           119.182588475            -41.6743941421           130.07673082             117.766584625            44.5645154043            
rwgt182                  -11.8367931972           -14.3923121857           3.29108302086            -1.08356402855           1.22046473775            -62.698927301            -6.73958834161           -23.9908030745           -13.1137086288           30.8412974984            20.3176288999            31.9251380392            30.9195081096            -1.21013650562           10.0909877071            -25.555545019            1.26712959483            1.20766097428            0.941943544641           2.26044158672            -7.74249121055           0.739246419714           0.207460999884           -3.96904407197           3.11250588296            -5.44346467331           -116.563905102           -151.709882422           -129.845793079           72.8641136418            -17.5194400255           74.2163561373            38.2559284481            168.645890538            -27.0718837123           6.87532520385            
rwgt183                  14.4039284597            -31.1062422871           1.40797365437            -5.8901550022            0.775696171537           42.0108948434            24.7974793611            -173.379661077           11.9031102737            -4.31324128624           16.0505996807            -26.8891330034           31.9476616213            -14.3005798358           -8.46643433252           24.4104288375            0.579160614429           3.69193600057            -0.343248791062          1.94825642869            0.13634968184            -1.08048193931           1.84495812008            4.08751645494            1.51072903218            0.481959683975           161.912417383            79.829809774             67.6897870397            -91.2530616491           18.2674052845            -41.5725566435           -53.5683593069           -100.373117494           152.032802953            47.0272400865            
rwgt184                  -19.4601413369           -23.4524720196           2.52894023305            6.99877091951            -0.64788724593           73.0815276236            -33.9711627984           128.241879479            -15.2364045391           -2.26733238385           -23.5227544531           12.6437767939            -6.714231034             -2.71753161465           32.279336094             -35.2170194857           3.04713166587            -0.271215850939          -2.97447467321           -2.77781351486           -6.62087416467           -7.70886775124           0.443737613996           -4.12657634017           -0.842651022201          3.21907364246            58.1212841505            144.254632549            -31.8706422467           -151.014108794           78.9634651978            -36.8466546963           -68.8079894814           104.999296031            -60.7831918727           30.601041816             
rwgt185                  14.8814635336            25.0780009407            3.88811744763            -4.51725228107           1.0463012993             47.8911061824            39.5861543633            -94.5919852384           19.2718551645            17.9512921648            32.5458092313            22.3066350623            -11.3553854323           -6.36948516849           -0.206620231807          -9.08823632921           0.883252645229           -2.31603853035           1.58682868612            3.00656480158            -1.96145827374           -3.04920877235           2.40185075789            3.09690020848            -0.983082261445          5.59464092073            -2.76977020391           87.6592598757            128.698467517            12.4495843093            44.2428805671            -139.738023128           -90.8704169131           130.699338922            156.77522251             178.321059957            
rwgt186                  17.1111904646            -36.3822475083           2.1025958879             0.933578006911           -0.361473439345          41.3813466833            -5.40492891609           -8.37473138653           -6.00869814497           32.376247981             28.2918555413            -31.1154649011           -30.5838298519           20.2895504773            -14.6190120515           19.4044818958            2.42220208171            7.80001305951            -1.11798355538           -3.21991256839           6.1637545349             1.27055361902            2.30934040384            -3.28241852732           0.38823437663            -1.10879359666           166.015552636            49.9633866007            -75.7540321535           55.8453585072            178.743234602            -93.9954672221           118.86053011             73.8043166759            -11.9551015904           -96.4449133971           
rwgt187                  22.7255899465            22.9957429993            -0.257519708777          5.48278297858            -0.00140452942536        37.7520420659            -35.4873958483           153.744674189            18.8774126021            -32.4231022595           -19.7176372992           23.0007505718            -32.9031303367           -17.7507549791           16.7512349796            -30.6108540826           2.47850333751            -1.83311010773           2.92809263303            1.10535507776            -1.33950413906           5.93246571096            1.05455171593            -4.31463509369           -1.55965694776           -2.46504537128           141.623932124            73.7451765155            88.2203518102            -129.607639813           62.8879595714            -41.8539501184           -70.3771016              -65.7898915963           -109.885583819           -2.78949984252           
rwgt188                  -34.9452311802           -29.0927250353           4.41499398274            3.35981440468            -1.66063407068           -54.1419135695           -24.896909014            39.1245001155            -7.73862145541           17.6102572546            30.0852184882            -12.2327416017           9.57379137519            24.7496600252            17.3953992034            -6.94382308362           -1.15557093822           5.43309038143            2.52536588581            -3.39691030702           -7.31239917026           1.47049169522            1.69164605918            -0.15619317856           1.97144130558            -2.81633665266           -92.0046868374           153.367722429            -137.506482879           -12.8849107654           -111.581191366           82.5540322031            21.7391253667            179.578982708            85.8541863019            -16.3409647009           
rwgt189                  -5.19286807528           -2.55625587716           3.57849632973            -3.66500603069           0.23419053               -60.6703863028           -57.3993544874           -144.065265895           4.66900106498            -35.4126539741           -26.0887716814           5.36843541324            25.3507000331            -27.2726472097           -23.3747513164           4.13649848213            -1.66198767098           -2.43158571549           3.2260087047             2.98638547708            -2.08258458422           3.20122275314            -2.23477486687           -0.0856728142109         -2.86240774334           -0.645338228949          -24.6342639039           140.136695814            -144.255960768           -125.340557182           110.09313898             80.7316427215            27.3981688837            -70.5865835536           -68.1685798854           15.2247483814            
rwgt190                  21.5205490359            30.1282855151            -5.2152439155            -2.48990807107           1.26548334901            35.6029825154            62.9972954469            -50.6257925137           3.06389385726            33.2059006308            7.91125724627            33.6245761591            9.6283371888             9.02658334511            -30.9633030889           -18.648348291            2.31935405765            -0.355636775287          -0.788151225172          -0.927862925963          5.24643690904            -0.677691500777          1.71483581625            2.23613136348            -2.80123265668           6.22824592845            110.644508347            -32.1020290781           101.713753675            172.293228543            -9.34109051098           -63.185820808            -55.7443231541           -143.911264323           -22.1945038085           154.115307814            
rwgt191                  -47.4300197374           3.33397152912            6.86608082373            -0.398828427058          0.507668365363           72.3821346895            -37.7378669066           143.751010356            -6.30485787336           -33.7025304786           -21.0268602508           25.8812140716            -17.5585907304           -34.8714736025           13.796333561             -14.3036859507           3.29957040221            -2.12110964676           -3.2127973361            -1.363447988             -8.07307172194           -0.628345127078          1.57358686146            -0.851438799622          1.37238647205            6.72231992604            -117.076777543           -10.0842004419           91.1658786008            95.234012945             -76.8036187988           97.1611920185            -160.919575387           122.898132021            89.899536548             91.9600827626            
rwgt192                  -4.79841637869           -35.9472894565           6.89633215038            -4.69169962207           -0.813206045624          -24.210294775            -38.5122693839           -91.6971448058           -17.322176734            5.59545173763            12.5504646337            -31.1907526302           35.449801032             16.2369503725            23.9078267864            -7.19718086385           -2.52931527366           2.64021668204            -1.60126334891           1.70252765234            3.78884485841            -0.302220618122          -1.41511666828           -1.70332791872           -2.28887396881           -8.50634893205           -143.178369199           121.756649441            152.504288098            -59.3360108005           -149.825777191           7.74337818322            62.4663689007            16.3602192591            -43.6830702304           69.3955749925            
rwgt193                  -29.756219664            0.838250310273           -4.11429041802           4.10339252273            -0.610429546785          -30.6290560465           5.9709478949             47.8144532824            15.7682981285            -30.8836360318           -13.774734355            35.1641437084            0.315201880456           -30.0384603463           -30.9955580638           4.64549555598            -0.166693489865          -8.95962806358           -1.48353110799           1.22385227461            6.30349920928            0.721533214076           -2.35391777987           -0.2157793975            1.48248733275            -0.949518080801          -56.0583322296           -165.095697037           -51.0566597248           -16.7962601492           137.265608446            -3.96812904892           173.875940967            150.36493823             22.7549551033            -163.645528617           
rwgt194                  44.6321992768            -27.0888609848           -3.72226916788           6.83954447913            0.207808106286           -76.0707608374           35.5684659811            -81.037032843            -5.43074337772           -1.84584184057           -13.4227742241           16.6802140441            -29.6564220493           -28.4282255861           -9.77143042619           -7.47913996284           -1.67222018714           4.00563261013            2.98676196222            1.21064363042            7.15609523667            7.07693602672            -2.33630486509           0.219500286258           1.71831725095            -5.79891939155           -66.5782969977           -89.1795849682           -51.173446111            -60.6628273261           56.4189430444            -8.00603142547           119.495630831            102.439331703            35.1222837861            124.959171131            
rwgt195                  -48.7492735211           11.480329444             -2.61081055285           6.90330816631            0.834357493154           -75.5646581659           30.7993699746            129.420217066            -13.6608859219           -33.8688320174           -7.36804141775           -35.607847306            -25.085862166            24.8591971817            -35.5845465634           20.9745735208            -1.3896776781            7.32809102257            -2.29100428126           3.32830145597            -8.34393362712           7.36065590711            -1.56500988499           5.17943973109            3.41258040227            -7.94728866556           -6.7935282937            -8.90235943985           110.92716065             -38.0769334454           -60.8101487107           103.084556308            -14.8615815585           103.65859475             -101.703449102           95.2908208552            
rwgt196                  -35.1070745541           26.9330837337            -6.12197098213           2.53525097771            1.25433082048            52.225274793             10.2883266027            158.692556339            15.733473545             2.89395979368            23.9617535567            -11.1860586282           32.9557245128            25.3687363039            -15.9580627521           20.5505327848            -0.0895382107262         -4.95993629615           0.0352230148167          1.41723386134            -6.85378066648           -3.07550657424           -1.07259752921           -1.1900660674            -2.23181839981           5.31492385744            -63.6998714449           -154.226522421           94.0344187054            71.5444721575            136.783319132            -161.638018759           179.934005019            2.08117375662            6.9154542833             170.261181589            
rwgt197                  40.8612588287            3.78508398136            -2.56377021246           0.829376312117           1.57355769544            -58.3173779551           -20.4669515227           35.5546010173            11.8425637576            -13.2300590601           27.8432630709            21.7334106136            -21.7563313372           -10.2520016159           -30.8214285236           -16.6380024259           -2.47555600618           5.43677685689            -0.44163722564           0.878400683973           4.37593675878            -0.405827701854          -2.53975918508           1.9883690782             -0.919938816077          8.22526442055            179.174091471            26.4918241897            3.60836460149            69.8182246013            107.315548333            40.7897336788            -167.814321616           40.6315179363            -22.8308880129           140.143143927            
rwgt198                  -33.694651401            15.1271709266            -5.64631807309           3.09072131034            -1.02379885767           -89.2273544564           52.2812867621            -0.571733259464          -5.00837544621           19.9769790211            19.0185211123            18.589568688             -21.2211042892           26.0837796359            24.3745270546            -8.69619709043           -0.435754669025          -3.56021187338           0.0289761154435          -2.8824501531            3.01861142972            4.88600076111            1.59997353078            3.69086963637            1.09613473968            -2.30939581613           11.7717412563            -6.35002921013           178.769654715            85.927844045             -100.943181421           -127.652664173           15.1356872925            158.822978182            56.2835316347            -46.4694080927           
rwgt199                  37.4141614188            30.1297492675            4.3723558562             5.36527969817            0.398191261132           62.0278398947            -3.50315613846           56.3248131565            -20.9990399324           -2.35553254854           0.940062065559           32.8690161316            -10.2624319933           5.51989390975            3.01375564819            0.540813165278           0.545510909667           4.32006102788            2.34461520455            0.176532264128           -1.95343833225           1.51985469329            2.15326694546            1.27924044122            0.666858926372           -2.38413612458           -147.854084461           88.1377689638            147.477092508            120.841306158            91.2432181084            -111.376377898           -91.8031215481           -143.418229607           -151.309089681           -173.172625041           
rwgt200                  -20.7987584562           -38.7731995298           -6.08039388266           4.09603329637            0.325095197087           70.8537609315            -63.6752634588           79.9706588553            17.0908273927            -10.5997534967           -24.4762670904           8.07831266955            22.7952790297            -35.1878082693           22.8784249721            8.21080454613            1.43434730432            6.81724352706            3.37256069147            2.16195278065            0.455386169781           -4.00831112402           0.624789730164           -1.66752544249           -2.68913970087           6.34109821789            74.1380261722            84.3843534458            74.7180430636            12.4869292543            63.9808173419            83.5255864337            153.385396639            112.757552131            45.0319822674            -164.138022546           
rwgt201                  15.1726598472            -35.2858052886           -4.85284593009           -6.19098488818           1.62584183395            97.1029417754            3.2887098841             -143.067562598           1.38525756052            13.5331312965            -2.1669250501            -11.0394898349           -23.3188385609           -28.7208923661           -2.35025933862           -17.1780530022           -0.997564338548          3.9423301678             2.62704641984            -0.372358488866          6.87906489433            -4.71998968678           -0.186740962777          -3.51595418664           -0.655972954518          1.59979597005            96.2812876153            140.963090225            -88.9066354036           175.995237273            162.020244993            -115.136224517           -66.958163908            9.91706534045            155.79667993             -52.440323157            
rwgt202                  41.501764305             0.7295646745             -0.192117520136          -4.68404266728           0.277827590771           -24.4876159708           -21.0266796009           -29.0056376586           14.1780685248            -15.1987266727           30.3231156396            -25.5942320024           8.94132948461            30.7618165003            -1.35933246794           -11.7730902068           -0.460003776655          -5.75024027404           -0.352507719716          3.18891562152            -0.823978343526          -0.819860650044          1.3239177232             0.252042860478           3.39708921787            -5.88465916075           -120.291942802           100.75594806             20.2010057209            159.208729145            143.645825371            -108.873290686           -21.7698265483           72.6443022333            133.12195841             -121.230352875           
rwgt203                  39.0660229286            5.82752051784            1.56353133867            5.02178029999            1.32404475529            92.0118905222            9.08537897779            139.320390176            21.350693739             -19.587222093            -21.0668558779           13.7896272003            -35.9931676247           8.46708130874            35.1699082689            20.4220552871            -0.696930088579          -2.86119186738           -3.33197016114           -0.0892207127996         1.05467634789            1.00141624892            -1.01036271381           -1.1477791803            1.2933454293             8.27385060933            116.909715908            97.476251751             30.5393857378            62.729971433             -18.1752487426           56.1256212207            97.9131723392            179.74073378             49.2643077037            39.5987453885            
rwgt204                  39.7371813012            -33.057165856            3.81574425648            -7.52917723145           -0.845506510315          22.867057509             60.6408561701            0.068597805122           10.5193385636            3.4744312876             -0.295641213481          17.8457147009            -6.70654234999           26.3077663797            27.8623134352            35.6772270327            1.06721342662            -7.16131300262           -1.14219746872           -1.70717288892           -1.84498073918           2.65883199068            0.722760442591           3.08591659423            2.53936244578            -7.22846567008           -94.3043467096           -63.4923922348           19.6404893294            157.266644159            158.66104483             -93.2804962866           -15.3002316932           88.592598233             33.2787648639            52.4231464717            
rwgt205                  -25.7692400479           16.6438282329            -3.50427910119           2.09493277898            -0.220770864313          24.0656174894            -5.79361370531           56.8087524921            -19.5614986273           6.23327215663            12.1012503975            15.7338798986            -29.1012538739           -17.5086808775           -34.6484071279           30.3657899883            -2.94823717434           -6.65627015548           -3.2559318128            1.95923090483            5.1450197163             7.05833879439            -0.389330853159          -2.36852965479           3.6683522053             -4.35458179793           87.6059431332            -88.2570479607           -80.3830603012           153.392633819            162.592459975            -144.32639536            153.203066846            -98.0899840446           -126.164804418           69.1196314783            
rwgt206                  -20.4866032044           22.7715515308            -6.77109656285           5.13124370187            0.743833744266           46.5504820708            43.4768147852            177.734155998            15.0943863344            -18.6258670132           16.5870591892            -4.15470814511           18.7793414929            31.8524246879            13.6504861831            -6.81652661532           3.32376900122            4.86714622296            -2.76246263827           -3.08676546805           3.01002553439            -5.65938812795           0.777725149069           0.541775507362           2.75523583769            -7.51501719238           23.9633616464            -169.56166731            115.646648935            47.174379422             101.34340201             13.5348462736            -33.3459542208           49.6987886642            -29.5629063299           146.372256381            
rwgt207                  -43.1902744384           -37.4692563946           -4.31423663558           0.537173469257           1.76174350708            90.1064555525            44.7787200255            -124.242884065           15.3951783095            -9.55006267241           -10.7036033609           6.13092049276            23.7818098479            33.5873380097            -0.291451265448          -9.94320743497           0.528971067802           5.27483218433            -1.50901645816           -2.04053636813           -5.71968329171           0.231097694209           1.55949268732            -1.85119046013           -0.886566833024          -6.91678314548           13.3985127605            -175.449540185           73.4149623469            159.256871303            86.340310978             18.1264531331            45.2827726392            139.715427153            -157.880090794           -54.2284864782           
rwgt208                  -42.9508261627           31.632559899             -3.82364089138           2.56858866353            1.2830532837             -20.7499875762           -15.9729939752           -178.371005097           -8.34838247666           -19.8902543057           -21.814676321            0.379697189931           -22.4150380048           19.6062534503            3.35886167868            -16.7987697681           -2.09303033113           -7.09902274283           -1.65538225592           -1.87182273777           2.848406891              -5.86237266268           0.710851751394           -0.608648585327          0.626354127963           -3.05296951277           79.3731191083            -67.8426167138           -84.3384492693           -127.070608316           -114.409155366           82.6971325439            -98.374098373            1.67579055988            -164.706695191           169.894743174            
rwgt209                  24.6922584338            -0.0874059090696         2.77797579029            6.16583115881            -0.0120355939386         51.9881680578            39.0485331067            -53.8952472989           14.1094359064            -33.1299853945           35.3268784478            27.5911088949            2.72312456969            6.15533511454            -11.7841355297           28.6583406459            2.59430951935            -1.80006209449           -1.77765533668           1.311983576              -1.47081887222           -1.71987129912           1.22418468195            1.39006878236            0.956197303394           6.4577149839             -3.23560227471           97.6707593622            154.725978742            -12.4426916854           110.19635113             -143.787513039           -53.2796475202           102.170951457            112.349911613            -121.477053878           
rwgt210                  -8.14529588905           -8.0765755276            4.00369226567            5.00038448046            -0.32658683432           9.03609366193            -2.20032729673           -89.653262556            6.64593921435            22.8639348366            21.1545483094            35.1898521152            13.1637016978            -25.6745895428           -32.2205302307           25.2766884871            3.02067239848            -6.95878692277           2.70648876712            1.69329974898            -8.52443603105           -3.21312444907           1.31114922671            3.78248717849            -0.125813250721          -0.471470711125          97.4911743073            -46.246784835            -0.765773083671          48.1107021055            82.5243426333            122.75545671             123.444398713            8.99923193233            55.1090195938            159.814887939            
rwgt211                  34.0234149585            26.4496102655            -3.28079503742           -3.50201783563           -1.39065360639           3.42041502075            63.9823114878            103.909312007            -19.5682207079           30.4588907923            22.9449609016            -35.3606334208           19.9744103865            33.7868959701            -1.84267300669           -20.3398614231           -1.03403202883           5.74766815272            0.860903545982           2.69472871099            -0.369308717448          7.45814866828            -0.228863112774          4.94119649331            3.28674960647            1.37983580736            165.926994112            -54.1986011512           -81.4091033543           -163.351115252           24.7873392531            114.939138255            42.7574216424            50.9055652848            -159.913429956           126.241562595            
rwgt212                  -11.3889817452           -3.17288245595           -0.987706858652          5.40138859656            1.66152076307            -32.0921613653           22.0365562218            -11.3880260454           -12.277263415            11.245774195             14.6333450368            -25.3757027073           -24.9171689153           35.130419402             -8.11206102572           29.3918553711            1.11739065804            5.96998032757            -1.27735297254           -2.30715164795           4.15927553844            4.52662144554            -0.224273370027          4.58019920184            -2.78983436957           -1.92222715247           131.125317259            -115.524374173           138.756720066            -52.5261002655           63.322977633             -12.5851642154           -69.5052900801           20.4972586016            129.938305698            64.6887874407            
rwgt213                  -34.2237856293           12.6297010896            1.54389929133            -4.44477212588           1.60967226318            -8.27753902805           -50.0772735126           121.910349588            -5.45885718938           -10.0972849347           -22.1947484137           -8.12981055801           30.4443814595            14.5614557961            35.8646412233            -29.172669427            -0.84010712516           2.65394366105            -3.43425288841           0.280687624961           1.92705558766            2.66788892598            0.0363030518536          -2.52888888612           -1.68541815877           5.1564359                -107.189654238           32.0020791521            73.4970038164            -15.5838075648           106.646073498            -71.9325982245           102.62022111             -67.5023812967           29.464394765             -22.8119851978           
rwgt214                  -14.0525424577           23.5468123351            0.735613832741           5.17402176286            0.0359109605955          76.7625022355            31.1921501753            162.380719889            15.5036195011            17.6423722227            -34.4995861538           29.7905760367            23.2170748891            33.4863970193            -19.8471972615           -18.2065204725           -2.00199715109           -4.72440541994           -3.39707404596           3.12470545472            -8.45006193812           6.86621576889            0.209619067589           1.2238983402             0.428437140519           -5.45466897349           -111.869518526           171.818942867            31.0764390684            -162.246854189           116.51027074             -73.9972244958           -120.785980438           -28.6378972448           -174.599713768           -108.7491266             
rwgt215                  -4.65239703428           21.9265412508            -4.9858802372            -6.61299985677           -0.969864280045          9.56286933513            -50.5137733546           -169.886654372           14.2682239102            -6.8915190611            -26.310307181            9.31249270449            4.91520718182            -26.4568441878           -30.2142939376           -33.1017201513           -1.10434737162           0.98631039815            1.05451506764            0.044970179479           3.88319290285            0.551065855219           -0.180885601225          -2.19341542771           -0.251914618488          6.44583925538            -61.4048883233           -135.351099409           7.83362011883            -138.901512966           145.532981851            -79.0089716809           111.873995606            172.282967376            -37.9721066546           119.432951709            
rwgt216                  24.756561837             32.8291083386            6.684964239              7.58759056791            1.04226002114            -61.9221913026           19.158813112             76.4460976777            -7.25750254835           -20.4539644619           -4.35663620391           -8.35118017651           29.7598432007            5.255297586              -15.106465448            28.4849585086            1.86335425718            3.31023839374            -1.43745775783           0.627533787533           -2.89985467456           4.17109352427            -1.06032928186           3.75533562538            0.12596012686            -1.22504471446           147.238933029            -45.9192257782           77.1060134465            32.4811962394            166.79869016             64.4622271206            11.882705837             109.031468553            126.888694858            70.8118412864            
rwgt217                  44.169352112             -29.9217180746           -6.39885651809           7.7044092486             -1.62286745433           64.3059928175            -29.1999736124           110.896551309            20.1970083924            10.9353974529            10.8330684139            -34.2458022918           6.72274252387            -32.6300572383           7.92586280578            34.9611390489            -2.22471273425           -9.30442152052           -1.04179645532           -2.0081693261            5.70590365714            -4.19533877054           0.826029981064           3.309465335              -2.25395929447           6.96828357877            99.1773391053            87.1618396166            130.03793681             4.92052482173            147.758294485            127.031242505            -98.7095145664           26.9921157681            149.140945208            22.0882975499            
rwgt218                  -2.57624179097           -33.0373545525           2.8914083045             -0.74341095429           -0.648706822462          -58.6279130285           -37.891715947            173.885454255            -21.2716890908           31.0227623792            -3.53098326343           28.5522362351            0.0332223353233          -6.34545972979           -16.710119543            -29.8207319279           -1.26971695492           2.19792462978            -1.5815474085            2.98256721138            -1.26534008171           5.75678104206            -1.39162070499           3.8227419146             1.08626768383            -2.90305954545           -111.551071589           31.9688376918            -61.0383829814           -52.0057461182           22.9131135296            -82.3890112997           -57.476460945            -130.350201798           -33.4635149119           -120.431792253           
rwgt219                  -4.07071112581           -38.1802735023           1.02756018875            5.59171288292            -1.36433644335           93.7672103707            59.1051310578            82.7673401959            -2.44519935957           -22.1324729914           -26.8796171325           -4.86234901953           22.9641164046            -25.5971987255           1.39991791734            20.3145391268            -0.48823477406           -2.7091407047            3.3642635614             -0.617253548085          6.86057096997            -6.52068160975           -1.51290723497           -1.16840468768           -0.0913949663031         4.98102433754            65.3393454188            -155.095924156           135.76371911             -2.10454896371           25.7373930774            82.626897429             -32.6121954443           128.286094313            -169.494736622           119.032498673            
rwgt220                  -20.2192135472           27.4036926472            -1.43189901879           -3.4273686698            0.707100569613           -18.4940097718           -36.2269636378           -73.7068436981           20.2716072251            28.1289100502            -26.1668366801           -19.8472836922           16.8618763099            16.5605890862            -27.4151944371           18.7399187574            -3.36129722588           7.41701293242            -3.23827234171           -2.36269123779           -2.29060465099           -1.19288320273           -1.57569188179           4.37488819125            -1.57297636086           -5.57856559548           -158.860595597           31.644297661             -170.868825469           -153.986882172           164.759035795            -143.005450889           78.8036627016            64.1875624979            17.8639141023            -122.086684993           
rwgt221                  41.933356002             1.01746186352            4.76377620722            -7.26261191671           1.31791247451            -53.0062452165           -61.0791764305           136.83258676             -2.27575614255           -0.820557784199          33.5175065691            -23.269665456            -31.3171973718           11.673622651             -9.58206431433           6.27938399891            1.93420457579            6.46478808774            3.4037433653             2.3605920276             -1.86709854477           1.90712039946            2.48602662313            3.59651654226            1.85914529892            2.75186349133            -99.3375514876           46.3022851365            146.316268006            -166.065777683           142.460012596            15.5793226808            -165.267081171           112.583115577            168.270339454            -145.53788785            
rwgt222                  -49.0753509357           3.00248437246            -7.16017299313           -1.11292482308           0.999424745707           73.5740630134            -34.6457764634           -151.023724656           -19.5411530479           -24.3509259881           20.041843183             6.63288260381            -16.4672935421           21.3316864722            -17.8240611699           35.4415879042            -2.90635585282           2.25479729792            0.337632122616           2.56593794081            6.76730449469            0.274858173811           -1.5037738396            1.64890047937            3.45667175156            -2.1017154787            49.9695611572            -176.729344838           82.7865970419            -146.480576034           150.722136542            -149.81920846            116.701083594            36.0686134044            42.518876815             26.6861305841            
rwgt223                  25.312121007             11.3100432348            2.69248100501            0.230545304685           0.502500927854           37.9823566866            -49.4268044144           175.10611802             -7.52021976606           7.13661037748            19.9045670981            3.12276115861            -33.6836887257           27.6286597512            -12.1038026706           -1.9091524186            3.18044892889            -4.55046264926           2.45652781105            0.409859033989           -1.13667966098           6.0996842394             -2.07807613674           -2.07246641183           0.384467157894           -4.3680203128            -120.951149815           21.6174614198            102.161721707            123.581112605            67.0913842056            27.9025302488            121.349907917            -49.3673177042           179.470234119            -148.352586233           
rwgt224                  -50.7052552667           -4.64740560551           2.67416564299            -5.38101665658           -0.457622809356          -8.88505315674           30.9850625713            37.734020687             5.22564180401            34.0107734059            -21.8559615432           23.2626994901            35.9185462084            -9.63388812269           -2.73990225826           -8.4865479404            -0.392993197334          -2.44744751257           2.05913105527            2.94613217101            -8.60158664394           7.30777660139            0.820798282928           1.42228711165            -1.3835397114            5.38525094292            53.327147004             -119.342373437           -83.2098589335           67.0690479861            131.944516468            131.386807972            -7.6441551897            64.9541963679            119.217727783            -149.896585488           
rwgt225                  -3.23069514643           37.2107902166            -3.97300554466           -3.3852309744            -0.499511718818          58.7626051511            49.0062707946            -150.742769365           -22.1525993706           25.0903927702            4.02024472789            -4.53432379778           18.1273691864            -3.31183102468           32.1815525871            28.5680586786            0.140771547771           -7.37918840233           -3.28182586291           -3.22660867047           1.67256339099            -5.71073257447           -2.13036246758           2.50304740522            1.62420607216            -1.54236594088           101.752930549            145.222152261            108.034711846            169.226060492            160.910958543            146.113795734            -125.914343308           -105.720689981           -14.0631314403           -46.1341438733           
rwgt226                  -10.4376046865           -14.2392486318           4.90169836138            -0.692837610527          0.162059201054           21.0211442254            10.7099419473            -26.1291196108           -0.890414672076          -35.9865917079           -10.6306495117           -6.91380565608           15.0060475456            34.6559618834            32.0381297879            -17.6234152355           -1.04597005532           -5.18871330277           -0.251304457097          0.661223622327           4.16608680718            0.51399651621            1.22411281597            4.98153702751            -1.74612806124           6.94095939965            -132.605784779           -100.181040751           -105.010620184           136.886462044            20.1816321187            -27.2693496999           -135.895084951           119.38906151             -70.806806664            -111.401227111           
rwgt227                  33.9083113501            -39.078670037            -0.823766146251          4.09216511407            0.628705981614           -25.7968810302           61.2499380043            -73.8089052869           -5.50990900559           -5.39877953879           33.1759814332            6.21476707865            -34.5669072499           20.140236197             4.70469797401            -12.3300033123           -0.833390113428          2.15991024494            0.207689436713           0.681124639598           -0.27615049364           -4.00670205285           -0.676434133512          -1.50751745725           -0.879003146841          5.23191477903            97.1874512987            102.278688233            -136.816653254           -53.9358264943           70.8792843305            57.1759464635            -116.569397143           82.6293523978            93.3411314446            105.756716199            
rwgt228                  -14.7512982522           -36.1023144644           -5.42229579391           -3.22994670787           -1.12780535624           77.1283142102            -37.1711641517           76.9622796899            11.3297490427            5.20385469612            33.3443284014            31.1496688555            16.8177462089            -22.5196873415           -17.1955615151           -2.27572147148           2.58656132262            3.10917449575            -1.86752782893           0.846839752373           1.1867391852             -3.12610178403           -1.09271934823           4.38172737642            2.9937969026             5.85098612751            96.3881589603            166.654392316            -28.6070133578           -4.86183698053           -117.596429582           -135.840793268           172.987026056            18.2574330289            -10.6676712373           -154.426278649           
rwgt229                  5.01203820899            -22.5754983461           6.71823705117            -3.27981502244           -0.847236593019          55.3092258772            -14.2115649183           -130.698020528           19.378178107             27.2608166606            -33.3322998413           -3.81267213584           -11.2700237815           0.31431368581            -10.4990295305           -2.48186574834           -1.1398390935            1.57697669405            -1.85343198563           -1.79047792683           -8.51823955819           -7.21482066128           -0.476263034418          -0.78452038877           -3.49773041212           -0.132761641981          -27.2614321198           -123.777371706           76.7175600603            127.420341619            -138.835435876           139.814746245            -87.6430126804           -138.307916642           -171.624006734           -127.765866702           
rwgt230                  22.6165564211            -17.2467104157           4.20647898683            3.98456259959            -1.29852928592           61.4474378931            61.9199090161            112.752755359            -3.77726706105           11.0249136825            0.135765567512           18.0668574072            8.55836781395            -33.9449842151           -11.4858117739           -28.0145136849           0.0275772777654          -6.43054939467           -0.51639142336           0.937460606294           6.51958480757            6.92283159046            -0.599207253036          4.62653726577            -3.36765081634           -8.20113087491           152.712981216            -41.1950413093           -154.610881665           48.0975619338            154.308281433            -28.8026938622           -60.6452158162           -165.40770463            167.271085931            -109.437951738           
rwgt231                  22.744006735             9.77084938927            -4.6125560404            -1.70352444704           -0.343557021791          97.5437924449            28.8726543473            111.008096073            -13.3722602866           -35.2836530865           25.8284837312            -11.8917993727           -7.04731893005           33.7981704195            15.6989292778            8.1211494818             3.37205370655            -6.11532288879           -3.37068896163           2.03004792542            -0.783156144347          -5.66596105691           1.69164108421            -4.06960426504           0.270799357274           -5.35117975443           42.2417036324            -150.478728018           -151.766848118           -104.94245324            -2.88371656505           20.8302300232            -94.8928641001           43.9800251798            145.699843288            -94.7819856022           
rwgt232                  22.2485211076            10.114987516             5.07161532516            6.16907912429            0.297902566668           -6.12467130327           32.1014472764            -60.621596124            17.8175210652            26.1152444283            -6.37750606611           -19.875058489            -15.7678888755           -0.398942785073          -6.77680991486           -23.994789994            -2.96867941091           -3.32668870888           1.44242850813            -1.88345596882           -8.40058079069           -7.76119432735           -2.37686561246           2.62579440323            -3.22622671203           -4.71521934893           -4.59873800987           165.918276194            -18.2567343346           118.520555755            -166.620288103           -98.803462155            148.34742376             171.247161979            110.264317481            42.0122139911            
rwgt233                  22.6290454024            -4.02622422505           6.04965205068            -5.55253826006           1.66552298737            -43.729563365            19.3676649063            -23.1703227003           -16.510064438            -9.4944599121            -24.7033621756           10.5630322256            -5.57822001067           -35.392482527            26.9830173911            5.23144282336            0.241203883406           6.28800188788            2.1162439928             -1.28597142781           -4.14156911206           5.57103233616            1.76784295813            2.38957185304            0.382524546618           2.26443689021            147.151438685            -8.26702436779           -93.5277123425           19.899337054             -100.025929004           106.992095315            -34.8415718247           61.3951870888            69.950990674             -31.0930153423           
rwgt234                  37.2713998059            39.0286698438            2.56123740938            -1.51630324512           1.52710115963            -84.7396550874           40.4901892961            179.609593162            -6.65664622254           -1.21651395256           -13.4701691548           22.1604420724            -5.15808536542           22.9378491358            30.7545088314            34.9673007484            1.14603256483            7.20316339724            2.86003980932            -1.41517609923           -3.4943260922            -7.76230968452           -1.22560009039           -5.09769122194           -3.40798777955           0.897227824087           27.1610398757            -85.1307845682           152.855648486            -3.03974357436           176.528109637            -139.289818314           112.36852703             -130.837194021           90.0758382255            140.600421146            
rwgt235                  5.59912656355            28.4918421146            -1.81685020116           0.979810375894           -1.16201800351           80.9754317915            17.4583597165            -127.960000504           -18.5736485384           27.9345509677            13.5767046484            25.0087512314            22.8116671755            -17.9127858487           -29.8822046137           4.00927899782            2.52673972977            -8.15451722074           -0.735412748013          2.68594419492            6.03371461861            -7.37133436215           0.432845967457           -1.64703729981           3.62675815179            1.3586334415             -11.4554279981           -20.7088380634           20.1805496079            -159.090927461           -75.8295865358           -175.854567689           -103.897340702           126.156085225            56.7826470736            -28.2062739475           
rwgt236                  -47.0862589751           -6.0374219415            -0.233059925727          -4.49564833221           -0.604108966484          84.5716893315            16.21459807              -71.8877309395           -5.06459223773           18.089856363             5.6716391836             -26.4161576462           -21.0183572125           7.51203106059            -33.5409222413           -11.2033801247           -2.97964102975           7.09721958617            2.75368575929            2.67738080562            7.67248221854            -5.4735503416            2.55968882453            5.05420560621            2.18542894003            -3.12259872014           -105.471705405           65.4626114623            142.906999589            -154.469497009           5.13789125505            -138.1069293             151.841924434            -116.880926584           92.2919627558            86.5123600874            
rwgt237                  47.1164199775            -5.69289376417           -3.83215611001           -7.13235981841           1.40382844771            37.8705501656            -23.8573996702           48.017413749             -22.8669716924           25.3774951519            -23.363167105            14.0497148757            -6.13807203496           -20.7751859182           30.8623960358            32.3447926478            0.0802430123598          2.58313121433            1.43048313755            1.69081826994            -6.68995867788           -4.40339662137           -0.773428455094          -1.6596990811            0.0883902927167          4.93588632105            38.1185861887            -15.5596719568           -11.1919103189           -17.410025415            88.3549962098            72.4328225206            3.91867683041            -120.607031317           33.7090817639            -37.487227143            
rwgt238                  -8.08515514755           -8.70775694401           -4.39936443805           -4.86571096608           -0.557896908011          10.999691847             49.7488573301            130.978816854            17.2303019743            -10.9534513349           -12.0063511469           -16.5192535413           -2.77393828506           34.1239113492            26.2376901897            31.5349814984            2.74268004215            -8.31699847076           0.827861657312           1.30297581497            2.38324929236            7.08818786325            0.253604319473           -1.78860704642           -3.06037412871           -3.89046987255           107.354281025            -54.993045306            175.645132911            78.4996703764            -170.061077386           127.704888012            -45.5318552619           -35.0432772074           10.2760986273            12.1802341857            
rwgt239                  -4.85234151492           23.4721237705            -3.64409556489           1.49717365776            -0.0820142308876         -21.6642339591           61.9908114466            57.5920518233            -7.77652881581           6.56016721642            -19.0874113291           4.50414899449            -32.3806689726           6.30604223832            34.2751507221            31.8438651799            -1.17546871913           -5.66719160212           -2.68282773367           -1.30511613605           5.35388274177            -5.78480879187           1.28862407134            -2.82400863846           0.420838616231           7.29447316908            -121.382768784           121.036165553            -138.286622569           -45.7761378769           -62.3349721793           -0.241157346023          -40.8973600273           111.593427488            -166.011967894           136.861435793            
rwgt240                  -23.9494219163           12.0058321346            -5.50295063108           -5.06746545966           -0.536613578131          -61.3871843261           7.96169338619            4.98686238086            4.114656054              4.99496677409            -3.90830177412           -9.03575732481           35.9262339431            -33.6780638559           -15.3221143734           4.33228939474            -0.58667869114           -6.29480764319           1.55330875959            -1.54666960971           -0.496999041877          -5.82273189678           1.76667087852            -2.46724915808           -1.04648202175           3.10404311382            -23.3567288509           126.216992732            43.7480138768            69.5394505845            5.20044817908            166.054728816            -115.806695798           -155.540353856           -87.0157092481           105.229775798            
rwgt241                  28.4903019233            38.8325381077            5.99701978381            7.73678945926            1.52352920855            -92.349438713            17.0069878764            131.932337564            -18.2168071852           -26.7185328916           -32.1984809897           20.2782085532            -0.723072839757          17.7888531747            22.8973960629            13.7738291191            1.47170513244            6.30284873989            -0.904514890351          2.96707940979            -8.54183209174           0.0162319165484          0.303148024108           0.26672243036            -0.850330204952          8.36338849186            42.6639740784            22.6030024213            57.4053351634            52.5989956944            -22.6378271482           -116.290811605           -87.8366302229           -158.940235877           118.419489499            -102.09883623            
rwgt242                  39.5346929049            31.9516807905            2.14883634408            -4.17200888958           -0.0587475309834         -32.6652460367           -24.9366341787           -144.771135671           -13.8460785711           -2.14216665924           -3.98637455367           -18.1423055878           34.569746744             7.59563508453            -8.05027554988           -24.4343661456           -2.56324709433           -2.57349491038           -1.55151291213           -0.182415498355          7.1869899757             7.66039722575            0.871088496409           4.99140345514            2.90403569589            4.12102893495            96.9416538773            -50.9962862159           31.5387114394            39.6341876541            -154.993432368           41.3523389471            163.946745511            51.5527111853            -108.193501456           -139.733178817           
rwgt243                  -36.9073791307           -29.9731440349           -1.95322339695           -5.3107051943            0.795641971785           -95.899461264            40.4930136653            -60.0893531296           8.61539482306            -29.1927018597           19.0668572729            -5.34472981098           -33.629444686            0.278680956949           -0.822895919278          -3.28257840946           2.61046226333            -8.89883914895           0.436425498099           0.0949520120425          5.54318327746            -2.03904734068           2.08079812788            -4.72199845839           -1.41200470963           7.51398050152            -164.307466712           61.0341263485            88.0707836378            -80.5975741562           -142.739774048           -169.985865274           134.97539335             -74.6910015644           -105.077440216           -70.0302967244           
rwgt244                  31.2752122885            4.92590958118            1.472298427              2.36368676095            -0.864049768532          -42.1811659446           -5.20978137127           -59.6645467917           -1.05799227218           1.51609543309            -22.3067317754           33.2771575176            31.1521938359            -13.4869780634           22.5393914154            -26.7071255037           -1.37102885001           7.72839649194            -0.762564663086          -2.73179263845           2.37374166977            -5.54729101286           -2.50688323079           2.20237544587            -3.55298707354           0.847283650312           -38.5814295776           -55.7844839122           -76.5913117135           102.849796382            -17.4944327764           44.2151509015            -138.659508736           -129.391964466           -126.909564246           12.1891116832            
rwgt245                  -33.4187140233           33.4002601118            -6.43204564272           6.99223445029            0.0893474771827          95.7807152053            46.0032431782            20.4437291908            -12.5733835927           10.5688262099            -30.3655888145           -11.18909196             11.1563687977            2.48442160439            -0.899557500218          14.8447193455            -3.12314678594           1.48984255407            0.712551886767           -1.83417871356           5.23060479049            -2.65993721382           -2.61120504161           3.68107459284            -0.517109808324          -4.07344156384           54.469945138             20.5779819524            41.693065474             83.8537673276            39.6076866176            37.9461273289            87.1505095955            -174.265293136           -14.0387221375           31.4682729306            
rwgt246                  -48.6231332408           38.1037202194            -6.15573927599           1.26532678943            0.845949541671           -21.1664334771           59.071518897             -123.60262715            12.93856951              -3.36546255993           6.36549371827            14.4866614471            7.31706956579            -2.37571040982           -31.6297683078           -35.4781567722           1.94478738035            -9.12341260951           1.22578369566            0.26153352465            6.99929838147            2.42700728751            -2.10483158011           -0.451435186635          0.334905012854           0.767267505552           73.7408701514            -137.628176674           -83.4885065392           -57.0604953598           172.697804103            -32.9887940471           -52.5698496606           -72.1446723512           59.1366573286            -22.7802801805           
rwgt247                  -33.4796301519           18.1907056535            -3.69133187724           0.944644453964           0.454672031446           43.4781991422            -7.77889347079           -77.2202053568           21.9036498576            0.240040224204           17.894245633             12.8899282619            17.6755428178            -5.7272092183            -21.3000466323           9.93305677834            -1.31777913141           -6.97309023205           1.40270447795            2.69515646335            -0.277430874262          6.16823315346            -2.06543386327           1.00866530559            -3.11271287538           -4.98608805455           -66.9435536845           -161.155827537           49.1440591742            -59.8107420456           131.79397428             27.5448037646            133.468162893            154.375112               -44.3997462091           34.3948290293            
rwgt248                  -29.1338640417           3.47505641995            5.90409466116            0.31229378116            1.16703912444            -77.0829785182           41.9726728978            5.07272678679            14.1285753147            -32.6939975413           -15.2708638309           -3.45887149716           -16.4546836331           35.4210098046            26.4913236039            7.04347062767            -1.1456077853            1.51371445354            -1.85518022009           -2.16417485903           0.511524465934           1.23457910216            -1.52685042263           -1.11742964102           -0.271020349491          7.5915536255             3.54924828721            -74.8586573936           73.3335248165            100.059687033            -128.958411129           -9.91327405096           -45.9157566769           54.245682278             -154.773769225           30.6520076418            
rwgt249                  47.276538547             -22.9568147939           -3.10819897321           1.31702982492            -1.69301392505           -65.0493183644           14.2935334138            37.0933346245            -22.678450511            23.2414198824            13.3216305957            -5.96772978062           -26.0548916548           16.6864264812            -11.4400400898           24.4919258437            -1.14222029736           8.35721059918            -0.793628674498          -2.97631572371           -2.6598802574            4.47354471748            1.4712205721             -2.73396345928           0.316467352763           -3.16184643616           165.163818214            52.2079045511            38.1865102366            -9.65065697487           67.988334313             86.2875222156            155.133406951            71.304930346             139.130305493            3.76472138676            
rwgt250                  -24.660695021            31.5550281452            0.020131930418           3.02939977494            -1.7284649745            74.8467143429            21.4225639091            16.1773213324            -9.71944742786           -23.8256404039           10.869272937             21.9653641863            17.2482178416            -9.9228711026            1.06548229512            -27.2136256019           -3.21921679152           -5.7970164751            0.109094990502           2.99405386521            -6.63120080778           1.18854174051            -1.65608963632           -4.46294112934           -0.0159579876512         6.82690127581            70.9643999136            66.3857092902            98.0570832642            -118.315116133           86.4823915423            21.4116988413            -60.526733137            96.047183469             16.0395093431            142.398668933            
rwgt251                  37.7077292645            -20.6125530832           -5.56580072048           -0.13871028827           -1.43544260663           59.7690086356            -43.8245628284           56.6176048558            13.3528444443            -16.7535249516           4.68335946784            -29.8392808484           10.2093639152            29.7112339811            -28.0984448997           -8.21426362367           0.635297667437           -7.81513494526           -2.25992351056           -2.43522860547           8.58866886418            4.83648343923            2.54729497834            4.06345457907            -3.11230002132           5.8047149233             -40.8387088072           -6.36862340037           -142.287066883           174.274296718            -15.796399903            -150.357621372           -129.682510698           157.01064845             -99.3760261374           31.3537285292            
rwgt252                  -23.7057475116           -1.99772110348           -6.34783219528           -7.40579692249           0.945509450812           -39.7377197329           -43.183993565            -71.4759846831           16.0662020789            12.5893365454            -28.1070187085           5.7437580718             -31.7731765858           20.5315796634            20.8377605879            31.863720923             3.13032738574            -6.98693070714           0.915494392457           -1.97087400219           0.930927478668           1.29511983909            -1.77348157108           1.13983566785            -3.43208772776           1.36887018009            166.171067718            -132.728438577           -13.6521447199           -61.1767628531           -144.695212504           -147.217435974           -4.43278016719           118.269180667            37.870646409             169.54352965             
rwgt253                  39.618129124             35.9123706618            3.5036625593             -7.12560234872           1.46157808114            63.1131768216            57.4618832274            -102.755527798           12.1226295662            -17.4799791605           -4.82986947416           -12.4949033547           -29.4228080243           -1.12381286625           18.4839032127            -18.3724256576           -3.0009545954            -7.93338238989           -0.318586804005          2.34035520874            3.19369238584            7.53982358092            -1.17328444542           -4.41012005767           0.181072338073           4.18690852363            107.340439706            -48.0711141126           -86.5791269018           -169.327333486           -83.9230241062           -39.570720587            163.256878428            -177.958742142           127.620175681            113.763195481            
rwgt254                  16.4855047211            -23.9346323751           6.53043727625            -3.14100015696           1.04770440772            59.6657479652            -18.256555262            160.696108283            3.709867376              -30.6369170029           -30.1491289604           9.56846748896            22.8137526993            9.92312650624            -34.8323802237           13.5285789243            2.68046669024            6.81190125538            1.09702661717            -3.35594699261           4.2142802985             -7.06929974431           0.0200962606324          3.27196058359            1.56373569813            -3.30753947956           62.7324226667            154.193096455            153.019033487            -13.9465165909           13.6784068433            170.635963673            20.0754978575            -82.8546724816           175.847403067            158.01952949             
rwgt255                  49.7551328936            3.16214911766            -5.46478865987           -5.21330295809           1.14250104971            -63.3241589292           1.34284794555            -105.515361503           -7.6063534764            -16.3550227303           -6.08356031366           -35.8825565102           13.3999296495            28.3782210321            -10.1132738702           -26.5106534325           0.931318689169           -2.0907283766            3.39553778806            3.46150335401            7.79653193114            5.44139286444            -1.60923349169           2.30451792115            2.51740401313            -5.11127269736           -120.393308726           150.869576345            159.654568796            67.2510030124            51.4906931046            -154.306101827           -18.6097824821           -177.0210589             -46.9601594186           122.733096865            
rwgt256                  -33.0065142147           -25.7647536468           2.81654334089            -1.84244132204           -1.24132041227           -60.3101846386           8.48246057216            -179.726708255           10.8264848849            -14.1916722737           -15.4092184418           12.9029224012            21.9801262364            -5.5875017476            -30.9254471385           -34.9688036766           3.03756071214            5.77728970535            -1.5040331887            3.17876990938            5.38263468076            -3.89327787635           1.52131450574            2.56665450039            -1.90796629879           1.20176362976            -43.8931332946           -15.7824986415           -53.213403412            -50.6741548512           -56.7004149086           -94.7497323679           21.9766254709            112.574220152            51.7397529526            78.3220008735            
rwgt257                  -6.48781321723           -22.3104289856           -4.32225098958           -5.87148383853           0.0936874979767          -30.0682193786           42.8039625145            -81.224075912            11.7236815994            -16.574514249            7.97514082969            0.96641307158            -3.61154333924           34.7422865374            12.8391615218            27.0553802281            0.976779692778           -1.13316223162           -1.22638781647           -1.42159646334           -3.36529197054           6.23336467093            -2.03581841936           1.81081819148            -0.384054930379          -5.9709688198            135.304845918            -77.265534578            41.2692831893            -72.1046228218           94.4186772909            107.073286027            -67.0353003381           -64.1845641482           -46.6418594813           152.152762359            
rwgt258                  4.30476512708            -26.6463053864           2.91504545941            1.41964299932            0.191608043305           83.7194213402            32.12932061              49.8058088993            -8.07967457558           24.4052615704            30.7276960358            18.9313120003            10.4485928672            -34.9904970822           23.6789732228            31.6102250943            -0.0454063610447         -1.76674868954           -0.642701986647          1.88212408081            6.47671103056            -7.39211437731           0.7777226845             -4.41163971991           -0.0364029012305         7.1315184469             112.93322507             -46.9583716017           -16.3320535101           -76.7042175744           81.8872940913            -54.7191581811           176.23954015             -155.93540307            -155.411922547           -16.712243898            
rwgt259                  -34.2184729631           31.0478661377            5.05313972058            -5.50757695425           0.860640715625           70.5012133672            54.9834567246            -18.1202418502           -13.5897715507           14.1525186059            10.2145964012            -19.7609103458           -18.3558214435           35.7463805613            -23.2047000073           -11.6644746637           0.65168329896            -3.6662773193            2.09107813145            3.11451118093            4.16331629013            2.01440558989            -1.65032273396           -3.56597991717           -3.58074307521           1.21509802165            -176.27926683            29.4663627675            -18.452891454            16.0297299832            -24.5196366987           170.101160518            -107.697748826           122.511013042            -87.6545149042           72.8266616787            
rwgt260                  -1.86929747623           6.07473401039            -3.08784769713           -5.70587224272           1.44972088848            60.289243601             -55.0119645586           55.5660928741            -11.2201740979           33.4993160182            -35.04612194             20.6448155822            29.330007056             28.0040724111            -9.04993644751           -35.5272867138           0.102603149185           -7.20465000638           1.93274424395            3.26878268609            1.40198257188            -0.249749869522          -0.356229197607          -0.395105666942          1.35254328171            5.35712041572            -27.3597110086           -65.865472969            32.0745730315            83.0788527712            -30.3399583129           -146.272688519           -1.51162916123           61.2906338312            65.6190041386            -52.5500906476           
rwgt261                  -50.3962326772           8.09663452667            2.76333151223            3.23416768415            0.858249450715           -55.8769810005           21.0367455103            85.4237949569            9.1963398907             -13.1223363412           -7.04096139155           14.84034419              30.3076599779            -9.37583280661           12.977435913             10.0150180103            3.22791764746            6.73867798423            -2.53213486044           1.56877520634            -0.783532634103          -6.69727756435           1.78713086689            -2.80114786318           0.369355183651           7.59890797788            -52.1273739559           -39.2308206378           66.3079505945            -58.5921571788           -47.9315249707           179.428788557            -107.20573378            -146.349576619           -142.664120829           55.0790263075            
rwgt262                  30.0267518098            -8.42294718804           0.667688099481           -1.22437359585           -1.63781136675           -73.1633619121           13.8673196271            66.946230199             2.77783889567            -23.4182611639           27.6400633176            33.3112513113            -33.7500236445           17.0801651988            -33.5477930409           21.9524156185            2.95273254669            4.41676032141            2.79872116889            -0.344638059384          -3.39915817838           -7.28909897657           -2.59490071204           -1.6723821087            -1.09100225921           -7.97729906712           152.659515869            -103.861249332           162.133148603            162.88677544             75.2151842094            -42.4575666721           -113.808184901           -6.87237162529           -141.389778637           -114.345885592           
rwgt263                  -19.4868239173           15.8223680406            -5.10212564733           -6.21968316851           -1.34310906383           -49.2875346687           -11.2741435058           24.9045561255            2.52721367895            -19.3037673059           27.504983446             -20.1565323101           13.7392881624            -29.4938853965           21.1146877948            -20.151328608            2.8232423828             1.50543463792            -1.96238260835           0.00174288099887         -2.60103851334           -4.21446748842           -1.38346053267           3.92057538206            -1.13422010839           1.4535595084             158.978765232            -154.707980488           104.017056363            74.2845771952            -44.5178213464           -71.5013863961           117.487195639            43.5508385703            177.299455483            73.9009226524            
rwgt264                  -5.83562977401           27.1659318052            -1.8654559163            -5.72610595644           1.04919164691            -30.3688279044           -22.9401464105           32.3040002826            -17.3585858448           -12.2478476168           29.9687586319            -8.17679471739           -14.639148156            -30.8899567146           -18.4621603932           34.2733413877            -1.83721583279           -0.674674779084          3.35292715447            1.17685861126            -4.17389624919           -2.0258226407            -0.635228982724          -1.01674819816           2.11996570539            -2.36413041695           -106.822206173           -91.6926103382           -93.9933519782           83.5318044324            -141.442259956           -143.860627215           48.4946041967            71.9012936976            -156.084425106           141.263360322            
rwgt265                  -13.6510370637           -17.067518755            2.97036863869            -0.267626037906          -1.70783529948           76.9491056727            -4.02408574207           102.583823142            -17.6968955643           12.2070821955            9.3586321849             -32.0961737109           -6.44632434362           -27.115812866            -35.6475647836           -27.790150986            -0.783104129863          -1.74341110764           2.12635581691            0.809418924232           7.22908403717            6.55449159235            0.340009524543           -3.38983245771           -0.337251824707          5.84304596007            124.899822564            -78.5376707686           113.847342803            -47.8033785243           49.1426808147            -155.166076393           42.2041579159            -167.968805802           -39.2123740591           40.8229726197            
rwgt266                  11.4478264465            17.0317713824            5.37753814753            -2.04255168987           0.978664314693           -10.015239034            -19.1289770682           145.001699866            -5.59173462861           -29.2229519919           -13.7235710977           -30.5032241719           -15.5527481296           17.9925217703            10.7472638656            -27.3724136781           -1.28949259491           8.72355093818            2.67373544339            -3.25453493353           3.04752749262            -7.53837352968           1.20967919531            -1.56146617866           -1.43865610689           -2.91631165609           75.7566794162            22.4462242056            -61.9401826033           -9.44420368456           34.7992249213            -138.333044744           -67.6456379069           -149.686648772           161.387006581            109.120759006            
rwgt267                  12.0419358804            4.03361156736            4.85800492935            6.46911481285            0.738813685652           -95.8849277206           46.8025155275            77.1444537081            -18.9447575202           -19.7712295743           9.37176903857            15.3180541303            -18.4059386003           -30.4281041313           20.638923599             -0.139750752891          2.43678658867            5.32120175344            -2.01371145788           -0.660323210782          -8.56658416679           6.09494560939            1.35865365537            1.40048437722            2.04268484482            0.822265335602           155.735147876            -59.50180547             149.393447581            176.357933195            120.142891018            -135.603221516           153.982496376            167.086802249            -124.239400117           -41.5207001671           
rwgt268                  -37.3482378703           -19.1410060949           -4.37632251465           -5.76065494185           -1.60351137398           5.67867189117            15.1421195643            26.4185573076            1.02475531924            -7.0999765504            -25.716913866            -35.4056311839           26.7812611973            22.9226955018            -26.3244531605           31.457671681             0.54650933103            2.94607329714            3.36620509868            2.55848167974            -3.12939632593           -4.07059958232           0.296508178349           4.83051837744            0.0255372286527          -6.7947322645            159.969197993            47.2574455996            -117.923047037           122.786782775            16.9207406784            2.55005612522            -167.066518572           -54.2245854661           110.509322567            -3.35019196345           
rwgt269                  -19.0259977464           -29.6088350319           3.65702417275            -2.45098440167           -1.19159552352           -81.4164984211           -36.7401372345           -118.864944408           -4.81058824391           -1.86826496509           -14.929209959            9.66195160942            2.11973816717            -7.12417143379           -21.0457315161           33.3066176448            -1.72586171257           5.95175836221            -1.95832404637           -0.631621973754          -6.07136467579           -3.54143052378           1.04376940062            4.80778113508            1.05093370975            -5.95811877404           -39.316101087            31.0797087167            -20.0280280835           -142.311533204           -103.128487379           71.3463669985            -112.708792              159.184722219            48.4274597667            56.9919464558            
rwgt270                  -14.5660911731           27.859722112             1.14879568877            -2.97515554596           -1.08309073378           66.6298725066            8.02835599537            -24.6613434053           8.82947588535            -20.0885798217           -2.69508384204           -7.58583125656           -26.8815027728           -31.0587761067           -32.6098940358           34.8900238626            1.57511028171            4.5140063801             -1.05129839991           0.583191554218           -7.76133722624           0.573680240379           -0.276549888462          -0.117730081836          2.80490520971            -7.72595239243           -85.6019783102           -26.6794591771           -37.6855315723           14.8339095224            -36.5464510586           -95.3156557389           132.729390017            -18.1385998508           -38.5173136202           -78.7694287053           
rwgt271                  -47.3135800146           -14.009298238            1.09012738938            -1.55545557684           -0.426589411842          68.1126227092            -31.8333137827           -78.5556901013           7.29460783383            27.9012848806            31.6555564945            -20.7993740758           3.99967450467            -34.1912021938           -14.3428047119           17.2416763136            -2.25445569589           4.19959130811            2.64182374186            -1.99345343298           -5.27119679683           4.21832704863            -1.12876525954           0.644176175741           2.23520006622            -6.90110226458           152.293240673            -57.3203386666           -55.5713151224           46.493334302             127.204911476            143.105033105            -89.5987916082           -89.7799219621           48.9140524915            -144.853675149           
rwgt272                  23.2492329199            -36.9704719637           -1.45225407511           3.30792823941            -0.197327269255          66.8991018761            -16.5223996842           -149.296649521           -17.0713508008           34.1401121762            19.2600261583            9.08802518508            -12.1391169847           -17.4662396111           21.6597746586            -19.8856189603           2.02163895053            5.45738750233            3.34206967673            -2.47056775035           7.01311721334            -5.5248781113            -1.92244028455           3.32332389409            -3.42321812094           0.312927668779           115.178222514            -93.1953314175           89.2676155522            86.116595589             -68.2855269473           -115.643499523           -90.316050809            148.417478365            -107.399261452           -37.9152957827           
rwgt273                  28.1804011583            26.8426143451            0.574165366764           0.0911219854218          -1.59236341291           5.09431962954            41.6208467455            145.27365042             -6.83094534459           -19.4601977766           -15.2647810765           27.1962861472            9.73736953027            -33.8368384099           -0.799932835074          -14.3524551544           2.12052203051            3.76366625385            -1.95617812853           -2.41751425291           -0.288345738228          -4.36206115578           0.929304887053           -1.20546978743           0.832617941301           -5.19838054625           -116.834624686           21.7604909248            106.017041943            -152.787296685           11.5793227439            88.0264441281            16.630509687             -135.283252552           -54.491250737            -123.862848754           
rwgt274                  26.8554031956            2.16868181985            -5.09923773406           -4.8735570755            0.38948712166            5.93875084647            42.5716964352            -158.937680603           -19.5493996296           11.7121663041            -34.5636464516           -24.894871545            -28.8138440931           34.11267329              -18.5937736753           -35.3901489297           -0.242865547882          -4.19944130946           1.21935966552            0.617319962848           0.36012683506            -1.18529988377           -1.73736919259           4.93470515113            1.01129555766            4.77501849635            -6.81493433322           -175.168892486           99.3096854731            119.21938871             -133.611674025           91.5525511083            -4.49755473661           -48.2083155964           -76.8032862333           40.6374123824            
rwgt275                  19.8899356501            31.6239714473            -5.40563395497           0.494152848105           -0.682102909911          21.8090255876            20.8883020514            143.595572346            -18.537713385            -33.858504582            -6.55051950815           22.5146576298            27.404104056             35.1942929429            32.7587673474            -31.5380601147           3.30980109246            1.5233319071             2.08327854933            1.92774855329            -4.31828616441           5.21345250684            -1.420826893             2.68485763007            -1.06818953061           2.34173487633            -123.200166276           -162.348001304           -72.2319005385           11.8132938363            -116.842106814           53.2132938157            -54.1418561732           -124.879918539           -75.8596712859           163.785747779            
rwgt276                  -1.79929875485           -12.9267936538           -0.154194368828          2.38578046612            -1.11178827807           9.49482085374            -15.8460262834           116.726529596            -9.40260491272           6.33279731385            -34.8050023508           10.0173233354            -10.1377994118           -12.9245528481           18.7597701652            -15.4470805333           3.21953662887            -8.72430543684           -1.82401848347           1.51336160568            -3.20010588576           6.65681186988            2.4613889668             3.94010531364            2.9390983218             5.01359120253            47.0237714897            38.2553047904            34.9678384698            -108.302037557           -145.688459865           4.94553454387            99.8540836472            83.3439932791            93.7825424155            112.316130691            
rwgt277                  -42.6380793373           6.59617092472            6.7834379771             -4.34544905612           -0.481060748732          95.7730114029            -58.0433408827           58.0822015239            -4.18308245333           17.0028122272            5.33971402412            -26.9066596336           -12.2001588162           -8.63022066713           31.500149829             -7.77736694084           1.83051693607            7.22960302279            -1.83348021742           1.6350886686             -3.44047047952           -5.48452246493           0.666927413868           -4.33548751308           1.46043582143            -5.51096920301           12.7852208558            -115.032134287           125.990780394            148.775882183            143.343397335            46.3124185906            -137.12618665            24.808791529             95.5723569711            -8.83759617989           
rwgt278                  48.3961396062            23.4600507374            6.87715512326            -2.28713881669           -0.816365645167          -54.2199160711           -5.4991604081            -148.446418315           -2.06196857465           12.7011144437            29.67605005              14.8238940081            -34.269637196            -8.68643252467           8.23028383746            -32.9820072178           0.380903289614           -6.47387225174           -2.4794980448            -3.19368216016           1.34663180107            -3.94227772638           1.51734330445            -1.91443903785           1.7343804606             -4.64389589791           106.293619569            125.073564987            -174.677099195           27.4825159283            -102.457189859           174.444980986            110.606631084            58.1253889633            -43.813157638            93.6313693376            
rwgt279                  39.1308618993            -4.42767780907           5.59652439556            -1.08217043719           0.242690374622           3.37298189239            14.1734807316            -126.649169734           3.96779401649            27.6889285978            -23.4763195932           -33.9288014725           12.104847202             23.9985181298            20.2925533346            12.7773551761            -1.68794052314           6.33153572927            0.497136960062           2.62775560435            -4.23956517882           -5.76135735958           -0.418560403363          2.71658714437            -0.788507138525          -5.25254887115           -93.913689777            -121.442410221           117.059333744            -161.401138259           -135.729700205           -102.252844586           -120.741956715           -141.217532196           10.8996656195            117.141817151            
rwgt280                  -27.481063293            36.3597746324            5.5290175558             -2.04478980661           -0.339414297077          -65.4533384778           -20.4590932086           63.8498703534            -6.39645897153           6.36856411528            35.5428726316            -2.64000267971           11.2572826647            1.83230498526            -33.7784369304           -3.32593850476           1.08615883388            -7.64708350104           -2.98989437617           2.86379924523            -4.76727524973           -6.68705798252           0.947472071778           3.53644158793            3.44475397681            1.58035703298            10.7352928891            -141.418364091           -5.75169296749           108.144215668            7.98347181467            -146.727510682           55.2389822324            -113.991847276           20.2781906027            -45.1505180499           
rwgt281                  -34.6067079505           -36.3546441597           -5.76180159212           -3.0557554132            0.367334622998           83.6203582867            -44.4465982905           164.052123298            -20.3309015928           21.168488789             -24.8794828847           5.83022594071            16.3669514682            -11.124452091            29.8220554894            -19.6327473196           -0.913095368907          6.89557355572            1.61701543894            -3.21305713093           8.66733198851            2.85404299503            1.51911035042            -4.79226379842           -2.1478411788            8.52784256821            82.5224788494            100.787556767            6.32364030047            -31.0828566311           -20.1135219313           -34.1994056074           141.271661884            -101.333193553           -179.806024699           -70.8461653278           
rwgt282                  33.488048111             10.6447064005            4.66876065504            3.72202164227            -0.810686026751          40.7307056961            -42.6915455704           171.535616891            -6.49528520046           22.5816004966            15.2289022728            18.4453193881            -29.9980349641           29.4187147047            -11.4491816309           -22.6287691319           0.850037138274           7.88980752128            -1.49986869255           -0.521592662654          6.37823583861            -2.53457061075           0.312011292551           2.37990939235            -3.52637478038           5.92851170978            -172.931184299           -156.958121871           -171.123026653           -98.4297530419           169.465437833            -5.50933538459           113.239436617            -7.2880944795            -150.38128065            2.6924664731             
rwgt283                  41.8103618199            5.16290270888            -4.40116348627           -3.92462243167           -1.62067937241           -72.2651158019           -8.17539521516           -87.5825268965           17.0069537941            -23.580712787            -2.32894323548           -3.03820094645           -35.72972583             8.42762225826            14.0122390377            -33.941522727            2.92320435504            9.26560176107            2.06989314528            1.36505337279            -6.57976965984           4.76588868759            -2.04767322355           5.14595152981            -1.52352584507           -6.72582541173           -0.529314487904          -19.0857605284           -47.6882182936           106.379361683            -83.2027590476           -136.638943789           -43.0691891608           111.519869399            -2.08160808215           172.759759983            
rwgt284                  -25.0660303108           22.7399112009            6.94033449707            -5.71681553454           -0.780318849636          -85.3819800884           -37.6093595774           -175.482060747           13.5824003833            9.02971030477            -8.14702285517           5.42476103852            -26.9760398581           -9.01679875738           -31.9155971585           16.5552870489            1.25458894535            -7.76347333322           2.38252416565            1.06808000737            -6.53481882549           2.99083678899            -0.00765059160833        -4.8619453575            -2.84660109785           1.1849348093             -49.4280051502           171.861841616            20.9314296387            -88.6244477137           164.213531037            -102.650062473           42.9419701223            -48.6555837284           -29.8594552009           140.229352613            
rwgt285                  20.2958500714            16.5469184395            2.43605539215            7.19920286748            -1.12594492805           -31.7529780572           -35.4494411439           -30.9265621305           -3.64215134078           -22.5724262468           -16.008321152            32.1408373086            -6.24005152866           14.8883682964            7.33382749055            -18.779916885            2.87663744369            -5.01889756765           2.29933600808            -3.05487788092           -6.91036329877           3.3282035214             0.67651405309            3.6907160435             -2.53716539702           3.83726029158            -141.300514482           -107.348825846           43.7134187992            94.157824561             -66.8446084506           47.7721184327            -84.9026996906           -160.506164015           -134.878227973           51.4020956969            
rwgt286                  37.7335469009            5.61342713964            5.56620036838            7.61808788404            0.0866020139968          -72.6446115344           13.2525785268            -63.3145373758           15.9994147482            30.4671095668            -33.987511981            21.889033278             -17.6891321657           -27.4311775278           31.1045892691            16.2628664504            -1.1081029507            -8.74467569403           2.91624051367            0.739158214556           -7.12678235088           -2.33777744895           2.29653167463            4.24386071983            0.600234218551           -4.14252550269           -37.9592954272           32.3208482584            -70.2862455105           78.1855439725            -59.9049398133           8.83803224367            76.2719240508            24.6493552969            78.4997473135            -143.14819447            
rwgt287                  24.0903948318            34.9898187582            5.65029311803            5.16616611128            0.756251228017           15.5520652821            49.7307058104            165.584223537            11.0447078182            13.7816115333            -8.30968893437           34.3885145617            4.66435617834            -24.1244262825           18.1990777585            -22.9867121291           -1.96550474303           -5.09005787067           -2.60757780734           0.416939836217           3.33548399648            1.78191293598            -1.01993436341           -3.8334417893            -1.89308066095           5.81252599629            -136.26891827            114.453780316            89.1668635877            38.1838477436            30.9914415898            99.0765597081            156.123305625            62.3733585769            122.805868303            103.473804108            
rwgt288                  43.4922206992            -30.4614808429           -2.56434848864           2.57907668038            -0.676851848871          -27.4397082939           51.0607147172            -8.85509807256           5.84419050083            9.95802707015            20.7387482371            35.075542638             -25.3737193911           -0.0985639930483         -25.4670799802           -18.2819705874           -0.259262640217          6.40962221279            -0.599333488763          0.728487016132           -7.4364903733            1.6048707839             1.62791282308            3.7232999725             3.61155945266            5.41287167071            4.04561090133            71.2032425797            -105.156112025           -70.4841129071           -71.1980977231           142.766261207            -48.0940276739           167.709425501            -63.3245140246           47.7507296744            
rwgt289                  1.08983600809            -35.0076377889           0.699101127343           -6.06190524117           1.06625253376            97.1908735864            -1.68590818666           -121.189070178           11.7860339383            25.2664401542            -30.1160994903           26.581555645             10.8278723856            6.04888813418            6.88669707859            -32.9991500508           2.24949696121            -2.57607848041           0.154003932622           0.062197596863           7.74133046392            -7.12496783638           1.18389212819            0.431113189122           2.20773804134            6.28700453126            30.6581048664            27.1397449336            -81.8707929639           -69.5198149298           -80.4470905746           -134.244754804           -71.1812915866           -17.4336044182           -81.7869447401           58.5603615535            
rwgt290                  9.86227903257            14.9641944471            4.4487662331             -4.40861245168           0.396234416248           59.8614241435            41.8280242199            -76.3254872633           20.2835481568            -1.91183643699           -21.4367186986           1.94700640065            4.06510908909            -1.78194536371           -14.6650014694           -5.16988023222           0.32089783246            3.36260928632            -3.32499842601           1.07951426532            -6.10550907083           5.33679169561            -2.14660796379           3.46012214104            -0.386402674156          2.08136077998            -15.7675427685           -77.4651549797           18.6641407149            -78.0563358216           -74.280556858            -70.7032118434           -33.3919982655           -127.720599761           53.7698508276            121.248214258            
rwgt291                  -9.75480370158           37.4572847239            2.72792024366            -2.06629340512           -1.05218827971           -33.9668286567           51.1191122856            105.527185069            20.6730206463            30.0793369165            6.184078706              -12.4415812949           -10.6043136434           -24.3151309403           -3.23799348714           -16.6887586406           1.09329306754            -2.1146291923            -2.26263587705           -2.97073752205           -4.71265763999           3.82769806956            1.01400848104            3.24285663181            -0.0734389035139         -7.97427769439           25.7214548563            84.500776653             67.9596975001            66.1006722814            148.929328373            -65.8367944741           -74.7458320267           -2.26401024646           22.292630587             131.098467508            
rwgt292                  0.729031752899           -31.4769039175           -5.81549134948           -1.39356340752           -0.0686100852037         96.4705274098            -18.4532824386           150.425448516            1.19526768528            -32.5224621919           22.320789508             -0.709849661033          7.0756604353             3.93962142397            21.371299606             3.45228653973            1.29137266688            9.12471968325            -0.834684775234          -0.523821800515          3.15616093509            -3.48680107233           0.724642504604           -2.81480828308           -0.788461605249          4.94087168189            79.8106082083            153.792551381            -61.3028672741           166.662099168            152.325134337            -46.4893323871           99.0088440402            -43.7680599764           -12.0764724945           8.88029093567            
rwgt293                  31.2704752055            -22.6537220893           1.64173899824            -1.00801147462           1.61073933326            76.1116773939            -25.6460462549           17.2473825207            3.69268357815            10.735675284             -35.728916788            29.4993801448            -3.20840318553           -26.1252708484           4.00000473189            20.8375420706            -0.488205525496          -1.51040681409           1.25389850129            2.76330533607            7.01441881447            7.08782779311            -1.01704335278           1.81279474955            3.33114062743            4.3404677365             -116.407226798           -25.808701066            66.5577018982            -137.395603578           -142.770581169           94.5038734798            -47.6714312925           135.70488963             -68.2360482634           41.7395557799            
rwgt294                  24.9525408892            -2.61944652829           -7.25007870109           -2.94806762123           -1.53247419321           96.4899290999            62.7514151675            -155.055861377           -3.05877050456           -14.3526247343           8.72860059212            7.60251884123            -32.0030730114           -22.7369475944           -16.5378564919           -31.1767285886           1.39924124907            -5.22296543112           -1.62873481727           2.44883694407            0.612037557774           3.39007613586            2.1477517802             -4.13088380495           -2.9269047675            -7.28020874578           -119.571828511           9.38643079504            -108.224905859           -36.1083993683           -116.002823474           91.265814411             -79.5696931098           -168.951835659           77.9990767275            80.0334948433            
rwgt295                  -16.1687366562           36.3373253041            -3.29980319049           -2.00260224787           0.138536532656           91.1620420776            -19.5797427815           -88.5863157091           -17.7889479506           -26.0890899091           -23.2507392738           -5.29789905233           -3.760491698             -20.8616019899           -21.3977146367           -6.28264287606           2.80858194474            -0.0137294503701         1.55214024374            1.12253811164            -4.03761166367           6.86467539891            -0.102186585534          -3.85618864449           1.20338155307            -4.74897738741           -77.6645215054           32.2330230999            -136.729683757           151.281174335            -162.610664316           -95.399988694            -125.308505654           -163.367913035           -142.462350276           44.2722006049            
rwgt296                  3.81787940704            -34.6270350976           4.0563904079             -4.98581970937           -1.51154782443           -84.2102879859           -27.7840488443           -179.83397788            10.5199045275            16.0812960093            25.9070011447            -9.23087481107           -31.0721003825           27.2411425981            -5.1799975061            3.90804067611            2.9127321592             3.10021038102            3.23614495641            1.91411527212            -2.69211303007           -6.72455310322           -1.42366276456           -3.34515028202           -1.86380773268           -1.61005342386           -153.7405242             -4.48847353211           14.5902978163            -148.299988258           -74.923981254            -88.4359466578           -113.218096291           146.996455349            125.013890997            101.300790436            
rwgt297                  22.8774430837            -23.8161832854           3.75729297802            -0.834855520031          -0.131199997491          88.5552180328            58.2209534114            117.696278885            0.276500123503           -2.47827954991           -17.6072499868           -15.8523646232           -2.4992253047            22.8595558415            -14.5067809193           -34.4668007762           -0.67167064267           -0.676208971929          0.906681708475           1.74945105761            7.66021893314            -6.8444513448            -1.57638012528           4.83900155214            1.14415028218            -2.65785519871           -46.0186453099           -10.3066723763           -104.541577932           44.957109191             56.6730944159            -127.379194555           94.017669539             42.091997152             -30.5253506871           -27.9907319594           
rwgt298                  -29.0439369851           -28.6192190522           0.538484784864           2.17377338115            0.747161936045           36.3906095935            8.24435623298            -47.5931395056           15.9783271797            -10.3021166645           -35.6783255935           -1.57890323148           1.63782477228            28.3782367584            -32.0925667402           35.7740852429            -0.1529935755            -7.00674181843           0.688386348013           -0.810903995874          -3.93945669284           -2.36687129227           0.975156484727           1.86809254292            2.7658314764             -4.10680532129           -179.050021895           -68.064545471            -143.850589926           -99.5664767339           -44.0781603846           -99.2255342845           -54.6756169745           36.5780736369            77.0497609734            -125.12943671            
rwgt299                  -15.9984747407           32.192032132             -3.58714238343           -0.855181963545          -1.36798554926           -37.3997011041           -53.6120384602           108.318365313            -12.5141935344           23.6600788427            12.6244804192            -16.0443802661           4.97117039999            -31.4706774456           -19.5796116847           -3.04808184361           1.8352083375             -9.06615322378           1.95872165689            3.44540679885            -6.94089440558           -7.06152618782           -0.119475725877          -4.38346077106           2.62819182315            2.88141361176            -1.29613565127           152.995543489            113.677077482            97.3419426987            -170.205006168           171.673372214            -38.8923819162           136.792659648            153.426128358            -74.0711484736           
rwgt300                  -0.9397267555            -29.9415344223           1.86200813517            1.08307763942            1.5868156403             -0.519633629365          47.6262393917            -173.343764055           16.744403802             17.5699727223            20.5379208668            -17.0577225857           -30.4003103262           -31.3803009758           33.1622114746            34.3383683387            -1.80797868288           5.55498995513            0.660564175643           -1.91397103447           -4.25025044522           -6.91594802087           0.448003666515           -3.52620069716           2.10518460295            0.958980727998           -146.842077842           -178.243343639           -134.141004747           153.022335186            -10.0805108948           56.1567785309            -116.504646274           -102.439949751           -52.3734329462           -121.831808754           
rwgt301                  44.595510782             22.9194375664            -5.0510341872            1.61366656347            0.830233342968           30.4935435539            -19.0875731556           157.099769131            18.191569033             7.5169651221             0.866679123454           34.7744096985            10.6625109079            24.5574794877            27.0570944824            -30.3189852697           0.387379468633           -6.99284638983           -1.36934366671           -0.966740578687          -1.35165096962           2.70580788281            2.47141575559            5.09153707566            0.400378531299           3.49970518538            -5.53659798015           -90.23494064             11.616037899             161.129746382            74.469274117             -80.8202078804           -33.3018133387           18.1548797531            -112.925352302           18.6834514813            
rwgt302                  6.39339594142            36.6204540588            0.178788016609           3.82298260625            -1.25627885461           74.6125609078            24.9967104132            -39.2711387078           -17.8365523152           -24.7999646163           17.456296671             18.5681161408            20.0744669401            -12.0694850172           -6.72711940064           27.8589429797            -2.08452243865           6.96693678407            2.60327565742            -0.880529554052          0.0924208335816          0.790837124149           -1.04000182634           4.53650918408            3.05772403053            7.79781136143            167.981887121            39.3843024732            0.632542176726           -69.6235865992           -82.754045939            126.977645461            -134.959232693           63.855721615             86.5627414436            -165.036343512           
rwgt303                  -19.5333359719           -28.7107431614           -0.127884736705          4.59414914117            0.0333186286431          65.0822602629            8.90749637698            21.0351537017            8.09865778231            -34.2646362397           -6.78599936562           4.9183616101             -23.8823324918           26.1903126736            -23.5107286018           -15.4089540647           1.35957034116            -3.16782887263           1.56540153472            0.980735285827           -7.36750654145           7.35993909635            -0.930185211187          3.00005957442            -0.13611217827           -3.06961260266           -136.611200551           -150.274982562           139.786651285            107.799665522            -159.34337046            4.73943767257            175.164190685            153.184534297            47.900854282             70.6820102762            
rwgt304                  -48.0915683746           25.6024506247            -6.12147515026           4.88229064002            1.16286678635            12.3523848904            32.2810616061            -123.141957146           7.03053043661            -14.1223516398           -35.1566035106           -22.0049264855           -14.8308150722           16.2341699099            4.78275471262            -21.72561654             -1.40619276678           8.86328777532            1.81232763493            -0.317957416967          6.85155848581            -0.343685766286          -1.53720223822           3.52792467298            -3.70131032956           1.4773334458             -11.2862210293           171.357816126            133.813021898            172.418679556            16.9912136174            -121.550657837           143.833482872            120.052972535            -143.232491637           -107.057597038           
rwgt305                  51.3151035136            -14.611926543            -5.79017949301           5.26242150808            0.383747429228           34.4620999293            -55.7155220341           -68.6968213024           20.4965077981            -17.6124159416           -32.7111834594           -1.47282765656           30.6807574242            20.9591247865            30.8899241426            24.7394818125            -0.505249166418          7.36608578009            -0.377076285695          1.85119689898            3.52003625287            1.95046030303            2.42189851907            3.34419654842            1.40710218799            1.97667392555            -14.5103372686           172.531623096            15.7298556692            116.259935121            -18.9407960918           -74.2468018883           -80.2399454104           30.7094949862            -97.6680348857           -84.9992888579           
rwgt306                  12.2586049948            -33.5412982755           -6.16617613058           5.62256941625            0.564901278595           73.5855960207            -58.6362663118           108.854758769            13.2496197449            -28.0678640366           19.3688516445            10.9071738667            -22.8295188819           -6.25334281169           27.6534482886            -18.7102386169           -3.2795257634            8.12859271032            -1.05833244602           1.0350055015             5.04249877645            3.12509718293            1.31063862371            1.96186871179            1.88146437319            0.648757027482           -166.584230922           -125.938064979           63.9591252995            -160.810161572           -26.6999496284           105.12437365             85.0732968719            -88.1431075042           100.349598684            -97.6625028406           
rwgt307                  24.3727696945            -0.337388275155          -5.50627553152           6.09133110054            0.619341136289           73.9713532769            -17.7279917216           16.3327756919            9.10872554996            -16.5253910797           26.5152297332            -26.5654486327           -25.9475765078           7.14022272391            -28.5530535869           9.67137649025            -1.46794188196           3.26371163135            2.77634150137            -0.169778770758          4.20051601603            -1.45968136697           -2.45910305663           1.6851333446             -0.520641250503          2.22014198165            4.59580481069            74.1518193031            -101.02763755            -107.012800901           157.351217012            26.5311133287            127.726191188            -11.9992493322           123.211221892            -140.264076829           
rwgt308                  27.8087017304            14.5367786045            4.89406306686            -5.25088405101           -0.393437935727          20.6078336963            -43.1386219429           42.164518216             9.41284797768            18.2208483607            -1.88078087697           30.9724053849            14.1987876775            -25.2066502754           31.1001985186            -4.63756269222           1.79257755123            6.6892823911             2.32176944353            1.07414320791            1.66871130125            7.71839899787            2.60469709121            -0.200314773553          3.12302367029            4.8590632125             -167.82778945            -109.541037301           122.037600865            -27.063038629            101.73646182             -5.00903177957           74.6559405246            6.97511448231            92.0124527615            -99.5498998226           
rwgt309                  -32.2796147627           17.9790483375            6.27434717813            2.89145781786            1.35089758351            76.0734682854            50.1179468053            65.582879066             2.41798883214            -26.2436986724           -28.10098075             34.9799776679            -34.8217988831           -21.6081529197           -34.2834351051           -27.994044784            -2.32976383657           -5.54304627134           -2.33328427396           -2.10165678228           4.78261525549            -2.7385490526            -1.33501231566           -2.15873554611           -0.327309383227          6.82752522159            -72.3291194876           165.340233694            -48.9560321066           108.801852561            -120.589681501           58.7191317213            98.9723705458            -93.6425309007           -124.210098124           136.235856448            
rwgt310                  3.27793549102            -33.9888950431           3.22280421839            0.304993312572           -1.20752399441           93.6409762788            34.6486120091            26.2588334051            -10.4274832782           -15.7157113221           -26.8834405119           31.8139896524            31.281267318             -12.3839972953           -17.3909631032           -13.9610623449           -1.28829560638           -2.2679069398            -2.93170031323           3.0134718617             1.28211257659            -4.26315675767           -0.824559303463          1.49038265133            -2.71870587797           -5.71455082618           -101.046558291           -162.491232018           155.678977019            -18.7412437053           -92.7723012137           87.9181507826            -61.4194332951           115.576043585            18.1040406497            47.4783912113            
rwgt311                  -51.5672901629           18.0881136715            -2.28956793628           6.73981878737            -0.2576252605            28.7481032727            42.1266224173            -157.731332935           -10.1289892917           35.6634832548            -24.8114521999           15.7356678493            -1.51974261429           20.3141245716            15.398965116             -3.04380644933           0.59573065673            8.18309702467            0.0911479412629          1.62333268506            -5.99793568457           -3.83250776301           -1.90689752353           -4.24657459238           -1.70321814213           -4.95670195601           -56.3223982618           68.8921640963            -127.531964992           -37.1683064715           -106.405278401           56.4938346658            48.2614448646            -157.258764783           176.810902642            101.93813278             
rwgt312                  23.0584302315            19.4014695698            -0.936227636634          -7.13030136276           -1.60445742821           4.12410794165            -8.76677253288           109.621043024            16.3982022189            19.5969200172            -31.1238839145           23.5032864678            2.83102832807            12.0991267722            -21.6884286002           -21.8164824749           2.71009194834            -1.97010394142           -0.0797510291923         -3.23522307549           4.29705548938            -3.14246592191           -1.37661159299           1.95440085238            3.30949337709            5.77052790705            -147.806643232           -157.354637239           94.9905165979            -139.62170081            -95.0625066103           -143.500594407           -167.074939502           39.0565840233            53.3139532957            -4.41785071544           
rwgt313                  -43.4791745658           -7.08287441638           2.65109450755            7.37562489465            -0.617027937499          45.9988895451            41.2900660392            -46.3733080237           -9.58822255227           27.6196062579            -13.0535174159           -0.906457620359          -23.5069055261           13.157003903             -8.16687678847           22.4364378713            -1.80562770531           -9.31470173391           -0.756097200098          -3.10759032643           -1.48008914234           -0.0242263543934         1.97859830509            2.47298221049            -2.6000133462            -0.162554510229          -125.619788418           52.999920436             -83.7992077915           108.2951166              -134.084218886           34.9969618769            -68.3048740765           -63.2051796586           -121.791527794           -109.750781942           
rwgt314                  36.3204726362            38.0274821272            1.06168343201            2.05232909983            -0.870126938891          -51.5641372231           -5.98475774137           -34.3400349871           6.58908497318            -21.2658275018           0.919852870514           6.61512613829            18.2171420438            -35.6622687081           -30.8917893251           35.4363132811            0.593869876006           4.22434174846            -3.21580662154           -0.101089915241          8.67907032667            2.79927626021            -0.523708128256          -1.87672738016           -2.68019393644           1.37912600523            -51.9041616079           88.950066785             -110.853098489           153.272279695            -32.0649394059           -60.9486798919           -17.6701740584           153.73225577             -112.05925649            7.14070722351            
rwgt315                  31.6066642288            -38.1442676471           1.30628774797            -3.78976432305           1.59077880577            -26.1687046803           7.73271163406            124.691825091            3.82065286805            -35.9692635884           33.1740101333            1.90928628112            8.61567310121            -21.2721373397           -15.5674778605           -14.2663267807           0.0542300036899          -1.44268929601           -0.605117957733          0.517906694052           -3.64313032268           -5.42618397081           2.10656434583            1.79868460476            -0.66409568897           -6.61466750075           -8.46590343655           143.204238998            51.0334415507            -15.8162615756           46.7407750165            -151.04677166            85.6339286734            62.262596545             23.281764227             -74.1168389379           
rwgt316                  -20.6200722693           6.30907467877            1.8884087853             0.0163925479431          -1.53282220999           -52.3580341894           43.4124012442            -12.6964082354           15.7344543828            14.5423943089            9.48856400419            -19.0858686759           -4.95008246047           23.7246884167            35.1643558888            -22.3339973647           0.449140291986           -1.94187744371           2.43816143151            2.86037533763            -6.50584775082           -4.52900485852           -2.40062551931           1.95180071211            -2.66505607366           6.2427996093             32.9249034345            86.1345184677            82.5847199722            63.3398389458            138.090412149            -69.7034625187           -66.4904782603           150.192905906            152.966125743            -92.8807347062           
rwgt317                  15.5787065628            10.982605386             -6.85647585029           -5.0991271963            0.393149433171           4.56010613002            56.2319576807            166.142414362            16.6199088356            6.36254998959            -27.3776111605           26.3352402503            15.7560701369            -1.92304443163           -12.5842074077           -16.1561056214           1.64018314417            -8.67074183686           1.09516593304            -3.48603098565           -1.44764255666           -7.75498663483           2.23221361227            -3.80366807543           0.905512163951           5.58661415639            -116.01409023            -46.2982013304           66.710995809             -88.4709033124           39.7764132014            -56.8218961917           -2.15824205952           -76.0419185875           86.8345870763            -140.895216738           
rwgt318                  19.6349291327            -34.1364358371           -6.68751535661           -3.74068297762           -0.767484537461          94.4254218387            3.11265636235            11.9318210767            -2.57580537147           -22.880921526            -25.7064629571           -3.64205257412           0.278961250673           3.18760624351            -3.60162227762           2.37533322506            2.07016260159            -2.18298380076           0.975297627673           -0.192466056039          7.98318089383            -4.04950706712           -1.51200428431           1.05229240331            0.0445270178533          -1.14856989028           -6.1783715921            11.4656618139            126.709317293            -39.4417801805           -143.667883633           -127.087388131           33.6634661743            87.6359638907            -1.93721526839           -158.556715263           
rwgt319                  43.6536461857            32.7082825289            5.17090497679            -6.17711509455           1.39208912086            -96.147270562            62.2679701965            -59.7700317671           20.8894964882            -19.7271577256           -12.4593094542           -28.3200612222           12.6396315996            9.08008876395            28.5170782576            8.67876324554            0.101572961888           -4.18145049389           1.20322364653            -0.88016194739           7.99847996138            6.79822995233            -0.313683821424          1.9944702627             3.44255552299            -3.24625002588           -20.0533934812           45.243854067             -0.851162589045          -11.7393543279           103.928119017            1.9622422562             -109.134238787           57.7581987222            -137.21937487            -124.969065206           
rwgt320                  40.1901342961            -2.89346993985           -6.44250239546           5.21034156079            0.642286274409           60.8433446147            -16.8146907164           -116.090273986           18.3744188282            7.84141624692            -20.8922353921           30.5923136416            30.9731371331            -19.8206156832           -7.76008330645           5.07521565711            -2.22965382333           0.175375252831           2.90356214073            2.48243415823            5.00478093914            0.692352470603           2.21175175028            0.452021578263           -2.87616160631           8.33060067602            -150.67975747            -169.354464005           145.648866102            67.145561128             87.160308855             -170.586093021           3.56205481218            -150.478946726           -111.831376275           161.887589172            
rwgt321                  8.2368582493             -33.4874629127           5.54753993522            -4.54223686972           1.09906296613            98.4336061898            -37.5623693682           6.36830091567            -0.164345966744          32.6490049808            30.7297035971            -1.60002751953           25.850380914             -10.0707510893           -12.4552204072           33.6500518865            -0.910969881229          -1.99111685808           -3.05376199732           2.10013764553            -1.32021876814           -1.99534594865           -0.368990871801          3.88961787444            2.43689872342            -8.48979866334           102.776809404            101.57906113             -102.882293538           26.4176940366            41.5076724099            16.0239883959            -135.928205423           -140.380028087           -133.822078317           -108.94982568            
rwgt322                  35.7389096813            -18.8062544303           -3.82946504569           7.06966997734            -1.4890909082            30.1016697744            -57.0684126749           -184.130127307           -8.76379215288           7.90716606454            33.3632167362            33.9364147316            -10.902899109            8.32809487236            -9.25766626759           20.709921015             0.511081966003           -7.07083740689           -2.80757804761           -0.735439295875          -5.96261261221           -5.94949460435           0.997464190998           -5.06601803667           0.66473416009            -6.993982481             68.9542809525            37.5931828032            -137.767032127           -116.365713929           -18.903132378            -164.031742123           -31.4358503578           1.88815586396            179.14762603             133.030359545            
rwgt323                  11.711779255             -12.5803231231           3.79443614861            5.59998167287            1.37286350484            78.0301303297            -54.0806619137           5.1303528474             20.686167502             7.1235028599             -16.422407448            -12.5203940792           -24.8249831983           -11.150823209            -1.74640015562           -11.2142372044           -1.54364273338           -0.409572938017          -1.26977738882           2.26190533401            5.3683574941             -6.28824596191           -1.22296652418           -0.974205026853          -0.974485422501          6.25787634719            -167.80301407            -60.8182535675           149.43093468             -71.7757802876           99.2015434366            21.2478297147            -45.1553978912           41.0209420404            149.876438107            -149.463874457           
rwgt324                  -4.77022448189           36.0070912378            0.185336550903           5.90773758835            0.40624700232            -53.6675694321           -59.6276320342           129.990546825            -22.8434147813           19.5218645806            -6.76630042196           -5.36700141465           12.8466026226            21.5057015632            -20.0022248861           34.700968242             -0.661925409959          -5.86638035578           -2.86942443298           2.87126094669            -8.52683462267           0.151336958665           -1.25572721301           -4.29277321593           1.33365611939            0.300387625369           39.8380130228            41.4784025171            124.404823599            39.6046051133            -9.3048466694            -139.370958797           -37.3159074777           131.937983689            -49.0815724639           41.0280398285            
rwgt325                  -25.0189914635           23.388220681             -0.890931276505          -6.7074511796            0.0567387543856          84.7621195773            -1.50490833915           -164.218488075           -19.9512628785           -23.617182035            27.1332748002            -18.6473995268           -14.1943198016           -23.516476705            14.3266879611            34.4964791396            -1.15253690463           6.15376003767            0.994442791191           2.5267817682             -2.58041545875           5.25610638749            -1.21778329222           -0.823746438579          -0.274386152029          8.20113862003            138.791145634            0.568163625658           -46.4583279109           97.9458547067            63.9182445979            97.7450827353            22.9544073572            -61.0462929977           -130.346439201           61.6085479161            
rwgt326                  49.7715355886            26.2669843434            4.70843758969            5.1532066305             0.0325035505571          17.5213993731            -17.2574358385           11.3821667013            19.7591035615            -14.8611346684           4.8998639504             -25.7804625129           -20.4197008171           -3.00096686176           1.1840775117             9.3189352865             -1.92936324545           6.76981881046            -2.58977305515           -3.50370396148           -4.21005907937           7.77580267612            1.71119855902            4.89001882398            -0.667025697564          -3.87789033009           -39.9752926908           -74.858971989            14.9271432246            114.874272662            43.2019281745            -85.1362477349           -35.742639697            138.344778317            115.772734688            153.293445467            
rwgt327                  46.6808524429            -8.48323040074           -6.52890554164           -7.18501199876           -1.0185125958            42.5714936399            -27.1897794286           83.9947259609            7.01891830643            28.247584271             -13.034611847            33.7653459609            2.78237196503            15.2086061062            -22.058989276            -17.7502249842           2.64406829162            6.08011253076            -0.649715654466          -2.11972014609           -2.81771661042           4.44041304973            -0.422885443697          0.524293115837           -2.63643826151           -8.46571583451           -77.5430660325           -57.0822937893           -43.3280876393           38.1561434973            5.48105525181            16.5386536088            93.9766625591            -166.98327831            159.74356298             4.93364622304            
rwgt328                  -25.2148204756           -23.838371667            4.51234399537            -5.28820147316           0.744988703671           56.1149408474            27.1304539294            57.7907796675            -17.9857270202           -15.6895528811           -12.1655698417           -18.7088550927           -8.82644524              -3.41713434532           28.6847697527            -33.8300534486           -1.57625911491           0.740095542827           0.407934789087           -1.04901406412           -1.92540150124           -5.72547015751           1.41240415431            -1.66221168304           -1.83732171425           4.47685739881            -33.5846886616           -63.6845795745           -78.8025448488           79.4325600256            -87.1301875798           -56.3300426162           44.0533680712            127.003034465            -166.833672109           169.945177128            
rwgt329                  -37.5646872111           22.031489923             -4.76552900602           1.68622734015            1.39220048451            25.8944773931            -32.9135335496           4.86704521896            -2.70401242473           22.8905245637            31.5660536599            -10.3940409406           -24.4077719457           -32.7293191806           -12.2001534653           23.9688479792            -0.713387425251          -8.6521945275            2.69404774826            2.74260909026            6.37948904739            -0.425776590332          -1.37299885993           -4.71174036315           -1.92144559298           8.48988977364            -24.3766598717           -167.528882649           98.4274597239            8.62191270123            14.1397681949            171.524819876            36.0648649542            26.0822814996            108.849248287            30.3542283487            
rwgt330                  39.2310489168            -32.6692209905           -1.68036108344           5.60970953779            -0.0263531487989         98.7843553309            46.1403766907            166.338876207            17.4315560512            9.13093423952            15.7661700779            -8.14417565824           -22.4240795741           15.6526071039            -2.32049058319           -14.2083711579           -1.86333050438           1.21510411602            -0.84132404611           2.11641038119            -0.574567542965          4.16090799534            -2.18002247014           -1.13003044949           2.35078977253            4.36317958178            68.6193041308            -6.35786772704           -160.569110806           115.873325268            -22.5004688757           -178.27010964            -71.7743616457           138.304481326            -120.714492572           10.4577669062            
rwgt331                  32.6795233602            13.4879634395            4.99090437025            5.05327292961            0.772563736615           -98.5755566585           42.1108958993            93.5170566158            -0.231642755099          -34.4839234635           -18.2237524319           9.38557155072            -17.7201642577           8.2372777586             -20.4196163812           14.9373116019            1.20689422864            7.76313075931            1.13033003757            0.440087799979           -3.04439795909           -6.70964576885           1.26933753178            3.45727063626            2.34507662692            3.19535223562            -10.3901196544           -36.3697763483           55.9874037981            1.08739308677            165.661803399            -57.8140075769           81.2602188594            -70.6125409553           95.6402975062            71.0104324873            
rwgt332                  -37.564268531            7.58760499832            -3.28947396302           3.91665883352            0.0332220457369          -58.0068730607           -49.0019472086           100.870764646            -20.8632064436           33.0833247548            -22.8339587391           4.89859775224            -23.9985632479           -12.3253369118           12.3741794925            -33.4367797254           2.48819565363            -3.97634507852           2.46895744525            0.153638542901           -7.63850586018           5.44295352979            -2.60210364546           4.63488176828            -1.97545006856           -4.06199822637           -35.4613440825           -131.194710723           -151.952957067           -50.5203885503           31.7452019335            -51.7529412884           -46.0721591745           -18.6186153258           -109.354176469           -57.8548741432           
rwgt333                  22.9075685005            6.2803110868             1.94741095758            -3.97513023995           -1.6425536159            -83.5512337671           12.7716138341            -143.100046591           14.7877959046            -0.616631776643          12.9875288209            -19.9696908909           -2.80488694789           1.42236839567            -31.8538666406           15.9291123681            -0.143570604054          8.21828254157            1.98667405566            1.50503843014            -2.11139433018           0.663489096447           -2.46966965662           -4.36945342677           -1.66881248203           7.38004685933            -141.156703711           -33.1589923895           -112.045299946           141.168609469            -11.9369574085           151.150625162            93.0832113501            -153.331669508           -32.7281782826           39.6741935607            
rwgt334                  -6.62260432897           -18.0191648105           -3.89582032035           3.83196775827            -1.0618757117            50.900544814             18.3712799032            -81.2346709209           11.6336974194            -16.1323493081           -35.7146783196           -22.9745431263           14.0253520772            -1.4439930053            4.64453069822            -2.33262900583           -0.51971655064           -2.31134210315           2.21825858262            1.57566533608            5.04333224356            -0.816222318893          0.935094293067           -0.594996940985          0.716156007285           -1.31933471067           70.8139850987            -77.6404448731           -69.6817784398           -136.422740417           84.8229501385            -68.4358695029           -85.9469043276           115.631345252            -32.2409670464           129.860328192            
rwgt335                  11.3147627609            -29.3800281799           1.39773621236            -4.55440601033           -1.12507787546           88.357708313             -49.5995317988           169.241856927            7.46907551359            21.3257079217            27.9297941881            -10.8138444772           -10.8057600813           14.4146202659            -35.1357440731           8.60720131164            -2.96685613706           -2.6478771727            -2.68944488897           -1.94696858321           -2.5455507689            -3.77363156131           0.309153431516           -3.50516340584           -0.403313600273          -3.25408760976           -89.3675321972           12.8289992652            -8.24610777617           12.2902963593            7.4693771803             1.43109140155            161.938907697            165.493233364            132.838390786            63.6495674016            
rwgt336                  2.26812737191            -36.4119987665           2.85547367238            -6.42157360968           1.51853139972            57.4338775227            11.6887972374            35.0107768758            6.83286519818            24.8029884425            -16.0392517721           2.50257713063            29.9850175988            -17.5724832306           26.7133049294            -9.13209301126           -3.35498456464           -7.11449765627           -2.91770039237           1.52619490048            5.83796276345            -6.91760879882           1.57309666148            -3.0656558019            1.11490828921            -4.13861742153           -104.273418364           166.63216519             -9.80802752627           46.7855529936            30.0839226892            -33.1696844849           -15.996241301            35.0094754786            -61.8248167723           -68.7193414134           
rwgt337                  -42.2652232661           -1.86146822388           -5.52191800278           -1.74849879786           0.452543435445           -34.0601001638           24.5704288547            -153.896050741           8.8553526473             -0.454975289177          -21.2675768573           22.4107443121            19.6024561777            -17.8573204986           -4.28064328328           13.3088471175            -0.466159565044          4.85537385897            3.07903690041            -0.465096616753          -4.02013404738           -1.50024415592           -2.5423985748            -4.30585640691           3.55406175029            1.75980124401            34.4701536995            35.5272313175            74.6572054549            -44.1758996558           -89.5872164599           136.907462577            8.77641405419            65.6477121619            -144.801435334           14.913250189             
rwgt338                  -41.3520471519           -3.23042210033           -4.09942020577           -6.53668111383           0.822564160324           -85.8951359334           16.5698668442            10.5217452816            8.1579453283             29.0642756037            21.1416180269            -28.2825308231           9.31802674391            -31.1125072367           2.17384174439            12.5151807865            -0.24925333009           -2.78504333214           -3.07349434255           2.38050010739            2.34681274355            -1.05826988945           -1.76132599106           1.20061953985            -2.55892221435           -6.19099406047           145.737376813            111.749626725            -6.20422480387           -140.092897969           168.362395401            -105.966957884           -79.4201961087           64.2040843429            -85.95293758             106.814646699            
rwgt339                  7.51518813996            11.1498497844            -0.819363260479          7.59076840847            -0.117018201988          -88.3013412912           -50.2819593404           105.640234119            -12.6980655434           -20.4952509766           -7.0640670759            -21.2167175565           -11.3736978089           -35.4176044684           31.8437717086            -3.55109557934           -1.98423216509           -2.82749955611           1.44504835066            2.89443000781            7.24283245722            3.87621394979            2.60124111183            3.01846220914            0.378984519288           -0.116527021791          170.475817703            -124.768954332           67.078567743             -98.8832265423           -37.6372307307           37.7983429647            -101.964433535           15.7579002517            101.988326641            126.213021715            
rwgt340                  39.0731110171            -33.4587466586           -4.71210211173           3.48821100429            -1.19780457767           17.5486602274            -47.9924479959           -91.3514626049           -1.29002610865           -14.0856368009           2.70789749195            0.314887455567           -18.6627950452           -2.9044364039            -14.5098505172           -11.0707373259           -2.64701467321           5.30622841551            -0.637210651101          -3.30253664315           2.98700795123            -3.06069031354           -0.678964213288          1.82065185769            -1.63251533963           -6.1433890246            -162.57864288            -132.856081973           162.271989147            95.1310340208            2.46952766349            67.875587555             129.765781438            139.874036283            -25.3714271787           154.692447948            
rwgt341                  16.85415685              14.3577203519            1.42802494679            0.784765788853           1.16449436472            -27.638694736            63.4258904802            172.742049023            -22.8431896182           -28.4341748219           -23.0119486561           -29.7124569841           0.966780518161           28.8957083713            -12.0947043069           7.652115356              2.66110546607            1.99107577764            0.0575609067487          -0.343729782287          -7.64602062657           7.75680927375            -1.76098978398           -5.10066931265           1.36869279613            -0.586281854552          123.64268674             42.1723935759            18.8355882347            -59.1927633417           -142.800187346           68.504757828             -123.386186598           162.676020966            89.5885964569            -112.349925669           
rwgt342                  -50.9255486223           -23.6863649718           -0.0982274999039         7.29189915937            -0.0703932805349         53.0091028621            61.8273265157            -132.348911418           18.6129530205            13.1271937212            19.2459961236            -21.236002459            7.36222460665            35.2805216524            32.5654613213            27.8540857502            -1.9369652984            0.664632813945           2.62253804214            -3.48843821659           -2.64602406655           0.405881478268           -1.97682084078           -3.38234785884           2.7525087256             -1.89894488934           138.334906113            -132.58944951            24.6154081453            -125.55501341            -140.161072579           92.6879044813            -175.159295545           91.2579101012            85.1010482194            113.824359088            
rwgt343                  -41.8466010716           -35.2991389395           6.41320510397            -2.64431524504           -1.57321494392           -94.3624895314           51.9124253647            34.6912970011            7.7084956899             15.0670340457            23.4779475015            -30.0051208132           23.0685241967            5.41047304558            20.3669762999            35.52506983              2.87100557847            -0.866991364713          2.04502536421            -1.12111314411           -7.59192480167           -5.69822878343           2.55597839226            1.21356197721            -2.47408940052           -1.30195223573           -1.75008825551           120.626724993            -111.61080068            46.5756911932            -61.794503374            164.671010243            82.7885571862            -71.5831853695           96.3367897088            -144.94628004            
rwgt344                  -23.1126767558           -0.988811371482          -4.83171166891           0.747364308304           -0.40795250755           -62.2824501322           -7.66634483974           -36.6735883894           -9.00866435343           13.4680486059            28.4941355962            -21.8480832269           4.64520128397            -14.1584031875           30.5736024077            -23.4041266771           -0.137061730811          -6.168313585             -1.01440539071           -2.82981149926           7.10766123728            -2.12686958251           -1.30650609276           -3.02632325782           1.90978015029            4.14729163279            151.170332048            142.66721149             92.3109794706            -147.843706146           168.187497443            -144.489678272           121.369986346            -36.7908641064           87.6785662674            -72.2458975757           
rwgt345                  -8.11713207433           17.797270462             2.33217800029            4.83327068824            1.33168432733            24.7985902232            -54.4255135638           -90.1212627628           -0.108900338729          -6.81593562937           -34.2225135611           27.4561938444            -4.45941034165           4.74987487455            8.02722896943            -33.2713501813           1.49795214751            4.62945680031            0.910383369062           3.13971467044            7.74030954308            -0.381580649511          2.51174157252            -1.26336400184           -0.454563420142          1.67567084599            -143.730771003           90.9602316329            55.126389265             -24.9665363744           -94.6313466172           -1.75547832547           11.6089860226            -87.2546150244           -167.720528846           102.287378178            
rwgt346                  5.75259839762            -16.2513534716           -5.82807371806           0.150247583597           1.61933390717            7.88001966253            53.5027289165            -13.3200337969           -3.97834920045           -34.0037423996           19.2084923138            -3.71464238307           -16.7812414852           -7.32166207954           7.96799346868            -3.75449239575           -1.45993921677           3.12073436439            1.88573978015            -1.30674818799           -6.82731010354           -2.64165739531           0.45536011153            0.414192689721           -3.28048724573           -0.705373376815          -140.425278012           171.502127526            16.942864681             -142.267280021           -17.804869275            113.954025848            -156.849587812           -117.854959995           -4.37889223733           -32.0315597109           
rwgt347                  -23.2269680335           -1.3525157294            -4.16368358626           4.16327097347            -1.31767496972           78.0591054231            -52.3653186192           84.3543952414            14.2610790614            -5.63158202867           9.54776347883            -14.2991970708           -19.2790086463           2.98520872652            -17.8444953076           -2.0731606983            -1.1669581017            1.81772234483            3.35196449362            2.36360727774            3.83681081652            6.95014681416            -0.255966221723          3.94069509655            3.53133236122            -7.85767444199           110.362822711            -42.7342119691           97.7230810994            107.396966844            -70.201431542            -24.6087952668           -68.4650355726           138.462601649            146.721752983            -114.367564853           
rwgt348                  -12.6991328787           -12.8429030089           4.05001311814            1.19926457483            -0.290282079837          -45.0518691969           6.84281814987            98.3253082267            6.98833049638            13.4036409837            8.68512985012            13.3712395666            -14.615860192            22.9888296354            -20.6891719899           28.2312015674            -2.60790328472           1.47546049941            -2.56405705114           -0.0793821661429         -2.80278225341           -2.97072785372           0.0597819252444          -1.58206927618           -0.68214743843           2.15784392861            165.512245932            -178.430395861           30.3920417618            77.2916407754            119.398700299            99.0531399744            29.0648050438            119.868964956            110.440964407            -51.2969156059           
rwgt349                  22.5256777112            25.9419721533            -5.04440602442           7.44975658755            -1.31612716414           -34.1571791628           46.6896470883            -28.6405939672           2.69181699006            11.9206041307            -4.14238410898           -5.19858939528           -7.90343012702           -21.6344895625           20.5941973351            15.2570254454            2.44838005463            5.06754617605            1.4871962338             -3.20799602463           -5.30227475573           -7.24055201375           -0.129922827618          4.06463177519            -0.913119072667          4.48043562055            42.2729082642            -88.936075906            150.855784581            -133.211633572           -12.1790744971           135.429510249            -98.3632526431           -87.8944014835           -90.4405478725           -2.50354094527           
rwgt350                  -4.23624794337           17.2902273393            -6.31894524699           -3.28791320283           -1.5515601902            -64.6109963195           29.5575683474            124.034718559            -5.20864599137           8.00215781691            15.2140305575            12.9158901439            7.6903472556             -23.800042541            -29.0454497524           -7.22901744474           1.82425864719            -7.1658514374            -1.48489939619           -1.41677719673           -5.81316883799           2.12671987709            0.112482825907           -5.17720943652           -1.6519794992            -0.634340925969          -63.1220816927           165.498291132            -176.230573684           -138.83337081            -105.939011745           93.6788057489            -108.638367571           -18.8101615061           -92.4475272729           53.2388326931            
rwgt351                  -33.8632486517           22.7262419907            4.8660317761             -3.62257068909           -1.5960166272            -4.02070777944           34.1536911706            55.8291875115            -16.6144697906           -17.2287114072           25.1429144453            -6.80560044928           18.8702802365            -17.890552415            -8.12282193781           -21.6829576857           -2.20209570717           9.37690226199            1.17060060957            2.63307599083            -7.24514884854           -1.71016117888           -0.309558390873          -4.56168334265           -0.225468344974          0.999703145697           -173.903882838           -63.71218643             105.167872306            89.9584756385            -167.384274056           122.466022752            141.420831065            -105.486934124           94.7204947399            16.0210565797            
rwgt352                  -44.6299068376           18.0301201843            6.12161800691            7.5156785727             -1.04642917008           -53.7243975604           -16.6223299033           -1.81978405719           -19.6550245634           -24.6276037769           -20.9926128879           -33.3113957319           9.5696462115             32.2352189858            12.6906381879            -32.6982264357           2.12757652432            1.67341410529            -1.8167450485            1.85085356696            -6.41438864865           -3.54020729638           -0.710022888559          2.0639436895             0.973943428587           7.4763209306             -52.0945945394           -98.4732367312           110.9297988              57.1759012276            -40.5647621045           38.5497394567            -86.8832737248           -60.1034413983           -44.8806204605           27.4408649825            
rwgt353                  5.80866745517            21.3798118379            -0.715019879773          -4.90535522379           -1.04246871838           73.5927744792            59.7014104947            -173.924539596           -13.7008775349           -29.9381224548           33.5217711236            12.1233784442            7.41428166156            28.1986779726            -17.9808361283           25.1528830142            3.27680241627            4.44443348912            1.63967947603            2.60287769063            -6.71239869733           -3.47499212121           1.18065811867            -2.57710968921           -0.165934471208          3.72804339926            16.0639287735            -151.921663439           62.2913257307            0.52358068649            -16.0373721449           5.25314345627            -83.9332998415           -10.3950276774           -118.25646444            -47.8295492279           
rwgt354                  -35.4804869315           7.97316799552            -6.56153816379           -5.22214126477           0.79720782177            -2.00090330913           37.8649309533            -28.4750902387           16.9831027156            23.4157735275            16.6303883021            3.55788371093            -27.015121775            -24.0358446615           -2.34541478787           31.929788171             -3.13978129625           6.66347946215            -1.10584101781           -1.69178616848           -7.19392895737           5.94180105195            -1.24500362045           -3.01257621019           2.99243234637            2.33298215892            -2.00149118347           166.987916433            -46.0820565326           -95.1401572161           131.385122824            -58.0467888059           154.831930808            -43.937360354            143.538657885            -99.9020071436           
rwgt355                  8.4297791611             -3.89142687603           -3.60346498875           2.30282369776            1.51877818837            26.4504438089            -29.4797116155           169.465382797            -18.2132030452           2.22420875995            23.3451304808            12.045693734             -30.1216878023           19.8173884475            9.96496931751            17.9840012304            1.89331891742            -2.28007406418           0.689675194125           2.38999422782            3.98762655579            1.24080042266            2.03567282366            4.14525975935            -1.76470061875           7.26613471972            122.601229892            73.8206885096            -120.069160925           -2.99455280487           74.455264504             -20.61706493             -70.2878300327           -125.430211641           132.944317889            179.566472116            
rwgt356                  37.2813558048            4.72829409096            4.16015397857            0.99446770548            -0.139748783676          -8.81819765839           -15.5592716866           -34.8481425655           5.19332636075            -13.0081177621           -30.2299938263           0.517998422257           -27.3446832815           30.784498728             -21.2689128908           0.428499810138           0.0924753231727          -5.2056161529            2.56903917197            2.23046385093            4.33220697474            2.83111981666            0.214501551104           3.45833947916            -3.6014505572            -4.29953806275           -16.5302793996           120.416155523            129.099284364            -123.139251121           132.008992996            83.7411128374            145.052070755            -15.8599135314           -117.874724556           129.265812819            
rwgt357                  12.0619284966            32.8498385604            -4.97277186092           2.76327467244            0.347487849151           41.0815194683            -62.4840290342           -110.90609406            4.41475604347            25.8050200937            10.6759138617            6.336445504              -19.4282198294           35.9317610197            14.7054407299            -1.11653449299           -2.52017842025           6.95415553923            -1.65636001757           2.44642157044            -0.0406817319407         -6.13680876911           2.04614739225            -0.209347722666          1.96195552571            1.86977868377            95.9269022928            81.7979694649            168.96967482             -116.388389667           20.7311653403            -70.2925938842           161.568751441            -152.425267539           -80.7845942184           105.25231844             
rwgt358                  -23.5622193306           -21.0906048971           -6.71439652432           5.08352384075            0.923768052185           16.8229628845            -27.3058015613           -21.0076653552           -4.79993270575           -14.364854097            -27.7471386421           9.51599831852            -32.6272515556           31.9493457311            -17.2869946838           -8.51112781015           0.223843889061           -2.90576209771           -2.25714307289           2.1295813597             -4.11857547291           -3.03793803579           -1.26760071223           4.97136295629            1.83418508686            0.13665565846            -170.378202818           67.1043752531            -150.340132279           55.4840568068            -55.3176705119           44.1214927909            22.5122270015            -164.217838843           132.308383082            2.20839738077            
rwgt359                  -19.3451542201           31.1831111025            -6.97520103195           -5.06403912623           -1.4049745049            50.1760819057            -61.4268418393           23.1888245104            4.08915809372            -13.8920761367           -20.8560362144           -4.8572642433            -27.8818154534           19.9926899986            -19.39182724             -1.28610724846           0.78374281199            3.01058174604            -1.07393716005           -2.21816006557           -5.96742626293           1.64675151677            -1.27945327354           1.6838539837             -0.333842722327          -3.35885326143           -90.8435945787           96.1067987378            44.2783172954            72.2860384585            133.503747546            168.428805892            55.2362406419            -139.690111713           -33.6193605384           26.5197606325            
rwgt360                  38.4152911328            24.5914453195            6.92817960675            -5.2331936601            0.886283794053           -70.6716113083           9.88801490013            32.2349850052            -2.42603635473           15.8441685021            3.40652989192            -28.9147153443           -35.2610033304           8.32865932679            31.9567848388            -18.5264607719           0.478160103323           -2.9101117631            -1.57756982205           -2.98671962093           -0.785933938272          1.59174972633            -1.53389273918           -4.50023949264           2.78102307869            8.19312629988            78.0223290155            30.4792077611            163.659118098            42.5335944088            175.849002905            -130.649400919           150.722285715            -107.176035818           130.039273023            -24.0015449619           
rwgt361                  -41.0285224261           23.4574324852            5.77571555225            -4.60033610676           -1.22539810956           84.6427808561            -56.3707483166           -19.3724083724           2.05713870502            10.1888773499            33.3423341594            -30.0625581731           -20.6890879453           4.27686344923            32.4846231556            -30.4116108028           -2.52268457915           4.30876474028            -2.50501800666           -2.5478800531            -1.40191687239           -5.05317704132           0.511831729995           2.54113973082            1.789656247              -3.47844526442           -43.6068272013           -5.71162530301           148.744116004            36.3519909361            53.7401274675            53.1664604827            -20.4793367882           -96.8519582938           -84.0195154607           164.387255555            
rwgt362                  30.6533078686            -5.78643405464           7.28186981452            -6.88353717526           0.98793188091            -36.0862503061           -38.7327146209           83.9396950971            -6.54947346561           14.9017280118            19.5656730495            15.2548798044            -34.7924633855           -6.58833964932           5.48120331575            32.7548219629            -3.05114409189           6.11908727218            1.95907894411            0.657489319231           7.80171068333            6.6777398106             2.18780595437            -2.53116170385           2.87940254092            -5.68244622172           -65.7093356631           -132.134269246           -144.741804462           156.915564541            130.87868982             -156.371032959           -8.68045151025           96.4201647301            45.5363634533            -115.190771271           
rwgt363                  1.27913191342            37.2449200606            -3.65645679808           1.45169655759            0.0658699329761          9.31507406513            22.4195330786            -106.658162169           -17.2141518004           -14.3976603318           14.8335692682            7.14187188867            -29.6221682301           -21.3779041467           -5.72076077138           -28.13156747             0.498553861936           -3.40275074705           -1.0818906861            3.27248874532            -4.78796753306           -7.29504695045           -0.997556578462          -0.342519803564          0.0711528747563          -3.10903342632           -46.4954378693           -0.351098147072          -124.782859724           -96.7111408287           -107.311358257           -124.972704487           147.888048026            -1.28093823259           32.2243285807            94.0329749802            
rwgt364                  -30.6193465421           -21.315894998            6.46112619622            -0.6111753039            1.3344796841             -86.7550175964           34.097492986             -155.869948604           -3.93972074232           -28.0125715281           28.9418330273            30.4423827537            26.4297118085            8.47449438237            26.6303410835            16.2804541403            2.09373232881            -8.78212029951           3.15409753896            0.520341514459           -6.73848201249           -3.66118073014           -0.630032611209          -3.46697339551           -3.02894767747           -5.7983297732            -138.242254259           147.910091408            126.209241667            86.1935637124            28.6513943514            17.4086321118            -62.0668350017           15.8676798845            -0.112314641687          109.024941053            
rwgt365                  39.9260010504            5.34715898822            3.91515375553            -3.48014243591           -0.406229197591          -58.7449765572           58.2544250527            -80.1562107543           -22.6962483504           -30.2257644051           18.6236936749            9.83422022257            -9.74716819085           18.0341261345            3.06683212392            -34.6222859277           -1.87611103041           8.36630939482            -0.449257188195          -0.158638548011          -5.6865734534            2.42856434348            -0.568745131379          -3.5315162826            0.592076212846           0.53027355194            -117.016112452           -117.607880606           62.5622957262            117.079992427            74.2873809187            120.98802234             47.3202300712            -95.8040667392           -175.275204344           -16.6794422475           
rwgt366                  -17.29810235             31.9175783614            -6.49592202823           -2.07908203484           -1.7348433218            -54.1703443791           -2.6802050795            149.231955406            -15.8062190903           -14.0879636381           -14.4110730965           24.856048085             10.0770384318            12.3117397685            22.4277842513            -26.9781718011           -2.3890219809            6.7445178522             -1.87820173211           -0.988402730652          7.90646106351            -2.37402784071           -0.26181427203           -1.76069942535           2.96541740269            2.19220286141            121.272318443            -152.314311775           68.8544987606            132.911290644            -110.999561297           -42.5616917024           -159.413119686           60.7908484641            -41.8025031355           -142.507566709           
rwgt367                  -11.321138809            -38.9346490364           4.51225497343            3.40955928362            -0.463551865578          -59.9297869766           -0.534767821457          62.4156658865            -10.0532312314           -9.20667113494           24.2268304703            -6.5555535167            1.17210739584            -13.110305852            -7.74090315741           29.677265143             -0.22966057124           6.06390520946            1.64679025103            -0.155984973245          -2.7396720601            -3.84035662116           -0.403368186112          4.46137579711            3.58676830407            6.9381612397             -85.9545336899           93.7525046312            101.914237841            -171.371510544           -132.473796862           -24.7710110731           -3.80623023257           33.1010799137            -47.2429191464           -117.874109504           
rwgt368                  -35.2332937584           -32.7533259642           4.87870186268            -6.64103199783           -0.388888344463          -24.7322834913           -27.151880209            107.592876124            1.27928554328            0.380932664521           28.4234439533            -7.93638149442           20.8804497218            7.90513091366            32.5872425631            -24.1392370338           -1.77048792749           9.09197856708            -1.12510910565           0.0641884688408          -2.80952817442           6.98928155328            -0.933245431767          4.98062905651            0.332612045493           -7.21705829842           -78.9791534126           13.0937649832            -174.45683607            98.8511195405            158.230849667            -125.64691216            77.4109326238            145.936544565            69.7456789466            -91.4206875586           
rwgt369                  -20.6357103704           35.7130663412            -5.34070420206           4.74257104378            0.702409162233           -56.2648464352           21.4583449333            -122.447043041           -11.6054858487           -35.3092448383           7.62008669403            -3.16684949569           -1.93511950463           -2.71623619422           -5.77625877434           22.9055826733            -0.65018518153           4.39952000186            -3.12633642086           1.33599642922            -1.52482353668           7.73231954064            2.2422837183             -2.45916011818           -0.93868695903           7.75552195515            73.9813865013            123.479189343            -45.5318987938           -46.5517494847           70.0926080994            -141.709269088           102.237758894            -131.527906418           126.176691435            136.097691662            
rwgt370                  37.3358846651            -1.32073222506           1.52436974553            -6.91813586899           -0.676781166562          85.208775873             -38.2438853569           -52.1825176992           20.8995414369            -28.4848337621           -5.77586668556           28.6873727125            22.6752540766            19.8656497865            -30.5719811311           14.8769949751            0.905672497983           1.27536937428            -2.61237225949           0.0333587802098          2.60410729124            -4.54448899634           -1.41437516629           3.1058490484             2.5452732249             -2.467761155             -4.00084792468           78.5736199855            72.6011090142            -151.568579732           -173.50244498            174.106367768            170.929419404            100.064992648            121.938548509            90.5095424173            
rwgt371                  14.0531314041            -6.83501492298           -6.59873523479           -0.554975010483          1.55792872698            48.8950112767            -58.3003989373           171.494656033            -5.91400066075           26.7832212512            -7.47369105784           -33.9065373461           20.4867150483            -29.9379056143           -7.15714131814           12.3092035703            -1.85895317101           -1.54084316073           -1.22067732952           2.06433635994            -4.09581580003           -1.15252414701           -0.707170845335          4.79929738463            0.460984778825           -7.82734653597           58.5653818097            -20.9747071647           -43.6714447027           -0.819586084495          -11.2560262545           82.9890162404            88.4689059905            -176.717398942           -37.2313070701           -27.0955328331           
rwgt372                  2.51037166052            -26.9650354742           -5.20309767928           4.25257982309            0.891926046437           56.6919404097            -26.0323884085           -18.4576163102           22.1366121859            -18.0370216428           2.39971838924            -33.6441172058           -18.5891984739           -25.2728036586           29.2131359746            24.9956266205            -0.925530163508          -6.92786794979           0.336389039632           -2.37375030167           1.66782223245            -0.115285827653          2.0990048227             -2.92599368387           -0.750456528204          5.55020919148            -26.9693845641           -61.5573687146           -132.895586262           -31.2749422819           1.11259843288            -26.5603736412           -75.4470580157           128.954082449            100.735333118            176.455603476            
rwgt373                  -11.6192382148           -16.5298663332           6.41782402743            2.43512636625            0.129497132112           84.1632190424            42.5820620844            52.7570926096            18.8820541221            29.7516196042            25.0808407236            -7.56961030747           -17.6072683838           -33.9974881431           -4.85624001036           -8.092089162             -0.102116284269          -1.6752861773            2.38553444648            1.09956021804            5.77304912306            7.28859756138            1.92627213834            2.86386917208            -0.899992923522          0.338867268372           12.2264618258            -21.5492330017           -21.916150552            82.7358694568            13.0051932465            94.416376979             -40.8290467078           -107.489696025           45.875672228             152.379344146            
rwgt374                  -20.4530196415           21.5039493199            -3.77198182755           1.19542254908            -1.21373918828           35.0014608646            35.4671300037            -181.238424305           14.3005379485            -29.3946389335           28.98674249              7.33861565571            8.21414165131            -2.47372362481           -6.1606583879            -28.2523835458           -2.67367891978           2.9866081214             -1.3298852079            1.69159679988            -0.216377575611          -5.9413732247            -2.04230797249           -3.95996756974           3.58629141589            8.41249576697            62.0017853721            71.3521173692            -97.9993963987           -1.74679263751           168.237306992            130.976436355            47.5105506822            -44.160072778            111.928593561            -151.461857225           
rwgt375                  -19.0509901844           -13.3311310566           4.49504325211            2.92409502356            -0.525604332653          -88.8541044749           57.3984055257            28.3269566931            -11.3110611555           -3.47442106795           -4.55058591797           19.8382883307            -29.3514201899           -6.70570404998           -32.0584995726           -3.41773577536           3.2350183649             -8.84962631547           2.83748893707            -1.34040154277           6.94680069542            3.87819821453            -1.33872210849           -0.0585300400265         -2.40745073112           6.51911175502            -88.9615517789           -102.619593552           -34.5054496209           22.5614976907            32.3970855631            136.21154916             -33.880410714            -100.216363334           54.8096819678            -160.85274395            
rwgt376                  29.5571698714            -38.7773082445           -3.21080003273           -2.63984535359           -1.41513470916           -45.0927377738           44.4655407586            -40.5140129158           -21.5526466724           -11.3055451015           -29.9989457343           -34.4684354394           25.2510656788            4.30100076766            0.758431443056           -12.8797804789           0.178672958146           8.99225788064            -2.6983538153            0.9621775489             -0.984733440569          -5.4961613025            0.547635904117           -0.317127747236          0.876710336324           1.75211420443            61.8972457181            172.244210779            86.8405619174            73.8685319675            16.7981453388            72.6807910893            6.89711568191            -106.915395346           153.746062638            130.744180567            
rwgt377                  45.2155082709            -35.2552097335           -3.31734165609           -6.78001984606           1.12714122541            42.9533512667            -52.249817559            -98.1708214413           -11.4866534256           -15.5775553474           2.73708818521            -20.2283473216           -30.9891000828           -27.0352979082           7.68931697349            8.98528797327            1.31686370563            -6.83062455315           -0.247410492311          -1.58182305019           -6.60738974697           -2.06995832213           1.72110260606            -2.39558020017           -3.71183877691           -1.41550636469           171.321493123            -98.9494961754           69.0022235501            159.207722221            61.0317299944            111.158536452            178.607630016            157.738929897            169.288915471            143.801001712            
rwgt378                  0.119506595696           -21.4977879474           -2.97503101874           -5.04992067712           -0.840554212995          6.46589523535            -48.7807642495           44.6801921535            -18.642950834            3.50503691722            -29.2697521097           -10.282463374            -8.68043762333           -29.6241062604           1.44384442942            -9.90307911319           -1.7021788358            -3.71726057432           -1.9438172255            -1.98997528931           -5.27385476854           6.7732278705             1.64286574564            -1.35800447908           3.68011908202            -7.4110718855            -83.1234320381           119.477663003            38.3077932955            -41.7595248605           172.830697823            -99.8217277426           153.109549499            -63.1921262678           -12.8051281838           -144.173079866           
rwgt379                  51.5276339294            14.2161003704            3.15540210982            6.71032069526            -1.59995283749           -37.7121886647           -23.2305070368           126.435438667            -6.62294573558           -33.9679921979           22.8806338506            1.62180589705            28.6246799304            -22.1954778598           -30.5527212974           -11.6026605155           -0.452968588646          -1.24837999626           1.47135693027            -0.874675805069          -8.4288455555            4.93322804101            2.53464160076            1.25898847173            -3.61274369031           -7.67410630321           128.834382856            117.002416373            73.7362886263            -155.77270448            -128.997955954           -151.620837188           -103.606830936           170.551814466            123.441107369            -21.9303639192           
rwgt380                  26.8859359033            30.8445189015            -6.06356256678           -2.6735606485            0.449136693543           -76.2700797894           -30.1525124399           180.597166452            19.7761530092            -5.33328443785           34.4559866634            -11.7741207964           -0.655221587022          24.9901583954            -30.9332821872           18.0428176733            -1.32749986922           -5.36610799625           -0.0776292172064         0.466422463754           -1.25008236777           -0.508136053845          2.49717332952            -5.16167405115           3.16187794435            7.66212040266            -96.2047234787           22.8461748352            -48.6428094235           -92.4000937734           11.5369657996            -97.3430424349           10.5820693042            -114.926963841           169.088499069            171.020056091            
rwgt381                  -2.84790867703           35.0674014322            0.847485561958           -3.73243319728           0.517139070872           -57.2614941667           -5.84747720368           -51.7001947603           13.7858784981            3.38993215627            -21.8221078892           5.05551834563            13.9078637479            -35.0608497367           24.4771563977            26.7010080155            1.4411038415             -0.698307470417          -1.15821934085           0.397097644026           5.92599173329            -0.690314625206          1.6183566223             3.93653759057            -3.25289676538           -4.44316423979           161.783520941            76.531357859             -56.9471511339           161.602026023            -51.2888776404           -87.3573809133           161.192839888            77.9096474413            48.2170590819            -38.8622549328           
rwgt382                  43.4062033372            -9.65609454551           -4.99002744707           6.466410556              1.11953893008            98.6238744016            23.241719729             1.96407980948            3.71683142536            1.48867443293            -27.0084169509           19.1924108512            -3.4217817731            23.9446616103            1.18222435143            3.15690844643            3.21676861758            -9.21235528372           0.224827499338           -0.0313074013801         0.269450030622           6.89671271224            2.05329345662            0.564348249147           -3.66680182052           -3.39343309297           64.0775056785            -25.922819271            142.178829935            172.181339267            -59.1787346161           23.7253133472            18.5317705361            -51.7821918803           119.423568045            109.443160807            
rwgt383                  -39.3184093935           6.17203148028            -4.50934808796           7.50344639519            1.05386917547            94.9760662562            -58.8564038023           -71.5558649965           -14.3944186928           -32.2069697562           17.1513573884            -3.52384208211           -4.03271916044           20.0360609622            -12.4304869783           35.3302497183            -1.38558600866           -4.57669198418           -2.68811237529           3.22470422638            0.0677214741389          -6.35452517605           -0.618908011091          1.07221005366            2.31885601723            2.43232197311            84.8677887754            85.6776253225            -120.235935153           169.095553229            -172.554009279           179.378188402            164.899964322            161.84190485             23.7133201294            63.9460504246            
rwgt384                  -5.30954883913           -9.05243044744           -6.52787038365           -4.34815192455           1.09959243259            -25.6384285008           3.7029003977             -62.6741664832           11.7522077316            -32.7351198348           23.3004653475            -1.71154065755           -2.99916653098           -18.8223607246           -14.4761865534           -30.2991663969           3.16670408873            -2.6773606855            1.84813242675            0.855533372597           6.22079817219            5.55759886766            2.09494504592            5.08068766754            2.86158641952            8.50718650083            -178.134754222           -126.141713067           -136.540381993           71.5258393341            -166.215985522           60.1411824771            -119.617240291           55.7705926156            114.618492398            61.4786800227            
rwgt385                  4.64276056439            14.5619336863            2.82142523352            4.60912965113            -0.0552575535365         46.9661621014            -43.3779931393           -67.4562532158           17.3874530265            -13.5582359964           32.0558799566            34.8345500781            33.1684327763            -21.554040796            23.6230453758            35.5624617905            -1.24881858435           -6.64879850202           1.43881036131            -3.49094289948           -5.54500127692           -2.52409052946           -0.782266463915          -2.29440945795           3.51697631347            -2.04067060142           137.614439292            108.354124592            94.6249048749            114.649832363            -126.084491791           46.5109837986            42.3614461414            95.9083031293            -33.4371330439           143.820708444            
rwgt386                  -13.4863945286           36.6264298037            2.0962275013             -5.50565457149           0.194122102341           -92.6025851091           21.9969501536            33.3317097335            12.7307492018            -3.94956563609           15.4848607161            -11.3849770154           14.9378111607            -17.3909601963           -23.9155125363           -26.8053967702           0.0186595652048          -5.60906197873           -0.117275182066          -0.438692187388          6.48854051719            0.868442110387           -0.895577411201          -4.0691480766            -1.19951165754           0.184233573868           138.395918964            26.0103255434            -23.5778304854           -162.797572631           -143.359552144           1.67812379917            171.284623669            -113.48370746            87.1416213099            -3.43588729536           
rwgt387                  40.6901900068            4.98113703469            4.7697988968             1.1371303654             0.837829704303           19.1200277252            -51.6293977275           101.637834463            1.27477048127            -33.2080201099           21.9595973485            18.5687475123            18.5771111269            -25.1262460685           6.18098227227            15.867055375             2.46291606516            4.79685812457            2.2195900238             1.58562439328            8.53734098772            -4.69488772206           0.820100456394           -2.8199091879            -0.519051924436          -7.22496996496           35.5939245143            121.228598396            -110.629766417           -83.4896857523           115.697064786            7.49529985847            27.592681038             -48.2977369637           74.1842208793            -96.7844345263           
rwgt388                  11.2313108112            -16.5395443125           -5.19167600931           -2.26251935334           -1.59995686753           -71.935501935            28.1729949969            -99.1890876667           19.2745760662            34.7514903626            -12.8221736152           12.2714822781            -7.85944362625           -20.0504557787           -22.7542588381           2.14043595266            1.07183066519            5.53695048148            2.06427901171            -2.52296927534           5.61597300171            -7.60718800754           1.95969203067            -2.83346136896           -1.50002898165           1.43719681119            136.383456266            -20.4420834875           58.8830545082            136.607208835            41.7108090427            -109.355438547           -146.775823949           178.13379196             162.705353722            85.0722308262            
rwgt389                  33.2039299347            -3.33171965709           5.31312059554            3.80798280149            -1.34086834147           -23.7794989936           -35.5769143014           -153.400641498           -13.9880423877           -15.6717198071           29.2644029114            -11.8295206145           14.2978877253            5.73356505243            -22.2506755608           -4.14428346789           -1.7982440205            6.17223307738            -1.86372968803           -1.54157696361           5.48782150436            -6.21366185603           -1.47998854103           -1.20056310903           0.514654012865           3.60088308034            -77.9296768375           130.804741428            -81.9904744004           153.226988611            144.108674291            -9.32771443014           -158.151244331           -110.707474711           77.8671905819            142.165890554            
rwgt390                  -40.9977298078           26.3732960467            -7.1431973421            -4.9979765133            0.408522295029           69.6852355096            -37.8949564837           -175.173524351           18.6314351521            -28.2439489243           -25.9480368455           -5.34840423305           -5.07724545349           -0.662158399684          -23.8687394845           -5.93726573314           -0.200672464041          -7.39769799098           2.41982049897            -1.96717577841           5.13456219632            4.93052647029            -1.13929967988           -0.714628650378          1.90570417221            0.672726112945           -53.3382694025           -70.6319606935           -67.0547572356           -173.360759118           20.9056583235            -72.0046772618           63.1111295779            164.039945092            -163.786076275           -132.500093513           
rwgt391                  37.999187913             -33.5494333511           0.441724340583           -7.14420512573           0.137313677984           -35.2619588237           47.2294693115            179.532026592            -10.6768138682           -10.5635758859           0.37894613554            6.24286707051            32.6982134759            -30.9828915221           2.99080289021            -35.8413197613           1.9313671412             8.31928917056            -0.0281713945341         0.313236876398           -3.17063929082           -3.49355403232           -0.749690601944          -4.17396727095           -1.8247871433            5.06839705306            8.94599636752            -95.9319493012           126.999869367            -19.544873505            62.560546217             23.5789220368            -130.555617875           -33.609773074            176.346833924            -27.7258175873           
rwgt392                  25.7551139973            5.69369588282            1.35900721815            -1.67460861309           -0.791721672885          77.0062822384            54.787720752             136.880129974            20.5215737454            11.9732923155            -13.82152427             -2.23753602818           27.501604861             19.5271950054            4.71348020551            -4.81206206181           1.45720072047            -3.58574221366           -0.257550116572          1.10557877529            -6.47610308096           3.07062137521            2.00749829137            5.17411388773            2.46183896965            7.26941350398            -38.3770679137           -81.013764091            -46.3151582165           28.4861219651            -164.593433643           11.1538704862            131.794901706            76.5626785899            -162.800904321           -110.96680633            
rwgt393                  -30.4613355124           27.3308900473            6.47518726908            7.60488734496            -1.28024760297           97.0509235762            -47.04830185             88.2635701153            8.09410042478            8.47703975427            1.38221465615            19.798753853             -9.30186084136           -17.9769924195           -9.27668809214           4.17293136618            0.252523911294           3.12978412787            0.719579359007           1.04123536784            8.71815272324            6.59324043229            -2.19097319046           1.5873721021             -0.343075848182          -2.8627052635            66.8791630575            87.6067226027            159.859076184            -165.732132693           -10.5700674828           -43.8935649607           91.7683594874            110.620108294            94.8574155631            -132.645614065           
rwgt394                  -28.1176065579           -23.5492515396           2.67338585489            6.9769203941             -1.26597074171           -40.8270478425           -47.8117079144           -44.1204838804           -14.791533458            18.2560235991            1.69868051031            -22.5110817799           -15.4116771648           32.4394229522            -21.237444703            23.2947968602            -1.22636713768           9.04908448637            3.07511529845            -0.620199708966          1.50161914274            -2.87123746516           -1.8370138404            -1.89524744115           2.85689266772            -7.60317898037           59.5858391353            174.563480161            68.4297574227            -137.507522695           -93.7586700791           -85.7030147995           61.7166154013            106.587447528            45.2299528593            -118.966107393           
rwgt395                  5.55581681018            25.9041465897            -4.78982908278           -6.4222806411            1.34225924272            -46.9403222928           -46.0893787449           68.2717753073            11.592999167             8.52279523784            -32.7747429264           28.7396093844            -17.6325937021           1.1902463283             -18.0163348724           28.750848895             -1.66861525428           7.85526193035            -3.22490225652           -0.572005770431          -6.6044217813            5.63826998058            -0.57635034498           -4.88061566974           -2.01784636707           -7.50472533504           85.9767949628            118.286729187            76.9731859853            -127.990175433           20.0807348871            -20.7497746937           -66.095894677            -39.5643861              132.483372818            14.0959073828            
rwgt396                  -9.30662647212           29.4485108495            2.11775718872            1.87184432523            0.792185383722           -77.305676248            -12.9122775045           -98.8491883995           -4.0275027008            -4.11180556544           7.50964529121            4.30369108086            -14.7544703926           26.6087327535            11.6265748348            16.1382426949            2.98797818688            -6.40334946296           0.0827104545454          -0.609186558035          -0.377248140559          6.57879726167            -2.41483260371           -3.20894000521           0.223178651223           1.04721389413            -105.08181086            144.247928508            89.4376563198            117.371739873            -173.939518559           68.6978787248            128.671778573            -22.0654128627           -155.36402251            -136.408792387           
rwgt397                  26.4181052656            13.370869585             -4.65730799678           -6.8156712919            -1.67700101693           -29.2926430396           -47.1226343836           48.9635308909            -19.523974482            28.6789648639            -32.6472586673           -20.8280984982           25.4675879275            5.13978398318            -3.28969829509           4.72520446454            -1.7446204498            -0.352119844714          0.0344765227749          -1.26620463435           7.84399006552            -0.945969175088          2.54544553317            -4.95231589491           1.61974486078            7.586125441              -19.2665064474           -162.378551757           -164.947039416           56.3016970858            -174.281921645           40.7773503409            -47.3100487437           158.269043684            158.317308937            31.6016661444            
rwgt398                  -14.5019211663           -23.6553962594           -2.1813694656            -6.69211258137           0.354824915541           60.1530515609            44.2125588033            -168.499589802           22.1137248234            -31.1115070164           15.760082628             4.73000367201            8.60984975617            -3.39061383293           21.6816538585            5.61681278039            1.69512684599            -8.68540632818           3.20850600771            -2.5616876677            -1.19723765208           -0.334026280374          -0.557586083719          2.84273174541            -1.54630016933           -0.998908186015          110.120661717            179.599662022            22.4235382911            6.99534315817            -55.3593067363           115.371820196            161.200646072            53.6676432171            133.42507307             171.520829358            
rwgt399                  9.0750457662             -38.1271030144           6.87450157669            -2.515657102             1.63414563131            -47.3967488603           -25.4857320153           -81.0307914683           22.3572533237            -7.83309113723           25.0579711202            22.4434949595            -3.60162919556           -14.0117727111           -34.3571776183           -6.76860249047           0.894628299562           2.98510396671            -3.33612262496           1.06714524038            0.372978024346           -7.64097099631           -0.745050933367          -0.419961598356          -0.611188701027          -0.785550132216          174.805356813            -61.6895512357           -161.608387573           -39.0369649825           -175.773103901           153.789914635            -114.021773914           -148.208763321           161.532333113            72.367593084             
rwgt400                  35.6740597796            24.7481803417            6.258184006              -0.246134966703          -1.20807348504           -47.8327688688           42.2969218587            109.326023193            -4.05412445902           -19.0728543391           -35.0937210887           -4.89280787916           -35.0547063353           1.9134849889             2.5183126157             11.000760741             1.02202679163            -6.44496169429           -3.34848611038           1.60257950658            -7.82281747004           0.193184394741           -0.0308774674683         -5.22436766999           0.127356413498           -2.61298725953           -172.089159084           97.2802507227            35.3030611969            146.485335168            118.937695349            151.21127076             33.8580595021            65.3961798434            1.43966721279            -100.648226403           
rwgt401                  -16.8570738201           -12.7209691041           6.93052554093            3.81227338899            -0.370103985191          -2.26228296177           47.4759075492            143.436385061            -5.11707677339           20.1637054187            -3.82044888709           15.9326101218            33.7222849651            31.8796524658            30.3477224719            -33.2373700145           -0.0855317429014         -3.55340267767           -0.80468251371           -1.31700061052           2.85501791926            4.81745441346            -1.92063686555           1.60802380769            -0.431175157159          7.3228681068             93.882815321             86.0627762019            23.0622402417            -157.021188356           0.305860718335           44.433542179             163.248371967            -87.3664707404           172.352199939            33.5135269689            
rwgt402                  -1.54574620251           -31.6577186948           -0.020669635024          6.60440477202            0.870744963543           -64.9873769967           -12.7311934591           114.766482987            2.73698461784            25.776086972             30.1547319802            -7.51570604349           -27.6454545561           12.9656571294            -17.2058622447           30.4506486199            -0.636465213557          9.26345680256            2.10451252085            0.36112848847            -7.75189868687           -7.08383695757           -0.495339594144          0.793791516539           2.51093785442            4.58746051101            -7.46723319477           164.044994057            91.8962182822            149.277550672            -4.07186513852           -12.5965927513           -107.298641044           -173.282048111           -128.736470652           45.2513425055            
rwgt403                  33.8725040757            21.7606510879            3.91653588341            2.35077663002            0.0271389654149          94.087030945             -5.56318674339           -134.254967901           7.55347002889            24.908093231             -22.1089886659           35.0542107976            -8.54586609536           29.6464958533            -19.3237129768           3.89834476232            -0.140168219344          0.117820018446           3.02132390132            2.62232844632            -6.36875631768           -5.32548309782           -0.732068859893          -2.71578210107           -3.05688605575           -5.10381602756           64.4892732586            163.791641179            -56.5012654997           -150.002329873           -58.3877753734           80.6602888363            -35.9088518514           78.1234162657            179.770487498            -29.2965044188           
rwgt404                  -2.18416407699           -20.4277387401           -5.72027476336           -1.43625817383           -1.18273986061           3.13221553712            -32.9763459148           40.9037610438            16.5851853832            -30.5319322494           1.75753074454            27.020064321             -24.4745240355           -17.506423499            -33.2201297239           13.8681990839            -1.60694741122           -0.400985637305          -0.380218804489          -2.2468295127            -4.73215740231           2.22273862549            -1.44276847413           -3.28641581665           0.177050872334           -4.47646102692           -0.327872110239          -124.579671355           77.840358348             25.5828684611            -38.1760899447           109.887581877            -179.930564322           -102.307505701           159.636086256            -35.1658702378           
rwgt405                  -44.9039411539           -37.0171425183           0.668638224663           6.84918316462            1.05491573888            -41.6653233767           -5.79196678306           118.907308675            7.70148655803            -25.1842618614           28.1637324036            -23.7692505427           -4.16771029016           2.25443141745            13.4837858857            30.190902142             -0.541817005857          1.02187225387            1.45469553676            -0.178893424176          0.218248918029           -5.28744151254           -0.34362968123           -3.56788304554           -1.47380344594           5.35622997252            95.2899550196            165.707420407            -16.8764794581           -130.5754277             -134.465569551           -145.046212815           -160.677770253           -146.478367835           109.965837744            107.45991181             
rwgt406                  40.4251603598            33.3801083986            -2.66465672375           -7.0867689097            0.349869891593           0.370691669187           -30.4634840681           -100.099508379           -20.2101115427           -1.02102184492           26.9915334481            -11.4431941289           -17.6893993819           29.5899713001            -20.6581607615           23.0910410192            2.10869543238            1.79336639826            -0.0140062606504         3.1230253384             -7.08027475052           5.87560219137            -0.119860523085          -0.0217183338648         1.21227021375            -6.12129853546           131.586178422            -175.562876714           -100.162040697           115.93689116             84.8762183092            -82.8729696968           -57.5836625795           -108.729969556           57.7776800725            -42.0000636472           
rwgt407                  -0.222522800383          5.56135695962            4.36620452479            7.05765647429            1.53575616222            -59.5301619413           -16.5736687811           -104.73658998            -3.17174242545           -13.8050333453           -2.55169680209           -10.6445564999           34.4118389114            0.84505657288            19.668346082             21.2775191633            1.03750765411            -7.16680370059           0.253461168808           -3.45632573547           2.86238903911            4.1688373674             -2.06261761634           -0.901864799987          -2.41821425199           -4.26976618152           -178.624720495           70.0149569967            -147.175954099           -40.3310486016           57.99691919              137.859792167            -108.6494361             -99.7242499357           -25.3649355689           107.897381215            
rwgt408                  18.3589544333            37.8204938713            -7.24775696621           5.95805931317            -1.1549715984            -84.2288900202           -14.3133662809           115.960809535            8.52216602267            32.0966538492            -4.28678677645           -13.5060895812           -1.49544752452           -30.0738853157           -29.4706538143           -27.8347893562           -1.00871505779           2.29870275839            -0.273961023411          2.69828210352            -0.579443559468          -4.33662818493           1.6444246424             -0.949171832819          -2.49278958495           -7.09831592073           -42.5108312422           137.894422259            12.0174537309            63.2056122532            109.779216701            -108.664927323           84.0025181379            150.302202373            168.221239352            -29.6235855352           
rwgt409                  14.6739435847            -31.0527888378           4.17469265912            -2.06001483346           -1.7534594293            -47.6162540085           53.1926955236            -84.0998997949           13.7326010977            18.2948287276            -1.74292486983           -7.97268531              7.88500738374            29.6665491416            15.56362065              -27.0203889982           0.935535192887           -3.29284466232           -2.24157687604           -3.04006468711           -1.68640419839           -7.74117229881           1.23115488261            -4.01998105198           3.20645984615            1.8743088258             64.1075475302            39.5683782197            -105.144608744           108.759813937            35.8159736868            83.3817006147            35.8980850562            -11.2582058559           -155.994866994           141.784640522            
rwgt410                  -11.8270894837           -34.38268524             -1.34240346761           4.91925392105            0.0052141511036          46.2423383954            -18.0789264264           -105.838402942           -20.966064221            -20.1262583485           3.69344513487            18.1860420104            3.44879840787            -34.7473352888           29.3533621065            2.07848598847            -1.92289516203           -5.12418228718           -3.3112669598            2.78537031596            -4.94953853447           6.37287385233            2.3470412058             5.01655788993            0.385833635663           6.3964676197             -64.3311205635           -0.751374648224          152.123127041            -54.1751722623           -0.681546829804          5.42882575274            -76.2043411667           173.748797906            -16.4717270728           121.192720218            
rwgt411                  -44.6646491454           12.1220985612            1.47854160469            7.68670795775            -0.381148557935          98.4841414035            -6.06315399571           -97.8103975003           -17.4505661839           -26.2633954126           -6.10398692477           -22.3798972794           22.8693766578            20.447900054             -23.5296359334           -12.5534171812           0.480988410291           -6.89128366505           2.77322100245            -1.56331049749           -1.13162725038           5.02118983782            -2.04199728771           -0.175351678727          -1.55978647728           -2.35182071454           114.779910202            -157.744373123           151.329238301            -64.3184567774           -115.100760386           136.603465341            -95.3171140708           -49.9631755567           -74.4092580777           76.5172826797            
rwgt412                  -45.1010794004           5.96260543473            0.895022632382           6.98339201932            -0.347969099674          5.63274325753            -31.2163598035           -15.2514545228           -5.2405662602            33.309107467             5.9638275869             -16.7629002676           -28.8210584089           8.11087840579            -23.4417186464           6.49193144993            -3.31119167473           2.16208367576            -3.33302117995           -1.77002222943           -0.881391461651          7.78397948903            2.45932242282            -0.198574693478          -2.30060929512           3.49232568668            128.692650825            -163.185892533           -90.1517921594           165.187319711            115.315656801            -56.6222694208           -77.4338429255           -19.5962483398           3.18963039739            61.133990247             
rwgt413                  50.1865995082            -17.6232779567           1.48795803046            -4.78935588097           -0.365966146845          -8.94850115971           42.1344177234            -115.607057218           -14.1774180272           32.2348345253            29.8523801572            7.61065439672            -4.3276613519            -20.8093549056           -5.64194978692           -23.9797804814           -2.07364716866           8.90389326406            2.15190726417            0.438459909846           -1.46222408797           -0.991081622462          -2.40901936497           -0.252106851046          -2.62973924812           -8.40344033197           18.6741036435            6.89896368773            93.1545468943            54.9405144119            51.6080995749            18.6784432096            132.063189425            62.4457208292            91.7044670181            59.3557575442            
rwgt414                  -22.6222780803           -5.94349159748           -1.7492275621            -3.67697210377           1.42373528897            -79.1843101539           30.7030903729            72.1182899132            18.0523894435            -18.4856777371           -28.7124186561           -4.27557301067           3.19917365381            23.3491442893            -16.9667661344           -9.85545679418           -0.773586734948          3.43708955016            -3.03190209014           -1.94429609278           -5.87665123574           -2.2724119918            -1.71207106664           0.369945619352           -0.174835927995          7.18678635071            127.8399971              -81.652477717            -74.1850162707           -158.236374792           -106.91867937            -47.7222015885           -122.81569762            -138.74428411            0.715320429795           -145.368264292           
rwgt415                  -19.6305478952           -6.23915537201           -1.86566962737           0.0165779176575          -1.04014908002           39.9863612758            28.2839178482            -60.9451317123           -6.49810067678           1.30814072297            -19.8996945005           1.58548822961            20.8903304693            14.1088074981            24.3626262998            15.0219116188            -1.35561970287           -6.43212636894           3.31827750957            1.5955635634             1.44088973693            1.84278842547            1.42383472224            -0.116192370425          -1.37723627234           2.29703007232            172.510887695            -17.3073861095           108.319304324            -115.020985066           -65.8903412505           -77.029340604            113.649507212            162.76291881             -110.968749263           9.93400029678            
rwgt416                  -51.0748364764           -29.2746840552           -0.220617299238          0.505857768271           1.24143554026            -28.4985856428           -17.7634149008           160.481608845            -2.65105356885           34.9628861757            34.0923554275            18.9459055243            33.2991330104            -16.744678973            31.9665535145            -5.35880493939           0.0707597569117          3.59644949535            -0.33676953217           -0.64971744781           7.09930230884            0.118075171382           1.48083444306            4.44150803033            0.611309976104           -3.32584450667           73.1041511326            179.078658883            -71.0230348755           -165.030166123           116.898037774            14.9341664289            -84.1741891112           163.5182498              87.7981886523            -168.396799014           
rwgt417                  51.7267357966            -23.6936665323           4.6027799899             0.940514137878           0.338979481523           54.0630450501            38.0069578458            -97.7653920927           -16.2770291066           -16.0904881312           -34.5396461057           -11.6363375715           -27.3281379274           -18.6444609669           0.821246901478           7.78252362637            2.71834801081            1.75438991789            -2.32043214669           -1.655249265             -4.66837995925           5.65527583149            1.29541165728            -2.10432603683           0.338383324864           3.11969449636            152.155795889            41.6802907543            30.0863205783            35.3315430464            30.0552035351            -83.7343754142           100.455352658            19.1756921339            -26.2619232084           8.6811345578             
rwgt418                  20.4582143457            -20.8092269605           0.735070598245           5.89016308756            1.14015523768            -79.7213179721           7.75620113769            29.712043109             -5.56420711107           1.10147489383            29.3233827738            11.4345245477            -18.1803769026           -30.9911596333           -10.5528938258           -31.0754646064           -1.9370459492            1.61101699007            2.65744005071            -0.980645803006          7.73338389822            -5.50819787561           1.70842615145            -0.198268073994          0.667104353553           3.60503296368            5.63737384665            153.181794666            78.1289258597            -70.9327843792           113.860913964            152.636393343            54.5147230994            -159.200614779           174.627377168            -102.875375974           
rwgt419                  18.9766387594            -16.4317229094           -6.25995266762           -1.10774908792           -0.0306548652064         -63.1212117522           -9.2873426323            40.4590644214            -9.03390704102           -25.9738760201           33.4307777619            27.5036298629            1.23992036173            12.5462064497            -30.5820049529           -14.9515654592           0.818031248916           -0.022155799718          -0.649529846798          1.29371938716            3.00977529287            -3.57585829009           1.45682467251            -1.37988947378           3.54955065386            -1.24336936372           -168.518481928           141.727671725            10.2790346394            -177.411970402           -176.592833547           21.1638170205            -128.584002863           24.3131202255            27.0963536438            -129.971456558           
rwgt420                  -40.9684621289           23.5324467936            1.87421542682            6.64470101665            0.656184402717           75.273499478             4.7947020386             -25.8750474134           -19.7736912911           34.3927014881            -35.9088769876           21.3345288376            -27.0256422218           -20.9122456299           14.0054381499            13.6009621683            0.718716288648           5.31836575317            0.0502697824437          2.61655446346            -3.99011913335           -7.37361735084           -0.781497889614          4.6130859509             3.18563577624            -0.683489692911          -94.4822789522           -3.68464426242           92.1741786017            -136.071744454           53.188555834             66.6595565636            5.98352785161            -141.529744144           65.7539135019            8.62539060722            
rwgt421                  -22.6310058868           29.8945803771            4.7307681885             6.21330008876            -1.55519794611           -28.4229299261           -20.6891207214           95.9809494511            -14.9796963315           -8.24833118807           -35.2332688452           9.96666982962            -7.78381113616           -6.65227966953           -6.84832394366           30.459510997             1.78561859496            6.72205484285            -2.52496161975           2.20959508825            6.28457571254            -6.98694268035           2.03705080961            -4.21300146676           2.62436714298            2.35648396522            89.7825372821            175.208754064            -131.665895256           157.006050159            -156.660737563           71.8583540779            171.717625132            -64.2808483162           -102.147462113           59.1841913586            
rwgt422                  9.41730032375            25.8356661864            2.47724434912            6.0942508283             0.793152587087           -83.7023114906           2.7501471666             -14.8541297589           -6.36603262754           -23.3367020645           -32.4874370747           25.1069388947            -1.29159905196           -12.0477619729           -31.3814908153           0.991220633436           1.57155302636            8.28880694356            0.735055232777           -3.05890992868           4.32529788173            -4.31992318342           -2.60357365466           -4.02152075915           2.11275101334            -5.68696594844           121.234753116            52.5623667099            87.2339816183            -170.066630892           -66.9292637355           -70.4578557499           169.598702025            16.3414502543            40.209354977             -171.122391457           
rwgt423                  50.9124798481            -36.2775172454           4.1685035528             6.25393098166            -0.761257300458          87.0414359965            63.4175472631            -107.687791443           2.16306472307            -13.103943313            34.936632927             34.2426474964            -1.50129383683           -16.5169277298           27.120768873             -24.168667163            -2.17823560451           1.4207283091             1.20709403024            0.0604632047773          7.31327075242            0.29960988855            -0.720195035837          3.26127526749            2.53871644045            6.28516240333            -97.6475600655           -68.5363601473           -29.6971444101           -64.04748299             -54.674324018            136.308266548            48.1026202278            -58.6573617104           126.952794155            24.5915344661            
rwgt424                  26.7064118444            -32.4586323237           -5.84764549857           0.671225976952           -1.73631207721           -89.394961327            -36.1578956509           11.4066526828            -14.7578675848           32.2878686889            -20.1874225635           -2.24046221407           26.9195833492            27.188043468             14.5295959211            34.4957971394            -0.493430368006          6.33326452814            -0.188762074069          -1.74984096523           -2.05112384298           -7.67397438263           0.997842863338           4.39960743554            -1.84487447152           7.51547981886            161.174006149            100.313601678            -68.1477139745           132.474296555            -127.869864591           30.5985150483            27.2114616591            -146.001987098           153.623295139            -15.2364942869           
rwgt425                  47.378376698             -14.6165086905           6.92019540857            -7.74925172711           -1.47069059091           38.9948723196            27.1786760584            -126.463613944           -22.4303422357           4.71127414527            -20.1908310119           15.9324748949            22.146514399             -14.517621733            28.111845357             5.81177099253            -2.29715575002           5.91799346311            -1.54080404595           0.300098394716           3.62751351189            -4.89029409558           1.9179401498             1.82129319729            -1.96668305834           -2.07268424004           172.726091648            -86.3659368729           -106.51582727            167.743187628            83.9778229366            86.4836246609            -5.70059936881           153.860432584            -51.7875707522           131.130386098            
rwgt426                  26.6798955763            27.8879621885            4.53120392958            -3.30230025044           0.657263146134           18.51209253              -30.4590157241           80.5128139878            -20.4620521708           29.8609299281            5.82080687887            24.9809580564            30.1812249897            24.2820149145            -5.67933876522           13.045330811             -1.85844543272           8.64513575871            -1.02101223031           1.0021188353             -3.10342948929           0.773723123227           -0.119937429412          0.368421824354           0.813676739567           -5.89889122579           78.2156512407            -36.8319858085           51.2766141804            129.281798989            26.4586486849            47.8090689879            12.295570183             -107.445724386           80.728701642             91.003922908             
rwgt427                  43.5214186162            17.9635590896            0.269816874646           -2.88204780046           -1.40823645204           -36.7936741439           -21.6799636976           -73.5770452255           6.33977658365            16.2360807097            -30.8119993864           14.5506603885            -1.77758332331           24.4812859228            -24.3106818214           30.2052826511            -1.50984876588           1.92106134044            2.9912131984             -3.50687420971           -8.02483743955           -7.0365301052            -0.477066838452          5.13610850077            -2.61111756346           5.51030928446            -167.445235145           142.905968236            74.918022564             34.8631398074            16.4805403564            -56.8484604897           120.090368455            107.649196497            -157.635005447           -75.5873799907           
rwgt428                  31.3699810454            18.9545705479            -5.14031655902           3.337313388              0.624714175566           37.4125644608            21.0441305842            -71.0571487481           11.6999363642            19.3406617921            35.2659766306            29.0634383801            -26.4442187833           -31.3170774117           22.1147604983            -13.4685614738           1.87703351057            3.23388974111            -1.45049485065           -0.0843965867966         -0.333115670355          -4.34070475519           -1.54758420662           -3.2807291358            -3.23450550135           -8.38951555737           71.6487768619            -8.78993569066           -130.937189438           13.0253957637            37.0593961328            172.605212067            39.8699637355            154.552682873            177.71617414             -153.978989466           
rwgt429                  24.5550621752            -1.53484047132           -0.945275960947          3.13827345329            -1.33296001204           31.0603558251            -28.2719969638           -176.10882477            22.5423802408            3.70822911634            -12.8625756468           5.94639771152            34.0071643206            -13.0713374568           35.1412737447            -22.5025431786           -2.85758419375           -9.04555619554           2.22089827633            1.43742885195            -3.90579941988           4.40892794755            0.727941016359           2.47312362048            -3.38617051855           -4.91773562629           48.7363380113            12.9693970639            -17.2792362828           176.729814463            141.595652123            -163.567438966           -50.2385002504           96.960094437             -147.705194007           174.532925749            
rwgt430                  -51.7161455651           29.9013714533            -2.42081637563           7.64735251384            0.996394438599           -52.3069231306           -44.7144050346           -18.77357393             -5.76970208647           34.105354299             -26.0961552773           14.8056812965            5.68246061078            24.2612500651            -29.1779500072           -10.6863532389           -1.25496445001           4.17030077949            -2.830573778             -0.541963521385          -8.63200437542           -2.78960212273           -1.65794149905           1.02333950788            -3.69482867126           -7.40195402829           92.4767195722            139.247704612            22.7477514082            140.590949814            54.9991869138            -178.676784491           149.587697964            -60.7947919156           -7.87351289805           3.31474636852            
rwgt431                  -6.09048231411           -4.23678736814           1.40274957965            3.40938872207            1.41509862508            16.7983582572            -48.5815068438           -126.577454265           20.4552333868            17.1672638684            -10.1012979181           -10.2913497055           34.9173872789            8.05946718882            -26.6169681523           3.8708940734             0.468769218645           -5.44081360147           1.21143528769            -1.98979838014           4.67482148636            -5.7113704498            0.71537381974            2.36683683372            2.59131154391            0.835417920392           -173.70439571            130.101422509            -56.5549333905           -124.435818072           108.218688733            -81.2134433703           1.14060603988            -35.9763015619           -4.51918358677           150.619970343            
rwgt432                  -32.2748455328           5.65597092879            -1.3560248434            2.62476731414            -0.397748381144          17.9200645787            -1.58932076839           -157.179865061           0.591873466609           16.7125202621            -5.37797614013           20.6580618465            17.6140000585            -0.41121705117           -25.8340495964           2.78721555711            2.50215476563            4.98641037946            -3.22358700461           0.489779071657           -4.49814449577           -4.90149233246           0.648001769418           4.74537181458            0.894123397101           -7.5144851096            179.033122612            -95.3324520122           39.1212575222            14.2092159728            89.4669425058            172.711762147            29.5925239672            144.239996138            104.334652227            139.563297597            
rwgt433                  12.9421567878            -14.1166989998           4.10813222903            7.41197899742            -1.420653035             -16.071221662            43.5737022359            -36.7116856701           21.845508421             30.433145704             33.5420376283            -24.9363390254           17.1426643044            32.2973659749            33.821074425             -11.3951591375           0.122342658531           6.12284456004            -2.97979541352           1.87621670636            7.95219470007            7.30370072024            1.4703709297             4.28357075756            2.84159659345            -8.32174627517           -97.1544697637           98.6094068135            -6.52003214912           -77.2206116226           -63.0048131424           -6.02342002781           83.0825775008            69.1496953952            105.543655968            -179.92616297            
rwgt434                  -13.9893943469           12.4663528309            -2.7018201294            -0.948107811952          1.22245367539            -54.5081250112           -29.1170899152           85.6776839791            -9.77705428334           33.1941378727            3.01466954286            8.94016602543            -4.70900552749           33.440644406             -34.1603643836           -8.41312678576           1.64371073658            -6.67692966061           -0.10943203903           -1.68023562964           -3.81236179293           3.11029268047            2.48707350779            1.42062640125            -2.51283711729           -3.1543761159            -35.4158041382           -91.0868682288           -98.3680137008           -102.933517661           117.944835148            114.828234379            112.351426165            -80.8097976742           -177.326449248           172.942034933            
rwgt435                  10.4155403644            -28.1721819836           1.75903737078            6.90404647573            0.718032242832           87.4866437511            -18.4559699119           64.1862310754            -10.0461569797           29.1795917204            28.5406853001            -0.0266158014159         28.1280066556            -33.9507816479           -20.9930077112           35.1068143999            1.66402807483            2.24330954069            -0.836269693548          -0.613659825875          -0.0613125058918         -6.7372199036            -0.307709797845          0.451075750068           1.85250679454            -3.82781358282           162.224029958            14.5244834047            165.111294218            -67.430934622            -165.574411574           -82.859367015            -156.140936434           -156.449178913           -1.40232458116           174.006302849            
rwgt436                  35.014345533             6.53016850099            1.65163438354            -5.64686381581           -1.04445487486           35.0232750333            50.9554421118            -65.9005659767           0.494926811356           27.7580119329            35.623740426             32.9973815331            -3.59638529442           27.9546357894            16.7511358844            2.3230586534             2.46642021881            1.93852050436            -2.72759644788           2.9593470593             -3.52163795421           -5.63297653619           -2.59956333214           0.147262544928           1.23359606623            4.43049057533            -74.5815016484           165.212004897            127.562445393            -53.4526172704           156.353153407            123.763588077            -104.37525913            -174.199828747           -136.471755701           -94.8232513049           
rwgt437                  -24.1446504972           17.7537414295            0.894887185719           6.8816406936             -0.594970787563          -92.1000742269           6.30283873877            -173.007032346           -2.62605827745           31.2345117379            -18.3221774787           -3.52812227658           -12.5794624317           0.0613029421505          -11.5805077701           14.1703901768            -2.23841415123           3.22954614441            0.918970648818           -2.83229544696           4.25433571979            1.89552804359            0.0408232933136          2.37032626435            -3.32374754377           -6.61288319116           53.1854522457            -132.519718399           -76.6270776359           -83.3052438613           144.586903327            81.6527365816            -43.8728870981           109.127396152            -80.5374739293           171.133436781            
rwgt438                  3.58777931982            -30.0268066021           -6.23225918775           -7.15373230838           -0.670494024085          -32.497266832            -11.3829180599           53.6264249929            -11.36983012             -28.2392727485           -1.33744057658           -30.699385163            -15.2518949784           -34.9833149537           -20.2336040271           -34.2640050968           -2.15329306621           5.51250667121            -1.85606948987           0.0427565228685          1.13350691337            -0.236156246341          0.540876150081           4.7853127881             -3.59495633492           -6.12016674988           -109.436676089           -64.4846499415           141.174560807            -48.6297244959           110.094193644            -176.957966525           -60.0471648444           150.193616537            -99.4138478059           118.071081703            
rwgt439                  -13.4451741919           1.64968077491            -1.76347343966           -5.34942322105           0.721274254756           93.4759279272            23.5123208414            52.5939965986            10.0072250654            -16.2199231759           -17.2405875367           8.05698793235            -3.87384016383           -7.87077188129           6.83052056059            -10.0962899949           0.581338494214           5.22639935665            -1.45583924762           -0.345117602215          -3.32281740309           -3.52273719811           1.09381380234            -1.51023425906           2.04029808154            -6.37653675846           -70.6694829487           123.576591562            95.8615030072            69.0679352488            -133.300913361           -151.506624175           136.594013032            -13.6192409785           -165.460914069           27.2224605594            
rwgt440                  17.2438384808            28.5360130795            4.01905904883            6.46138133949            0.730471990794           93.2455564196            -0.983534660772          129.444548165            -10.2567569489           31.4047592597            31.9990472487            -32.0851592566           -5.08298741834           -22.7847567822           -17.2150474781           3.73477103933            -3.17063344664           -9.19294953927           -0.954871479873          2.89751854859            -4.43044159081           -6.62307972596           -0.461157984134          -1.82435200863           0.902152439127           6.65413723559            6.82603240791            36.7014302868            -99.8425746005           8.46265373947            160.877119458            -123.389937468           -110.951724137           -61.2978518709           37.4902091599            -31.1887047325           
rwgt441                  6.97852197375            20.1498202644            6.07096877552            1.73180165556            0.460345768314           -14.9007838171           2.01461028511            -46.8428329163           11.5546500592            18.7682702746            16.696525463             -0.0205313227143         12.2991947012            -7.67750290429           -14.7304832997           14.1715455406            -1.7926457346            -0.833180058046          1.6256156004             -0.861137731865          -2.0320905597            1.40625827819            1.9115021668             1.51503988916            1.41344233443            6.72293611916            50.1672715623            116.095882884            -47.2231931833           1.33296882622            60.2342790131            -36.9071913377           -13.3033637718           -169.162289834           -144.21327221            -165.13688243            
rwgt442                  -43.0314160136           14.1832617754            4.339522674              4.56329365492            0.70979434587            48.6965608891            -11.9601592327           116.848389098            16.8078953641            -22.3845800379           24.6403431557            -8.73789226143           18.6699180498            -28.7661889121           23.8033430165            9.81764204681            2.88717582795            4.10841831592            -2.98335409422           -0.0436146216033         1.36608668723            -3.37403899766           -0.118377052326          3.74971574475            -2.49351653232           4.39928589799            90.3837839562            112.179359842            155.935130547            -66.9908719084           58.1753137362            3.05614790905            -108.834249455           57.0898260105            -120.436266119           -145.655601673           
rwgt443                  33.6579111335            -3.3236534819            4.27551594343            5.82920923429            1.72062158058            -21.6219434898           1.46913003916            94.2999917               22.1292544709            -28.9694410003           34.4460317748            -33.037238276            -20.5871658879           12.3851623125            -22.1514693334           -17.930738074            2.96720832981            8.33951881526            -2.96804876372           -3.20082398563           3.73739055006            -2.45357222635           1.56587998549            4.12707545755            1.41529276191            3.66348691953            168.422361962            -1.31355514216           141.624551993            171.838397135            105.020740911            34.2221819232            130.836678452            82.9581198298            57.4929386197            -46.763156954            
rwgt444                  29.3273843061            -31.9531261956           -0.266869637777          1.58183084436            0.625929174641           78.0758991711            34.5174476382            0.328468352998           -15.048789033            -11.6497668473           -10.6015879626           24.9578510197            -9.39187477646           19.9343540603            12.6149287551            -23.9123716242           -0.214337148882          6.50950478139            3.16876934494            -1.55026604737           8.54920398715            -3.40509513727           2.51680296936            1.97033993842            -2.62109880407           -0.0414086866044         -107.12008891            115.031123126            179.92622151             41.8353435687            176.625016839            65.0962057168            137.177221363            -144.120280011           26.2817494086            5.58138512623            
rwgt445                  11.1226653547            -24.5626494641           2.05476259283            -6.75187851822           0.751761889572           -24.3827042709           56.9086249187            146.971628684            13.5969825859            15.0166389251            5.402852927              23.8576116191            -21.1322496385           -20.6345737978           7.09338308746            15.7112752947            -1.82290316067           9.16467582514            -1.26209393904           -2.60349335439           -0.775785489135          4.1479676245             -0.63357439891           -1.01762031918           -2.01570844742           -5.91326913026           -166.336864222           121.433427841            4.28505428213            16.1125055616            66.7347133087            146.136890703            143.980159404            42.3870958525            101.746147002            135.487371872            
rwgt446                  48.1506565869            -3.90955772454           7.11738141075            -2.20654163377           -1.59733359083           -59.5737753187           -41.0676537506           -156.670862586           13.3907805891            -4.75774395515           5.99205535985            25.4308920134            23.1936394416            -14.1219659336           31.7417263496            14.2646284171            -0.325098462155          8.48302356954            3.33660665242            2.67764838429            -3.65663143816           3.4685598687             0.273646583531           1.46914250848            -3.37921566452           -0.0840163381743         -137.277641055           -152.06887478            26.3905497867            150.327355468            49.8461578525            -8.89226604668           -153.441640852           -167.82302726            -163.196360004           19.9778761864            
rwgt447                  -44.6223157596           4.31145615905            0.769795397394           0.143172849988           0.194158682916           38.6089376351            -46.3400563652           -70.098219554            -15.6918063437           -16.3674534383           3.60780358796            -26.5532114955           -8.3223965986            15.869423876             6.64237008051            -27.7564520343           -1.97140377049           3.55823775992            0.459148579857           -2.08876704738           7.8507573334             3.78254724962            1.58610094622            -5.22834773117           1.99715903277            0.462437552175           162.314261631            -12.1689487142           63.4998943704            37.9435869725            60.770660351             -57.5608290717           -145.471743937           60.4601374946            -152.671166279           -81.5913285612           
rwgt448                  38.2084992661            37.9711924432            -2.14546396694           -7.7032612402            1.55620851875            -86.4291599088           56.1774786141            125.873191341            -6.84244592259           22.4812999423            -28.178726549            -22.2946133296           -32.7647153357           -15.8056479773           10.1718230097            3.82853213774            2.96362512438            -9.02933474496           2.56160485067            -2.60399317331           -8.33793855281           -5.22554145727           2.06374420617            0.163221714247           2.77471716172            5.75147329734            83.1229748428            -26.3728713047           -111.984347441           131.656786769            -127.535040406           -123.906746013           60.7421157522            -35.3690554578           -122.231820979           -25.2896698417           
rwgt449                  -31.34670677             -2.7789307429            5.4654745064             0.936128114073           -1.46554851202           -85.2661616662           57.0540346164            90.3146243033            -14.0509280683           8.16060944985            -26.1705463098           8.93542412374            -24.5891153199           -20.3610925869           14.1729808696            -31.8476828246           0.00747183119269         3.03431154362            1.55352994643            -3.14905907487           -0.782765709719          3.31003390845            2.38205130936            1.19915014718            3.56000917807            7.18778861655            -153.352815679           117.507853237            -144.634455622           -41.4385962478           95.1923242566            -103.309899913           2.90483982087            90.3613542275            150.151211464            -108.505323272           
rwgt450                  43.8012506401            9.20235349869            -4.86652001989           5.43219003837            0.931063867868           82.472927195             27.5049236066            1.96430758142            -8.95143156891           -31.0031764965           2.10014740817            7.14435083689            -5.54069694281           -0.62504870525           -15.4438872521           -25.1798148728           2.59376886144            5.05913198856            -2.62941953884           -2.68044588482           0.768613962464           5.58318720151            1.60237304215            2.66410827097            2.04757382882            1.55126213037            11.6587402214            -161.682008542           73.1465712641            46.1295411839            178.997379539            58.3098667877            -52.2781064073           -3.33812291891           155.041833484            130.449208282            
rwgt451                  45.549682616             -22.3675298709           -5.04119427179           -5.70268018167           -1.56149819681           -74.323752224            12.660271035             173.654185672            12.6858006854            -23.4646406855           7.40041293638            -33.8798202816           -29.9051207372           -10.5400832382           -14.8123904109           -10.727994509            -0.153647616989          -4.63843294847           0.258095809677           0.497424150003           2.15048312995            4.86439854866            0.406495984867           4.38176093158            -1.27845093423           -0.744294708179          175.054181244            76.4319824528            73.9034923757            -66.7506717918           -42.2537565177           -161.755799093           -124.307217399           23.6603669816            159.255483212            -28.9747513337           
rwgt452                  -23.1794759002           -18.4578661592           -6.09007067868           0.334852679253           -0.615279939224          66.2895547929            37.5075502871            102.223998215            17.5203684279            -22.5000102001           6.82610961144            -19.5894689521           -10.3380158654           25.8114156771            5.62917561478            -11.1705642157           -0.0339189317202         8.68574468907            -2.53705752047           1.42590290744            0.162287736429           -4.53662816083           -0.108387121956          4.14577881835            -0.457475156207          3.31660747073            8.06681506457            143.305075022            46.6496337443            78.4849618667            69.8494910518            94.6474439159            156.356581613            35.1201216259            149.192770116            80.8866509779            
rwgt453                  -14.3800686293           27.5075182647            -0.998184718508          5.36809521629            1.55433035148            2.05566233706            -31.8073147431           -162.35238981            11.5261599094            3.01180389795            28.9164636912            3.9592115213             -19.9086334787           25.7342216723            31.6480088692            31.2952682755            2.04127954311            -6.50074537129           0.569479755142           0.989599796129           -3.62001057601           0.791682930452           2.39123754962            1.20120521358            -0.4340030365            -7.89710482162           -31.9283699352           -158.191779173           -128.288513205           13.4300082488            -40.9029624504           -99.5045223953           120.940120155            26.4770298771            139.045243945            -162.170873617           
rwgt454                  2.94396935184            -12.8705476356           2.75663330896            7.662431997              -1.16751803584           44.9308267745            41.5800387329            3.86128579681            -1.35013703325           12.04666397              -13.002143461            23.7462899685            -33.2249289952           6.55391858543            0.837377293555           -23.6779626049           1.80629727961            8.96146627608            2.03787086175            -2.71065450277           -4.98368965064           6.91054656282            -0.631800341178          -0.802507732594          2.04602344434            0.291583882103           -96.6394244736           -170.663600116           -67.4222258131           -146.713631614           55.9352728473            -15.8213666524           60.7757252806            175.616726775            42.364286839             -124.118871853           
rwgt455                  16.1774749126            19.9480674245            4.59026379162            6.90327039469            0.55344580982            -48.7560298364           -13.2477126647           137.465784553            4.19743401325            -5.1053723628            0.70061022669            -16.6140525683           26.8280399266            24.9729599687            -7.85923661979           -9.45722674588           1.27195110908            3.31599855904            -2.01963628617           1.96171182171            -2.56251547446           7.23063630737            -1.60485386055           5.14626013445            -3.67480699273           -3.67244221597           -57.9975294048           12.9605851491            91.4220500762            -45.6778421944           110.452688877            43.476045222             -93.3378915071           -170.566733121           -9.7668677886            -147.635105301           
rwgt456                  -39.255515399            -39.0143533766           -6.29548689004           6.27143939228            -1.09662288044           41.7951789781            -55.843980396            163.082561805            11.3586608281            9.32794393979            -18.7305022731           -3.77374914334           33.1575627144            27.3843450096            30.435756994             15.7590775106            2.41140276473            0.596925019104           -0.757212081796          1.04909341208            2.00713723137            3.96390231622            -1.3767168915            -1.86934787605           3.2430328412             -4.61729956442           -19.1629525357           142.012688945            -103.472112253           141.29752848             -165.907481122           50.6918884719            88.4610748911            80.9146319075            15.6378174183            32.0561383942            
rwgt457                  11.3905008689            -9.04435609006           6.77724580998            -1.00921311777           -0.00141352447519        49.7330849088            -32.9834154943           161.30399825             4.12368277337            35.5180790018            30.6846107588            10.2872745222            -25.5833354809           -14.9849903993           -0.192623494947          22.2143726336            -0.794185027463          2.86187690693            -1.46029835454           -2.86606040231           -6.02671812418           -5.0227984066            0.551004150561           3.728695926              -0.798977080539          -7.58273224055           68.1051508846            4.84080543516            73.8050646024            77.397778076             -71.2201335947           -54.432157379            -6.86221100278           158.381729421            19.137695857             57.7422155382            
rwgt458                  -30.0326320295           32.8110918572            3.29957911737            3.59264773735            -0.704333008371          81.6471376817            31.2790144769            24.0600027232            -1.16545113019           -19.6618752602           -21.8712907778           21.8337965116            27.2817010421            30.3702274758            5.40403263911            -14.8892786622           -0.0705988086442         -2.67854831773           3.42042633304            2.83027222485            2.20220997135            -0.0587626365629         1.82436283903            0.0846939311404          -1.75120279224           -6.34836759298           -27.5852924726           -51.765743807            -20.9962456301           134.357813481            138.794905958            -24.8602107345           -99.1600458818           -1.98668057639           -123.986566362           -141.538427795           
rwgt459                  23.4635230204            26.3164426862            -3.44394446219           -5.70844943345           0.958677662469           -95.7773488536           -30.6760717866           15.6099104174            -18.5241037303           -9.25455999674           -17.9926521829           -0.769590893372          -30.4051198246           31.7424184697            -13.3124586022           -17.1467227306           2.97503958593            2.83648638128            2.22635368629            2.84707270979            -7.46550068662           6.32937367302            2.0887371048             -0.125480275849          0.0570605732715          0.90976854372            -98.3817402658           -143.063982241           124.79268233             82.7093359891            -81.0621937068           169.466392474            -113.480484317           -124.611784458           -69.2300104278           95.0658993705            
rwgt460                  -36.5164301633           -31.0226425261           -6.08236326882           0.177444011911           -1.09154270623           22.0025077382            -59.7498590986           -15.0086389738           15.9696178183            -1.34149717155           33.5561539246            35.5730078105            -4.28483081913           -8.17846419022           -11.0894644974           15.8644364967            0.564402644762           -0.759585032932          -0.074336468133          -1.88357360719           2.00600681746            4.05390703073            2.13355978598            -2.78544233055           2.09235610939            7.64448257507            -13.5330760173           155.231420651            42.1539010063            61.802163891             99.7233286932            -75.3628584327           -54.9460881339           155.810824808            34.2192956202            1.22707325249            
rwgt461                  12.1618774766            24.8933336386            -2.26493846774           3.30801417296            -0.439018065206          -46.3927621343           60.1141802866            172.657107303            12.1710771225            29.5995980128            32.3924301049            -7.97557356901           -3.31012414858           -17.8671872186           23.8090407945            -7.41213895975           1.23836435908            3.67798982512            3.36175304918            2.35928001013            -7.62947694097           6.29655971395            0.0792534648618          -2.1772042522            2.58281519516            -6.03512364984           6.21944908849            57.2082630376            160.33320518             82.1601760793            -31.8612739634           31.6236228327            -153.985217957           -66.8577783406           163.086598407            66.502279676             
rwgt462                  31.0740322648            -14.4049674139           3.5937335874             3.60968832758            -1.70413531267           31.975733301             16.7007164198            157.587850458            13.4734983794            -4.33723911562           -10.6164270664           -18.539657329            -6.92075248297           18.6947993346            5.83859567289            -22.0388790687           -2.63855446626           -7.31816554159           -0.877500275615          -2.90900124241           6.97999943793            0.683471255798           -2.45671173981           1.3124643701             0.751847978922           6.56974056598            103.744288917            -16.3047267369           -8.5106649217            -118.532229729           -144.594055705           177.632804528            -49.2668764736           -114.825771592           65.7885453356            -51.5384296526           
rwgt463                  -31.7191866651           12.8864282931            -4.75473725604           4.93998180848            -0.554463477957          -72.2745775459           -5.04843704353           -153.221808378           -1.44765952318           1.89548086321            -19.3676225172           11.1383673744            -17.0980278811           17.0399865483            -35.2162673505           -31.3305662118           2.82450216377            -8.87498799078           2.42904376368            -3.21086406725           1.45209101875            -3.16973275244           1.54156429445            1.5892421071             -3.17173729048           -2.58318812001           104.100155101            137.558487006            -49.3918639501           62.7529126844            122.834511357            17.8775500929            73.2904483671            144.577783               119.499026338            26.3373238587            
rwgt464                  23.3814401863            37.3350848906            5.26487399705            4.81375184559            -0.955224882832          23.4046137606            63.0963279344            91.128983459             -12.5594976634           -22.892671849            -3.60402562328           9.2167644823             24.7865571446            -17.9811010497           24.9922019691            22.3097451142            -2.43842646792           -7.32207283782           -3.27595012828           -3.28248159113           -2.15412616792           -6.40785210901           -1.39249858403           4.70803904095            -2.40435115325           -5.57123551157           170.251898204            -32.8166389724           -171.634341995           58.6088445395            -161.250141687           -78.3467775753           -156.965167529           162.630141316            -163.147253918           86.5819678217            
rwgt465                  40.4731754238            38.20167789              1.10259993334            -2.31509433656           -0.968808394531          5.14958603804            -45.2289387408           62.605254828             6.47299923432            12.1014764661            15.1700647234            -23.4256814056           -13.362655982            -18.4599927404           30.2134970846            -1.16441094037           -0.428456529007          3.53810430678            2.81267737943            1.76718992538            3.03346821263            -2.44806547821           0.856082842288           3.78336546405            -2.21936290178           6.75287419216            -145.055502824           119.618856874            -0.150223666138          -155.963586324           -44.2421562363           159.904813714            -179.755244702           -163.299542646           36.4608848841            -137.202312301           
rwgt466                  38.6151850224            8.18505817149            2.11041094908            -7.26532509266           1.29311590671            10.8613708529            37.7083145042            -73.7401776552           -20.3270853551           29.0011964062            -14.6550769611           3.96710913566            -28.8460895816           31.1814830969            10.0954617144            5.94532515637            -2.20097563132           6.76851443253            -0.138168082251          -1.00787727857           -3.62687510446           -5.5950913136            -1.33852270806           -1.24795934023           -1.00706653511           0.722927119377           -155.714312023           86.2916544274            -172.491076161           -99.6739768023           -163.347615219           38.2811530836            78.7989984341            149.209115573            -179.112038461           49.9653538853            
rwgt467                  23.4141666219            8.40198710622            -6.67617843068           4.82840083101            1.7032321424             22.2071085348            -43.637330105            36.4015521142            -2.74211552377           -4.28258162746           33.8607572007            -13.9098445824           -16.6881401083           -3.91663404482           21.9023071508            -18.2234598495           -1.61763873884           0.147066036678           2.53439748164            -3.09881489787           5.60200239658            -6.40901476511           -1.39522163644           4.00873851297            0.431828381282           -7.02892213015           -105.03651687            67.8951267316            22.8624152499            -5.22572215823           -99.3806084243           -162.828662328           89.3699273146            -31.0909364493           -97.3808449424           -75.5131288701           
rwgt468                  -44.1700891829           9.83072874466            -5.86718772045           -6.92360541806           1.26382574357            -82.3144313477           7.40649474907            -177.49102206            17.7096975702            -8.83059995364           -22.8183321766           -16.1769227366           -6.48436087108           11.8219468733            -3.29621477892           22.4269239054            -2.19805063135           -1.81362405988           3.38005400393            -1.67476515365           3.45687172513            5.19809730496            0.143519482159           3.71680514249            1.94436788848            0.435435323041           77.9707788212            53.9203483889            167.511804551            -168.944672104           96.5742558154            102.923049843            43.7320443668            11.7753359482            55.0417154287            92.2805007143            
rwgt469                  -50.5869181959           -25.7805142785           -2.61571955577           -2.81198257457           -0.786288274197          3.52583967558            3.7321578755             -174.870987032           2.53948465635            13.3307313799            17.6077444307            35.5034068241            31.7870741807            -33.2924055255           -10.7077602213           11.5644486139            1.403479558              7.85446376487            -2.6369269057            0.845319750747           7.99479235564            -4.04116529135           -0.601695732166          -1.58710695016           -1.24865466846           -0.865290535257          -168.723202911           116.323715243            13.0866826396            84.2492523073            126.011758537            52.9180951641            -136.126919697           -61.0021896064           74.2114159596            -40.0580922251           
rwgt470                  -48.3582032354           15.6472922875            -4.8612413028            -0.238065722087          0.557645922225           47.655590815             41.0956612746            -39.3780208572           15.7131774637            35.1226646592            26.6113996273            0.559914265799           -6.70718295196           22.5485254079            34.1582486584            -1.90272425973           1.51134462717            4.7630442015             0.303216891442           -0.910066111813          2.41791165087            -2.65070588314           1.97200589649            -0.845555908987          3.55294814858            3.5024968451             125.100702933            -78.1261494495           164.834252311            -148.251630227           -35.8042119128           130.25651122             -90.9316026875           143.488263472            126.116672223            -58.1308234859           
rwgt471                  15.8663995309            20.74568116              0.885714810104           4.58525854903            -0.939396962786          -35.995866082            55.9728419073            -143.250828615           16.0419617806            11.7589898049            0.0115435577937          30.4356873509            32.4812539043            -9.99397500654           7.96501339258            7.90592916369            0.779856734243           8.43316450388            -2.37019834396           2.36817167748            0.331180755887           -1.66552645801           0.724008801207           2.46876765088            2.21109263207            0.409393884879           108.655751458            -161.73777248            21.1675368048            40.384013482             -108.781460823           8.89315845946            -124.884032261           168.13525492             -178.337637289           -42.0146880624           
rwgt472                  -23.9773213077           -13.9444655377           -6.18639234172           -1.82710776082           -0.195730026826          27.6949162913            -62.738374495            -39.641292587            14.2674826515            34.9438526559            -2.88232724665           27.5141283571            18.4483542608            -8.71857144436           -15.1564081434           3.77963547629            0.290196470247           -0.138786032155          -1.42282483753           -0.57367901922           -2.08648544005           -7.25627404628           2.36990193729            2.0812237311             -0.436496618658          1.78935396331            175.11082836             41.572269604             -66.9466912642           100.590380409            63.4421572615            -158.023859987           -148.713042739           -118.220839729           131.528359893            52.3220634061            
rwgt473                  -36.4707608346           27.8448881101            3.33610867683            1.20796225996            0.686167724528           91.8715090094            -17.6715127697           -95.8049439077           19.8075840337            -27.5655217259           -34.4030215663           -28.899573119            -23.8888186237           7.01902343773            35.9301184471            10.0001797906            2.22947552316            -1.39104704405           -2.04690433895           -1.68480372511           -6.28435298667           5.94824927853            0.13156974782            -5.03518694318           -0.615392790222          8.56106768349            117.414033665            -141.700602708           -120.734021633           -18.7496073425           128.783226183            68.4966975988            -113.753919579           54.272179635             -132.271639733           72.1937738471            
rwgt474                  30.7074973183            -20.1413614834           -1.45305087536           7.34432092949            0.274372414816           77.1456720778            31.1840286225            -82.7923885764           -13.080441639            1.57291833869            -34.2671732962           34.2683239391            -7.27922911858           35.4415239385            10.3872493452            -6.53874487892           0.228675088795           5.67026073434            1.30543193688            2.83759752001            -4.7350032367            6.2022661555             -0.858104403372          4.78672273738            1.70452029611            -8.30621397395           -9.59202991957           -46.0094378098           10.072957999             -151.933342081           20.6830517305            118.528317992            99.3023138971            -129.000330678           179.019657141            172.214658928            
rwgt475                  32.5501669147            0.637092454089           3.62028002758            4.4251226141             1.66348826904            73.5775945241            -0.17749614368           172.817672752            -2.51216775338           -29.8914881959           -2.57832214989           -14.9443253987           -32.8323807149           -16.9185963995           10.6879621406            -23.0424788302           1.7516345125             5.45030866957            -2.95041379179           0.688049274444           -4.56240077894           5.79447855363            0.00468913686588         3.88498002359            -1.49763867986           -3.94698999478           65.0039258553            -88.2275847307           -5.1129850132            -132.247528857           -31.1906475504           -14.1186104832           -81.9285432453           -177.051656344           -169.459474944           86.5869663391            
rwgt476                  -5.2674127389            -29.6251475481           -0.653631054359          -0.903959075189          0.325356796008           -89.5372356766           -61.5106049035           130.199872422            16.8492487452            -27.8683755677           18.7459867551            18.0683970276            15.5889763705            -3.71261384453           -25.2317032937           -6.80956428641           0.939691398728           -1.38249757795           0.113399381799           -2.84962397775           -3.320191216             4.44337927078            -1.74231469553           -2.84119942767           -0.151121852762          -2.88325409575           101.091156413            -124.052941978           26.3172664253            165.520327077            102.108939               -38.8752685964           -49.8735424138           -8.04849604437           175.323109478            -162.548621366           
rwgt477                  -12.9599713702           23.2442670756            6.64737368047            7.45827970904            -0.354224825126          45.11341864              21.9802033817            10.3864181334            8.49699716424            34.8496204397            -0.615698087423          30.6846188847            29.2724609768            13.6642133682            -10.8238291199           -9.03376259827           -1.87927437213           -8.65007573194           -0.917802970116          0.896719484613           -2.83073044729           0.607573652056           0.176780709455           2.41798491882            0.18197722205            5.91836919215            -144.995592892           5.34612498288            -72.6314148291           -18.5596249465           40.6638513787            5.77877110579            130.216682744            -8.09493514474           25.2349306702            -12.8404106835           
rwgt478                  -35.5347650419           18.2030269921            0.433380865329           6.61892459753            -1.282719786             -35.423713482            -7.03190109371           -171.481861688           -5.2590401872            4.43067065554            -19.6634651482           -12.4595111462           17.0341108103            -30.5479121325           -19.565336441            -0.256455827085          1.25486077679            5.92410826809            -2.81943550633           -2.65052663031           5.38521985269            2.04983489547            0.70451172251            -4.95845968499           -3.6838729839            -2.91974202179           -21.3179327383           -177.22187359            71.7858181757            -105.515084643           107.912778848            174.787792738            -114.767964578           -101.950964847           -9.68328744637           -48.2568326469           
rwgt479                  -38.7380093742           -33.8557574076           3.8252837168             -4.11250564124           0.604221208161           40.2230981397            -52.8018704086           -167.001613888           4.15339936077            -34.7310554522           2.13195509252            10.1376957185            27.6860342575            28.3159831123            -33.5893181388           -16.7445074823           -3.37239650751           1.75989891933            -1.12672309752           -0.797875231858          4.28647721316            -0.664599230722          2.0248501759             1.68152635841            -1.96861036786           -6.6579953512            87.4200722842            77.6030403861            -161.84008919            151.457692671            105.026534829            97.6010116004            -75.4421078372           -89.2310242532           -127.379941185           129.016578291            
rwgt480                  -38.651246198            -13.777867581            1.03901751389            -3.70737033993           0.587701137195           -45.0554938881           -11.0566240834           51.9654361107            -21.4149150422           -28.8138428476           -25.437592524            -17.2866078117           27.6826926985            20.1484270031            -33.086289981            6.46329270802            3.08223715656            2.38890233772            -1.83383725832           -0.808697151085          7.23979099924            -5.13401263151           2.11734048924            2.83492049468            0.450513245839           7.91321573945            11.0077560677            -35.7157237436           -86.5800626984           55.0702395135            49.6930054123            44.6503670292            44.9011086859            56.5632574522            69.3144300015            39.6545895804            
rwgt481                  46.843861561             -29.8131348107           -5.60321786498           3.76432056351            -0.413447968289          15.7260412148            49.3438972882            26.4702474728            -8.26599797514           32.2871676257            24.7892508361            -2.43148077764           -25.6639994804           21.6997386594            31.919538598             18.1295861075            0.618138569003           -1.53519826319           0.955531460473           0.540253957583           -1.87803363262           -3.55686906347           2.33858564321            0.331565561659           0.10567393532            -7.58814420679           52.3046482998            65.364796333             121.465850439            -9.95867540039           -49.3897369919           30.7353947122            16.3428196454            31.9559097849            97.3581154653            136.486715734            
rwgt482                  18.2036305336            -18.8838264644           -3.97576573605           -7.27220321578           0.0678710519185          10.5807386553            -21.8460924872           -80.7231881807           9.64298172419            -1.5318263446            4.02836148575            -9.87757750352           15.867952909             33.445646712             0.0404505318803          20.4151469341            -2.73822862763           8.8078199098             -1.98833797299           -2.93612416093           -0.586621974105          2.69227364977            0.71095357825            0.549917460245           3.65959535093            4.14123005925            -87.3804971905           -0.637703082376          -130.607977461           170.807967129            141.537114251            102.72370194             73.2839326493            32.9444961381            -171.213903751           -101.876316796           
rwgt483                  19.9669179689            -32.4836703221           0.987478866329           3.31278114377            0.502265620572           87.6195503525            52.4604860362            152.352968944            14.6033072067            -4.32851622937           15.1866336087            -11.571513453            -21.9991321325           -9.83491476916           -24.3376761742           7.52304301074            -2.56475306735           0.107844907864           0.958163039668           -2.81591243016           -8.33992037745           -0.343833652468          0.407057666484           -0.699345837295          -0.602370916012          2.85300635644            -72.683764171            -146.792645128           37.557208689             -82.188011823            -23.6314113774           -86.304481319            -162.412339919           97.0894937361            -143.684171808           109.509374397            
rwgt484                  31.20930142              30.5824869953            -4.46573706824           -2.47055798077           1.48042474933            -94.8469776059           -62.309317062            -117.366427269           -3.07372623773           4.73191222724            2.78320017136            12.9751006951            2.05741994028            12.6545279184            34.7334008594            25.7317146094            -1.43568241353           5.63340277372            -1.92062212409           3.28043584388            1.86478582306            -4.7404891255            0.259897652871           3.52455956559            -0.709048608642          -2.1106863205            -137.416117784           58.5181930814            -118.055120596           45.3418125047            12.9035712501            9.67066739657            -62.2282045448           -111.492768051           67.2695404023            17.8789553177            
rwgt485                  -31.584299853            29.0632803551            3.28604225703            0.356880966578           0.513030468455           -81.3171050143           -13.7574972817           -81.0363215613           4.0011919418             18.5361157073            -17.4833852046           17.8312535806            -16.1161564374           5.33427738603            11.2962854923            16.7630364225            -3.31440127823           -6.58520359983           -1.14291259247           -3.40922920045           1.29387743321            -7.333548317             1.82253764006            0.871230157767           -2.31896723244           2.63155348299            12.6047784848            -90.9858279029           -4.29410455805           -19.4499561904           -42.2865741071           -96.2075533747           179.121155612            175.101318386            111.750766575            -169.926880052           
rwgt486                  -4.7436275703            11.2614657008            -4.75715775261           4.97625007444            1.23384696114            41.8195504118            20.8085827547            -116.567540325           -21.462910468            -27.3725758271           18.7036138371            35.8500134037            -7.80141022705           -21.8557158937           -33.1197949155           34.67032401              3.28880185571            4.40878267966            -2.715638475             -1.32806048464           6.29217197008            2.15262504716            0.911798776845           -3.94366037794           0.0935959310685          3.78029562417            -129.324569676           -102.050925722           108.345456194            61.331320412             125.700638155            27.8965200556            178.961570177            -173.075718957           71.2782785878            68.9114892169            
rwgt487                  32.1228917538            -36.4375429575           5.48442535945            6.96393537341            1.49534085951            -77.3758532843           14.0492796438            150.263114438            -9.76519424383           -26.4386129348           -6.51587043356           -17.9010391739           35.0103320297            6.34697971022            26.1256504294            -22.1033156966           2.38059188337            -4.08263306938           -2.69678547361           1.00192939777            8.48085218308            2.6066169822             0.257841366216           4.87798676892            -0.620580027353          2.68192740998            -150.274790526           74.1761100612            -132.428169797           -150.339516104           121.949996066            -133.002948444           106.808926584            -90.0328568865           23.6613429581            -111.299554382           
rwgt488                  -41.9272558427           2.14786890544            -5.95564349401           -3.11975146399           -1.17490725422           -66.4439631487           -28.8923893611           67.0450917937            5.41310090044            -6.64582583203           -4.16649566271           23.9727485913            1.12716817289            4.65421421317            -24.5486490689           -8.54671873313           -1.51328260365           -4.36100994952           1.57891337793            1.02083649956            -7.01243194583           -6.34354462475           -0.517389003873          -4.26149671705           -0.0149889665602         -5.1863321992            -170.663365418           129.498769153            62.3987764291            -158.342839947           -43.37463056             -28.4282852189           166.840670932            -88.7188745127           44.3381468168            -158.116499527           
rwgt489                  -12.9195383297           -11.7450100405           -6.76762951246           -0.255542602686          1.09877190041            59.6744115295            10.8566791743            141.76120251             0.184302614101           -34.4634840276           20.3932003186            -32.8286126934           25.0496392372            -30.558460148            27.1852128909            -9.84964019349           -0.332400219737          -5.15351515309           1.4144140177             -3.42747031276           -4.21324389409           6.16623748312            2.24361106285            5.03347680403            -0.118873105035          3.53359746031            -123.200535              175.256843386            -22.3234152321           -59.9456595166           26.1010387357            -77.1879269175           -141.934549143           1.32776650449            22.0951797901            56.3763315221            
rwgt490                  -14.5382289126           -8.92365207548           -0.998921548251          0.428025100145           -1.30360811379           -94.4584545673           53.5297092502            -68.099668927            4.7262829316             -8.96289141414           32.1242152656            11.459751582             -1.32149496173           15.8632872328            -18.5084599362           -4.24082444045           -1.12210285917           8.15574461324            0.830698757986           2.5979334176             6.58205002134            -7.57943050602           -0.403936034725          3.81543695576            1.81465886768            -8.30789008714           61.7106688287            -158.532398805           -26.4412442098           6.24220786939            -59.6754069443           174.36113262             -170.083858426           136.88122147             146.531806895            -171.558834959           
rwgt491                  -26.7489981823           13.2121198383            2.80658384509            -4.97406280941           -1.18215156688           2.48064857188            -61.6777769483           83.2953155629            -7.70977340371           -29.1295907047           14.7318599825            19.2565669902            31.1021283527            20.8080280012            11.8009645441            -28.6801674076           1.13229765391            -3.04324511762           3.25892142376            -0.501791087503          1.00515712107            6.97112764838            -2.20849480274           -4.83955897641           0.441052831537           6.19074414351            28.1611370346            128.848209843            -3.05406186488           74.9345629417            -159.310225188           12.4052832103            110.737210585            5.85954088403            -56.5363258537           -107.354594441           
rwgt492                  -25.8435355266           -1.09321580586           6.20765405781            -5.43507897221           0.0375067444858          90.679210405             27.3362595271            145.899343507            19.1896600283            22.5002154313            8.46346213257            35.1785454612            -26.2687180997           -15.3321479512           -35.9683591959           34.5130619792            1.50570257678            7.75140241117            3.03628659988            1.43033414349            -4.39732701286           5.18947939995            -1.54903405061           -1.73257620866           0.406895890084           -4.66116295106           -31.2865060311           -93.8472142988           99.8481883299            -175.839107229           145.234727796            -109.910028689           -136.961522127           163.480644291            12.8200351021            15.8175114779            
rwgt493                  -20.7903161919           -14.9107467301           -4.63958480197           -7.16341847384           -0.753193546325          -87.1894295999           44.6021119814            75.8134959081            -1.02824305313           -4.08340709308           -32.5546951563           26.6068631479            -26.0785591114           31.6851884108            16.1715558573            -19.8975734633           -0.509826731748          6.24922077413            -0.837695149267          0.302962519782           5.18343560252            -7.48153636905           1.12569526866            4.15146990761            -0.399674845645          1.4359953153             1.5215446625             130.783061916            71.0945720583            -176.513067976           -115.302595853           -141.324757985           -171.856706735           -48.4594678794           70.2113701614            -57.3329924194           
rwgt494                  -33.1001202139           -24.056172901            -2.00041177865           6.9796647707             -1.07168708401           45.1291664755            26.0846337532            -30.2908944085           20.4761571367            -27.3271050979           -7.17960207805           -32.6305290193           -5.74264345073           30.3460862946            32.383987468             -24.7644386786           -0.87445687573           2.2620171096             -2.36687531875           2.35975931638            3.37489253882            -7.63027387167           -0.0800070141905         -4.23155457491           1.01339422282            0.376449254406           -48.0893416144           15.0143212485            -108.608536155           159.260524755            -148.649129566           3.87877599408            -36.2653644155           -142.927680418           116.893009594            -144.74060831            
rwgt495                  8.28844894761            -23.9474386578           4.96143604126            -6.82638217812           -0.067467874241          42.4902597224            22.0310727665            -108.018581914           -20.0460759018           -9.91517424835           -6.79209546893           -35.8127182337           -32.9728497561           4.71301222107            17.373889922             -24.3199036449           -1.08443485542           -3.20599265558           3.41941897719            -1.68834326596           -7.78546011172           7.05501072278            0.127278289997           2.62515585141            3.35473012289            -8.31039510204           53.8273152253            -89.1125347665           160.654880534            -118.530237568           29.6827471312            135.386397894            26.3767108637            160.933789654            98.3631864647            147.176219183            
rwgt496                  -8.37314359368           -0.38729411906           2.23486453234            -1.86595022133           0.105038956541           96.1830450232            24.2645743388            115.788612428            15.4497821526            -3.45913747614           -30.8931471698           -27.4059458701           32.1142210798            -11.2698813783           -8.11328907619           -27.6587238869           -1.78306709722           5.9404596378             2.63239600093            0.0511558533367          6.69262180563            -1.11777785493           -1.72922620274           0.568228916237           -1.44690339345           6.90578963218            -96.3859050505           71.9081635172            -10.0024441292           -55.8697225672           8.06690745597            -83.6708854276           -137.093512404           163.210074995            85.1482404212            36.303237919             
rwgt497                  46.9067407228            34.4253384768            0.0311905479206          6.59997159514            0.905535242272           -4.32922532231           -54.2693672995           -81.9595867036           -0.482765614537          24.6305883027            -35.1661630819           -15.2714132375           -20.9373264872           -2.41593379854           -5.09155190082           11.1099011892            -2.60532584717           6.27804968882            1.93141365199            -1.94409550236           4.69508096217            -3.28063877049           -2.00623679437           4.53186951785            -2.18232579303           1.9918727888             -88.3311987028           90.3964144382            36.3079393891            -135.911906603           146.477138095            137.044743637            -179.943744555           -141.837005569           -3.35805090042           28.188839323             
rwgt498                  -34.7940264966           -30.6860546948           3.59690107319            -0.709775453094          1.38337928168            33.8169374877            44.311494319             -127.818731668           -9.70388387558           26.1304311599            -19.3963586514           14.1477305156            -35.8797266529           28.4587637859            10.1662433713            -0.937771135539          -1.27723615095           8.02963605607            -2.07612760653           0.315559118984           5.32954047773            4.47161658969            -0.295072472401          0.5305911645             -1.14757917003           1.22164104415            -84.4302766148           -68.4502275806           -68.4524669473           138.141451077            129.200205359            -141.395464923           80.6570863852            11.1048920879            -7.34737641489           61.1626054451            
rwgt499                  18.1324512507            -28.4524096033           -4.11708179535           2.40296661322            -1.36841432107           -10.2139388728           36.5865222138            -108.963231926           -11.5562680339           -5.74636314108           -23.6994321856           14.7106354266            22.427322203             27.242900601             -7.03826458982           33.53565331              -1.2862916025            -9.17253191959           0.238141062717           -2.90088221018           -0.728654864889          -6.56501440646           0.0881572867769          5.16104624662            -0.831504640871          2.00013391535            42.3479205015            -128.539208783           150.311572794            -127.978918838           130.177737288            -16.7919735201           -7.72756751837           51.3245969172            23.4078288493            21.1659935133            
rwgt500                  7.95961505509            22.8734112464            -6.78208088044           -0.935931562016          -1.03791975438           15.6266034963            29.7242520434            181.817221885            0.060698582755           23.3683634638            -34.5710075497           17.2460594846            15.6005599243            -15.1796489957           23.4567218915            33.0923972233            3.04641601302            -5.02564023338           -3.01630213229           0.0555025166283          -3.98897920622           3.41001858035            1.53275368486            0.200192497593           2.35216284997            7.4465430109             -165.764033839           6.54660198035            94.9383072076            151.743847894            82.6109569637            3.59672735761            -170.659307614           -102.819917975           16.5513486548            129.877800246            
rwgt501                  33.7318418985            20.4314778356            -1.65167538499           -6.27510053892           -0.435658001374          -33.0134930369           -21.6087593011           174.604458783            17.775303247             14.7492593211            -12.2962003039           -29.1968873765           -22.2507104792           5.27870578705            24.8922228405            17.0273709515            -1.82113076443           -8.84499526929           -2.17874680081           1.75034252616            2.4037279279             -3.48724210119           0.119571677744           -0.0651620710194         0.581018153619           -5.18978711952           150.910092176            41.4393502731            -109.911201907           124.881158881            -113.483932855           126.394966665            119.618724181            8.87410800769            139.146824579            21.7387267211            
rwgt502                  37.2552729294            12.4129729657            4.11949024512            -3.42894814306           -1.27795921323           47.591157732             -16.1773307482           111.207849455            -21.4080201271           30.5279155184            -14.3794840599           10.3290885506            -19.7077298595           25.9305400602            -7.4563422575            12.9207622198            -2.18131526095           -2.91694776769           -1.86711611181           -0.685069548469          2.65815401596            -7.57446819239           -0.27844298453           4.10494576931            -3.03144758102           -3.97148248804           -161.798060715           -173.725324834           64.9878101456            -6.79364352992           112.711609396            149.087861272            -79.8572446797           42.9571708044            65.9187311321            147.748025494            
rwgt503                  39.1473804224            28.4374579427            -5.23513472122           6.19795901931            1.60732701585            85.5681478618            44.052394899             -167.474625214           -3.39794680437           -34.8583558328           -28.9959040669           -1.84436524983           14.7511165615            -25.7513416943           -0.83279385781           -20.8523016071           -2.93687839127           4.93741045502            2.34773351388            1.55464857629            3.55140302718            7.08528820993            -1.71456440585           -1.04727566785           0.820871678824           -8.33264749728           78.2856536077            -90.8961647374           71.4003569874            142.49510953             -12.1835029258           153.215720169            168.038122129            -150.304723183           13.6751752893            104.679202396            
rwgt504                  10.1257765382            -32.068197513            6.38295468453            -2.24747511706           -1.28003143258           92.7624007934            15.6809430095            85.8127000827            -21.5168181968           -3.01567462697           4.52040562446            12.2020899223            -35.283809742            3.42226942758            -8.99947554049           5.82320451608            -0.326060368242          -1.77801196532           -0.806089165732          2.9605949357             -4.81666033117           0.586786257407           -2.48570909729           -3.22551963034           -2.53921264706           8.09417542625            -159.599607162           -25.4783753232           163.196213072            70.4165611814            20.5270848049            115.876136114            62.6643647561            65.406748064             4.33760440525            0.645321888115           
rwgt505                  20.1505095767            -4.96142392711           1.17266095791            -5.98051027266           -0.451184726052          52.7777411326            -33.3379573816           35.6089351666            12.9392915339            -28.7825558077           -1.86246431027           11.837590716             -8.7179208108            7.47814447395            10.5024521641            33.5902295567            -1.00013851456           -3.53697315131           -1.59610882556           1.37622091917            -2.87493860431           2.28147014736            -1.15348435219           -1.46420316567           1.96155291812            -4.85067923354           82.0924435876            -87.2351503261           -100.727214772           102.122788889            -160.690221391           -30.387740656            -104.481336159           152.401748125            166.961099671            79.9090038558            
rwgt506                  -24.7026276733           -0.648757997424          0.161613923529           -6.33178284612           1.71993603649            -2.11573212918           62.1597146284            -176.604280367           8.23589481587            22.4834175815            -18.4158510253           16.0614666576            30.6212635626            -3.41652423119           -26.0973438054           -22.8760723332           -2.36965332836           -4.3066113643            -2.35455800196           -1.73990599833           2.89914104914            0.738677939022           -1.06174174748           0.104421856897           -0.670765834405          -5.55757699003           31.4912583247            43.256079943             -56.9328661397           -48.0230911094           35.2992750772            98.5520577022            126.162423902            -57.6911464576           -50.8541258682           -158.715328525           
rwgt507                  13.612009656             21.243326221             2.21948253447            2.90545938378            -0.707122441617          11.2888507073            55.4033262194            -12.4503481321           17.3429106166            31.6050402615            -26.1111928316           -2.56913932886           30.642982287             31.9858157164            6.4439067097             -10.9881122036           1.86031772253            -7.73598982213           -2.25974138772           0.628657328743           1.74308377585            -6.90118221193           1.02357698638            1.82113993285            0.773644881414           -5.7561286473            -96.930054764            -106.534263916           105.939223756            115.425062811            161.631022411            -178.367805194           134.042443349            47.1770416833            -40.86251565             -51.5741711506           
rwgt508                  -45.168541136            36.1642047874            0.776510602616           -1.63955154769           1.64429015265            11.3162778103            -1.55215903598           -49.0865851091           -21.1980231976           -4.77821345611           1.61325374202            35.7889024435            -34.8601886778           13.5204556023            -11.6840814674           30.9973334544            2.25142054245            -8.70261352983           0.58324725768            -2.30570404737           -2.30503203811           -4.65211134716           0.346344725876           -0.585938892829          -1.03406134634           -3.93641968206           -59.8230704248           163.519381102            177.067030725            36.5724247338            -120.05583763            -2.08844300566           -85.6839488731           169.416235396            128.343816351            51.6232283017            
rwgt509                  -34.3641710355           -3.63221788784           2.97128053636            -4.83388905355           -0.502595041022          -63.1397948162           41.4742923414            -25.4147055467           6.19033499013            -10.0094727094           17.8664134024            23.5952398585            15.9062029781            -30.5311897168           -20.6329817302           -1.01252520264           2.44611503594            -6.7370173919            -0.454330403713          2.95983521006            -5.65037203723           2.44180130017            -1.3257364997            -2.14031424158           -3.0600108601            -1.76322257212           110.81876652             -131.353937596           -61.9214567258           11.4179028001            6.46710767332            30.1123864458            -28.9915858331           -15.9430878597           -76.6917652989           174.864793322            
rwgt510                  -7.06534306712           33.3228607278            2.98536832648            -7.16557881495           0.7979436091             17.8022203328            56.8755251832            -107.276902336           -0.0758751767113         -21.4662552269           -35.9825579133           -12.148352907            -6.46340813388           -9.10659891544           28.3529781436            12.1130890863            1.90836772881            -0.883064216402          2.04275501226            -0.133593900619          -5.15863533263           6.9338469503             1.67866413823            4.34530877271            -1.20262273671           -5.54089840977           -55.3794256328           -26.0421235066           151.918358499            -38.2251708485           11.2547795763            86.6789041463            95.91278093              99.0350141639            86.7915811937            67.7671873533            
rwgt511                  -6.58482421229           -17.4779243993           -0.304521169115          2.65920021561            0.896981038044           -66.7401978851           -43.382994279            -111.854067039           11.125666597             -8.21392339917           30.6589147334            -31.2040687831           17.6810154247            3.67201152431            0.220301896069           -6.35414375156           0.603364229185           -1.60118676148           2.16282651277            -2.14727537772           6.43588504874            -6.52499167902           2.31746096742            -0.445102408052          -0.334585150764          7.58708241895            110.953623699            -162.220560414           -179.915382218           168.466135568            -12.4089197839           -150.490521604           -69.9410604704           168.700781374            -29.1602466504           -65.0667904118           
rwgt512                  31.1725121709            -19.711753724            5.86686482142            2.26897842929            -0.77459598306           -88.7463647258           48.040697373             -16.1008732031           -3.75753158767           -11.0023458654           20.7768152284            15.6181591535            2.1510722051             19.9143418659            -0.643584475208          -13.163564608            1.79726209276            1.6817046761             0.722672474723           3.05958730223            0.159556571198           -5.72916401749           1.95050500951            -0.44601626863           0.823608327134           -3.35867497635           30.7687650891            52.759270796             150.923838494            -167.528579988           -67.2583724885           66.9483697064            137.716478997            178.442278587            -172.68043088            -8.00922174795           
rwgt513                  -24.3557760265           -13.5646944108           5.74107701297            -0.961063212355          0.547952512179           72.815934548             -1.81701059573           -145.458749275           -16.3550833821           26.6996250391            2.66500944748            -16.5275662127           -32.0269471471           -12.591221266            23.6328108205            15.8480681997            1.26063730644            -2.81129887317           -2.87989587128           -2.52579582434           -7.26335910616           -0.193542863964          0.550753805517           0.749740877718           0.0224837919726          -6.110759545             -65.7256265531           98.483076577             67.8062623237            -46.4177481928           -178.832136993           -109.049912798           68.4980534524            -160.438590661           -68.1175374713           162.559171771            
rwgt514                  -39.6391869265           -11.455236424            6.16290409374            6.07548705015            0.687615339296           -69.0569353016           -33.419086881            -100.342171435           2.60957775804            -29.2049986847           19.2598594452            -14.5291152151           -14.6329085131           -15.8540259314           -16.6160749314           18.473795469             -1.09624951269           -6.08882487087           2.0451029846             0.0223494235306          5.77936252087            -3.24083574354           1.98934141012            3.26234429885            -1.51416924679           8.32707438043            151.772302971            -164.57654654            77.4724686101            -109.619628444           -145.80883365            44.4260253643            82.7094059784            78.7660184894            179.660405743            -49.5290785332           
rwgt515                  0.745847971942           22.7014616281            -5.86487080537           -5.6334329429            0.502016180102           84.7516151165            24.4149777411            135.33163391             19.3831481147            18.1767633116            -5.31087476811           -23.8094944459           19.5765353793            -9.94233409911           -15.6172947062           0.28124621494            1.13064443078            0.382987023238           0.700883224272           -0.00114194908951        1.12614861951            0.925369656663           -0.238874117458          3.89482381202            -0.790939467827          -7.72495862933           9.15424990357            -74.3478917166           -126.676809897           -100.23032504            -159.204527868           -154.721995668           17.4696952593            -1.06698543045           -177.02582893            126.753613071            
rwgt516                  40.8828653612            -8.62406880479           -0.89187603789           1.35224089802            -1.50954975759           -89.7958570247           26.4123822259            -85.3631214508           8.45700582               28.455023805             23.6690883932            -0.708867347499          9.12468346255            27.2395068465            1.77766954483            -16.715540759            -1.55732201655           9.23992753381            1.0793405994             2.50271370681            8.08457172931            -6.30490085656           -0.027404016568          0.610709071329           -1.91368301712           -4.32405503302           -62.3384301259           159.028231933            -10.9440337954           -171.877633187           174.582618317            71.508172319             145.154974207            -104.166161082           -107.637868153           -12.4264125016           
rwgt517                  -36.6715764068           28.8099530187            -3.35167428544           -5.86420356228           0.653537837773           36.2713453781            -50.7486948899           128.923400493            -13.030828395            35.2934255041            3.4978571832             35.0689810002            19.3103596539            -10.4124891859           13.4313898643            -35.054495396            -1.29029873055           0.928720741392           2.77635519632            2.91365412774            3.24752484622            -5.80177698614           1.91725384178            -1.70498115086           3.53789847076            -6.38908855411           85.4813745105            79.1588562213            -89.8991924809           107.607569               -90.1708859405           79.3077533193            -139.195237215           154.924841801            16.9479514347            128.95986865             
rwgt518                  -21.4423752537           23.9163130059            1.21114169688            -1.74209208635           0.879220614975           75.0248439368            6.67164835877            -138.863089881           4.68524857935            -27.1531958643           -5.53608333015           13.4735471248            9.25927912435            13.2091579837            20.1507310937            -12.5718344685           1.36969703584            -0.681025785928          1.58572660372            -2.59847233372           -1.71601841987           -5.75016746603           -1.63032964506           0.764937873088           0.458010886673           8.53785596457            -70.7309927244           108.844132623            142.609563568            115.948208987            26.0630499505            98.980006738             -63.6933093147           -88.5813380046           -160.591834522           -16.7613608393           
rwgt519                  -30.468382274            -28.2833909872           -0.688398677953          -0.792137073126          -0.345102975038          19.8101482243            -16.7375699375           136.911609473            8.82704207805            -35.4481231591           26.6895359423            6.60679011412            -24.6687375646           20.4068724822            -10.9856704549           -17.1766996171           -1.04083243527           -3.86094886913           1.59970156911            -1.19127004477           4.23741769282            4.95310741538            -1.39261633933           -4.29941578908           -3.19863019287           7.86139444835            127.35879149             -159.52297845            -170.699758122           -121.800787328           -6.05303896277           53.2589657517            151.327167017            -67.8926829476           -165.550629247           91.8080297371            
rwgt520                  -21.8930069628           11.0288994158            7.24777831924            6.75291612742            -1.33356159322           24.1972455138            9.37166651297            139.145871542            20.8205503297            -18.5209817786           -23.1299529727           -8.65259302754           -29.7113130411           15.9599406618            7.24298020755            1.69605787191            3.04460122711            7.69110523821            -0.876554760662          3.36422907311            -0.56456258324           -1.40048955378           0.5498961694             -3.02217426273           -0.0759923340068         5.24094488287            -67.9632373307           68.2347716024            -2.94003612623           102.144866029            1.52842551178            114.765451727            -80.5384326207           125.067226434            12.6293591672            -147.650438293           
rwgt521                  26.7876941699            -6.85962285601           -1.17614585971           -1.8046445529            -1.26652484358           -17.6365080368           -41.5790900162           -86.9528908595           -2.43290685495           -19.5911515454           -7.52464676896           -24.221905356            31.8033926784            17.7302376315            -21.4949734027           3.38571618036            -3.03384040485           8.04972559216            -0.430924376466          3.47956191682            -7.06852755578           -2.86145586309           -0.468828833053          0.799998473982           2.32331318055            -3.27774483421           -123.123981099           12.2082536416            -152.718150236           -55.1232697724           -92.5711811775           -125.813858924           145.758968181            125.639494174            124.984939961            -160.255559842           
rwgt522                  25.0880289775            -20.3381318485           4.29048275412            -2.93053943646           -0.816016794031          82.8873217194            -25.0796838058           -17.1978491306           -6.1087166957            -26.2684121911           -1.89135924033           -26.6097256685           30.7249074518            -12.5674591612           -12.5649778295           -6.31677807921           0.844616404049           -7.66906181306           0.616024414588           0.854265531083           6.35372191575            -4.2037386775            1.79371359658            3.9977549173             -2.06796614883           7.57309296619            -135.144450273           20.4626452532            -81.2971438257           167.370784903            97.1468653204            -76.5217567279           24.2552403831            -6.08022628605           154.363687954            46.325510515             
rwgt523                  -35.0294542014           36.6994760611            -2.07426581324           0.736523440367           0.159859017828           62.4138788452            -11.5239102084           -62.1139285137           -17.5253428875           -33.8344647998           17.6897746917            11.758413663             8.32542828712            4.96539698689            17.8121482193            30.7613996964            3.34901051117            -8.36226571476           2.83714008226            0.411783366936           -3.60668637122           5.7383787594             -1.56104207441           5.09642708665            -2.47067308716           -0.162818112994          27.1701576591            4.89507010252            74.0478828241            72.2552995279            31.9903950461            123.420159037            -48.0415852353           -122.341759839           2.89266436895            161.514549177            
rwgt524                  7.49501665104            6.1733024954             6.90350974889            0.91161899733            -0.889095247992          -37.601694998            46.8998050625            169.763784631            -7.14633180351           -8.10690404742           -29.8564456115           -11.0315244703           11.5166739832            -2.43980964248           -33.4936945123           16.065175204             -0.941362514169          3.7255914715             0.239278159177           -3.07718383962           -8.64034248951           -3.20634094353           1.26487219464            -1.16439911649           -2.30220142455           4.08170412333            -177.027826945           19.6396801983            -174.859210734           129.653859621            -109.858150666           -140.335930876           177.215304207            -82.8497475792           24.1817888662            8.99465327635            
rwgt525                  -31.5958400712           18.1526607061            -4.63140364361           -1.1016879707            -0.233897095382          81.4832431441            22.9278510832            -83.9522926151           -1.82408992115           -14.3879596559           -6.59884576745           -22.299297023            -33.4073435916           29.7104897705            -7.50279094085           -7.14035855737           -0.700360000255          7.95059421389            2.57258917913            2.76473597671            -1.90955200306           0.344443660594           0.188965590561           4.30454143419            -2.74506128178           1.90100296027            -179.898770529           157.380834701            -94.6173563002           34.6342927588            20.6795873025            76.6842497848            97.6857606529            -71.7703194194           134.851166581            -167.713064034           
rwgt526                  -8.57701911042           -6.14215139625           2.08363309128            -5.35474811783           -1.11722574007           -89.5172115958           -21.2104825296           39.1156852141            -15.963868539            -21.0128025522           -11.6470426194           -10.662999774            -3.16130822747           -12.2916504887           -33.0775835901           4.69207046999            -1.84839644551           -9.37503458201           1.98441166968            2.48635941941            -3.2330387496            1.99365494656            0.587195335974           2.00104322717            -1.16149363686           -4.93968375869           179.188741374            -27.4045388395           49.3812225299            31.0156261963            0.665954887406           53.4430231483            -91.8971863517           -162.988442079           -122.139614932           86.6892256097            
rwgt527                  -2.21620194596           12.7501723296            -3.20467841315           3.40363873651            0.178509934948           83.6648555964            23.8754737674            137.1234401              -20.0857144404           -4.18139834787           12.0154329847            14.845729485             -19.2706899843           17.201738496             -1.72122192452           -32.153881849            3.11864513953            5.54968406773            -3.39976454191           -2.79133031579           8.16286104901            4.52860740206            -1.06199237583           -0.113999781407          1.21778416477            2.36076007498            174.726087661            -16.9256331605           159.174867689            179.000203418            3.62892132586            -92.2008082655           -42.6849254409           65.4045222583            -23.4018533629           44.4932936546            
rwgt528                  -20.6947024423           -37.907144912            5.57310243981            -6.28165332295           -0.701064727867          -94.1180717866           48.599942057             155.803252387            7.37555031768            -24.4181186908           -14.1031675184           -30.9528777617           18.4439269236            20.4513387787            9.46718867925            -26.2303137386           2.99959640022            -1.31805519844           1.66377295129            -2.99963124469           3.84610231098            4.59595449771            0.817479693445           1.31114579504            1.07480024848            -2.83466244937           -2.16941665488           77.1900491564            136.574384986            132.915553377            62.6786083541            -101.460694453           56.5040506089            126.849991261            -27.298833035            -148.029731284           
rwgt529                  28.8092705215            6.45941338376            -1.54300646187           -0.391613129383          1.56553687494            -79.1466153463           -21.9980043002           -4.16988141405           20.5521705239            -26.3086978481           26.7432739024            4.78662890196            27.0700871057            -26.8567676233           18.9362420932            -22.8303204201           2.99574926673            7.10410169737            -2.61300015617           -0.531172478302          2.56885589721            4.63685911282            -0.269324597877          2.36212336989            0.964099564137           -5.39166548889           -15.5809374154           -30.5152357376           140.59366898             7.90986711593            157.543936867            148.038117918            -167.264499215           96.3614457419            -135.655415055           -158.653532283           
rwgt530                  45.6357387568            -27.1214450685           3.73497659341            -0.124034427573          -1.09039887355           64.2219714977            41.2847222473            -147.061711526           -15.9837728385           -7.12286975295           35.7183570312            -17.384246425            -3.74272765078           24.928865458             35.3792666232            -11.8182149936           2.78018486763            6.82661794581            1.32893517443            -2.44825141609           -6.55134633298           -1.49240664425           -1.77773363604           1.80844126343            1.85047959389            -2.52500667979           -59.7233356697           -14.0151915239           -176.712391844           -21.3978001514           145.171289472            -40.3954823344           96.5742536566            -130.655922609           141.366891343            106.555181415            
rwgt531                  -27.5645102048           -13.7537142695           3.59270463675            6.73673455004            -0.456199614173          76.1824451726            0.858731192259           -31.1606967659           11.6068400414            31.1884591399            6.3932527636             0.214415167032           -4.25953011975           -24.4439875087           29.0949791351            -27.9209097063           -1.22430232306           3.78374535785            2.64963610697            -2.79640452887           2.81417691669            -5.16876588282           1.81933829589            2.14921195276            -2.95210157124           5.90938866059            119.48604947             24.1713539488            146.694424697            -98.6735058359           -106.357919838           100.604554435            -141.720681254           169.831378069            62.7482879226            35.7646697004            
rwgt532                  14.3192319195            -27.5884906712           1.66722199136            -2.71154558507           0.426519196039           19.2464648699            21.3189604115            -101.538362024           19.4860768422            14.1584871984            34.7011554513            -7.81377738122           30.2504114997            25.0897205911            -9.28293970285           -16.6273188565           -0.105425180922          -2.33701903223           1.49460919993            -3.37662115565           5.44903877489            -4.31434219798           -1.80320762309           2.94967407965            -1.74426100479           3.14349350599            69.2106615655            -38.9852294079           60.8177838074            55.0412370532            -119.495272079           61.5857510033            -77.3540768954           29.1392145439            107.347261782            24.0959219269            
rwgt533                  -51.2315579388           -0.0678511321711         7.04528474111            6.62524005065            -1.50222086974           55.2502513329            31.0921683484            -115.478470243           -7.70622438862           5.6672260976             12.9436312265            8.72088766808            1.58005296964            -22.7183045837           10.8333961734            -20.6968109481           -1.16565538324           3.2394685376             2.39694119086            -0.892568916085          -7.45288189191           -5.31082916006           0.892612875316           -0.438787626266          -1.92581052735           7.23050441578            -138.367682281           -91.1750836737           -31.4510013089           -36.2389255096           169.810485203            179.765646221            -43.9473464717           -42.4474312166           34.5576451206            -63.0934139603           
rwgt534                  -42.0359907283           -26.5156231403           -6.26898053248           1.71637852094            -1.00225705571           -72.3588306587           32.7009505366            152.648530838            -12.7454303095           17.7605786344            -34.4867241494           9.6203808428             -15.6665336692           -2.69081335379           23.98015762              -3.56681560918           -2.21365820357           -3.0983717717            -3.33128032217           2.4299601026             -5.23063314615           -0.932665502801          1.55005135129            -2.5499763535            1.85716306239            -8.04947017248           -45.1214228847           46.2603414732            -22.5069765925           -85.6430880988           -60.8140515762           -11.6800791771           -87.1692782427           -27.5815197649           18.533144587             105.022435095            
rwgt535                  20.2609679558            -17.388731844            5.37003644446            -4.2482257061            -0.32751242528           15.6187370645            48.619330429             140.751314269            -4.91014739353           -14.675951174            -32.9400694191           19.3267475706            29.0924811636            16.4075892567            -0.648613904969          35.1148860243            -1.70399818832           -2.79476281365           0.0797064863106          -1.72489664022           -6.84291664507           2.88176597559            0.351320039956           -1.41478140692           2.54763086134            -7.79136988404           45.4895993377            -111.815896614           174.565443366            -20.3579361076           64.6985655763            176.173332841            -123.825680404           122.717847401            79.886836957             63.9735907418            
rwgt536                  45.4864053491            29.1657085408            0.772255955137           6.53985634687            -1.68283263131           -59.718390136            47.8642600481            -126.21560731            -4.22074478984           -31.9987276369           13.7617515879            28.1696170966            6.18296275859            29.2714488105            -34.7086796183           -31.6306509335           -0.989198562278          -0.811185650599          -0.0900412852578         1.79945200579            0.369845865171           6.88802930416            -0.469163993815          0.95597286126            -2.85038757022           4.10229137623            -71.9574936472           33.0620963106            -19.7671593859           164.026684147            168.962441692            21.8154842288            -126.215974321           -177.717828824           -59.749509355            -142.856961727           
rwgt537                  -46.4818467107           22.0705680865            -6.38167565041           -7.02778913818           -0.911213362118          76.8511517723            -45.1068263532           72.2489879268            -19.747651306            -23.4511208915           20.4267171542            23.9339925508            -9.48589605053           3.41134964315            -21.7418039155           -21.3704874449           0.796116637523           6.76406118953            0.957677859644           -2.84788528149           8.33186302287            0.180648280193           0.533204802338           -4.58571899667           -3.56888078916           1.14914907331            -140.413004005           116.320629438            60.5011394718            36.9439491649            143.958680243            -108.574346771           127.430333991            81.8806495531            174.492009061            115.112202382            
rwgt538                  18.909748826             -7.79453997044           -2.76649400125           -3.1251405724            1.71127278183            -34.6878359522           -45.3527796615           126.956505717            11.0461018746            -19.4044526921           -6.25747195313           31.9597176047            35.1295657583            25.723385827             -3.79073948088           -24.6863508199           1.12083502749            1.00572420002            2.11138255059            1.40086641981            4.05522453296            7.3912208429             0.755489212201           1.16593624763            -1.57006928975           -5.83954623376           -51.1690778787           122.974184154            179.423871426            -51.2295669238           163.897511992            -133.551927839           118.872814728            43.7102783603            -34.4605982193           46.6135389734            
rwgt539                  -46.7958339432           -5.32413643487           -4.27709016306           -2.4826323065            1.4879348345             1.30533650674            6.92978560031            -122.689984183           10.2115475227            29.4478641608            14.6835138765            -0.36452163665           12.8639845598            21.6251120069            -2.23024148004           -9.71563375635           -0.342051417924          -0.829367158849          -2.27437132065           3.34431466587            -7.51319936308           4.21656137786            0.42115975683            -3.27664372865           -1.1765985061            4.06083958372            -45.7111893539           -63.416517187            -61.5638908415           -55.0217306327           12.6022962245            -112.25255573            -16.2223385115           141.858026055            78.2383949689            176.198077129            
rwgt540                  15.4087780585            13.2921410024            -0.575770760486          3.50989140552            -1.14378228399           31.3369599979            -32.538734949            88.6819231221            -14.6935262687           -30.4760971058           -31.5814248299           9.33344204352            -9.84324148651           31.8659833124            22.7772120541            14.5416266958            1.52330747065            -1.44552114474           0.670451569247           -2.08170784662           -6.55798861601           7.29597052839            -0.495103971392          -0.964628240638          -3.54754407836           0.119332942403           -131.690629398           -149.272783237           173.758692801            -139.783209504           25.4928569192            -2.86464743204           170.81025655             -52.3739987702           56.3870277767            -108.469934611           
rwgt541                  -38.8063328735           -8.97312166622           1.12898456225            -5.95018959281           -0.569383905182          -37.059585674            -11.8208454608           -6.60452116375           12.5078179051            22.3243184437            -13.3893180644           -20.9337949726           -26.5272151151           -10.2775629836           -31.9354252998           -5.96150732811           -0.209911812037          -4.33447445738           3.27545591885            1.850468812              -6.13993172137           4.65549568768            1.79560052526            -4.79979749285           -1.23431678662           -5.70439808417           153.228582525            -115.902480075           -173.08480784            -28.8251614167           -173.401733257           -13.6125650805           160.359394985            -44.7514977846           -115.426180467           -68.5244821802           
rwgt542                  -49.427916777            -0.768771311743          -1.05854308129           -3.31956943374           0.24317296206            -63.0430841167           0.224722394046           47.1948751155            -12.1168677823           -3.10202362154           10.6906837599            31.3967939485            -19.6602962296           -29.4039911801           -7.18447298657           13.4418885905            -0.619131773989          -1.73352457182           -1.75685682499           1.79901680755            1.02533819306            4.00752147089            2.25690455557            -1.48181370281           -2.81007599834           5.29521893229            36.1244034551            57.8298090939            -17.973280295            121.361303544            129.079086021            39.6312782456            1.15567117802            86.6650669778            0.594389017656           0.959154568728           
rwgt543                  6.92725585256            -34.0593574636           1.24552368858            -3.84100198964           0.350278124899           -21.6667548161           49.5591336631            -31.895036549            -16.1524312516           15.8520928241            17.5082827171            -28.6823216436           4.98700418724            -0.977092610798          -32.7383701122           20.0498179572            2.07003155901            2.76824579548            -0.850503016922          -1.00502794745           6.96814506572            -6.87533421384           0.744649109251           0.454030776026           -0.576328397252          7.6409916594             -0.851937671976          -19.5885258742           -172.991970699           -5.85540952253           5.92215362566            -78.2595138731           88.4131723714            30.8728455304            121.752584101            -5.67198881546           
rwgt544                  -9.5169334044            -28.0561492188           2.57244848299            -5.63033038227           -0.746142455116          34.2660505833            61.7577566359            -101.504382128           -7.90722743177           31.0009519379            8.66968497505            18.3130953296            -22.0951036588           -16.8936421531           -18.5751497765           -30.7351618292           1.56425746408            -2.71801494229           -0.0858252426973         3.18112118413            7.40298283379            6.6100399707             -2.20196681403           -1.899636654             1.38210161939            6.5378541275             -55.883704062            -13.4735136735           139.77896455             -172.919424592           131.671488386            91.6954433211            -179.47223707            -32.5819762331           139.751293458            68.3609032702            
rwgt545                  -51.6784843551           5.20543098263            6.39115488022            3.7078501312             0.9549217306             37.2017195115            32.3439552752            -42.1007344767           -21.3004328657           -35.6927280406           13.5586025994            -11.8175973806           -33.5626939904           -31.4043160498           33.83518458              -32.8034329226           1.545055795              -8.60111802635           -2.10591421451           -0.151914430491          8.11130754982            1.21355937078            -0.585467995412          -0.442950129621          -1.75388212599           0.450263902868           9.64750088154            -85.7131096229           -13.7566293042           135.543225659            -17.045423506            127.848614405            148.342100118            176.421732293            63.267351289             -93.0087234653           
rwgt546                  -51.8887479798           36.9421562013            0.708537386807           0.682152041245           -1.02196889825           30.5465646883            -28.7775913827           24.668266262             -1.95443827963           -17.0825528673           -26.0359131447           -14.0593714282           16.8857357619            18.5832145593            20.3454936376            25.8179420786            1.00131735301            2.02246316075            -2.52839066556           0.851815819343           7.2688388354             -4.32665033753           -0.153694972697          4.30475029062            -1.29888413221           -2.57733879983           -97.1245049607           92.8022213502            141.900573779            -23.6197200033           6.90976384734            -65.0427510496           45.932327658             -51.9634352036           155.341682288            -154.152452287           
rwgt547                  -42.8732306854           -10.1308344064           -4.21835193118           -3.27938236467           -0.152800923197          27.7484601943            -28.635512786            -144.693188114           -21.0615454212           2.76178448943            19.013165469             7.45787440159            7.78509606108            33.4633901987            -7.31725462547           -11.4052391256           1.68602934693            -6.985041608             -0.517095623988          2.12664582655            -6.80658375346           -7.73525911825           1.83779223111            -1.21424493219           -1.677182481             -8.45915232452           -132.949349218           126.414273822            -151.309055074           156.792200847            -4.83795388798           -21.115933153            81.7244544185            -82.4910671995           -54.723589167            -45.0780179701           
rwgt548                  39.1686460154            25.1345649623            6.92565173231            -5.73734196699           -1.31059758977           -51.2991591296           -8.53052771061           169.359623503            14.184104303             5.15607478099            8.64973051345            12.7928295713            -16.4402917784           13.8117048035            -2.44860425204           19.3443193804            -1.27159202037           6.26967386521            1.80409985248            2.75324963183            7.13015510039            -2.66086357146           -1.9366438292            4.26907528992            0.542206725657           -2.18914159951           85.6089801085            -103.788961475           -31.9414131704           76.8502725353            -146.503148575           -39.2280072136           -77.7469748844           90.0406073683            61.9242377959            104.908669021            
rwgt549                  -25.368462451            31.4658875538            -6.37532829654           6.17103398815            0.15094857048            21.9695926757            -48.2194867872           -138.610956537           -2.70351150713           11.6566174809            32.2534406137            -8.79517812563           -16.8365101358           -19.2686917579           27.580178046             5.14279504377            -1.82198516401           -7.28641399716           1.72253892422            2.32897938651            8.30789352766            6.74864459126            2.54463219171            -4.04910569497           1.36621131347            6.27142157391            85.7688535186            -135.389861449           50.2459609686            29.7191472558            169.022688662            -152.246034488           33.3580659819            -23.4305576522           -105.544820932           -69.5150884018           
rwgt550                  44.1401906685            -15.9700895868           6.44083455281            0.98585461377            1.06602480519            74.4346557477            -58.6823689715           -51.5275729612           17.3603325845            1.15573266843            -34.3911190661           32.900479011             24.2819237141            9.94232740653            -2.77195651294           -7.59888906424           -0.261982578741          2.31829431484            1.72319583049            1.30260325077            -8.18563093742           0.520466724251           -0.553184396432          1.65538070809            -1.06193600462           -7.34287021767           59.8772336544            -42.6828722916           124.385213224            -43.3934350807           22.0386022849            -25.3581149976           -24.3109265597           103.381370203            -68.5612347754           -77.7834193317           
rwgt551                  -2.94493319716           -23.5202107259           -1.29862632257           -0.0761089002727         1.19874813074            -98.5317373376           -50.995545065            -35.1298258788           -15.938833395            -3.36560966909           -35.5601621006           33.7892148923            5.33122189824            -9.36979952973           26.5253817954            14.7725422891            0.569590764358           -6.23625396523           -2.66818440854           -2.15460719673           0.0291328539317          4.04059447909            -1.66852581706           -0.942767944272          -0.00858007205445        5.83910627568            38.6133761717            -114.589563255           -96.396482164            117.634589536            167.18616368             -29.9441719903           99.668083873             -140.942790475           169.176602931            -31.1995286082           
rwgt552                  38.0058993874            -37.077613096            4.63754833603            0.362835682016           0.749518007599           31.42655636              11.2203039921            -116.509662062           1.26336161133            -31.5583341881           -33.1424285666           -5.80274992612           1.50293564075            -17.2455455762           25.5671735197            0.498021008152           -0.832005866094          3.88451777401            -1.77355576184           1.14449065224            -3.00548812735           4.57730833401            0.200370012607           -2.39325769265           0.40570906707            6.39683661979            80.4517497718            -49.4553618135           9.87859882957            -69.8260474164           88.2795986868            -56.4025559488           -5.65391068958           -119.008670724           -32.2747135958           115.293490394            
rwgt553                  -13.679126896            -24.4773188417           -0.813396050309          4.06483561517            1.73438338692            -10.2088978732           29.777291445             128.294476591            2.75059465252            -27.1803067602           -8.91038465334           21.5392511053            -2.36818969555           -4.58302509561           -8.89886207305           -31.4152094448           1.99270883095            -1.2638795774            -1.81467293103           1.53870946194            5.31989193876            5.25853639637            -0.342285233546          4.88968031593            2.18182288817            -6.21077062372           -77.9323394135           33.3616975458            -104.06404608            -151.316266034           -120.313578771           -113.674335336           8.45154225092            170.76551395             -26.2556678638           69.5735161953            
rwgt554                  -32.5890190102           37.1245244557            4.34150681866            3.33324118749            -0.589606728457          -16.8173831199           -36.2513289595           -80.833448943            5.45723368027            -9.2922836388            35.5177193594            -21.4887364447           -26.7580398895           7.50860321148            -35.9186533767           30.1540181039            1.38565288787            4.96415323487            -2.61457658099           2.9413780019             -0.0709056416792         0.951799072967           -1.52882439315           -5.22734297909           -3.59053718881           8.18414864193            -85.0928630078           129.88512169             83.9075597249            -1.4525661393            -30.1278331189           0.721804929999           -27.7737532873           -144.494958473           121.380091127            15.9683746153            
rwgt555                  5.19403586684            -38.2027851445           -6.81308529762           7.05434307071            0.833650041149           -91.4536904307           29.8676066652            113.729912773            -20.5088727437           30.0600101499            -26.2309845295           -8.16284293727           23.9215899815            28.0125690036            10.0935609557            -3.51038022136           2.14195488117            -7.0560443693            -3.24149629911           -1.7540377249            4.83809749609            5.94797803488            1.21584201174            -3.86886530966           2.95142903841            -8.56201802751           -54.4693619636           43.405556505             -129.230736349           -20.1824592197           -157.877997342           62.0729165485            -70.2007599059           -121.321985053           -19.3192667964           56.8952888175            
rwgt556                  49.3404547272            9.31870048049            1.77049338522            6.04334917575            0.48706156342            -65.8790322373           4.91739754495            60.2659253663            18.9075914907            1.99073321255            17.9249643901            -15.9667145276           9.16616478582            10.8831911737            28.6649394102            -12.8446215327           -0.426944540469          6.73851847811            0.0898346033182          2.97081595464            3.67694956183            4.22388903979            -2.3538180421            -3.97197375835           3.17354462459            8.02052251872            93.077857685             -77.8252000955           157.453357398            -151.852979878           127.539798711            45.9099867993            160.057573037            35.4399978934            4.73431919313            170.789574312            
rwgt557                  -0.285819634787          35.3146956544            -2.40640393047           3.58229023257            -0.588039859059          -79.5413951638           56.9940028794            -115.397402608           1.04599418282            -0.698186469108          -14.3594580569           -22.1137826483           -26.9004554139           24.4507070129            6.7275653482             30.3704875418            -2.08751333333           8.41520917538            -1.32585565699           -2.19548510955           -7.68560688829           6.30299449015            1.0860088536             1.66026648095            3.42641685618            -3.26743066771           -174.89040566            -170.094095494           -119.463770586           172.857607262            132.146679697            -57.3774339212           28.6103086727            9.38558013219            100.400629728            57.6881363864            
rwgt558                  16.7170241896            -31.3279619375           -2.95030372367           3.17792092449            -0.778679547927          -13.3560336415           56.3230926256            -74.170052237            -12.5230449877           19.3918693189            -28.6446142847           -29.6799011699           14.3327485309            -32.5711321024           -15.3417203673           4.7588106462             -3.18710604567           5.7282569466             -2.48586169393           -2.58005330424           -5.62821045057           4.7083971117             -2.08374791067           -3.46637594173           -0.758822563202          8.47528991337            -84.9870405836           -113.497186472           -21.7342464899           -70.9747926464           120.561147326            10.8159899841            35.6683045052            28.1702287588            -15.1178358785           104.356317099            
rwgt559                  18.0370996655            27.1144056821            0.886057435133           -4.25001785653           -0.678925325903          56.5002815949            -12.4484961417           -86.9008803375           -13.9421759332           11.7581966794            35.0607541951            -18.3097841              18.0797032115            31.5294825997            22.5320210223            8.13133384029            1.44549782857            5.39130239443            0.0913007353633          -0.185661842463          -8.23150659443           -2.69572162136           0.882339873394           4.85906334718            2.78933698483            5.7096513365             2.91584915942            -151.256033675           171.78869943             -158.520427926           -24.4327403506           -100.310294525           130.539510483            -70.5654036864           113.985086044            144.194758921            
rwgt560                  9.96843026051            -5.69240655949           -0.412171002149          3.56604692856            0.355908450096           13.1969137276            17.6000577682            -95.4917800176           -5.60434492339           24.8918801844            15.0222866319            10.2005951729            -17.7718194282           -6.47928966401           29.5015295757            15.568743958             2.02785558187            3.9322230836             -3.23605528617           0.0160018997507          7.9695256703             4.29334358886            -2.35866906053           -1.27914143584           3.64790128731            8.27362112939            -80.3721189574           62.2322837793            23.8283968886            129.638802266            91.9207580451            -62.9936143714           -58.7832634638           -122.824451114           111.065864145            129.615634598            
rwgt561                  -31.1076001051           28.5298601081            -2.10933135094           -5.78619354415           0.826389596484           -50.5336054678           27.2064775606            127.363516506            -10.8917272519           11.9853618833            16.3804169118            0.779597511457           11.100572657             -16.0595033473           34.0326272042            28.1798208997            1.29667409131            -7.0875429166            2.39982473568            -0.472929449517          6.23183826033            -3.74624210343           0.00664438939999         1.80476194668            -2.86429346877           5.55524798292            123.264456476            9.10471993979            -31.5407310576           172.555122342            -8.25004835701           -163.600378866           -22.1633854683           110.931502654            168.184551367            -23.0412599582           
rwgt562                  44.7803645806            -3.55621558888           6.55646293355            7.53336286801            -1.12845062113           -30.0695158193           -31.7382101969           -61.1632224551           21.9342414057            33.4937040393            27.1626274296            -11.8960606024           11.5099635582            -11.1816254868           18.3831481902            -24.0577267365           -2.01230626568           7.1437122772             0.518005001516           2.84925275026            0.178359780739           -0.348628100202          -0.44840742403           -3.0717701689            -0.0997500893059         0.510183769336           -151.051057509           -32.6849857257           -80.0584624892           146.587582806            -36.2773213198           60.244026833             -131.625540059           -149.603950434           2.24563578804            61.5753028633            
rwgt563                  49.2505556428            3.58398956387            0.00192955442171         7.69209022011            1.12603847325            45.3518991067            12.283395102             107.217665215            13.0957208183            30.0034972751            -1.37029769247           20.9678059951            -7.93666488069           -8.34325740846           -32.9254660947           23.2354476736            2.63030894291            8.87824966208            -2.73259379813           0.140738240935           -1.9442157814            -0.850887577445          -2.00665402273           -3.47610071682           -1.89299283875           -3.93027654549           37.012223044             -153.892565553           -13.1635546577           153.510519393            47.7359860938            -134.908478142           89.1087120764            83.0155879413            -139.02371834            132.503004602            
rwgt564                  -33.8719411195           -38.5881777717           -3.69463166655           3.83967879559            1.26960407321            -56.9391272034           -46.828618424            -134.947830166           -22.8079030446           15.9226704908            -35.360146638            12.1992704987            13.6696287142            -15.7398262982           -29.6693935686           -18.1305830916           -1.72850856906           -1.50517877936           0.0456304065667          -0.837840245054          -0.982571463755          2.87793731665            -1.39282840575           1.68681351986            -2.91298287809           7.83956865312            140.69908767             -4.0389513695            -64.0930752369           -176.939810596           -87.2650277564           -133.117275742           78.5493515561            21.9186820111            162.466101901            127.90427648             
rwgt565                  -37.6561302882           34.1863818533            -2.72966991861           3.3085733147             -1.56005452789           67.6195351008            23.0963182537            -154.342473744           -20.432561844            -17.161632382            15.3641761152            19.007535143             26.922254491             -23.0698218513           -6.96112599439           23.4066749897            1.74561097187            -5.62179933356           2.39201927025            -0.271032046944          -2.05640260432           -0.873708908659          2.542909393              1.01773427635            1.80864505472            6.14438288338            -36.5021584777           -159.285946125           -101.567693296           -105.90440818            -171.869541868           7.71287118128            -82.3473255007           87.0353550876            98.4057501918            19.1421843686            
rwgt566                  -6.65146547311           29.6300291254            3.06240067246            0.0972263873309          1.07273458824            24.4846495617            -0.734235010577          -16.6525783843           5.51126552477            -17.6898411998           10.8375559927            -35.7073140391           29.8404892232            -25.1977869048           -5.22459718845           0.757068022242           1.71280958491            6.1397224233             3.02644751702            -3.10770236132           4.36220795173            1.81671100069            2.44171284532            0.686734264177           -1.14365514713           1.59769376129            67.0154920925            75.3170876703            5.27986172179            -1.73766071553           -47.9156183793           81.7880411405            -174.34867023            75.0461911047            -38.4258437116           -15.4065886466           
rwgt567                  31.6967687502            -33.0665676283           1.69183153457            6.58480874277            -0.188896145756          -76.891230905            -49.8386680611           -10.2214260971           -6.97447451186           28.4280727525            18.7036078955            20.0869681389            -0.574015400785          6.91607842466            34.1590376957            -4.45978297168           -0.638834096087          6.44841555477            0.933074409292           -1.82667464993           5.75725774568            -2.03454236179           -1.38873126592           -1.90048776206           -3.46048292549           -2.19372603094           39.634682025             141.071600579            143.443816128            139.020395357            -16.0229260258           143.335073635            -148.639655528           18.4179216835            -77.4155397141           -149.88892265            
rwgt568                  26.521070725             9.20631803763            6.04941810191            3.49560584498            -1.56455456819           -67.649000661            37.1834614354            141.363402277            -15.693682267            6.24780453723            -8.26434098057           -6.90800479145           -31.3995193662           -8.2509039358            10.2986665819            -33.9510224351           1.70585964855            -8.04357357267           1.86506300314            -1.01795033457           6.89035337019            6.53246424587            -1.75865278964           -1.9162665294            2.61844254346            1.83248524224            -15.5203247651           -7.56673959418           126.734114771            -117.732475842           146.076955016            -123.454269781           -91.7298622525           -30.1127157551           -164.117017807           -179.088593217           
rwgt569                  -7.30947480152           -2.21075789527           -0.993301334892          -7.05284496157           0.988892655344           44.5091951674            -58.6469095878           110.932205932            20.202080677             10.9196205142            -35.5479545359           -11.9120221872           -12.5937395728           2.67038316723            4.841678599              -13.6844019286           -2.71240800015           6.07153062903            -1.50555815565           3.06210259896            2.32165534715            3.93672879635            0.939091925309           -2.98534719506           2.70608669316            8.48581339448            -132.885796161           176.835368312            -123.763668245           22.8501264999            170.482009842            33.8695812107            152.338313359            4.07288231448            -170.687147079           118.331608184            
rwgt570                  -49.358163961            -31.4091332397           6.30409816212            -2.00915059108           0.671098236844           -72.4856116215           60.0916486685            136.28021352             -20.0031246583           11.6578083135            31.2507137794            28.1924961437            3.52345746146            -24.5757029981           -9.22124499356           -5.40471488839           -2.01884622422           4.09483246272            3.07052395333            2.19719732503            2.50255340882            -6.69333520051           2.02273700452            -1.66716130198           0.614581357465           -1.40532307864           -20.1123339717           179.272324699            98.1903696285            -94.5493729867           0.128570181838           -61.1387633979           -127.164964464           140.183082536            162.794840388            -126.470271444           
rwgt571                  -35.3663429377           29.4358779902            -3.49880191398           6.56708019852            0.388779233533           56.4599363883            -60.2283558335           2.73373806368            8.73316560337            10.6029481583            -23.6536838723           -28.1630816443           28.5700972581            -15.9825687599           12.5016876417            6.37680087595            -3.36333755176           -9.01378661702           2.71654965148            -1.48721611586           4.69101369689            0.600530590206           0.739526330583           -4.67945115139           2.19023521243            -0.454537262393          -159.012583754           -68.8958583554           94.9458626519            51.0674601778            -50.6544532033           134.78406635             124.079471004            -25.0111687419           -83.0631297605           146.84300886             
rwgt572                  -6.41622181977           -25.3853305759           -0.223775265875          -7.33326217046           1.06580590763            85.7626545403            -28.435543764            74.0918649056            -5.32939738475           -29.2863617471           32.7654665613            12.4970630581            -14.6696225863           -21.857904784            -35.7022484653           -21.2795101335           3.1664062425             -8.43546432087           -3.17719881506           0.719416725705           -2.56635925097           4.36186695345            -2.55016187285           1.16878481115            -0.444242945648          -5.21671497673           -124.558855089           9.51060379382            -9.01804231526           99.9455981434            126.049990906            174.108976536            29.486137006             -14.3123183177           92.4521946038            -117.199149539           
rwgt573                  17.5970437909            -25.5178483683           -0.81131246843           -1.72255934239           -0.222451631349          -33.5052073211           12.9145379647            169.967280771            -7.26792495701           -20.9473315572           22.974605079             -23.8202419264           25.1832126262            -30.0849543849           -13.5282252157           -4.62081648221           -1.19709295879           -1.47286348409           1.3216332037             3.00949957014            -4.52120444316           6.02415895056            1.99544174743            4.68215114029            0.425322783489           5.50868402938            162.020225983            -98.8805912015           -25.4192383074           -15.6280385767           128.806313696            -157.719753409           166.580311548            -77.0336400004           -45.2120602306           165.559001827            
rwgt574                  -50.4646768783           14.0095674616            -4.52139208937           1.00874357973            0.983582658652           -90.7211530343           -52.6606194672           -99.7721026613           -20.9433808661           25.547373581             -28.4488747765           21.2843749698            3.1356393748             33.1858643411            12.0129674346            34.3891761907            1.63029391131            -8.00086849718           0.0788341912462          0.525931481555           1.07822827664            -3.10907342854           -1.52556111731           -3.26744046644           -0.184997676931          3.05582100142            -27.1293364857           -59.2926896853           -44.5855206937           -66.2808321619           -1.6697672057            -72.2924318562           -98.1744020773           156.586698736            147.666916654            157.03959652             
rwgt575                  11.1751213346            14.6495360579            -5.7655774997            -1.29048399971           1.76241731227            77.310521468             -48.3084980174           -88.4505183929           -0.426017472077          21.0176573103            13.9709518503            35.6385598186            19.1238518981            15.7802662038            -26.4503032199           -19.3803056553           -2.30202423993           -3.67755191859           -0.18573246706           3.00796700122            -1.38838918602           2.56680675025            -0.528892997364          5.14267980079            -3.48207525967           -7.0519290535            72.3701025995            -44.520061161            -38.7067200489           109.577637043            -165.124263789           89.1753115343            -139.899672652           27.5281097413            37.7609368618            49.423318223             
rwgt576                  3.49560589769            18.4620875516            1.03881237235            -6.31449717905           -1.53980350096           -30.8386726553           20.8646661519            39.0183435166            -2.02788166495           8.34522423469            -13.9014240944           -24.9403854661           19.8992039352            33.4428736059            -25.7677800624           -18.6215469433           1.8936556794             -1.50745058859           -0.561773765517          0.884876102384           7.12076924579            0.276336946911           -1.66213557976           4.97475183006            0.207942741989           2.29999154032            -8.6128239834            81.8816189546            -82.7957999098           -170.554762359           47.0019241614            161.161112232            -156.161538868           -39.6258267654           -170.443028461           23.2032160852            
rwgt577                  -23.9212793461           -31.0115579126           -6.69268399642           0.810059490254           -0.896273112094          49.5055015729            -56.173213139            147.649861504            13.5916872723            -10.8374201061           32.4922512847            -10.0468840033           14.2635375861            -18.8167171606           15.6081445678            31.4679565056            -0.395489700984          3.09744796128            -3.20138983371           2.22040603282            -2.20710347317           3.55511736324            -1.59949515175           -2.86705361376           0.506719587556           2.97332517893            70.503629857             14.8672928408            149.917397969            -72.1296051995           166.985769818            165.564262127            21.222162535             -88.3035025112           -87.4347076562           113.45801784             
rwgt578                  47.2679269852            3.66345950136            3.49037410738            -1.84164396541           0.367142804481           -81.3544981965           -12.1206245199           36.0310355893            -11.2198353434           -30.999633943            24.4312780759            6.72434936534            -24.3624366926           16.2399070531            -17.588381019            -25.0313201167           -3.29553253216           1.30274065174            -0.632392153318          2.82744637141            -1.11419768296           -5.33351848516           -1.2098309985            1.07298404624            -1.20847649902           -1.15648617284           -126.631570779           -88.609045016            -2.2235357711            167.901300742            -139.203058362           -142.787797698           -40.3380161334           126.904993825            -88.3128387207           1.19823398821            
rwgt579                  -8.46982210716           -26.4736493941           -6.96936644435           3.24853967457            0.363159697939           -30.7508058969           -36.3729111283           37.9566523962            18.4116890318            -3.95081376624           13.6322822817            -13.3880824051           11.24160283              22.7399481803            4.38453328595            -17.8551041786           -0.369474305367          4.03579498568            -3.09181969477           -0.863977013511          7.52429502846            -7.57089573271           2.34622635164            -4.99948894355           -3.33429020091           -3.66028369598           -41.4866090082           -167.377503054           -32.5488220326           -52.0567244257           -135.333972599           -125.841610804           -63.5015257979           -126.353984485           72.9024856505            -145.291630349           
rwgt580                  -28.9093984522           -37.2791610612           -0.465566062857          -4.17514681783           0.819501954853           -24.2645161992           27.7030778423            -43.9349403255           2.42778814261            -33.1900061244           18.8185712392            -11.6478007356           -3.86144530294           25.3093152642            7.94393441656            -4.56133765434           1.65882776567            1.06155487021            -2.23114814616           0.841636229767           5.67942057076            2.1866922333             -1.60559126666           -4.24091053003           -2.24771610282           2.7054894106             15.0245974704            -83.8439324593           -73.6153572224           42.1795079614            -25.7810941929           24.9921855499            44.9484959405            56.5550565785            39.8720135657            39.8111498671            
rwgt581                  8.30665649229            -14.1818510948           -6.34965697533           0.167195691282           1.46420114718            66.1766713514            46.8148432663            -83.65404293             7.21962841446            32.6581976257            30.9454660479            25.6444631215            12.7643639245            4.04036737387            -13.7252960315           22.1870315867            2.31612338733            -3.32461864482           0.325918312155           3.22550544979            0.803008847321           -0.158606653886          1.35577043472            -4.00988947097           1.61729808975            0.350156764166           147.964462046            98.3509301848            -76.1866068892           93.8261341968            -24.3870159761           -101.817434439           69.5384160993            -103.296375487           35.1224856209            -75.8954495553           
rwgt582                  45.3396287802            -24.7333662775           -4.471719754             -2.30614901922           -0.012320057982          5.83583036553            20.6103736176            163.64516339             12.1817008703            -27.4230025755           30.9031852228            3.9793830501             -30.5658942361           -6.7071846223            27.8419194333            1.9615681526             -3.36765780147           3.71960050338            -3.23725867074           -0.298955090575          -6.93301041703           0.383745610695           -1.92373544658           4.90650947718            -1.03993879889           5.68858471495            95.0938746515            160.927555296            142.638948518            -104.540171123           -39.0634365912           137.897820458            -165.905140051           -25.8760256793           175.746633645            160.385573747            
rwgt583                  -49.0734463265           26.46501247              -6.61355683316           -5.71208159149           -0.290235132593          -61.8494794565           -48.1172312521           -2.13910188492           6.26116499532            -23.4094193326           -28.102713258            35.8053860377            -27.7096663029           29.2193002963            -11.4884762304           17.2084599318            3.30114870084            2.42422763863            2.39789402059            -0.355552849262          -6.6162528556            -1.06975196891           -1.62970026926           -4.062993468             1.08737836576            7.33783943674            -50.9456566637           96.7577367394            129.333519533            -51.0627689923           105.516555068            78.0683512264            -172.447772692           106.550852686            -80.3084391764           -149.331264508           
rwgt584                  42.6462215387            -5.53263342906           5.98722233595            3.55859294253            -1.70412527049           47.0058608854            59.5140243279            51.8258744678            22.3850070411            -22.3801066587           -25.4413283797           -29.98753059             -34.2683223397           26.1286942584            8.53921699317            14.8032112842            0.605658346594           5.41630868559            2.13665398832            -1.28538862932           -1.73755243003           -3.6091544326            0.440580111493           -4.69181676982           0.547702587503           4.64437295845            63.5840066553            -75.1733349808           -24.7994648985           133.783619749            155.038081852            -172.008336988           29.4305951853            44.6411760134            136.81666072             88.9329761504            
rwgt585                  -21.9555203004           28.8175881855            -5.82399939231           -3.01300538676           1.29337874118            -80.1631851121           -5.79572300902           89.8893290794            -16.896581658            29.9863125674            -5.62827561409           7.50502099091            30.0330341448            -23.3996283076           -14.108635598            34.7842950708            2.64157339408            2.67639789049            3.05601637022            -1.7757383403            -3.7714839354            -7.41567430073           2.37402569419            -2.58157925078           0.964320786153           -7.10804798194           -152.83164754            -15.5251244481           -138.302227154           163.106497003            88.479492096             -80.2045222565           63.4025577724            -23.2919697599           5.8807888045             -12.1048645665           
rwgt586                  18.2175187084            37.3173188483            5.61587686683            -7.58923610775           0.0557837500274          7.41793854068            -39.4825844117           -1.68833744064           0.279215461354           -11.885573716            17.5190935912            9.29756168245            -15.2006316258           12.1761932289            18.3126390557            -11.0568498595           -3.33221524279           -3.31597005315           1.11379600274            0.34906122511            7.35878013524            -2.21231738828           -1.00863295725           0.837023255247           -1.83017690446           -0.116367162139          -13.7890024679           159.941489579            -43.9901878611           49.9009503717            92.2715757369            160.008410148            104.246526087            9.89411159067            -74.8006730101           -141.928198136           
rwgt587                  -4.18559226715           33.5080103759            3.95726316123            -4.88745260508           -0.829080016784          82.3608286636            -37.6709659823           -148.754536104           -1.71189193065           -11.4385165711           34.9011688938            -32.8072689516           3.92893193849            8.11505067352            -13.4343461402           -11.1693867405           -3.31670319704           0.224706698235           0.614197966498           2.63086816977            5.59527684347            1.43847472456            -2.02565180499           2.34004943007            -3.06625906091           -7.24457300614           -40.1933248539           -47.5848041207           8.84277512223            138.151704855            -32.0399983671           35.1150736569            -86.5667251795           -27.8871581731           141.898810965            81.7028767718            
rwgt588                  -16.0544631035           -15.3795032549           4.36568154787            4.79022682312            -0.941567222765          56.2366488869            35.4413244316            49.3347650661            -3.33344257283           -12.0094655532           -12.4568440685           27.0386790985            23.2512143299            27.3624272458            15.0909387526            -4.54108762658           0.445309944566           -1.06302665965           -2.0817326693            2.69464925028            3.88705568035            -4.6477298521            1.24452306704            0.446220970853           0.514625922379           -1.16210271823           -163.311704861           63.4170015224            -107.717828717           135.440460814            -98.0626223336           -126.313804003           119.049730777            -81.6771001551           -178.498728534           -21.5737834945           
rwgt589                  -25.7771031139           19.3302972051            3.63958096376            -0.378108286848          -1.05121352422           38.7920185152            -18.2640477542           -92.8540689752           -17.7891543935           5.48885479968            -21.9167874441           5.28820797957            18.8910397851            -10.3617880857           21.2498546432            6.31359000612            -2.39632257123           -1.91945883275           1.46764717179            2.75320697383            3.53696941098            0.865185330529           1.18502843609            3.23102357815            3.57649524854            0.808445907392           114.215989551            -60.6579296218           148.539818496            -92.6010706871           127.25092906             -16.9589153166           -106.905050285           55.9196180148            41.3022701486            136.222099214            
rwgt590                  -43.3525057995           38.1667034354            6.30767758266            6.51912702308            -1.60116596893           -0.405376824623          -17.1015301134           -123.434906607           7.56864601872            -4.85482816221           -14.6711930573           -24.9869525034           -0.714956280852          -33.4553325466           -8.48546938815           6.08053569413            0.778886883147           5.3134826716             2.78901960974            -0.935497685214          -6.38861048229           -2.74827788555           -0.449773747369          1.65188941293            2.14197540251            -3.76616881968           -68.0913653384           -27.8820651079           129.870143819            -93.9690663732           -164.65685989            -2.27274947087           127.652813942            57.7294838507            -94.2634348991           65.2759961086            
rwgt591                  -4.21711218952           -1.06600491675           3.02652061195            2.65639955972            -0.886274946649          -72.8792265376           3.94358489876            129.382264504            1.47053840817            -14.8391881505           22.4987644954            16.9878120661            -34.913957527            30.0050332156            4.77430625597            16.5323602061            -3.16543235119           -7.09384264198           -1.14923577467           2.3188267889             7.37299003103            -2.32732773776           -1.86620814668           0.29993679608            -0.548809567851          2.29380607921            -38.148517917            31.4488440194            10.9179415707            67.7685191049            -13.2102197415           27.0384780822            74.6313089641            107.356743361            139.107589369            31.3053633056            
rwgt592                  -33.1126266002           30.1336551743            -4.62458021261           3.90590835714            -1.20652068226           -36.6409372235           -40.1313942195           -90.8363704553           17.1077656204            13.9072514788            -0.927815424644          -19.2202548581           35.7838847791            -13.7078772197           18.2254321682            -25.2705042571           1.22532276745            -2.92558099555           2.99512096338            -0.152946983299          -5.47057565342           3.72110416358            -0.124026428044          2.5489550602             3.02616085946            -4.1040118872            -154.34557298            -143.947568082           167.349757872            -121.917055353           20.7672929232            141.28745323             -64.1338175492           -110.977793414           70.9821314724            -167.033559565           
rwgt593                  -32.4726153512           12.8418209125            5.20460933103            -7.47573762259           1.32968128026            -48.9473001006           -34.7572506674           -2.30117245059           2.02557028321            19.8636816988            -20.8355585424           -23.3327103985           33.1658640801            32.7053245737            33.9210351661            -19.9598339504           -0.681669904526          -3.10853556101           -2.14986885226           -3.27842702503           3.10485962022            -5.07996586656           0.0504584124838          1.43364636125            -0.790444222396          -7.38287858462           102.993224397            176.212013254            -123.190171962           -1.49689038518           -27.7132248499           105.153954731            -162.075441693           -16.5035034042           89.5720562817            129.290019792            
rwgt594                  9.72640144256            31.4734387222            0.306490950203           0.597033546217           1.28206117359            65.7975263592            1.15588994854            96.6378107987            6.0459687937             -20.980589549            22.3518807692            -2.87476778891           32.8905151859            20.9120272737            9.47631720205            -12.1704092444           -1.31313529555           1.23539949838            -3.38801349882           -1.94587448252           3.53093507845            7.75942924694            -0.649129328026          -1.57738104559           3.18749963506            1.03737831094            98.9028603467            -24.5164219012           147.80581858             -46.5387237524           -29.5486302718           156.927692751            -101.727792332           33.3005168917            42.6316510471            -151.920870774           
rwgt595                  -44.3708363464           24.9589920067            -6.43290358875           -2.33169154267           -0.838626036034          73.5228487488            55.7857308567            138.689099641            22.1329948413            -2.98112656019           -13.1472226495           -15.2874414245           35.5602485838            -21.621555195            16.6001020673            9.79089481981            2.61587784036            -9.10177968183           0.905779497663           -2.68970648021           3.42744513127            2.02177549099            1.44292101295            1.69786820497            -2.37703906327           -1.0344496646            -25.6873901009           -35.7860408712           149.371954879            146.889421804            66.3754367304            130.010775902            42.2505425904            44.5490520852            -83.5521254466           -45.7723661601           
rwgt596                  -5.16008414261           -6.48540232956           -2.95020617918           -4.43274197187           -0.954107108632          -47.2816277119           11.8097903502            176.925142439            -14.6394993512           28.0266204459            14.9801750264            -11.850948063            35.2372836385            -26.4746889858           -9.0930204628            -3.8968944022            2.59016085049            -4.13483676826           0.0492614872244          -2.72637697241           4.08579833565            1.34594881051            -1.98224742839           3.0568892772             3.32306925192            -0.756346384231          -63.1505091304           -5.37604457326           129.22560608             24.0996201535            11.1391166706            -24.4499230861           -79.1308868413           -94.0641862809           -168.807061515           127.115135019            
rwgt597                  -5.71712037455           6.48133240485            -6.21187443243           -1.76792990329           -1.18201706595           41.7864599525            49.516965754             -86.2652641795           14.0029310482            -33.8742260482           13.8611372841            27.8359615661            26.1938788096            -18.8356188796           -28.4975743469           0.554089755301           -1.48166143138           0.715067938805           0.577491211222           -0.614903831535          4.79863595852            1.75364056732            1.34802177454            4.00152296374            0.462950497742           5.0258767492             -85.8424300181           57.7381246419            108.690353518            -173.55062409            154.727977527            -128.488303678           22.9704797988            126.484230458            8.56024759729            -82.9257006615           
rwgt598                  17.3488059761            19.8155166951            -1.72360845767           -3.59167219772           -1.40780846059           -98.1953227856           -47.8293925781           152.394905474            16.2173685027            -30.9934766769           26.1937241135            -19.4812609464           -1.10058088761           -30.0377006019           17.8997726553            -6.95713169634           0.0819749635579          5.6964816285             -1.29808387182           -2.00135342059           0.298241827872           3.82738747312            -0.77388787224           4.92748410536            -1.83876541905           -6.15482191629           -168.73084428            -26.2032273045           85.6336067845            113.461713942            -16.0476955649           -118.98294733            -143.263177953           9.39579852173            -89.2921147606           131.06354937             
rwgt599                  -34.9325522533           27.5371725872            4.95808956392            -2.51796278283           1.25222971824            63.6663908608            -36.8121298922           164.92821048             -4.36428680621           -19.0169349685           24.6455758844            29.0405526517            0.913720927175           -6.72141148641           32.7265011304            34.2654581206            -0.394706917244          -4.75572998265           -0.580074145251          1.0240290284             -3.67865632798           -6.87618703079           -2.19245046687           -4.65199673059           -1.42524901473           -7.91956596474           -105.084897181           -37.4285968718           -73.8546370875           147.379226613            170.570318838            145.766796708            105.501477864            -104.062744798           116.105045893            -120.668319614           
rwgt600                  -14.9167264254           36.1650002777            -5.06902098721           6.99800737142            1.57490063289            45.6816312764            -59.0319102632           -111.455584568           -0.973254182741          -23.7112275047           -5.89368450107           34.6149392569            6.35553108748            10.5685140558            4.71185477544            -14.142059634            -1.63766694964           3.39355582715            0.298693333651           -0.130131693062          -0.19333766515           -4.7531262956            0.794077265525           3.66807531806            -3.08924677633           -6.87155228073           137.824755665            36.765951067             65.0989190726            -99.2002725761           -26.4845602972           104.887161082            -26.4379631139           117.992938156            -115.563931054           135.756404363            
rwgt601                  49.6118991292            27.5430550756            1.72553217047            -5.33858494775           1.2938978589             6.84557804615            61.535377202             80.2058673544            11.8509118619            34.4048398088            -16.0266885188           8.2599630337             15.9020929011            5.47416278934            -13.831382814            22.5683562101            0.0903658454117          4.79722944643            -2.32321531462           3.30008786616            2.25276748731            -3.29867929565           -0.212687719214          -2.97333474109           -2.98409512181           -3.34549847888           -170.134653891           -167.493932557           -143.882374636           -73.5229740031           76.4512729594            32.6644696386            119.465759588            -5.84824796286           119.444142967            -115.639695367           
rwgt602                  -43.9462677282           7.1810075072             4.89379469081            -7.09361106987           0.106133171766           -8.50878581035           -24.0874723671           79.2015603975            -5.4331342499            28.0672765133            34.6015167967            9.13616105759            35.6577429278            -11.6745398204           -9.87748340706           26.7895408842            -1.98528975908           -0.982753089285          1.95608857461            -2.87502171064           0.815346035257           -1.17927901246           -1.32620742195           3.2855352052             1.87062653037            7.44745664765            -137.413550824           30.6819498283            69.7847117767            29.5309776189            -144.062345281           -173.380842697           104.307572118            101.499638569            -93.6568168568           -177.038644418           
rwgt603                  -42.6565777783           17.4978962535            3.31283839252            -2.06161133859           1.42546780361            39.1251049337            -51.1899901678           -98.3410353162           -12.7221155933           -25.2830376306           -18.4492680872           33.1407126381            -0.828144864703          22.8739050077            -31.8485241918           24.4618764514            0.100112476807           5.29191818082            3.24510267782            0.921851226698           1.25488764463            -7.55738276828           -2.23002627135           4.12534067319            -1.1338947923            -6.9257249286            -160.890272894           116.073428213            -106.412567395           64.9442287052            -148.654959434           20.3528046874            -73.3377035628           -17.4005601282           170.315166402            44.581291995             
rwgt604                  41.5670895143            6.02765913213            4.18569198155            -4.97832733329           1.55314161415            51.5609771405            3.6506561469             130.969669843            7.67638900376            19.5355112968            -4.07161951743           0.88926746745            -27.90928126             18.2255831646            -19.7680299076           16.9670167901            -2.95105746127           -6.97622927696           3.0435460086             2.06200706547            7.65047968949            4.82301890949            1.09348874809            2.09740385008            -2.38655782098           5.9377517151             4.09455518233            -156.788970714           160.541528047            141.371014451            -0.765334402188          7.99276520458            166.569191802            -4.38782439683           -112.05919537            -13.438428206            
rwgt605                  36.3298719509            -31.9729774737           -6.25307379218           0.398506546837           1.60076878732            90.2508496118            -34.6938173412           -25.1636505586           19.2088385939            -4.59708623413           -32.3378616126           -7.73417031833           35.7857339918            10.9529364117            -14.0284806425           23.5708644225            0.452021677138           6.09324129582            -3.4229345842            -0.529246879075          -5.60117540595           -7.27639334966           -2.47340636074           -1.57886546416           3.23653675379            -0.614785301698          64.2385596478            31.6203758372            87.2669654695            177.134980209            13.764821676             -162.187853071           112.59530937             165.143653319            -95.8357289103           145.130615879            
rwgt606                  51.0059351865            29.8676472584            3.16310093223            6.07571290957            1.26109020157            -82.2356211832           3.63119410354            -138.592953226           2.01144464251            -4.32376049061           8.13792684602            -15.267616634            24.1310361396            -20.5850004926           32.8233169306            2.1717909008             2.4731443846             -0.507679717121          -3.37835400667           -1.89687975617           3.18603379499            -2.70816500672           -0.953382363041          -3.32864280795           -1.90906752538           2.4349032291             153.094892047            -172.696046623           72.6965934234            -63.73459555             148.985872662            48.2842576215            76.8619688771            -36.9258098223           -81.4265788161           -43.0542750476           
rwgt607                  -41.2653313762           -24.2686149751           -5.39493564              -4.69046895149           -1.64696872835           -27.7617584114           -52.869619464            161.738017722            1.67336627061            -2.88100668282           18.5128030149            34.6447036031            -29.5682338366           -3.67926795091           14.4640752356            -22.8918437257           -1.4877984424            9.31285470021            -1.22444440733           2.69925482478            4.35655621409            3.82064913663            -1.60918147465           -4.82799795393           0.679022254065           -6.76780083593           159.61182764             -132.936707051           -116.277185076           -45.0919702263           18.4582123603            -83.1993987916           -102.727369397           -120.674074585           -135.472317328           -82.306432048            
rwgt608                  -14.4345823649           12.6821270592            0.120166636552           -0.0715459531263         -0.398870646147          54.7253245594            48.793340976             -144.304085526           -22.0338844957           -5.13872868746           25.9128287204            20.7713138701            24.0755675053            5.68006078367            26.8886124058            18.3708573508            -0.870542343473          -8.46573904079           2.0108678422             -1.36056454984           0.182413904215           -7.63327474679           -2.52122305049           1.866638114              3.54822443813            -2.92717085429           -91.2479365789           -29.7927735653           81.9949759871            31.3722831927            101.899644532            141.410285478            88.2359214686            39.1086023151            -154.100997661           -33.3617094961           
rwgt609                  22.8410033056            23.8287786413            4.23752291434            0.245922620087           -0.687889573287          38.74106083              -52.8682739342           28.7928214368            0.927952459488           -31.5395517088           26.2623675945            -18.2736468319           -8.8722261884            -32.9523882502           12.6873088966            -29.7978490209           -1.71894557481           -1.29334020762           2.43387523381            -0.602795621426          -0.209670620457          7.14846899507            1.70777568868            2.73755390124            3.55812531314            -1.8316388495            144.21476395             51.6112730775            171.813793075            113.300199952            -139.609847874           118.936898932            67.0206939992            -83.5739444307           125.710054263            -115.886622373           
rwgt610                  31.94237376              30.359580507             -5.83026334929           -1.94623670774           1.32987578565            -89.9169879876           -17.6293236195           165.099912529            -10.7792564701           24.3313918658            -25.5708347958           -22.7952476465           -0.158667582364          25.7494442246            22.7858741338            21.2989362786            2.37706978363            8.67526345002            -3.18984718745           -0.138780137552          -3.32187095035           6.82604754648            -0.48456010568           4.3483195675             -0.106522404208          5.45332178236            -91.5877630513           -174.497795685           162.766267402            120.884635129            81.4429363336            -62.6447284451           142.791980165            -135.202282593           -91.0797913396           94.8701084022            
rwgt611                  -13.4473163853           37.6572106905            -0.90250276004           -1.58263955516           -0.61356408322           81.3207851391            -26.1343467052           48.831034306             20.4767454625            6.63436267758            -16.8011032372           -2.9545435064            -18.7289405864           25.0864906091            -1.11578895693           6.46014250092            -2.77901970788           -7.87328912252           0.704757360963           0.388621294356           7.24846256342            -5.6960957481            -0.837458659673          -3.70786023859           2.14443789734            -7.38567680779           159.68507536             137.7878675              89.1911723127            176.454048684            -81.4568776412           -38.0226785965           35.3238444406            -177.5794338             -77.9421188181           -53.6146511597           
rwgt612                  14.505164885             25.2765785691            6.79392263948            1.04203542927            1.0518176335             -42.6009168145           -55.4688772202           45.8456386069            9.93067225336            2.88617750707            32.8531373566            -35.7311955216           -18.6341583949           -32.4320363868           27.4149932016            18.1058666296            2.33038736076            8.69270948411            -2.66893302929           -2.25458933671           6.90560188109            0.0781346868606          2.21117822772            -2.44847859586           2.37331706718            3.6505385795             110.777540082            6.66618380106            -169.207692987           102.484985257            160.922972256            -53.6176282115           -166.875196136           -12.662068301            98.2564012071            -177.471064529           
rwgt613                  -9.12896657166           -2.27879978827           -0.617878862642          -0.50213479498           1.29586586606            -21.1941009727           41.644921702             -139.548470083           -12.5811560675           12.8435005813            -19.686158613            0.502252055702           -27.5004839418           -18.1346922537           -6.30651265996           -30.9901793473           0.709979764741           -7.69341000878           -3.19171915484           2.17943716887            -1.03330116267           -4.53590584562           0.842554858065           -1.36016795341           2.67249687485            -7.90502476795           -124.069899916           -75.8402014856           -127.795619863           -50.9780484127           25.8064212024            135.548217903            94.1991207671            128.415559873            -66.300781817            49.6142189315            
rwgt614                  0.0757227403566          38.0896175424            1.29233647983            -6.23647775725           -0.948940753735          -41.7740910625           -1.1953274543            -134.079197538           15.2066627213            27.0864788719            -9.71058307292           4.38305777197            3.57922839153            8.92554427009            -3.74089799407           -2.61450410037           -2.76503426708           -2.23095852715           1.19199497236            2.12723344168            -2.73145620605           4.11474268453            -1.2579097499            4.0907685131             2.88087540445            -4.38982542689           143.095378304            149.112117927            145.074697602            11.8286286206            130.962484397            -126.987143708           55.6159665687            -140.911387529           -127.037736333           70.4085451125            
rwgt615                  -20.4453319391           19.5937444012            -3.53887540317           0.8602684388             -1.23167466473           -63.0815403993           49.065583777             -4.53665600012           0.916235624491           1.68589175777            26.0542276825            -6.28572161203           -22.8096794908           20.3934518725            -3.04482290412           7.33316781521            -1.70513246832           8.71454153583            -3.23874359337           2.22208773202            -3.98089469965           7.33303210709            -1.54407332856           4.2084682155             -2.18868453645           4.92808680215            172.530374613            4.74577135911            -136.18545594            24.392058896             155.177271209            60.3027130184            -105.927655895           -94.5435126498           -12.7322788238           -115.874903714           
rwgt616                  50.4699484718            -28.8332281125           4.49769210187            -4.19761643103           1.28835262855            27.9520082054            3.36935480762            184.367765402            -3.05265757831           11.1628573442            -23.8556748888           -14.5483116584           -26.4041343143           24.0331680051            -6.879605885             23.4624806476            -0.674872947779          -0.595899251659          2.45070482249            -1.84381805044           -5.72641262202           -6.01931253765           -2.29204122076           3.55787750579            0.183771355432           -5.48530111127           -26.2231721891           -32.7081943175           13.4878318973            30.3881330525            32.3378737468            9.39041159947            70.3079855285            -58.3982035256           147.40435937             126.072069337            
rwgt617                  34.3936456653            -10.8425838289           6.74729492792            4.66087702686            -0.0831755810588         17.0817533022            40.9230076872            148.0060482              22.1890018951            -1.64974190903           -34.8177798695           -31.6835442067           -3.69878406424           -12.5187897188           -14.1648486927           14.1942143453            0.754890083026           3.41973335124            1.84569347491            0.95711203871            -6.49644411717           -5.0593658005            -1.40092738206           3.1541277982             -0.92513288839           6.17658533895            155.209585154            -114.149831323           -13.4608477743           -29.8423550417           -28.3192663648           -73.2180666059           140.940187241            -16.0165962541           137.07110637             -162.62773099            
rwgt618                  15.3215114071            -37.5369648771           -5.00682755058           -2.65277165482           1.03323025241            -88.2167942317           -37.802316224            1.95195969745            -1.99407037689           -30.2172303657           -10.4369485113           21.6487499241            -31.3282933101           2.96549770164            31.5740981535            3.25224164893            1.74972194347            2.59745328613            0.859987191935           1.25884258916            -5.91140001808           -2.63996045307           -0.0868472428817         -2.95072475573           0.992487600813           -1.24104145941           51.5114178492            -78.1581928683           -22.5185445766           95.1555832833            -59.1423414611           -126.987046288           36.1286680691            85.039770584             -49.3493540802           133.511813404            
rwgt619                  -45.3683237784           -23.1531298128           -1.90629582915           6.30390674565            -1.39962068539           -98.1606223762           -24.8040538371           134.35630826             -20.2133167119           14.3839518466            16.9380277127            -16.7899451713           -22.4501412332           16.0226482931            11.5486530243            1.40985562801            -3.35389395614           -2.37457599216           -2.90108967938           -3.0454691989            5.35942928391            -6.49161902813           1.24873553315            0.017784421746           -2.82241006506           8.09858961107            119.233809576            52.8655101933            -162.498843506           159.55852715             -106.06536214            164.718420847            48.2298657393            -112.52822467            -170.413803846           -0.243162634275          
rwgt620                  -47.8406831703           -23.8701286903           2.81319705837            0.779342107305           0.101158901169           9.76808632107            21.6068937643            95.0429062525            20.4451749418            -0.617155247893          -23.1115104298           21.8730669693            -27.9384944045           -11.3914790329           0.0557815606832          6.16136031228            2.78726116933            6.34306811293            0.0987875870862          0.964638450969           -2.18385840346           -1.46428296225           0.151789193506           4.88609088689            -2.81984264834           7.17043883695            -102.958054564           129.901754429            -76.7752190949           20.0985517872            1.34310646751            -136.39411953            -88.19493306             89.952717278             134.531860072            144.264718773            
rwgt621                  -17.5385169699           4.93112026935            -4.17809910362           -4.30617562126           1.16089489504            -95.95065866             -19.9165061128           -34.1905351523           5.30708842917            -5.18816091069           2.91182686835            -0.338128405746          -24.6303049356           -15.549925301            -30.8894939591           -21.9087011136           -3.03408333293           -1.06209849421           2.59856606239            -0.661622564925          5.42968891696            -0.28094077423           -0.811543490304          2.00505122945            -0.793586345181          -7.79565731027           147.171542957            -80.9226690573           -173.688888927           -70.3510851215           -46.88535088             81.9179364708            33.8366030156            140.121394367            -123.774089998           -68.0651264186           
rwgt622                  -21.360283453            -9.73578832911           -5.56880720657           -1.89940198401           0.582142817999           -58.2887578995           -17.1356998198           92.2494276075            11.7311018409            6.69665171102            -18.5754217294           32.5347420763            -31.007313035            -25.0843895061           -1.80981441331           -1.49763894537           -1.91276260437           5.12617132796            0.0619057361302          2.7713574202             8.20045097726            -5.2745159541            -0.855026639535          2.24284023831            -0.0101791253615         -2.80009889595           -59.0500382453           28.585661165             -24.3626203933           35.2319125956            -14.0199028267           -12.1741793853           -113.449895575           -157.232952712           50.9431222205            110.257341327            
rwgt623                  -39.5730834661           3.41212527246            7.0163890614             -3.22783259518           1.68483507535            -70.5735324933           -54.044121439            -117.393841755           11.428919231             -15.8833604862           33.5514887188            14.5328684027            33.3375596879            -1.65814588832           -19.2205710952           11.902922742             -1.98204696435           -1.10306946856           -3.29897172418           1.51490634526            8.26389517854            1.21760134699            0.376471658916           -0.467673934982          2.53234171974            -3.54409797646           149.648859421            168.060276137            -66.062314947            -125.625469616           -173.42891163            153.813988069            -57.2258322798           -17.194853669            146.902545792            166.970924374            
rwgt624                  16.967960467             -22.1051793117           3.94050771306            -1.23655249467           -0.901870193358          -7.45099929757           -19.6289470524           49.6519383356            -7.44414143192           -19.8412900626           33.2603517102            -15.7755867128           -23.7959744871           -13.6051540128           13.8540877429            -27.502885912            0.899601067121           -1.33392685041           -0.0617111601855         0.613942522643           -0.089156616692          -4.19254880598           -0.45233243436           2.00952160093            0.108872640901           1.50572031163            -26.6574023614           -117.711017808           142.542911136            -103.407472845           29.1282141526            -61.7632203822           85.3866056283            61.2930248596            161.174950786            -128.511133402           
rwgt625                  -42.6137736186           1.28016598384            3.09418628992            -2.83791696911           0.352804320358           -50.1296060982           25.3007147363            123.90514956             1.00834374088            33.6858559985            16.8776711571            -8.16856993333           33.5733823857            -17.1330459233           18.3885631827            -24.9025167509           -1.12383294842           -8.6890057025            -2.40881086183           -3.00922557907           5.10820645709            6.35865164415            2.43606853814            -4.74062976278           -0.353691758107          -7.7753774591            106.798294085            -52.9416578551           179.04133995             21.4902605139            -120.283623566           -87.1854184736           -151.279943968           -164.729878241           13.964752599             137.442850937            
rwgt626                  42.3747352855            20.5468313172            5.37922500272            6.1277592231             0.991506599868           -71.05628974             -12.6247046917           111.451747816            -14.2483244853           -35.8462611622           10.5565535975            -27.2263385741           2.59977705436            31.4127478946            -29.2734529261           13.6233020653            -0.785002076436          7.92565440976            -0.791041571718          -1.31700614044           8.07527754938            -6.85700111383           -1.42776160365           -0.813989216849          2.49142023748            -1.10537762419           -178.975098689           174.091976669            98.59839326              -89.3815981168           -153.214845263           -164.552510148           -104.126875807           43.2637082572            128.105072256            -142.28221716            
rwgt627                  0.644837303096           25.378947124             1.26267029142            1.36902125375            0.971881738203           56.2127649813            28.6263841945            143.767981298            15.495196697             17.7280000467            8.53946729653            24.746723441             10.2000315845            -9.30555306288           34.7620795037            -4.94471402084           2.44659643766            2.13431488457            3.32497592089            1.54737000466            -6.90525414753           2.71611659916            -1.0591817455            -3.73691520684           -3.47007475779           4.93702247823            -43.876789814            167.411349624            161.482747069            172.910817817            108.097444005            -160.176488419           -142.931760582           24.2179417447            -44.9609053366           110.527590489            
rwgt628                  -19.3752175916           13.3594930711            1.96595648767            5.78628617159            1.39928275806            -93.7661977205           63.4640127341            154.506466506            -16.3399126233           -4.26356787728           20.90376764              -31.6493862191           14.6154099987            -0.646623685159          30.1334503167            22.0548541506            1.12516811418            5.60064667913            2.07569039518            0.541550902123           5.59256809838            6.05075718857            1.26001581649            4.08523238851            1.42506590945            -2.55678878649           -24.2587903534           60.7879257801            -49.8396326202           -62.3606735911           -112.234877502           61.4377951666            53.6503496838            64.5530646615            -151.814368267           -138.953428033           
rwgt629                  -51.501169713            -29.9984262              -4.68166274551           0.349737845434           -1.70041232178           -63.4116523303           -56.9561170533           -24.3573330115           4.61434711757            -6.96740886563           -26.6869633089           -19.3479713025           7.94400920615            20.7467807111            -19.0459274389           28.4120552571            0.552410902732           7.45390391483            -2.89558660002           0.802936459944           -0.782942248536          -6.33962650476           2.29135409556            3.28613665023            2.57553640149            6.14526522986            -96.4730787813           -19.5625319238           179.103990651            39.8089260088            0.590665015423           -77.8130773646           -75.1010962152           -121.274584907           -95.7904979513           23.5985145245            
rwgt630                  5.00223555325            -31.6609141795           3.5663287118             6.47728886151            1.25695334074            -70.4625211305           -17.1457641693           119.20452799             -11.0343134292           -32.7608664092           -4.76621457475           7.17496484268            -2.5674733149            -3.61464606017           -15.8014286658           35.5305470043            -1.20461738198           -8.69616206062           2.17067757611            -3.36515893889           -4.79514565971           -3.1778796834            -0.385417825124          0.584612868638           1.78208213107            -3.34786552281           -15.3860690161           -54.4769619869           117.721578404            -48.440209134            -164.42744347            164.037600135            -162.202188905           -175.847742847           60.6852952851            -149.235772211           
rwgt631                  29.0105757716            -37.4140694706           -6.14577131032           -1.70929433908           0.495554138645           20.3582318502            8.8717755916             -5.40500922583           -21.0374390508           -27.0793443324           32.386064389             -3.74404307196           11.8622815527            -19.3132678591           -20.0449348978           26.8947029729            -0.202498835287          0.888833502975           -2.95899474101           0.691356401373           1.33613438202            3.49757610539            0.227451251434           -3.16015694408           0.825232487784           7.1855788851             -57.795024411            -86.0688763957           -112.924292507           -105.983711373           -39.2186648957           -88.5992047843           113.864102579            115.321847183            134.660848704            -33.7232481435           
rwgt632                  47.448393474             -5.46323448011           1.71034379644            -6.32610332295           0.831559929849           7.1609617861             46.6013406998            24.3557882455            -8.15418845398           1.44024110176            28.7609332851            -12.6864610016           -24.792519381            21.3710074807            -24.9513406212           18.7662357161            0.611563511267           -4.37778099705           -2.16150964425           2.61264374942            6.13886895605            4.05224468468            -1.88577574565           -2.55341782551           1.14891868456            2.90679171613            141.136080424            -40.3966930032           -76.5151358723           5.81548257874            -32.4777107072           -86.4554962165           -179.398553242           -131.560824157           74.6923502157            128.854809538            
rwgt633                  8.59470299993            4.38576413155            6.52662419873            2.9354310209             -0.0170605135936         82.3752658609            56.3866998026            -39.3892888996           -20.7253319411           25.1575441873            0.438727636453           -1.20380029203           -24.4684276631           19.6689490056            -16.2218273357           -13.5842239508           2.94606927718            4.94446973517            2.03521109862            2.63151562397            -0.226649312807          -3.8343662127            0.333923988281           0.466334482669           -1.17574492873           4.59198927768            -98.1212522776           -99.081915313            -18.7748801384           -46.4883859768           -115.102345798           140.933562979            16.9382609233            32.4388162229            -101.251743704           -29.3477913018           
rwgt634                  7.85579964625            25.0964108456            -2.3042446377            -4.22961487546           1.64302886463            65.569932103             11.9853836987            49.8253536014            -15.0606347341           16.3560191981            -9.80145805979           4.43681417602            -25.0379266006           -28.1840892917           14.5082936322            11.4549919074            3.13494330967            7.77114119094            1.01999042756            3.46610829335            6.76772591106            -3.247679255             -0.377149575375          -4.28378217048           3.71409027272            -7.35879001474           -97.8896160462           124.906674279            116.026772527            112.873158366            -90.2545197551           -108.10762131            119.944302445            39.9263962809            104.634421993            -155.70740518            
rwgt635                  -34.9269483093           -11.9576744272           3.86139852443            3.40617612907            -0.138027440512          82.7430515235            -56.7687559753           -50.7707165062           -21.1818501015           19.9297509933            19.5121214436            11.1046030344            -12.6441697615           24.6355485974            33.3266544995            17.316927795             -0.603483466052          -8.73946240539           0.752173636269           -1.92370031709           5.24817990904            -0.261117271212          2.34136201847            -1.95002120818           0.124395554313           -7.95986635455           -119.693173526           -59.1962788334           -136.942068389           -166.562118814           100.575372113            -112.443046573           179.567671734            168.187384316            -165.667470925           74.5080203616            
rwgt636                  -3.4612149647            -1.39248698577           0.487232797254           5.66418109513            -0.182618200369          -22.5271019095           29.5974963272            -52.2769385723           -13.7612929202           -23.9323462425           -13.5424019497           -33.0655940222           -14.3813098861           -23.474207842            -4.74029042333           8.86077741689            3.33188144236            1.84700124095            -0.0253165705616         1.99783240171            2.02981236646            5.79915180677            -0.173297313225          -1.72198094062           -3.38539171041           -0.685834463699          -149.526405587           -105.253091426           -160.972089902           22.7987683457            0.490604792752           -146.841396589           -148.026380421           -18.6481388566           11.1023671336            -150.00410007            
rwgt637                  -15.2458547804           -17.0072517658           4.34331484175            -7.56750694328           -1.05117903217           28.1959725916            53.8521874907            168.790521016            12.8379806889            -12.5924059791           -11.6667979625           -32.5725327828           -4.35936761485           -26.1103169994           -23.2295603321           9.92316834323            1.28906310519            3.71547202165            -1.37992492774           3.01231719275            -5.72696697016           4.94020816845            1.93819200903            -1.26853616135           0.840468705761           2.60657365821            -52.3986470988           -141.646343337           170.513464446            7.28564079142            13.964565209             -107.731949551           177.364415095            -65.8637496779           -3.69944052576           82.1841712008            
rwgt638                  36.2131008806            32.9224675064            -1.73421317943           5.18460867295            -0.773376008659          97.8662297692            42.7661811533            -97.412928871            21.8765786299            -5.85623713944           -27.5162832193           6.7444780214             -26.9916276041           -34.8966278199           28.2617276014            -30.6595131203           0.857313407536           3.87687819865            2.22716049697            3.02933041539            -2.98285950848           -2.65580320863           -1.47337844863           3.22729944288            1.09291756007            3.3978633059             -28.0559984692           44.2146892106            45.9230419325            57.9828422463            -102.023075723           79.9857806446            -112.468522309           88.5530058336            60.8486934663            -76.657466326            
rwgt639                  -17.2802008538           15.747616422             1.03045973465            5.00220164839            -1.13667654578           -77.544921229            5.91213941375            -89.6575003492           2.24975864226            24.9559343171            0.674557336729           7.2435889624             15.2933521767            3.44774186685            7.44941882052            -20.2148992421           -0.894847096994          -5.0596338517            2.13242881092            3.49499019649            -5.56753034255           -2.58168833838           0.0913940798837          -4.11613887819           -1.67562686255           0.762684573017           23.4798989478            -18.3298899677           -104.129556559           -19.4034979536           -106.215936181           -49.4710771791           -152.54421834            -15.6918073471           -41.2472117107           63.7092200996            
rwgt640                  46.409834716             -32.2944782209           -3.95320987151           7.32745317526            0.840668956945           -26.3011530204           25.9183749983            -98.3079135835           -9.82527395967           17.5360203442            22.7787561987            -29.1924795335           -25.3678316225           22.1275378405            -12.1526691486           -21.023326497            0.933342733499           3.649207935              2.11106547086            -2.88770534377           -8.22564167565           7.74007487772            2.18530343752            -0.540419866872          -2.15474903058           -4.38330302168           174.497307329            112.656214284            -63.1215961296           33.7591830024            34.737139527             -11.1148804141           62.19052257              74.6029519314            -59.0664255215           -84.1587854606           
rwgt641                  -42.7913365631           -15.5229042613           6.08994777825            4.66129027567            -0.39539162743           51.3860779649            -8.54618442409           -128.273894969           0.215114080477           -2.49872072431           2.21745199198            13.0621269789            20.5311621535            10.6534451852            25.413549785             17.4489159065            3.30737774287            -3.20578915553           -0.730571272852          1.15566327567            2.11611421831            -1.3319366477            -2.58020025121           -0.708026184868          -1.32189074151           -7.78260837516           60.7308176769            71.130357928             122.134887675            161.105339049            -7.34182061299           -124.939291747           -165.73510799            -97.8432376885           36.0236017606            32.1054758495            
rwgt642                  -13.3612574934           16.2250971214            -3.29877520983           7.23588989416            0.0458229906233          82.1325661367            -5.15992002801           -45.4520981826           -11.2969789735           0.936697685674           27.5002089465            31.2861834886            1.145162781              -21.1126778348           -4.29881540984           29.0511877838            -0.763557987973          -7.1298397908            1.28767633706            0.685723559831           3.88940519452            4.10761275191            -1.21802173363           -0.213373707473          1.84956779223            5.63965261659            -78.3050919862           -151.488043392           103.421789352            -175.214888496           126.709329699            -12.8188761156           84.9837868362            -2.73686649925           124.673480618            -15.0514382712           
rwgt643                  -43.3660955123           35.207748041             6.37444145865            7.74525604728            -1.28041782878           -28.327078737            32.0015835385            112.530553785            -16.5000627666           -10.3460342033           24.7913700438            18.1566170225            -24.6376598341           12.2590811785            5.61904829719            2.55536163316            1.33621284309            4.80046244543            0.342916804961           3.50076587975            5.60807673046            5.8631679827             -1.59713002688           -4.04194501507           2.74260144625            -3.30209802083           165.330881178            -51.2091732432           -103.459807762           147.674814037            20.090073378             -59.7243667065           -150.715390634           75.2861835093            -107.07668376            153.692117113            
rwgt644                  39.4714383993            21.1951468546            -1.50921622736           -5.84302840336           -0.380149022576          11.7735856877            63.2972159032            -25.9692977413           -19.4250299236           -5.63321122776           -12.3361344555           6.26583945892            25.2017988797            7.00098074946            6.22007790211            -12.9787560399           -2.38664097584           -1.81048086964           -0.580263774292          -2.82593762207           -6.98243046108           -7.20234975234           -2.27789013311           -2.40478928688           3.05674161309            -2.40398102865           22.3059456044            -75.2763761928           -66.9543094925           -174.152703565           109.545911411            -53.6363273966           -113.617598545           98.6901716768            -18.7630601064           -173.185860311           
rwgt645                  -2.33259340519           32.2997493301            5.69112953191            -0.6313949523            -1.59923850701           38.2941485004            -61.6343103118           166.660750981            -7.61058691288           -6.95071296705           23.9201662677            -23.9730137168           -35.9390179737           -25.8309047973           -22.389370097            29.4094988149            -2.34914458435           -5.89987038189           2.24991535278            2.1805801876             2.40920977677            3.48478191394            -1.75979466203           1.26831422543            0.873359157559           -6.07871996612           137.786339028            -66.3801155908           28.8667091612            151.766866586            148.944931298            133.211391959            64.6814689862            -16.0886992277           117.017935942            -141.101690756           
rwgt646                  -41.2269988184           23.5163216466            -3.0091305276            -0.901301612596          -1.39803911072           37.3406675361            28.4088107036            -85.1484772065           -5.55570580518           28.6305957152            -31.7592358702           -17.4507472513           -1.81780093327           -2.7588485677            -26.4999944984           -32.4342778613           -2.62132312079           8.31506125551            -0.571994278506          -3.2669838447            -1.63032476565           7.67522366962            -1.42327669591           2.32338205428            -1.97067975994           -7.8184050674            -1.83663992567           24.0212391173            103.407181818            -73.6117510524           1.49772190247            41.5548550111            -123.585249393           -142.625905097           -56.0350731317           144.554404442            
rwgt647                  -24.2914312495           -30.0151550383           -6.94441460495           -3.50098022204           -0.0175332059572         -93.8416522922           -36.1347728972           176.355616986            13.2399852912            -9.23595506679           -9.06479387188           8.362379693              5.53211429351            -27.1887031868           28.5699354868            19.0035980044            0.115707567939           -1.45113510102           0.703630390422           3.02192345877            -7.5975893709            -7.02237895979           -0.610382538673          -4.55339454309           2.11383928277            -2.2024892473            118.996832788            109.503895626            36.76406268              -56.2880114372           -164.579525394           120.632592835            103.331840568            -100.614783122           -43.7005609273           86.3159237582            
rwgt648                  51.3919337412            -19.7419965269           1.44840763606            0.933267696667           0.802338131683           -62.6996609202           -33.4799192418           58.9897535914            21.0016786418            34.1854173849            24.2218047643            -27.5575050003           -0.462274658719          -20.8738813587           27.4723244807            -1.67265296133           -2.39958836736           2.22412751483            -2.18187293133           -2.28546239306           0.456073698278           -2.20288950782           0.468249124673           4.06634226863            -1.89709653159           3.84558363435            -80.5646452169           57.5396040116            11.3757862617            -119.269429491           173.732020501            -61.8728799241           130.320114355            21.7763525303            55.7016729635            151.153547663            
rwgt649                  47.903466234             -0.67834043395           -0.0186320360087         7.19179340986            -1.56319183028           90.5483974397            -56.8335672934           -31.7367934121           6.68504340235            21.9617931217            -22.2672144942           -16.8630766462           7.68874916385            4.50106060452            1.86314734194            22.705663689             1.50575103775            3.27659959256            -1.32373945141           0.181203407301           1.22370018001            -0.0627585175959         0.565500372246           -3.56299793761           -2.1275687883            -6.47089963711           -49.9964702825           108.113232374            67.2945299344            -57.6509294768           113.78776817             31.4913609326            -124.517149451           160.550195233            -128.269513358           -170.790519392           
rwgt650                  18.6725964449            6.55142154572            -5.76042287914           5.28031213939            0.203635427533           69.8185480181            -22.1345045813           -21.3371031682           18.6626542596            9.88735589862            -20.9184938599           -24.6525403901           17.859677799             -11.3960335087           -1.00979983174           11.9801197726            2.13066031755            -5.11105374734           3.01239105064            -1.06849619246           8.68125581637            7.74115582281            0.16600619633            3.87121191778            3.10608230549            4.88669263704            173.190515088            102.346310178            102.910181122            -55.4351926717           -63.986256921            178.272503038            42.6943340836            64.443153209             144.18529843             -141.322512802           
rwgt651                  -42.8209130485           8.75638362853            -5.76364816104           7.3056516362             1.32427482291            -62.4140030203           47.5537824523            41.0407433004            -0.0325267857157         -34.943676427            -7.19922536706           11.7059925874            25.2869444923            10.3194382172            -2.04049163135           -23.8710982944           -1.83987943772           -8.60601009647           -0.425794362783          2.22653313672            -0.554329677849          -4.67241406746           2.04029655851            -3.57541222371           2.58037469954            -7.63567731106           158.489463115            -105.621729864           -147.359344544           61.3327860333            -87.2716312534           -67.5054564242           -135.676674483           67.5105177044            -55.8626793891           82.1848752444            
rwgt652                  -27.2973624169           23.8858666338            0.507293036895           1.57178992345            0.368965172118           82.1673380747            15.5617216854            154.382722785            16.9861634088            -34.011230937            6.9873096139             -3.42371185525           -4.36719652221           -35.9776464514           9.74305316447            34.2166672168            -1.17480150123           -7.93318669536           3.22096227229            -1.44551962609           6.33237674637            -1.23093664554           1.55384917793            3.90820416574            -3.6083847891            2.72473822185            113.722646062            133.146743751            80.8720928885            57.8835242249            23.7466114589            111.304984392            12.7811234126            115.186925567            87.3348755656            30.5020701015            
rwgt653                  11.305387439             -4.13432504447           -2.64137423018           3.86540806371            1.49162158333            -71.7810268947           20.6814975369            177.997582692            6.81258829475            29.485774187             -18.7952873241           -17.6156870726           -17.4298079767           -30.0667672638           -34.4132977478           13.6451235427            -1.68966056447           -4.58348212715           3.03964109971            0.440174265032           7.01533370855            0.882091263315           -2.36946437092           5.01131189983            -0.821865431605          -8.17538184157           -107.44558451            -51.8167933262           90.7308673612            -11.6916527544           -14.7473416528           54.8533178233            -75.9593651109           -178.115869576           -9.27231276875           45.1649426597            
rwgt654                  -0.253180563098          6.41468191525            -6.02456723038           4.4748219283             -0.689733131103          -12.7969542702           24.2626808455            -68.8879045898           -18.2613831765           35.0530044289            -20.0355033438           -23.9307706905           33.7857334511            -26.1992927647           25.3998106839            13.2746359459            -0.659009285824          8.53639164526            2.26986638416            3.16183380257            6.7529994843             -3.14257833494           1.79660876353            -4.95275639355           -1.65623873938           -7.62171881028           -173.02640375            -154.566077647           110.829139779            157.671218074            -98.0324242748           -136.478702819           -79.9897868747           -167.402687164           175.218657864            16.0287801137            
rwgt655                  13.5762048602            10.0442915733            3.7447017135             -3.34166393776           -0.579761447694          51.4676667308            -31.5569430733           91.9581098648            22.0920946144            -1.13195596614           17.1454840334            -7.7510343999            7.89995947788            -26.9626836355           -0.180526016326          -4.01825314346           -3.22665866011           4.54472694339            -3.40486184918           1.93485688763            4.86594788519            -2.43178822723           0.393477789158           -4.64390222721           -2.86646824808           -2.07802710309           -168.462561597           81.9670651976            -174.407454085           143.496534293            -34.2257236852           -164.107332756           117.303035723            50.4736201655            -155.274196571           179.730098457            
rwgt656                  0.791889145251           23.9282382985            4.95763871996            -7.60155223923           -1.77123913376           -32.8973128388           59.0552698526            104.583722385            -15.2423412339           -6.00215643858           17.4873600113            35.5199578889            -23.5404440375           -20.2473736392           -6.58281205363           13.2266651176            -2.30886529728           -9.37219676216           2.70429635695            1.55166984884            2.81292531003            -0.548990387111          0.299891427073           4.60309339088            -1.27211033196           -8.31692963282           -124.510830359           96.1815746534            -12.3519542186           166.745829083            89.0334237731            12.6863375855            -15.0396773267           -168.769137695           -59.9983146562           103.639639421            
rwgt657                  44.6133213401            -0.317224193114          2.01353152525            -0.123383870195          -0.521840429921          63.7495644717            21.3869652113            123.279999392            0.331011341284           -10.0004449397           -15.6750904283           -24.8083201925           3.89687068502            5.9615083283             -28.4982218971           26.3923996251            2.51542930419            -5.10439208911           -1.33064339325           0.475691481112           7.89177309541            -2.79986005094           -0.394030721183          2.16134183365            -0.208126657862          -2.64792241123           -108.710414091           -106.787118736           159.549478135            -157.799909384           -49.4728937034           141.469785585            170.244264695            166.932064394            -11.3711202367           -103.939873687           
rwgt658                  -47.2409903848           -7.93857535443           6.31383530563            5.28865248236            -0.139023377931          -19.7986710763           -18.9222470496           156.148077012            3.07322025571            23.1134422784            22.4309979093            2.30447025867            -19.8772014284           -34.7622499733           8.78268325584            16.9936509422            0.681789736058           -3.3236683962            -0.235818479862          -1.42311470941           0.192210777102           -5.0924526355            -0.377985056572          1.39012418092            -1.98278197959           7.19072482473            50.2642525431            -38.074507667            -83.6730878409           -75.961921682            65.3401830872            39.0483846485            57.5762615714            93.5406885043            -134.990890396           92.3876846658            
rwgt659                  15.2631871506            26.5206048816            2.95619806336            -0.799390270541          1.14356581125            87.2521727236            -41.9565996786           -76.6450327289           -7.41636241498           23.8427679858            -2.74356062202           -28.3598291874           -28.3930404393           19.8587758223            16.4862094017            -33.6618249621           -1.13575993641           2.75441974008            -0.605872225894          0.106786165041           -4.83672131832           7.21059629974            0.735134724901           4.61742589006            -2.82975859009           5.16346333425            14.5262607274            -177.265810117           122.008827089            -106.747084052           75.4645509545            -7.01805435359           -61.5186220934           172.513706762            29.5296799612            74.7675574284            
rwgt660                  28.752165612             29.0972951132            4.69906538892            1.03103597965            0.255560307968           11.0333169931            -35.9723341911           38.58021111              2.44544249634            20.4439595484            -27.326500623            -4.90372502139           6.34771057107            -13.9831223289           -33.5417810584           1.66951017636            0.448067787178           -1.63396058534           1.92331446574            1.85066228537            7.53313482574            -4.94793778967           0.388126740367           4.43362111648            -0.417344998714          -2.45128082349           179.62054031             -119.065510896           31.979220565             -146.32985105            6.78676525641            -7.7574231427            -121.757047592           -85.3834727553           59.8626577609            28.0202124911            
rwgt661                  47.4020188293            -13.0286681688           -3.83934745515           -3.2969258793            1.64766184997            65.2577299221            -46.9805401643           -78.4507454613           -4.26855304696           -26.2179981049           -10.5385349827           18.7207437513            -1.17114100054           -16.7784794435           30.6188293392            1.21336400584            -0.115590921946          -6.58433739525           3.43192724121            -3.42215382125           0.10619493906            2.7043014907             -2.05219868306           -3.95200875531           -1.74494333238           2.78949485523            -150.556601582           -97.8018501217           -34.9593009772           -0.00879762803743        61.5245261013            36.8204597328            65.6531229848            -31.1542526792           19.9886149843            -104.103040753           
rwgt662                  -4.62166173017           -25.9208177191           -3.29272641026           -4.43073089093           1.52426588781            -74.9708849014           -51.4385233426           -120.309282838           15.8455588569            6.87771631321            -32.0376007611           35.82196375              31.4650340337            28.6086281388            26.3364738514            21.2405597033            1.2075152377             -7.96526037464           3.10976485269            2.28041783303            -0.302102367491          4.91145502568            -1.32882762262           -3.86104320926           1.57532239057            -6.39851129247           101.211345782            63.657827554             -25.8268384143           32.84834433              71.8965891324            165.984537071            53.8293130773            -172.672862313           66.3997813146            -17.7927239186           
rwgt663                  -44.191625019            20.62614813              2.71451168253            -5.60159309906           1.65404410869            -45.693618122            -43.3603955568           132.505155237            12.2119027417            17.7240475466            8.9922741137             -16.365150072            14.1792271889            -10.9380613822           28.1077533693            -20.2291475806           2.34212834415            -7.67463676989           2.39115090003            -2.81061523286           -7.65575466007           -7.34879446966           -2.58673325391           2.81637072243            3.70824880357            2.11550398479            -124.207942181           91.2627395131            -113.382924914           91.299562485             -167.756514833           -27.8599180559           -158.813766799           108.97515278             55.3269420527            -88.4531317756           
rwgt664                  45.7774960947            12.5940310386            -5.67772156681           3.35586980385            1.33713849627            82.5436846828            15.8506779196            -173.750003709           17.4287177302            30.829724802             -22.5617073367           -15.1299079775           -0.102764308165          24.3722520251            -22.8115365536           5.50952060767            2.44106470445            0.0606548897818          2.33974540276            0.658467680414           -4.75578852452           2.0365614564             -0.693056982697          -4.49094263485           -2.69896802076           -4.0347815463            -88.9476102158           12.1066277537            -15.997208599            -24.8303929116           46.1201483669            138.694874222            -121.939234134           108.794070053            141.976796742            175.988669505            
rwgt665                  47.4326627797            -38.7392143779           -1.92788965249           3.76862964288            -0.0324035999345         -9.55537599692           17.0100845704            -125.707968385           -16.7761763765           26.7575077501            27.7357550624            -7.51161030872           19.3620124137            -9.77696042244           10.6254810947            6.80357769589            -0.625658888202          -5.51191569972           1.40453841484            -0.0661025839654         4.05736860355            -1.78014604734           1.4905056989             4.54784358929            1.0625749762             5.13092969218            113.469090261            30.8341213958            140.657578735            -90.4757254991           -121.796226909           -121.720969471           -102.411055698           10.7225804639            137.29167215             123.867429475            
rwgt666                  -3.24549282452           22.1668671094            6.73110907618            3.29593519611            1.5851645782             -77.3774135881           24.0945352306            -153.663892764           5.33375920944            33.042098122             33.4219574145            -17.8837032174           10.3818882093            23.6085245508            32.3030614192            0.911195100288           2.88025233333            3.19700387247            -3.13963009618           -0.77062838489           -8.40960043265           -4.4341851457            2.3511865178             -0.752676504199          0.421749195432           -5.19499602385           -50.0649589134           -46.1475926613           146.340217658            -146.921498004           42.6273236087            51.211650501             69.4423398156            79.6238163663            -123.641018439           -59.8786656942           
rwgt667                  -51.9851727418           12.2508687001            -5.8462989283            -5.90756891556           -1.31698298395           18.7555835111            13.0070211384            132.076546657            -11.3700447116           -31.1982335727           -8.06122383921           -27.3029741023           2.2102936134             21.166639258             -23.2431695115           33.6196518432            0.607166333983           -3.25968982884           0.911468399351           -0.353733170988          -3.67117663423           -2.35018863722           2.29595818975            1.5672690828             2.54385235526            -2.25275370906           -92.5681981503           -42.1302649831           110.826699511            55.5495363031            -14.526045204            -37.4300800195           146.658539306            28.9790978186            -63.1537236704           113.215128555            
rwgt668                  -43.2166667102           -6.57297095532           -5.79763953033           -3.21756597164           -0.373690267342          -50.6643945063           39.958989083             -116.199072664           -11.6010276297           -24.0774480984           13.3272730542            17.0371638644            -20.7341635309           -11.1268313237           22.1078034869            10.2277296695            1.58791545027            -3.75629140573           -1.21091222074           1.15359394813            0.436833168373           -1.74023932127           1.37962482322            2.37806225725            -3.33995416349           5.49849995138            89.3277039535            -147.716407121           -32.435872892            -14.2955181394           -133.661816095           147.654957303            -98.6663486912           46.4599665034            25.064699829             2.21477876756            
rwgt669                  -42.7725410863           -16.5361698305           -4.75791124733           -0.23544663811           1.62008303406            -69.3789880809           -9.66533544572           18.3705691527            -11.8789623659           1.72931597842            18.6501646278            -16.4924446755           -29.9122265462           -1.24295576546           0.664242068268           -19.9734936663           -3.12760435653           8.66780927893            -1.39122439492           -1.78668603128           5.52453021148            0.0535394262927          -1.87368562934           3.67999994845            -1.1244854884            7.24774572468            49.5783203449            -70.9128750604           -20.223497842            66.7660923495            -65.53242406             -73.9839452046           -151.824656939           82.5489577102            87.2469891009            -49.5051425964           
rwgt670                  19.7659795097            -0.526391760754          -6.00769809261           -4.85043623909           -1.12601898755           47.9925747603            12.1422363442            -84.3515309531           -20.3483282123           32.7253958319            11.1530540598            -3.80098603526           5.64792900483            -10.738080732            3.31352387964            15.3521056445            -3.22243895313           7.00476222247            0.348386407224           -2.69674247241           2.58715401944            -0.22375552816           -0.106311235694          -3.46789870525           -1.68886790951           7.4689848281             -84.5525836757           -99.3042467033           -157.785599813           164.482448526            -30.2535926979           -89.2733904506           51.7969775577            116.59716008             -143.020051914           53.6044149487            
rwgt671                  -37.9600280407           -4.75709724562           6.5176296044             -5.92853973976           0.081117991148           -18.697650917            -31.9591408325           72.9439769065            -6.83988000954           4.69479057865            -7.61791845066           21.0377546362            0.115357355567           -31.1977033263           -3.76096169019           -29.4989560685           3.08795749545            -5.03578955124           2.61344247772            2.24624032286            -6.02501908276           -3.81156691933           -2.57835299571           -0.21725759613           -1.97537974934           5.94092602968            -91.6887247704           -97.979425402            154.03920546             150.364463368            -111.650407369           61.7192338741            -100.691137511           -122.072204715           175.3245535              -176.818322213           
rwgt672                  34.6753227721            -5.82843579282           -1.85719572675           5.67872649617            0.645737583794           94.0196622089            49.4774783551            -46.3494230195           10.2714251474            -26.8567391904           22.9465497116            -27.5450786271           -30.9686098414           12.7412119618            27.8637756126            16.4856580204            0.193352394412           9.0641611144             -0.777230341065          0.214950180704           1.43487674346            -0.833733955312          1.84571426354            1.05893245732            -1.43940214383           5.99564006741            -1.29298911639           -127.3774357             -92.3292655985           42.9493660477            -147.656771126           -66.3295799112           -151.421421572           -16.9726902669           -75.8305660268           40.0669683642            
rwgt673                  -35.7036371832           -2.36707240819           6.34775936747            1.09520178938            0.730443528602           -58.3857498002           -53.2483934453           97.8100659348            19.3284691884            8.79768138757            -5.99580313335           -18.7093452107           -1.81485091985           6.26963352724            -20.9556661043           -19.9347202671           1.31915762737            3.76913245374            2.40138629428            2.83301174436            0.00606128703827         3.91703491924            -1.04084335268           -3.84948832106           3.14526266096            -6.32728872337           12.7600250839            5.02291741285            7.56685396178            -156.871766111           164.600402028            155.099766734            -68.5301405082           156.558704734            -95.3430800805           125.660946324            
rwgt674                  12.1042040272            -21.9155234142           -0.401615599641          -2.34406282428           -0.297302756864          -92.3077756511           -29.3574659497           20.3268248781            -22.8344399119           -20.3021723458           -25.0823828828           -17.9645945791           8.2213731756             -30.1017465313           -9.11499945274           -9.99672126047           1.48531627876            -9.34058773941           0.284458697938           0.0293464461614          2.06937490655            5.67179233598            0.920456212346           1.59939730405            -0.38973794935           2.18188694608            -33.5046510851           -129.113418536           -53.7591428134           143.846177968            -126.935421647           162.459550745            41.7508634156            -41.4957095338           -11.3540546702           -148.825164863           
rwgt675                  -41.8020617274           -16.4306339035           5.63750648905            0.0601008773629          0.531492523991           -58.0368600245           -16.3462034655           -140.831776311           0.829393505764           13.856518091             5.26110968707            -10.8027908313           1.9925006748             -0.421642124248          -29.9958632388           -14.3072992703           -1.19789200738           -1.33353933329           -0.995367013249          3.05306848453            -3.55155641786           -0.0350298598966         -0.830220220472          3.95075413193            -1.45639894975           0.20717304022            -134.47077676            -91.1039006779           14.8415928218            -121.314276328           105.369463642            146.840509816            90.4830790768            17.259854598             -154.647191635           42.9646768113            
rwgt676                  -7.69016004446           -0.575611771518          -2.33382173726           5.64459714947            1.34603072006            7.08002013061            26.7059052281            124.127864792            -20.28482276             5.42482063986            9.96474521126            -20.4563036987           23.8805634228            11.4493924413            -2.11744537254           19.2011207456            0.774221236841           1.18843568566            -0.405001289436          1.79445313176            0.513148217086           -0.262607982847          0.321645993195           -5.18862460615           -2.42249860983           1.86113566778            -17.980408036            -25.2812591419           -85.0442773831           -23.1178669173           -15.1758676623           -136.054367048           -99.1163507759           -99.5912072764           -67.4025204672           -68.8589454307           
rwgt677                  -32.8296901462           18.956295283             -2.95726699325           4.79888464918            -0.0889545593685         -76.1598017334           11.158098667             -14.254403758            7.89676970561            23.0457842741            28.6738345838            29.3720787552            27.4582841301            12.9526313806            -35.3992038018           -12.0404272002           2.01920134711            2.5027495264             -2.79885600023           -2.61206644286           5.27997802917            5.9003657772             0.403187673395           3.5536155999             -2.84198016915           -4.99626425401           -21.057575009            161.413849873            119.141584684            -50.9636161118           141.555818539            -152.231577378           158.080636528            55.0638918899            133.481605044            -67.3454626006           
rwgt678                  -47.2864166826           -10.6238177695           -6.22483592234           5.23491587026            -1.43023789088           -36.4858036461           2.24808999841            -6.84577806005           12.21866273              -14.4802437547           -35.5288098708           15.3945609762            -0.572145277663          -35.5774466938           -6.81948475473           34.178615389             1.44974583528            6.36929494569            1.16016501219            1.99821699989            -6.33897831051           -5.82986802947           -0.289399971694          2.91316223826            0.965635466448           -4.16396102026           -163.086077661           104.894308134            128.590521056            -139.756523759           -92.3742416033           -120.251363363           141.127556414            -93.8383068667           170.454053168            -68.9993025153           
rwgt679                  -9.07992867691           -6.30133741702           -3.51211764989           -1.30698833223           -1.21992904453           -96.5439787355           -48.1141899795           67.1556864933            3.25589243492            29.155491902             15.11134854              7.72072459266            -11.5420951675           12.8436623176            0.472186986616           23.9690512239            1.09450045772            -4.49486716145           -2.88435200631           2.28349676727            -1.833897536             -6.57296018565           1.24194612925            -1.86311183313           0.0370288023677          -2.9757690723            -65.1771327813           -176.881397245           -28.5666354345           165.577696489            -28.0952756337           -75.2336601986           0.60518223355            93.90982593              -100.127330397           87.2508157483            
rwgt680                  45.9007085893            -39.1150484064           -5.13193355026           0.939365522692           -0.347340871162          -5.20658681181           24.0780025942            180.014180698            -0.296381378694          2.61399861117            26.32491243              -8.93812739365           -0.412736815125          -15.625351008            -29.907839415            -6.66384992065           2.37845517016            6.76722935141            -0.168516519287          -2.51916067634           -7.04345440118           -7.76926320474           1.27575071576            1.72947525694            -0.696058120812          -3.66879402707           84.3782715545            -89.2011721555           -40.9043701083           101.314886741            -85.9398472944           -100.58502039            -155.02004448            103.413257092            -170.434723919           154.657767492            
rwgt681                  -48.9863081994           -12.6488890963           -7.15138296158           1.26306599796            -0.775416371884          -72.7035441739           -46.364085275            -82.9995915086           -3.17390367507           19.6118695788            23.0136712876            -11.2436860474           -29.3394212252           15.9300527732            -12.3378363455           4.76074192468            1.12400292174            7.15500524881            -2.29027058372           -2.80720830622           8.46527192729            7.30952740693            -2.25930567654           -0.946214464301          -2.58046214893           5.09663521556            -179.423590216           -82.0266490089           -128.317350036           176.689483996            -92.8191683185           88.4980403197            -65.5208877359           -51.460470868            -97.5042562989           177.846218226            
rwgt682                  -38.4775489974           4.35214664614            7.12189559351            6.79609261286            0.487120171446           -45.2248492305           31.6268577183            32.8265353452            8.55165622127            6.10298742546            32.6558314681            22.9185857168            -16.4240093995           34.5891750442            -34.4812279331           14.8704603074            0.283071523745           -7.18867462529           2.2058058996             2.27848486692            7.35134930491            1.62663248126            -1.60613517444           3.34625034431            -0.845497370763          4.42850257809            2.29989931501            -47.657939197            -88.2724650062           117.342267496            -134.377703618           133.044629707            -66.3689026346           -165.693858685           -28.144556425            -137.768322126           
rwgt683                  -14.5235517485           -21.3836953851           3.21994497944            -1.74527553856           0.0321589897372          66.3112686262            57.7188640768            -2.08675874478           12.4139963305            20.3412182073            -7.04278511872           -1.23086761574           3.98174849976            -29.6780231719           -33.0670573261           12.5069391982            -1.38320432431           8.70313251187            -0.440110367924          -1.68483316971           7.12864457758            3.46635308748            -0.752528542433          -3.84350844693           0.0885637894217          -3.75629636716           72.0012258677            -33.5339086925           114.025377017            -19.1902221139           69.9168584418            59.1913366327            -20.8832232271           12.5912055395            -48.7390655896           166.661242127            
rwgt684                  4.19027297342            27.2839328021            -0.988011859205          -1.51550211795           -1.12013026202           -89.4213855427           11.4396174337            -74.1158816727           -1.21524427973           -11.0915295833           -14.3753964387           -32.7094962195           4.97908551411            -7.8174043094            -26.3808492436           13.4928060294            -2.61438309199           1.53945786013            2.07843426253            2.65084100868            -0.740130259879          -2.91161322336           -0.973941790154          -4.08299275923           -2.65172214345           6.50920555171            139.308903991            6.83387175215            69.0920986629            44.7975777245            13.2529682508            -110.356547245           138.546048652            26.8239962914            47.2210987428            -136.468903303           
rwgt685                  -34.2152254558           29.1052057622            -7.01360880857           -3.66581698776           -1.33284726456           -16.6083600716           3.08477408138            158.674515022            -10.7566988202           29.4510456636            33.9405258382            31.0392970283            28.2120974036            -2.77075975996           28.8024546205            2.46786335548            2.17456373802            -1.26975791484           0.677193272537           1.7645338678             3.78263194455            -5.02583991687           0.113723118084           -3.01480967831           -0.110230017723          -5.23582124781           -60.1972121904           -46.1875761387           -62.113372304            91.6168522406            -118.263518749           -178.343728883           -3.59070278305           122.598707028            116.918892539            44.9820450739            
rwgt686                  -46.3539241495           0.314101228075           -3.69493372102           -6.10054217865           0.589031354104           -70.7596924833           6.36615822677            87.5250148051            15.867832335             -15.3111556615           22.8712489428            35.808568775             7.34707040464            32.5888398098            -35.7361718781           21.1425910483            -3.15818461568           -7.14677853436           -1.99669148986           -1.58075639663           1.87185745828            -6.2289914491            -1.94020229749           4.71308941471            3.06739088653            0.363424237771           116.724242906            -161.281088818           -126.368583572           177.826922293            108.81768042             -22.5218562999           -28.3541796287           11.2037766749            -146.534924779           -136.334795737           
rwgt687                  15.2534999047            25.6034106614            -2.39837911279           6.60187750257            -0.178238109181          66.6554238382            -44.6812984063           4.84587737857            20.3474090928            20.0044063715            32.3900407438            -9.46034243138           12.7849983995            14.4225017031            28.5326795566            -14.6176780907           -1.43289856625           -5.38333689949           -0.781743102504          3.24129642186            -7.27122427261           -2.29809790942           -1.79719500615           -4.13669592323           0.754528507268           1.7924204203             11.4462671572            123.240000646            -71.1836343312           -87.3762747536           36.1743573988            -16.2729511491           3.54283788104            -167.75809415            141.141155924            -85.5297176067           
rwgt688                  -28.791489575            -19.0645904205           6.04606745783            6.91708455613            -1.57489658898           46.1407917201            -47.7333882132           103.011271484            -2.01015683757           6.61861439635            -34.7724712743           -10.1289327191           -3.20183320186           28.0607144831            0.980392928646           28.6305153752            -1.22288559246           6.5229212142             2.45237633952            -2.32345057184           2.40635954929            -5.9375711425            -1.18598453012           4.56167546542            1.36076459015            2.52330159642            8.03909296846            136.539422375            -7.40943077369           5.87275440764            121.629934083            -159.207298256           172.967871278            88.2100728363            79.9148599598            89.0354482767            
rwgt689                  23.3859819683            24.4765538095            5.6423071523             -3.57113893856           0.760659728032           38.2726476215            -62.5976196585           179.686066822            -15.0904000407           4.90375069029            13.8190273572            -35.0209622712           25.1700488713            -24.3371510321           -5.14457623657           -33.3488490454           1.47692064833            6.51907791621            0.414976685489           -1.51844047452           4.44820197698            4.05834275681            -1.03862234757           3.71826152143            -1.16933938042           -2.48153520734           -149.284907205           -107.259207942           1.29423190314            -23.0616414741           42.6482576202            85.3107613853            23.8736887423            -147.577531146           108.717670312            -130.88761119            
rwgt690                  9.38448776725            15.4145692199            6.15924686513            7.64434586087            1.39274313402            -1.65576434009           3.70122149265            137.998977965            -12.2194453615           -2.94452342867           6.17860019883            -20.679744053            25.2062407003            11.3408875984            -0.0597254655063         -12.1077794025           0.356060626631           -5.66462782503           -1.84426113368           2.00992176298            5.95219054319            -5.61134811188           0.927437286632           2.8030330415             0.927613393337           -5.63835741836           71.884029849             -37.5689774874           -114.31139564            -116.732740326           -102.165716087           -74.4481684741           97.7947084119            -95.1772729508           -23.0117368355           -157.73010165            
rwgt691                  12.2399320984            -3.06396728132           -3.67045770256           -4.29630336055           -0.0725999180273         2.17881946099            17.6002049481            94.3035062272            10.239282278             34.9953701568            -12.3036476019           -5.40790646394           -32.8094979902           8.42956893831            -8.41185808293           28.1321109573            1.18520946497            9.25751833379            0.658791303747           2.75713112439            -0.695108018087          -4.75627340218           0.764101097111           3.8491142136             -2.04666349446           6.70908801574            140.636113367            97.2363419189            43.8872056309            -63.6422120511           -52.0939245056           -81.9470543329           -170.186174743           -87.1814224272           118.196712193            39.4241567365            
rwgt692                  36.5789567733            -4.82773264381           5.0538696049             2.95160425185            0.846746111678           -31.4933023207           55.0871023908            -99.9403229426           -16.0998175231           9.5350762922             -26.7693471118           -1.24801175179           22.9433132717            22.7801365289            1.24291539024            28.6480310563            2.81490433272            -1.52535749081           -2.5501344378            0.126633000131           6.10211291608            2.52101273056            -0.892061407704          -3.97856790475           3.16038242286            -7.80481136265           65.2412231412            -30.4495569102           -68.9290975976           -144.870856707           -75.630388807            -19.4384168688           117.930442677            172.051251888            94.6101998396            -116.911444788           
rwgt693                  -29.3647909131           -36.0853378863           -6.90870784859           2.53530344929            1.1371075479             33.1573745847            12.6067349376            104.803518459            -5.34423785144           -29.4859012654           27.1663003918            19.3243628275            -3.2538501054            12.4899195378            -16.1860845518           -2.95110503743           0.957650373866           -6.29769607657           2.26552867349            0.838390195022           8.06219345338            7.77551762044            -0.690631540184          4.54572564664            -3.14493837022           -7.40725108839           -112.163271338           98.0267198125            -34.5677254522           166.226002392            43.3094966426            74.6629310951            112.211895365            -73.9807736849           67.6910771872            -14.0849360376           
rwgt694                  38.0270669544            32.1231925179            1.57147432407            -0.446953995019          0.223534551423           1.77692821294            50.8337172404            -41.7014507825           20.0583051732            -24.0652721048           -17.0875935086           34.0659550608            18.7289622697            13.9284047124            35.5795236193            28.4859813646            2.13276834809            -1.28570792022           0.26206637174            -0.22051852683           -2.91219841392           -4.8124669498            2.311635298              -0.355980416991          2.87452358962            6.66047427069            -165.730230079           -159.123602887           155.293591156            -163.473283718           33.3935483907            -84.5836022326           -43.1609470671           -85.9773422877           32.0352773325            -64.4297822291           
rwgt695                  31.1571455818            16.5070925534            4.84237483951            -4.21926407356           -0.39405421547           -43.4797187147           15.9936285399            -166.829695965           11.4297035202            12.6211920393            35.6617719208            33.5016192138            -21.5301926556           20.1351930258            -5.22880108012           8.85113780167            -3.2904492565            -9.32857126072           -0.317695810454          -0.309864777883          1.69776681689            6.79326422287            -2.41609622087           5.0025266081             2.66755951914            1.09932826602            -94.8645379686           -150.819844608           -163.039788619           -14.7853045965           -153.981779604           -110.681465189           152.690860095            48.5760145492            -44.9174788655           -95.3287811163           
rwgt696                  -10.2564799616           25.8514625816            6.29257929851            7.14011252611            0.769987056208           72.0475065774            -29.4561693243           165.437871671            -19.0372392231           -35.3389001162           -10.8107597903           16.1431257222            -6.8990053313            -35.89964151             -12.7035909161           -34.4437581954           -0.539339714714          -6.13335238105           1.33273343551            -0.955629225558          1.25386685117            -2.25913450672           -0.316086824696          -0.418079805754          -0.444971492626          -7.1206586835            -15.8672244042           -178.214956572           -112.592383759           124.347105471            116.892311706            153.767592516            125.841230361            -161.816063683           -78.0126515981           -144.115694024           
rwgt697                  -28.8831302792           12.3810070095            5.57702863439            -7.42295141242           0.69927605632            -41.0715953217           32.7517455601            -169.529931559           1.2816345757             7.00916565684            17.0422865954            9.61569631951            -29.2452938371           11.104331429             34.4594999082            3.18090531994            1.32480888005            8.10858149779            -1.19449085338           0.100882321456           5.76105287871            0.619567443205           1.07955324389            1.46353212211            2.38789120366            0.564545594464           -174.348347514           -5.9601621277            52.4376113295            -92.1535084743           144.552340452            163.186040196            4.72365020106            -173.006144272           130.711370998            131.337653345            
rwgt698                  51.643092199             34.8077143205            -1.81746815355           7.68695630121            0.373471773892           -98.8652387372           0.123655898642           71.0647277055            10.3127027121            6.63833705707            -27.3941347204           -35.0273694044           -29.5297849869           -35.3395106458           -18.0330379437           -21.2009263629           -2.25959857708           0.105751858715           3.0138543201             -3.21799187403           6.36573226338            0.277005948512           -0.131423921266          3.12141224683            -3.07744115527           -3.39487569135           53.0487701959            5.3299813082             42.2808876925            -140.847748862           76.8431533364            42.7282619407            -99.8645938745           -75.1230214565           -117.552087137           87.4197774188            
rwgt699                  -25.4675383562           -26.0438847199           1.94572634601            -0.00485317826229        -1.01915791229           -65.2932844952           40.6503312966            -19.1071648309           -16.1929075999           -24.0760167945           24.7739924176            4.9197507901             6.96802416099            -28.7732121242           -13.7196065162           -35.9912686364           2.38583112936            -6.69633188318           -3.27680893206           -3.31045039532           -8.44140168676           6.80790789237            0.454649511479           1.27958043335            -0.44367569958           4.93012443496            75.9633233459            -20.8008932251           57.8119774046            -156.995738051           94.526227444             -17.4041385398           121.387427393            -37.1994116628           175.653159661            99.6859748573            
rwgt700                  -18.8612375022           -35.3196126116           -6.91270259204           3.36004013364            0.607948539735           -64.2121142203           -57.7126308322           -63.7617397774           -20.4451149616           -9.7693570709            -20.6785688133           -32.3818447555           6.97599884709            -30.8543011906           -14.9713070868           -35.9828743592           -1.20891185081           -1.62492927951           1.92234666476            3.07346474505            -0.502708714734          5.44862533026            -0.771549761645          4.31481861503            1.5971820545             7.39732804904            -61.1927074862           48.8301945709            59.4661872778            158.101404856            171.440139899            47.5070973748            167.650840263            13.9341946185            121.179438226            -29.4935308998           
rwgt701                  -6.2625742185            -4.3603818212            5.34493043958            6.12055035773            -1.0904519103            -64.8199902771           28.2927568127            138.533351895            -0.70514286417           26.3040909508            33.674059999             24.2210408415            -24.3455885588           -34.0239233966           3.03933236544            7.22292666268            0.0591340122194          -6.64967623112           2.16330035762            -3.14069468159           -6.22313270578           -4.01610184916           -0.990170967919          4.10541431419            -1.84620339309           -1.36893225508           31.832468094             51.477772142             65.0225298362            158.691882078            39.6316835577            33.0606719177            129.227614562            -128.969432362           -60.1406999043           -90.7333785328           
rwgt702                  6.38401085112            -0.598141972123          -2.28058490979           7.2670747352             0.762067308946           54.1136009162            10.9083210447            123.918395306            20.1082648956            -17.2567981963           10.5226988526            26.1873661797            13.541340055             14.799828506             -2.27619921417           33.2183956185            3.02784012523            -4.33608575995           -1.41908627143           -0.914602361785          -2.48071104212           -7.23796967104           1.73874116862            4.6385170821             2.97808671174            -8.04726287431           -126.682956275           77.2325120252            -87.7060944412           80.8714162007            -44.2843783825           -157.646343635           -168.961783536           -63.7495283867           -163.825677031           -62.8026599277           
rwgt703                  -23.2009156532           7.45807677049            4.22564703977            -0.335206470819          -1.19028653316           3.29949882117            33.1323203639            -19.226939912            -7.47013746779           -20.4725052741           29.1331745718            -11.1769207902           9.16429307381            -30.147101376            -13.3683692855           -22.7504562963           -1.17655055148           -7.90251584465           -1.58202867362           2.08133846003            -3.40667033675           -2.02439196482           2.46243542877            -2.06141863418           2.35179409188            -1.98447914957           -41.1124198977           -48.9853335461           -15.4778703825           44.1363410636            105.061350686            -86.2138952142           113.886150681            -45.983559715            57.9335838223            172.625141004            
rwgt704                  -34.2430431461           -18.2235370198           -5.7757108074            -7.14134342614           0.119128337516           -88.2581902216           -20.001420147            -83.8310196491           -10.5156104706           -24.9135240085           -14.7998905284           3.7637697551             -25.9780330522           6.77664936941            27.4985002461            10.3207228956            -0.868308001808          -0.0532693949318         -2.15561680218           -1.24503632376           -1.16212410366           2.34881102374            0.893116608563           -1.12436173426           1.58275690725            0.499840695735           108.472156649            -138.323762878           14.0237381326            -27.6098011084           -17.4467257108           -98.5883940316           -99.3535612623           153.203536124            47.0704137496            -20.8686072212           
rwgt705                  -49.8617243818           0.0371861321859          4.22913848903            -5.90301176036           -1.63976910807           10.1300149327            10.3420193746            -29.4808166939           15.9202378202            -22.6750819052           31.5402140621            -0.677383594759          14.41485337              -15.424883682            34.9358671326            -21.6243937388           3.02015699225            -8.83976714329           -1.44190709508           2.15720385368            2.02927043018            -4.49284512962           -1.76306476266           -0.718026141741          -1.33001334944           -7.29701236269           161.088980277            151.949147317            116.5614607              -79.875661612            118.114243762            54.0255926615            38.5613939052            -17.3892700431           154.928943491            139.182093987            
rwgt706                  8.52519514232            -12.3827834952           -7.07528026411           1.97700214843            -0.893184382469          60.6560919735            -4.41482559259           22.0680552744            -10.8404502309           -31.9063648              -4.84496322752           5.61392152156            28.2443397612            14.9178941233            20.6993454916            -20.9213999395           -3.19265124633           -2.73545660392           0.725928360017           -3.13290047596           -5.84679255415           2.6188778375             -0.836976373462          -4.06477028147           -0.0762827376074         -4.77116902552           32.7641516064            11.6514120435            -126.760451855           10.1203060788            -24.465990805            -27.3475748585           80.557244175             177.344198653            51.9188718428            137.568387009            
rwgt707                  17.0153611127            24.8110228188            1.40602090701            7.6411600365             -0.929146237316          96.1375539219            -25.5128914696           63.7194136159            1.21337932827            -17.4777427162           34.0748825843            -31.1046363802           -24.4037225766           31.6047707363            -26.6761057674           11.2510703529            -0.451490951184          7.5281808206             0.659414685541           2.3620523275             -3.70817598971           5.26121302989            -0.696915539882          0.964820268252           0.59880984567            0.678249199702           -90.1466461742           -77.5378634892           158.692006056            91.8518022229            -171.538899431           128.608869371            55.6415611521            -16.5808635059           38.2180839818            81.1196455329            
rwgt708                  -45.7849067358           24.6444375359            -6.09377464292           7.74946880956            -1.2607799208            -86.6488734212           -35.506223196            -122.395780158           21.4037140305            22.1491643535            0.685583854687           -24.4305867183           33.4597993237            35.8247955502            18.6559956008            -14.9479495266           3.32936875682            -5.99774599152           2.11951550452            -0.791152240181          3.88074186127            2.91120294536            0.680933000874           -0.409068757309          -2.17935998768           0.576943095266           -67.7329498044           -51.9256331728           -51.8605524669           -15.0299606487           38.183701163             -118.436027035           -69.6627350619           -87.4437558608           -67.1162795478           54.3310365435            
rwgt709                  44.2696368424            -3.36307416231           4.98709287045            2.56700925025            0.569419529738           -61.3222435341           47.9891895721            -129.763601222           -21.2579018932           4.30552843629            -0.0153375901514         1.08921895236            30.4603912951            12.4661895806            8.12859458707            14.8188346854            3.21492622348            -7.60182385873           -3.041912821             -2.73113650082           -8.48352843853           1.36727819307            2.32516019019            -0.996661086513          -1.6963572131            5.21383260036            90.5975576491            -80.3724733441           120.996553262            92.0773352633            85.5416487205            -71.0692975213           100.646022469            124.349569902            -79.8028190185           -91.1514732903           
rwgt710                  -1.53396253089           -6.55386032399           4.6071011001             -1.03203668897           0.257913388725           7.9968011786             -4.86044543215           -1.61383013636           -9.48296935002           2.07441070072            -29.090847112            9.13639278907            -22.0399298191           12.0568270034            19.7936674547            16.869554066             -0.474252360601          0.794746287133           -2.93182376821           0.198852259252           -2.35769638195           -5.28592310181           0.728819884245           5.0511009295             -2.8651056735            -0.0026970223876         60.8503515567            -152.702021852           15.8567984106            66.2363928121            148.073803314            28.4747680113            -111.196615247           172.04684718             -55.4722605912           112.651951639            
rwgt711                  -6.64979844954           3.9779254627             1.77437367489            1.87792680107            0.25419471439            -24.9990892709           26.8026014114            133.349964127            -0.931117779346          -3.73115592033           -1.34147981514           2.15891483787            -23.5048586297           -7.95729885968           22.9856361062            -22.0628327892           -1.71314355571           -4.17437382136           -3.27604184863           2.97770631079            -5.86989658143           6.14060164317            -1.23817344032           -2.11315750822           1.65402769424            0.774914370987           122.93880435             57.7036673658            -113.147750092           -59.1138094733           94.5181035543            72.3197428516            78.932051554             141.402573738            37.8180261083            -45.3465499388           
rwgt712                  -2.24910119598           33.349167392             -0.376663370405          4.62691446037            0.908080264902           94.5457442532            29.8434195632            48.7020273422            3.48565806419            10.104696338             -10.2371268268           -22.0632267529           13.8753500894            21.049404104             -12.3407295126           22.7535690423            0.147756224226           0.153875236551           2.89766464786            0.594947252381           5.4088219065             2.2846500437             -0.513341421997          0.0595044597107          -0.188403552561          -3.79949910614           -139.760135336           131.507320416            -105.012315017           -37.4806369302           -163.378064027           66.0130109783            70.5003931194            -50.5215532299           137.004170484            -160.455096537           
rwgt713                  0.365166061654           -0.214575806524          0.252112254761           4.92919020688            -0.653857777831          -12.2144346635           8.98247716031            116.794789827            22.1076692319            -17.5241361624           -18.0260867301           -7.59986852623           -16.8671644838           22.6309936714            -32.9459078109           18.1128502654            -0.399167724854          -0.517202849265          1.4608733475             -0.236597091425          2.8804509834             -1.25715600266           0.83036837315            -2.19438825084           0.882448489248           5.68869577838            31.737823851             8.11160837113            -27.8934071636           34.7990022698            -120.010769376           -173.411571954           18.7081608414            154.530007168            160.05362276             146.875673718            
rwgt714                  48.7495440958            -36.3991858816           3.75170577177            1.49385079441            -0.956067556282          -44.0238624984           46.5378883575            165.574503526            -14.9851962658           7.15869087604            23.3288656144            -35.2884243464           16.7634509451            11.0237917036            0.88923284557            2.00006382773            2.69338328287            -6.27647258354           3.3237574081             0.546561969782           -7.75335367999           -4.15674829899           1.96221654152            -2.26832198301           0.123923099013           4.40221352982            -66.7916876722           175.107571349            172.456702195            -169.395363139           162.839931956            13.7455063053            -123.400951221           -62.44339905             31.7935740409            -8.77324636041           
rwgt715                  38.4657371263            -10.2682372374           -0.174908697786          -0.0470776534781         -0.496058021674          -9.58692402007           56.1474007992            -145.77381535            -18.0764142274           -33.0056409073           25.3549842797            7.5626109397             -0.282275964749          -14.7837103981           33.8041777815            -16.8901893362           -0.719598238442          1.66602143109            0.0786170888544          3.06100889097            6.58749917697            4.96124980411            -2.13236834776           0.838618208836           2.06906779408            6.32182701248            -78.7520147174           12.9267121497            -63.5996573881           64.3028462871            -22.0522357452           87.6380295452            48.4893448732            -45.2688987283           -8.75640589758           -164.258517362           
rwgt716                  -3.95326039896           32.6923302976            -2.58492438643           -4.26478692698           1.68730904083            88.3497894994            -24.1849552589           -103.971333714           18.3729205959            -16.0460425099           -9.55248683169           16.3447190176            15.3045043716            8.23030677755            -26.905065416            12.3911165104            -0.285910366089          9.07776476854            1.56617049066            -3.32837028732           2.06300380173            2.63040080893            -1.54237422155           1.85683329465            -2.92049533182           -0.263177785902          -163.646574249           -82.4304846184           56.2573019053            -168.872059943           88.2898685744            -46.7302053852           21.4704573486            -156.746894002           -82.494298453            -63.749243774            
rwgt717                  -13.5930961895           32.995014761             -1.5698031314            -3.64142685237           1.55677260918            -46.9821960495           -57.0812625495           39.5266134236            14.8958407808            -17.2881441261           17.8969746196            6.64426643652            6.07954094573            31.0472778317            -23.6375028874           -33.825787498            2.47443866322            -5.38230655776           -0.429627483968          1.69407096274            7.94243704267            -5.38834174712           -1.4071603125            2.3060100197             -2.11945067818           5.12584889929            -177.185784078           75.680301213             6.33672931503            25.546601272             97.5985114433            -159.435750002           -28.5062219443           -159.236018318           -51.8838983616           112.710916069            
rwgt718                  16.1330989458            -32.7266785566           -5.95129709753           6.08061279673            -1.31963254012           15.3836583775            -37.2588080093           -12.7907738111           -8.51530949305           -31.408538031            25.2311548709            -3.05843778227           10.2209142974            31.0772336416            -8.79965980561           -7.85258648809           3.05772326394            8.75912251372            -3.13525322245           -0.960501770443          3.57921236593            -2.77764932203           1.54029922216            5.24204615913            -2.10375976814           8.50715869575            151.317411551            -52.2916701794           26.3076791876            70.8001758727            123.243262224            -66.4332222167           45.6328464348            -153.657039202           128.724079486            152.026526402            
rwgt719                  -7.0404160334            25.5079742474            3.97366337476            -4.81957971478           -0.0606844475336         -11.7240304848           -59.3574004364           143.780149586            4.62297345382            32.2061922808            -4.25783895648           -30.9084646611           18.9338471682            -22.3608433525           -18.7224234492           4.93356473878            -2.92562472908           2.9756366377             -3.0027189827            -0.956686420691          0.138136825532           0.115616888748           -1.62481270046           5.04662787833            -0.242883512495          -7.28911520064           -152.472990055           -111.425557517           -107.393498509           46.9145822748            -19.027027561            104.281603794            -11.3857937992           37.5827004715            170.821802992            127.449171329            
rwgt720                  -27.9757149622           -4.04369271241           -3.25131434642           4.39086699211            0.099252418561           -56.2389454477           -41.9457534833           -167.436459012           10.9902538692            20.9140108152            35.1999061773            -16.4593402856           -11.5845797846           -14.5798923643           -31.2373104061           -27.4535700158           0.606116141529           3.01666284473            -2.13134534727           3.44465944178            -0.0798592139624         6.09486090831            -1.362622465             -4.24161942616           1.67449707624            -2.32935179542           -126.424241002           -86.581538039            140.896065521            -139.030610731           52.0353587451            -23.2501208808           -51.9623020876           -151.24890967            68.8663998621            44.0747427026            
rwgt721                  -21.9991361067           -17.6287165751           -1.18877801272           -0.397994661891          1.20474347474            -37.5236632771           32.7247803211            -124.735882157           -1.01443082412           -13.6227837728           24.2507180982            -17.7841484863           16.4654066875            16.8267106476            1.68440619383            35.2017612053            2.37725731985            6.87307943551            -0.993119966867          -2.83004300364           -7.59354058335           7.27732802356            1.4918516535             -0.424659309824          0.564615847068           2.46871282426            -77.8555514972           128.816662548            135.005679878            36.2986472636            121.573552498            -176.016617987           -152.993003448           62.7785466144            -82.4580455217           55.559288532             
rwgt722                  2.16287526519            -13.9004841074           4.09739597652            6.36751053644            -0.375344864955          -35.1573697039           -47.3079458398           80.9680581769            -14.5945311414           14.8911268151            -9.07062972416           8.68346245334            -20.0875246184           -8.40231622322           -32.3656173728           15.2709476729            0.965108263993           -4.91429790772           3.11357769484            0.346870116254           -4.49449680731           4.14202172734            1.77380214169            0.374257967933           1.69945334938            5.05000448547            49.9953201452            -93.9796358137           -11.0300754275           -123.598612148           -140.56917229            135.883114414            -102.671354151           149.801470883            -168.178219005           -118.812302166           
rwgt723                  -1.44208950522           16.5995800531            -6.25973128274           2.28268828483            0.926412319254           -68.1603121885           49.3996265509            28.3910779445            -13.4294048436           -29.581290531            17.5863345692            27.7580884813            28.6621466935            1.73049017507            21.9003315038            -18.4996593781           -1.86131928497           -2.87857120992           -1.92048761669           -2.79154919089           3.84217538045            6.98446173783            -1.69709182909           -3.95817505173           -2.20737884051           0.520133444741           -101.461253114           178.821455116            154.397905846            -118.996808037           -125.767132179           40.6834546905            80.2361594951            -174.662015791           60.529331627             -129.267678597           
rwgt724                  46.1892502378            -33.4786584307           -3.3969376819            6.72149367573            0.369168184397           -55.8622533834           -35.9072058605           150.225978071            -15.0445330909           -29.1397790165           20.6228730358            22.4234798558            13.8338296944            -9.42511878029           3.40065876193            -5.23883521596           -2.29671932963           -2.53542383463           -3.12273234547           0.438970178965           -1.08261598018           -2.76082319931           -1.18745608802           -4.48038086609           3.42945176506            3.53439021766            -137.259617911           90.1103944251            49.909134161             83.7360319451            -18.4248093881           32.0867629131            -14.9989950565           -6.55517472642           37.2026975208            -11.0949863531           
rwgt725                  -45.8559312969           -18.9716190509           6.18626186696            -0.410794900161          -1.15245899042           68.0849917828            0.916459155355           109.555995041            11.8431419317            -14.0897535024           -3.26602909803           -20.4739378509           -4.44372749157           -12.151081376            12.8683939705            15.7126179476            1.4635506535             -1.1189853743            -0.824561660177          1.15950743786            -3.36544692517           5.31208294771            1.88772227248            -0.812293717524          -3.31522321101           1.77882344176            -63.4902722349           -145.487995737           -134.591761456           160.632680549            47.1845596754            100.716993149            -177.211604006           174.210956908            32.2509431629            -39.1189057212           
rwgt726                  -18.5729296107           -26.281032859            -6.32897324264           3.31245716001            0.930533018301           -45.4643907104           -29.2281000751           109.2098153              -19.1253541679           24.8196115049            6.48632239572            -0.607313989469          20.5634065449            -22.7393706784           -3.22124979109           -19.5866249286           -0.699453274878          -1.23284070337           -1.0371478656            -3.49948573571           3.85271710826            -4.17896684421           -0.746880017022          3.42001053269            -2.42009699162           6.27959557185            -156.132990981           27.1574203627            -178.445635419           -175.288284387           122.657583405            125.200093617            -177.876112444           -54.6155147403           -25.9068842492           -138.153855709           
rwgt727                  -15.5082128072           37.390933671             5.68258633699            -2.35261633982           -0.711126504254          54.9412851601            -35.6623907785           -175.650427358           -7.39774800183           2.40291075603            -3.59016526818           28.813277423             -10.9927633883           25.5976586709            -21.3237300926           -0.424723583331          -2.58403802837           2.730460581              1.01315191634            -3.43859197973           4.90569374181            3.2269370343             2.03718159436            2.24195454375            -0.0858066650114         -7.22630627463           -65.2104919413           99.7877829261            168.627540708            158.358950177            177.382957396            157.937914582            138.228177039            -85.560435342            -145.881343931           -31.130507707            
rwgt728                  24.3907280605            -22.918319921            0.00989472548593         2.18087222911            -1.66762301844           -64.5509067783           -27.2124083158           171.082864804            -8.40793445477           -18.7882075556           -22.6907865714           19.8042893345            18.2998325811            -28.5407269666           24.2905920986            -2.45058647406           -3.13118210583           -0.0480362386962         1.84213243988            3.3981812317             -0.555021502406          -3.93080028308           -1.46754888827           4.33642060551            2.15833228886            1.20358165429            -57.0452310399           -157.723252024           64.7351169201            158.946738434            151.794863777            -70.143331882            -80.2812882066           -151.608073621           115.890759345            -78.1082114765           
rwgt729                  39.6917511402            -27.5308338836           -3.8252327188            0.168758481328           -1.10964055828           78.2208387203            -10.115437627            -48.5841551311           -8.33743611856           -18.309683297            -7.40558406555           20.3115169378            32.3511289205            7.8271770821             -4.86913377453           0.497498049552           -1.70560583174           -1.3056269496            0.757880733134           -0.702462396905          5.79705419117            -1.10828588489           0.721324159954           4.90020173782            0.500344102152           -8.19511931023           128.727875455            -163.244439926           85.2252288465            -102.550680849           -106.999793346           -25.1411773285           44.8773889623            26.0263373937            34.4547051611            -105.947268248           
rwgt730                  -18.5341986822           -34.0947151474           3.21582601676            -6.70094120561           0.835332311051           -72.1048654006           -6.09384217135           174.282336245            -15.2189188441           6.41652563995            0.295115472443           -30.0095076498           34.2968314335            -6.46674064081           19.8810754071            21.5855369191            -1.50844398156           -6.8528734028            3.35199788249            0.342644603724           -0.210251999338          7.74652389758            0.179452201024           0.322671080065           2.88406430512            -2.21829709757           97.708360865             -54.9736444104           -173.705293686           41.8523138521            -81.1056542736           1.43164628561            110.503599153            105.068064164            43.0913778937            130.166821942            
rwgt731                  4.36413746659            12.6882909575            0.442055074434           -0.871450985729          -0.019485084599          83.3749296744            -24.7476689444           -1.55489925801           1.49497350531            -25.2223185546           -3.55766090157           12.3270041223            10.6106459753            -11.2809977519           35.1469165062            17.5884898993            3.29548937722            -4.61938806359           1.58351173588            -0.0374353427215         -4.99841000103           0.234908539035           2.11615507856            -4.32518715085           -0.991082775451          1.08672732987            -73.5979847249           156.484567339            130.041195422            -86.2391709309           163.250687416            65.1458857434            22.9426306864            -140.291079836           102.050812028            -172.143871336           
rwgt732                  -15.4229628332           18.6327769419            -4.90863405214           -0.0522408343679         1.09628798089            29.8160383613            -13.4402655609           61.5663718156            1.32767256552            -9.13223902644           -12.421722555            -1.31531119401           -33.283130126            -4.8954703815            -28.2599217692           14.472486883             1.29038486452            -5.58031397859           1.75466041142            0.762516600753           -0.353045585153          -0.831496316449          1.67096815302            2.06288833555            -0.144626856278          -7.15075948125           83.8730049821            54.3056235176            15.1427192077            -70.0700089784           44.0575519252            160.86158683             -130.0393164             156.655127265            112.587177425            104.309986117            
rwgt733                  -25.6474221171           -18.8074338195           4.93915329055            -0.366946243272          -0.126433750243          30.1282275726            54.9149204667            -85.3656415256           17.2122410773            -6.10902045797           5.9597731227             -6.64088182362           33.8223290778            -20.743996191            -9.20159268484           33.269817043             2.31980904941            -2.82397210145           1.10979058802            -1.29016792067           -4.03572535877           -5.59418048285           1.98117357553            0.879199266706           -1.88345229238           2.19690536016            168.593127512            43.3128461385            -101.1059745             75.0367531695            -38.0739828087           122.531308835            -139.167600897           -134.990230529           -10.131038653            84.9127175021            
rwgt734                  -4.75670049959           -3.12772894065           6.48364501671            -6.53313477843           1.52702338319            90.4593731612            -3.79553478284           -40.3785237502           -7.56696803441           17.5103260643            19.9855934739            -31.4001741746           -33.2753103361           -7.18245176161           -27.2378989764           34.8437793454            -0.700498004258          -2.54096239509           -0.218838579187          -2.07171481992           1.55077928187            -4.55506197529           2.21649789297            -1.42808483555           -1.81634516915           6.23675850842            -127.565940366           59.0227504376            -109.687773824           153.231355385            -36.350613533            166.564384588            156.894915897            92.0390455824            124.803738422            26.8866739654            
rwgt735                  35.4950679615            9.07513062385            -2.17353639752           4.87381494163            -0.675678632043          -13.2118288405           2.89935692071            -28.4167298787           -16.4182589341           29.1725300625            -19.5066239344           19.7419751384            2.71521538863            -5.9234689389            -16.1895637481           -26.9638028746           -0.561020905672          5.10566843099            2.97387524697            1.57445771496            6.76650260609            -1.31779726481           1.78543787039            -0.389313551946          -0.736619471245          2.67456755495            56.8232860424            -31.5181740314           -32.1479194388           -81.286246374            -0.463798482736          162.855545508            20.2256000487            -31.7465622019           105.723259298            -157.432809716           
rwgt736                  38.2413587582            32.9616335484            -0.845918745665          -6.43445885701           1.2992537365             -1.28665844519           31.7482264153            37.2441982868            16.2143559223            -14.3649990272           -21.9659027035           19.9511544372            34.7686073988            18.0819920426            9.67478597432            3.3189212471             1.50227512002            6.57983502827            -1.70812678912           -1.78532106866           0.443460144111           1.13373390342            0.115618146959           2.91251182133            -2.74253587903           -7.17733715486           139.671872814            113.879687494            -16.2795342455           -54.2496408592           -10.0558500973           162.07734073             -145.907884533           24.7385105665            -171.035873933           -96.8880876657           
rwgt737                  -26.3250674974           16.7372020975            5.64383321657            -5.20074870254           -0.778447769208          93.8651522073            15.7704308018            -11.2284289877           -1.03061691402           -29.6373145315           -6.05922959459           35.1374452433            -4.1320670464            -29.5506581704           24.8426912312            22.3833035482            -3.04806496999           -6.1285945116            0.52071835439            1.64524288672            -7.29777552131           3.74143624128            -1.48640852052           -4.78766065971           -3.49912773541           0.381739098815           123.816042021            30.3150277039            -50.6726126863           -72.8424825892           -98.7987020522           152.99474825             -52.7764813759           158.409354078            66.7166647503            -8.06712044425           
rwgt738                  -48.3224076332           17.2835293087            -2.34799932002           -0.162812879287          -1.5163985703            -5.99788588748           -15.2879675501           169.981346268            -12.8503176294           5.2087201395             21.1217782578            -28.8129087676           -1.54330707762           -11.6847566462           12.0670619529            21.2107218579            -0.135340360404          3.67997584135            -0.809792070006          -0.0657809312483         5.84719369055            0.096415222553           -2.10678552686           -3.29079946048           -2.2603586575            3.48313989806            146.454722785            78.7978635758            -11.7343223994           -170.41946764            10.5750752563            -30.5852409309           97.607217511             -61.8923908561           -89.0212773375           -178.585387821           
rwgt739                  39.6045404984            -37.0179717084           4.77509556791            -1.34345681618           0.960093388787           -26.2591228479           12.7830779399            174.827385289            9.9757822093             4.48534191527            17.7442771764            -22.089124514            7.91722310179            -33.7427236758           -0.869403111942          12.5896194155            0.108552546568           -1.25168366932           3.32058695638            0.758777704683           4.04731796825            -3.0127495214            -1.80305602417           2.51916646775            -2.0964313405            -5.87993302591           5.28441103212            125.993232401            167.444537772            -69.7632835221           58.9530580056            22.4098255807            73.3194539208            -41.6932552565           144.554255437            122.798949452            
rwgt740                  -4.71230151569           -32.4110708724           -3.14958815785           4.53075843831            -1.41448563838           -85.436895194            9.24594375507            -113.445326835           16.4151387958            -35.7274493552           34.7473069466            10.6338879543            24.4904630741            -26.9814453421           27.6980378833            24.5759082631            2.69525273386            3.6716479249             -2.09319217277           1.6679142459             3.85433167203            3.17036797251            -0.480562649458          0.338409418961           1.37001418276            -8.38848777061           112.285526097            118.840790059            59.0201660826            -130.944817655           -169.614873849           -137.203504818           -110.26647646            120.36112426             -148.513154757           52.9437909367            
rwgt741                  -34.269269743            10.860946882             -6.57146613175           4.03167553144            -0.781375542526          57.9916828623            61.0919645247            -24.5596885854           -10.0847832555           21.928634295             -28.2874534815           -13.6442639997           19.2772569548            -33.9837368724           32.7561699448            9.45350458561            -0.941152525066          1.27235789532            -1.70802952806           -0.645967824016          2.08955997434            5.60633941126            -1.7689841716            -2.89280425291           1.75624650384            -7.96174794408           9.35852792354            -179.918699637           102.641474942            -171.239739058           -84.5909829552           -10.0364171123           -6.52637329204           167.966101448            161.825006063            -168.44338651            
rwgt742                  2.90594649257            -10.3237493974           4.26244383273            -7.75109536528           -0.824725942249          -62.6993457561           21.417088717             138.395079056            -22.8712833701           0.198748304369           -11.444900997            -33.3798056473           31.3004907158            8.20456843697            14.2459461148            -19.8944552729           2.92478172156            7.32747035995            -0.0630013548187         3.39865005732            -0.810995295752          1.20523601331            1.99763532399            4.06316800631            0.00894802384884         -0.104064217715          52.2812701708            -58.2126447173           21.2360735447            85.7225761517            79.6946405115            -26.0539518358           129.699508414            89.3596315532            -149.01083793            -98.0202093476           
rwgt743                  -4.08830448502           28.4934335205            0.38559313002            0.31913602163            -0.40012774066           75.1567659157            23.5114528578            -79.7964200419           20.5363102872            14.5402391295            -4.5753840798            -26.1371774435           20.9000408373            34.3142835191            11.6764888077            2.03118261734            -2.19458691694           4.41979174061            -0.2615745483            -3.48518927073           7.66009396232            0.237994391891           -2.41185680121           2.19687878183            -2.14797705752           -7.43781613515           -157.446931178           66.7078058642            30.4151129985            -70.4913199527           151.148359448            164.277575692            134.545175353            93.0800895229            -87.7953757975           -128.810824526           
rwgt744                  3.31237889153            15.0265749334            5.07093144363            -2.80930665152           1.77205729215            46.9987599745            -23.0538157692           -170.004496439           9.1245272198             -33.5527071388           34.4711785782            28.0964690741            3.22756150439            -33.2341006854           26.2320529102            31.1921835572            -0.890213818717          7.84485556838            2.05269163584            2.15184754006            2.88780196553            5.47831842872            0.560934781337           -1.10473178254           -3.13168967063           -3.7689103671            166.862152997            144.47953467             79.6890311621            -147.644744568           -70.9273195221           -34.4350315334           -174.675832941           -178.331807229           -119.891671737           77.1104598972            
rwgt745                  -13.5023613473           -29.8550320278           -5.73425136844           -1.11089250188           0.400731054461           -73.5365147521           -15.860020784            168.570627421            -11.2202139327           -22.4129468108           -34.1869362726           35.8293771323            14.7841733579            4.24641908747            -26.1804693959           -21.8851075546           -2.7412456519            6.9409694375             0.442805352893           -0.754729890558          -3.84923539198           -4.5604084893            -2.09978727446           -2.56807083793           -2.86242409357           -0.211519302794          -114.226344202           46.3487198378            103.829672451            80.9984023858            -122.835955647           -112.853219872           122.806860172            136.449025296            -112.961750331           -96.9125190826           
rwgt746                  -34.1233232068           7.16549869977            -6.99082569851           5.50794964805            -1.51372038008           -27.7650491424           34.3055879528            -161.861038321           -6.42382507018           32.7751000942            35.2637953461            -16.6181192331           29.9369240383            10.2114653316            13.1778158033            18.6669830559            2.17472408469            4.84603462043            2.81329029485            -2.50616787674           4.63195983247            -0.86073403092           -2.54102543274           4.27960552555            0.604885780718           3.15257922934            -171.768390533           101.068399797            -155.413205689           31.2675989664            -84.1828437007           160.152471852            -98.6843247879           80.9738617186            143.064334429            61.9021506729            
rwgt747                  -41.0866686276           -22.5505495362           4.27410291758            4.15010893786            1.63199134601            85.3724791964            -46.8487291112           72.4645378956            21.4624850576            1.13339272197            15.3508589878            -25.1526052045           -5.90558442615           18.31658502              -25.6514774232           -28.0262937533           2.0808464377             -0.787575815884          -0.433928926683          -3.08721907616           2.26026463624            0.0849392550781          0.748775226385           1.57375798927            -1.09226291931           -7.74348045195           138.091652075            123.516154532            83.5574471293            -123.253229826           97.9180506507            -164.067850562           -57.6520232467           64.9047760703            -80.1102930546           159.7875526              
rwgt748                  -45.8698249324           -14.1638893741           6.25831777539            4.05231086507            -0.901544677468          -13.7580749716           -53.1431534424           124.534092818            -1.08936602169           -23.259846444            -12.836189394            -34.5791445155           25.1056990155            -28.8883035313           18.1152621494            20.1183121545            -3.37717779721           8.08661761067            -1.1638254359            0.679230917369           8.20731953766            7.12081681003            0.857497868285           -0.837458600068          1.29866558275            3.17656297864            -86.4938867901           -46.4347770772           -21.8534301994           -146.148536265           59.4569203675            -149.680933657           174.112646358            97.8635443538            5.26744275439            19.9727400222            
rwgt749                  16.8857277262            -14.1209734335           0.192243629046           7.32017191621            -0.392658153177          59.8619108218            -2.38794856068           -127.401970039           3.76592759298            -24.5609514046           -8.16757302464           3.06586055244            -17.5162922295           -26.8161609453           -35.6023481913           25.9005094146            -3.10551049059           0.483251841933           -1.45541439613           -1.44818779291           -6.25706909557           -4.80884312867           -0.589083121378          4.3611981326             0.290483094192           0.693345253513           19.5395536412            -9.64761013181           147.364240851            -167.239070268           119.060731643            -57.4425601981           145.131535402            79.4574921574            137.894226899            73.207420056             
rwgt750                  -0.94066567853           -31.1736712586           0.35950069316            -7.03433561658           -0.0950563750288         15.1285121394            32.3610128601            112.004402614            -12.8240608463           20.1491047361            -2.48336892582           -17.6249916174           28.6375229881            28.6986089438            22.7031703283            18.5954428641            -0.0208646398817         9.07926349032            0.448336704892           -0.13631699591           4.17521219415            1.09679247784            -1.55019275003           1.734265695              -0.564774152815          -6.21385682095           114.963255159            -4.42679852183           117.88334035             -30.1430719906           14.2396802351            -146.123023082           -166.190838486           -82.8167865923           45.8600563028            30.5883202901            
rwgt751                  25.8679282799            -15.0919235334           5.60631682211            6.03994928125            0.952316931521           -54.6778670425           -46.4656548207           16.268244927             11.0058408395            -24.2808217055           11.7199042441            14.528637209             25.4119288432            18.2891836297            28.4718898629            -27.8349476375           -0.487396246567          4.73721790841            1.4397551571             -2.34385349819           4.94776262148            4.04194860037            -2.29612242297           0.902557132952           -3.26325626691           1.97803699593            -86.1984707231           2.51932123128            156.287105046            -34.6792997489           -104.080743997           -166.232362265           -170.748354773           -23.7124551801           -68.3125622296           -177.409347263           
rwgt752                  7.01423401573            -2.39716929242           6.9410192787             -2.58466077218           1.21150070583            -64.7404349606           -26.2542170601           21.5309980605            -9.2385819974            6.09444723031            9.14154823827            -9.34479515199           0.255180275528           -5.05196991088           -22.191936304            -14.3682383566           0.161945972234           1.42101798774            1.51124781089            -0.337084706426          6.01996525983            -2.79313350631           -2.47272407118           -3.18820792828           -3.38508361964           -5.19201183376           -135.181109623           41.8145168876            -130.969550716           -147.551818319           10.9563156243            163.039284363            -118.335838308           -5.28958985106           -32.6813899733           1.79619673251            
rwgt753                  -25.6361283926           -12.1179997129           -2.01867546588           0.862881175116           -1.53634644034           56.0048427494            -13.2677315198           -168.987687199           19.9453554922            1.65735919908            14.3627004377            -18.6191346438           18.2772086643            5.43151490691            18.6490624882            18.5892486118            -1.81947811347           -5.70412981196           -2.81255715525           0.00050830229019         -5.51277815515           2.24765823299            -0.799312882727          1.98092678039            1.16719397038            -4.88143588332           72.4890629001            93.8201599491            68.0166433108            -155.162638143           87.4155795528            38.410075069             48.2060437065            95.5460218856            26.4076967958            26.5657827896            
rwgt754                  51.7055461455            7.59227858916            0.378444545874           -4.45809777059           -0.815266083137          -52.0302263318           -56.3336377987           -40.0756095307           -6.04872267102           -9.9716062139            -14.3390494693           -16.100894792            -22.6842770704           -1.34575879247           14.6871787778            19.8704528499            -1.48032639971           -7.63103300364           1.52376386795            -3.0745961754            6.76364357087            3.27533415505            -1.35499319993           -0.810989002065          -3.3063208299            7.05702226345            -94.66790704             -107.640893611           59.5171957133            45.3863851889            145.689861667            170.733087451            166.220775559            3.86557007682            55.5533492968            142.194733778            
rwgt755                  -26.4892880161           -18.1784478385           6.13726521915            -1.8926223186            0.518137660917           -71.3943526897           0.348532784932           133.18241346             11.3734920151            -18.0606775442           -24.1247605518           18.9746206757            27.3128058872            9.52561879771            29.9968894639            -32.4056902705           2.51836489846            6.64979940415            0.256303572013           0.978818171905           -2.65422361963           -7.23091570944           2.32112075113            -2.8506133447            1.86888543228            3.26498099949            10.2243972858            85.2752971019            -43.8315030307           169.726408377            28.2330620953            -76.0225145286           136.362455321            -142.2751884             -29.2161559554           -5.88014598649           
rwgt756                  -12.9110269605           33.3869655832            5.88888556279            -1.28019375252           -1.00672432774           86.5995330406            62.4250381594            -156.454031348           13.7038461559            31.6129197741            33.6425195573            27.5930008038            5.17464621793            24.6918309592            -1.03993172371           -14.479949014            2.98635834538            6.72166482844            1.72098413592            -0.905518443041          8.23036342699            7.2668841464             2.42446344714            -3.91714059705           -0.186413537819          -6.24555591228           173.8691124              -140.134513652           27.8619367037            145.973107303            -7.58332658492           -66.8828140115           139.823684936            -59.4303091984           -166.891804194           -92.5107577848           
rwgt757                  43.539385621             34.1447281548            -6.13655485419           1.22402356864            -1.04223518439           37.9546601809            -53.9995063141           148.858906841            20.5516561688            26.9728940985            1.41967047695            30.0378974579            6.48301082984            17.2934161667            -8.99670908137           29.6985788815            -1.67631557606           -3.09869911061           1.2858818708             -2.2402667038            -2.92100960768           -1.21172351171           -1.05100540083           3.25115438101            3.57219884439            5.4192937459             94.5717272555            173.992286819            69.949033751             155.758421733            -145.878328333           -50.9103269342           145.684292554            -172.427184119           -5.71860925958           14.2034343934            
rwgt758                  -19.8488237481           37.6511652253            -1.85232173192           -0.630519727568          -0.177953577572          -96.0371438875           -2.14294076863           -41.3501383903           -8.65516895632           32.5163308028            -24.0770083117           -21.1879281601           28.2089049971            -11.8280107178           7.31275775859            -34.6430927837           3.23766557606            3.66807607505            0.924055785544           3.49795693325            6.08517417106            -7.49212034711           -1.25865881666           -4.56215185488           -0.251280382924          4.77724246731            84.2985504195            -126.545553505           -6.49759369084           31.8425832938            165.231600365            -177.936064051           -15.0153903522           -24.3302002283           -40.5888592289           -84.2063645215           
rwgt759                  -19.6891962406           15.3197136257            -6.56899854398           -6.42455497395           -0.0858493981923         10.5946474027            -24.7706244569           2.75576294974            -21.6341420947           20.5256133426            -32.020113381            -28.4281648638           7.9200342903             -24.4298895594           28.9331213156            34.9331969188            -1.6579165082            7.28975226652            -2.24232095651           -0.236278376406          -0.922764933726          -6.623424255             2.09853980912            -3.75560090811           -2.48027518634           2.70639540359            -125.302579343           96.6830020792            14.1182774298            103.256570331            56.0324591683            125.691250309            -46.2204257215           70.8092509               -141.871800508           -30.5852853251           
rwgt760                  -28.7699740874           18.8228093959            -4.9239007369            -2.56704415875           -1.55405916859           -59.4236081995           -30.3479612564           146.224967261            6.55524255994            23.0852602001            -14.4591864114           -4.51360359422           27.2274486582            31.0540237016            -12.1264788107           -19.2465739856           -1.28964941616           4.13329528189            1.16372105264            -2.3585362042            7.97341680781            -6.31903568954           -1.87083418227           -2.54065363429           -2.6484882147            5.40786156103            -37.0734601881           95.0661499964            -87.509744239            8.46765425714            -143.228460652           56.6194796792            126.637404036            -111.543081852           80.6015210843            -157.886609928           
rwgt761                  37.9807198494            1.72119341222            -1.49238131705           6.51139259032            -1.54224795549           33.3820768792            -60.7267155384           -96.8170310251           -21.8299645147           -1.14175893265           -19.5027310924           -14.6261878695           35.9444463749            34.7350946646            -0.537376421074          -31.3928974581           -1.2260137516            5.56156360725            0.510299364475           -0.169302195074          5.45391824088            7.42019965903            1.54602214493            5.02847601753            -0.636611537196          -2.49341629065           -43.786411622            -97.0611395279           37.0258701285            63.2073895357            25.488442214             91.1628822667            90.1281287356            -96.3645843049           107.191383882            67.1110392516            
rwgt762                  -15.0929725292           -34.5681773547           -0.513793511945          3.97830131578            -1.3365865647            -9.49699917053           -13.2336392274           53.9142207779            5.47202690978            -28.949418582            -10.6667057205           -21.129862132            13.3087815478            23.3398535981            31.0024105521            -6.53424260325           2.97487032185            -7.94918497483           0.0543715215258          -0.0545011592161         -6.16007616531           3.32850478226            -0.630141332086          -5.06503169342           2.18875991912            -1.70565699477           42.650901074             176.56276531             146.234253885            -0.599280691126          46.8275383411            29.3471856522            6.54270208193            179.09090086             -111.106347045           -87.6113454257           
rwgt763                  48.4798203996            -33.4746634587           2.69529937184            5.36078413318            1.4731513077             88.0777848586            55.5428201873            -47.3831140877           2.54218616337            -32.1448921021           24.3720708157            -10.6693537092           16.5395150536            9.84763805213            -14.2816549649           -27.7624625871           1.88391367978            -6.20278123833           2.35467587778            0.709256342516           -7.19202500932           -6.62845931091           -2.24825157117           2.31803113898            2.86281956174            2.03197265167            -126.786565168           43.8251852734            40.5725473456            -88.7904859538           -7.18972453658           124.663433129            -48.4762479406           -163.911356398           160.958941727            -32.2842183486           
rwgt764                  42.4926616198            38.0968671838            4.28042833882            -3.8711076067            0.836035608244           6.75308790601            9.26853049449            -101.689319409           -9.77546607379           32.476579204             -1.95454302162           -17.5664794757           -21.6817484974           -30.8073314602           -30.8728506661           -22.8957519028           -0.325577244628          8.02823287285            0.734331082297           -3.4308625282            -0.593352093749          -6.53934255982           1.65300418819            1.12684432207            -1.93982066346           5.57039404245            51.3244962928            -75.3682457911           -69.4145256793           18.4285712766            -143.737044459           51.6066952417            175.46328052             -42.3403565687           5.21783275385            45.9067937852            
rwgt765                  -20.7832937824           29.6084629408            -4.10162606669           -6.27459468649           -0.929552047381          2.93491067696            -9.6370973675            -17.729391048            21.6390391241            19.508684527             -23.794296659            5.22153520442            -30.0238961762           24.0707524837            -9.90129318183           -6.00038494815           -3.1701479831            0.270010463956           3.35942297668            -2.72412050945           6.13566004485            -7.59935870678           -0.539965521874          -1.03450533026           -3.49349244262           -0.935969662182          -83.7624668984           -73.31617649             -85.9320404178           44.6613045749            -2.78490788951           -51.1032585818           44.6700914536            -32.0755968428           27.7205863435            -72.8037151238           
rwgt766                  -50.4104732582           9.16979624741            -3.61898624822           3.96087527754            0.696656187826           62.2863204999            56.033901621             77.235250724             14.3867053474            0.921340560238           21.5978786533            22.0313998269            -13.8249107828           -26.1583144849           -21.4984178853           -20.331650995            2.15985666907            -6.64696120562           -0.486383112236          -3.38869403045           -8.20918993555           6.90935240636            2.05121658579            1.6636879613             1.21710109482            -0.360508232199          34.4028710095            77.9719367261            -63.1916598604           19.012484941             -49.8111555896           25.3679221449            93.0077086887            83.6462780212            -19.899215801            175.685415557            
rwgt767                  -45.8778922823           -7.21122116357           -4.25358955028           3.25906256561            1.45530290362            94.4601139179            29.3415876303            -111.522537368           -2.75002392628           -11.7046730092           2.20466764579            -29.4277817584           15.5141224474            -7.32512549813           22.3313521523            22.5117478348            1.76389049856            3.31905216743            -1.52664437903           1.2992825734             6.02105826969            4.35703200123            -2.28088762723           0.712241533196           1.25519015125            6.5361550626             -27.4270708908           -50.071264471            116.20243751             153.089217252            -0.91882930395           142.173242708            -91.0561953892           -146.366298899           -33.8656438696           42.8142879695            
rwgt768                  33.2279338484            -4.66949327924           6.82811988768            -6.40715927178           1.56696210056            -16.4242992169           9.30404003258            -62.9436518762           -15.905050155            -26.8787371763           -24.5196387628           13.5057850189            -0.439593341776          17.5913526502            -24.1470381463           8.46222626788            -0.11816971145           -8.28375253407           -1.3463940563            2.44929381698            6.85545227594            -4.30101493208           -2.44574200562           1.80389643661            -0.524158293368          -5.71998794191           108.829087174            78.0724422089            -99.8041025271           149.891879701            40.3543886127            -16.4943694671           93.611103968             66.944015708             60.9371221042            -63.6259134077           
rwgt769                  21.1749843126            26.6225016823            -2.22557436636           -3.27184703971           1.28576037776            -39.7400493213           26.0946266895            -58.137295882            1.26077606783            -33.2528462568           -33.596242962            27.6211375358            -9.59183117742           0.544580211971           -27.6616449508           -11.0711657579           -1.54497447719           -0.244618809138          -2.18861033541           -3.34305543532           -5.75556755474           4.96587439358            0.470825740098           2.85360692198            2.44818054368            -3.57209693283           -151.613298378           -47.0313167471           -177.711749311           -29.9949145722           96.7259945552            101.245875138            -81.5107796756           -151.223235149           3.77551653552            -36.6016999693           
rwgt770                  -16.8291801267           -18.2079842928           -3.8899691319            -1.90188800324           0.224046599198           -85.6215458029           -62.3886968761           123.868389745            -4.94545767839           33.0562564855            -11.6429875875           -6.08719948992           35.9737684807            9.9030569371             21.3351822912            -11.0145165976           -2.17898228403           0.385171798033           3.37223067702            3.24163680682            -5.18102752332           -1.46579037847           -0.0452328116196         3.29694524218            3.69333458945            -0.19325057423           -110.294266648           -175.501304444           48.9119475862            -83.0873496122           -166.624937328           150.575974368            33.2103374272            -4.76003441608           77.0950153883            -93.0381033722           
rwgt771                  -52.1446872209           -33.5386946812           -1.47312684308           -6.89985346109           -1.16843632588           -82.7006830707           46.1588953012            154.082864219            19.3514273689            -3.90839990596           -16.9378361128           -21.9416584741           0.353801714565           13.1892418281            -25.6329633988           -11.1423785106           1.27505691735            -2.94458375442           -3.44078158506           2.11249476368            7.57094823205            2.87820116754            2.55883315654            4.11256700849            -3.14015487416           2.71960133206            -166.211227579           -129.33011725            -141.122315149           21.413994208             -159.01457945            42.7513443924            -102.097529162           23.0760887409            -9.34655060659           82.6642537487            
rwgt772                  50.5610867653            3.96387137159            -1.521666243             2.59057640059            0.280374438885           -0.509847520159          -14.7683738488           67.5780702556            -15.3130142998           14.2244764594            -31.8626254922           27.7941087564            1.11062854107            -0.516080490291          -35.8158821142           -2.75902854651           -2.44020321129           7.19136282964            1.79482287091            -2.43898899747           -2.50246742943           -5.91173976113           -2.31207643353           3.23837830005            0.509352493509           6.09039374209            -123.91635306            -87.4083010893           -168.363571233           -111.741923772           77.5889503549            -166.506818278           79.4929952904            -133.815919105           -122.9587768             174.496131529            
rwgt773                  -29.2614778388           26.9125156095            3.39512997375            -3.74094154134           -1.55514360536           82.5811515947            -16.1674902032           -58.2849238862           17.2051922233            18.8836513505            -19.7981546368           14.7990543733            -11.2732635634           -8.35169652349           16.4169715205            5.47447945741            2.26600656784            -2.85409857053           1.57010867979            1.19553074041            6.84872362241            7.14196969099            -1.71790161056           -0.669067118185          -0.945796468417          -4.91056771647           169.412195735            69.4782587329            160.546304282            90.8641750948            -0.709869571346          10.0387593921            56.7764924408            91.6274111528            -163.566405495           -134.280705197           
rwgt774                  44.1381315708            -36.4440214745           6.7275973243             -4.74649873892           -0.636135925631          51.0233228148            -25.9252796979           177.420278529            16.1877241519            25.0521860685            6.68506799826            -12.3107777177           12.0905095268            13.4592053432            21.9130030087            -6.27731299785           0.2463810955             0.0690433604072          1.43839214904            3.17288135327            1.11932411054            1.4372811657             2.59152519312            0.420532337196           -3.4047175659            5.84685310611            -82.9523356657           -96.297671079            110.201053815            38.0428723042            -156.452253805           143.502147124            -118.515791088           23.4873882514            163.702450416            -55.4473286181           
rwgt775                  37.1443556015            15.2759514525            -4.75305025534           0.906334696365           1.44615505953            84.851060907             -36.5959490786           110.637363643            -16.7793796579           -0.29295440912           -15.0847219762           -25.7402936958           3.76250543026            22.7398826514            15.5559994954            -14.7781105522           -2.84038819118           -2.10083616361           0.114726182793           0.795375401153           -6.45229928843           -1.91323273017           -0.576757604815          -2.30478933725           -0.648546649595          3.40081478254            24.3043823173            -150.635434418           -83.5786219263           113.429019119            145.076096627            0.353402179737           84.9343976512            166.201886254            125.333843675            141.989577308            
rwgt776                  8.04308368466            -16.591107963            -2.45516267622           -6.42115218727           0.185906061468           -81.670985663            26.2641283446            36.7712903763            -15.7382330239           28.125508088             -15.0838976414           -10.1936150999           -34.2907465267           -5.58262064413           25.3083290298            -22.2095921313           -1.97150278816           -5.54091620349           -1.45600273296           -1.85353590991           -0.0471642548316         1.47552825965            0.182454477085           0.268738177777           -0.486013565314          -5.08798729473           173.799612146            -135.308101152           -13.3156399458           -100.414093635           77.3885838923            117.881523703            63.2657813514            52.1497646023            -31.7224467953           84.664143115             
rwgt777                  43.5884857007            -8.67048804724           -4.38519476331           5.21496504373            1.49804041783            7.27310414501            -36.7989858238           -87.0881997054           -11.9557773757           -12.2716626431           -20.6167514051           -8.13855493885           -0.513030400206          23.771361458             26.5475020544            27.4635715866            -2.5900859307            -2.50350034663           2.6115475878             -1.70357314439           2.81327248747            1.57161791593            -1.82776012517           2.48289865543            -2.90928765285           -2.65315874327           123.492958977            -137.903573071           22.5528026998            119.113318502            -92.836882984            -154.22283422            -124.657882729           -53.4480087403           -97.651506112            -32.8138383796           
rwgt778                  -16.0803237787           -27.0154301114           3.29064866386            1.85208271799            -0.414608575551          -60.3736429005           -12.3580740197           67.7713788429            12.4502192979            -28.5048667095           -22.267498957            15.9677658465            14.9640071854            4.02278927445            -30.768896443            19.5791908752            2.19403830617            0.0234661328395          -1.40663050034           2.97011316598            7.97580904359            5.30915776865            -1.38396668327           -0.47438976894           -1.67678727282           -1.51998614231           79.6840499294            -30.5675291485           43.1104663116            104.162485869            -41.5607773044           72.5637346197            -170.404692619           110.929626376            -113.330974099           -136.922269331           
rwgt779                  -27.196063377            -23.0003116288           -5.55371574661           -3.11399608808           -1.65374901199           -53.2692686822           -61.3891169279           -184.196389716           -12.7981919251           -16.4898601763           -7.47368161086           20.7573346085            -6.06509209388           18.7689790671            21.5504826666            2.00558858441            -3.35581029809           -1.42325116781           -2.74558948469           0.308297606052           -2.96410281688           6.35443407659            -0.795540125188          0.43048442138            -0.866871866449          -2.20108388359           15.6571544119            58.9157125098            121.717810251            88.0799755225            -81.158212941            77.6544124287            116.51929708             -131.927467417           -71.2403408523           -26.6339485434           
rwgt780                  -37.6398103042           -29.9489932096           3.4309049791             -7.16196472155           0.864659067746           98.6906327766            -10.0971176486           42.9810564789            3.77685297263            0.617303988472           -13.400812768            -10.5432744892           -15.6638263131           26.4321643717            32.7745112343            -27.219894776            0.180192031762           2.33070725264            1.1633841537             -0.0195169869336         8.55322915455            1.24327826401            1.09851380321            1.42221857468            0.928291795794           1.24532524881            10.2419110409            -145.771510087           -43.6543225673           -5.8330827172            -98.5430500152           39.1766942281            -172.507093051           167.235433285            -78.1363364986           84.3113270345            
rwgt781                  16.5053665711            33.2770503918            -3.83422580787           -5.06817474301           -1.62855458709           -24.0082316605           -61.5574959227           129.529100501            9.68640753969            -9.30736004691           31.807698995             7.32118012632            21.514911168             -18.2982168433           -7.18428464307           -33.5786321296           2.27606056042            -6.29932599495           1.26390540624            0.0568230258352          6.46711236289            2.58958961591            0.95884707907            -3.11749871519           -1.58871943867           0.778119426585           42.8577479114            -63.3295028437           -171.766218763           53.8542078455            -148.966377386           -6.96012935887           -60.6048532677           -45.7680628587           -44.5530508574           25.8126672966            
rwgt782                  -43.0209084644           21.9789258387            -4.72845505712           6.68784139426            -0.244748287044          95.0496631312            -34.5426956648           -59.709998467            22.5269545605            -3.3062796312            -12.5382890934           27.8173012322            26.1406074125            -15.7583368379           -8.33777517429           -34.3988349969           -2.63018901343           4.17273812533            -0.581976568783          -0.0429658079978         -1.86341803086           5.57672951729            -1.13659354524           -5.15274410994           -1.92686885122           -2.04222476049           29.1641815903            2.3120557035             -28.9545084423           -16.6998244487           -162.509832499           -129.92224045            -20.0859270117           -139.747453098           -81.8978237431           75.7889860332            
rwgt783                  40.0250375282            -2.98497001174           7.2159531008             1.6019185598             0.299372180641           17.9120969336            -44.6490269484           89.2601824923            -21.8137411652           -11.7464929029           -1.12570937423           14.6564410736            6.77505290879            15.1536872529            28.9593005943            28.7602484875            -2.17981802652           8.432403053              1.57783338861            -0.0144477990157         5.8241603891             -2.96254253033           -0.526482575156          2.62051807902            2.25724535588            -3.3030550587            90.2656982212            -23.5601443321           88.4264675566            40.9859345928            -10.9999829629           -120.910696926           167.794619801            48.8689113048            -115.253848075           83.9465933775            
rwgt784                  42.1180825798            -6.76269090106           4.13206761581            3.60008003548            -1.25244281265           -38.567223897            57.077040023             63.6032692043            4.62326808869            -30.7800340086           0.512678607073           -34.7204483018           4.87283565725            -31.1124212169           -14.138755996            -8.37820707701           -1.00660061103           -8.98214957274           -1.20287486577           -1.78034523387           0.74278721022            0.572573728981           -1.40733455585           -1.56295911262           1.41382766042            2.86250155441            -44.2991155374           123.473608122            2.42489191745            -41.9568964841           -62.6612474017           48.0788199335            -44.5900367964           -108.36865475            112.996919511            -18.8239834652           
rwgt785                  -18.0505433864           -22.307580872            -5.71979213064           -1.91233465567           -0.251376625779          18.755483058             -15.5999840607           39.6061128547            -1.60629298124           -13.0799527127           0.411354731933           -19.2999056919           -0.385922453333          24.452158193             24.7022787958            26.3491463682            -0.405177524571          -7.09507899578           2.75122981458            -0.89297164916           -7.73600656843           0.155411265238           0.735515792253           2.11831236232            0.625643311835           -5.76748138987           76.8134399013            -112.971980979           93.1216974492            124.879198361            -91.6197556786           -34.534996099            131.715078124            170.976615829            102.428552694            -38.176462743            
rwgt786                  0.707474593294           -13.2648961013           -2.12269214395           -1.1269971061            -0.284344193046          42.2107947966            53.8399246593            -69.7988076542           20.5732042651            -20.2972403122           25.2881821531            7.50515650703            -17.7716371704           -21.864263196            -0.663982644857          28.2778536625            2.22275390606            5.20530656957            -3.35322933593           1.42318374976            -5.18086880223           0.268914755308           1.04965349943            1.3369119903             3.25507202169            4.50179319765            35.9935938904            165.161643415            -164.85888673            -108.392184021           149.723022195            -24.9210305761           -27.9665487133           -122.61592021            -47.1212049643           -83.7196618907           
rwgt787                  26.3707929605            -16.5875620251           -6.25265938721           4.99549617971            -0.867110916209          -28.0372461255           16.8992642596            -109.269489706           -21.534056225            -16.5649933724           35.0026840507            13.4549752354            13.0945811916            -34.6753602187           -24.5959689973           0.807559697764           2.37028287345            -7.23489676155           2.50845537574            3.17481740328            -6.84986793054           1.24326794779            0.994604910333           -1.76266357082           -1.06083005381           -4.0457871385            70.5854691246            -62.6485686822           69.8446016413            155.728903754            5.99235907543            -122.272242834           118.916505359            24.8882604725            145.65303684             -134.10747314            
rwgt788                  -50.7944527236           4.2540691265             3.3714014093             7.30516169903            -1.1528333251            36.0615337161            19.7854211404            77.9630357384            0.426188986138           23.4100399353            -26.0525200374           8.60295306874            -24.4387836814           1.65718688143            -20.4447690677           -12.6907571561           -2.82779654474           4.34499466449            0.449975619328           2.57587890061            -6.26767206249           0.88918441493            1.18389639777            5.18723638888            -2.75552604736           7.92936915212            -162.593788161           36.1668932249            120.058820575            -45.2143775056           -89.6893875212           116.60988173             56.3898601406            -90.7593496223           75.0165907433            -82.9841484918           
rwgt789                  19.5314875756            -2.70721317835           -4.77290260305           4.63301057631            1.05317667999            83.2679185555            -28.4142344379           136.863383003            19.669923146             1.41971818886            -9.75233707854           -10.7178321587           -6.03948715207           -8.43945327313           -21.7283475685           -31.6416858732           -1.40024881652           0.72922889146            -0.979423544354          1.14555875438            8.33862557243            -6.73163640243           1.9832733303             -3.65675792236           -1.82186374984           -3.39299228053           113.80340944             28.6145485338            -159.047412381           -9.0050889561            -98.860099694            -76.73061373             17.7732491298            -41.674355554            -12.0963512941           -3.32112678105           
rwgt790                  -41.2121434962           -25.9458492671           -3.0427619568            -7.11326277727           -1.27169079742           -36.47542586             16.9293266214            -15.164143298            15.9659570663            -29.9333892997           7.3992001857             -5.15010437761           20.134881185             -1.37857166246           0.995481133079           4.42857993935            -0.572823156139          5.41056951168            2.94573102006            -1.64973415482           -1.39395397388           -3.66843545589           0.710140983925           -1.29333559466           -1.3222997578            5.27237883803            28.494384984             -55.677938673            -71.2037136244           -136.902913983           121.238478322            -117.365419002           -80.2867723482           -163.358244936           61.6659578599            -84.1324335912           
rwgt791                  8.52749501557            -35.3339283379           -2.20510227048           -2.29303589484           -0.92038783024           93.8797107665            22.8479419451            -116.700083225           -0.696802388071          -22.5122130527           -13.558438923            13.6538711568            1.25846767808            -29.0852473129           30.5476975862            -3.53942543175           -2.05624317059           3.48229293515            3.12880146563            2.90113427072            -2.21643492129           -2.58049844749           0.825005464479           3.6980815894             -3.16538343807           -7.33393522893           167.227150507            -80.7920487433           99.9773753592            52.3147264072            -118.469540984           -125.93353893            32.4019286154            -25.7707435038           134.654972282            25.8044201618            
rwgt792                  16.4964032694            -11.8477112935           4.2479282745             -1.40928047616           0.824331602962           -83.7638091709           -54.5337676271           21.7587666822            5.56609546229            13.041190207             15.8158750886            -34.2784576223           33.509149794             -24.8570146229           21.7982564649            7.53056795254            -2.86104746749           -8.32213822417           -2.27082832698           0.942751873132           -0.220076151924          5.52523565771            2.13622262291            -0.613625412331          1.22301055649            7.27707731606            121.263929572            24.0632321032            -150.388319091           7.04448800603            -114.153399389           -171.322121875           125.550282005            75.8819327756            -69.6781241337           -159.889901757           
rwgt793                  6.64222696192            -5.80756993429           -2.63372202272           3.62536150864            -0.421698748171          -75.5779997039           28.7280015984            163.081413585            2.1383039282             34.7119213355            -8.92343630722           7.75108241057            -7.53372416148           -7.37161404252           -14.8047285215           -19.8801815872           -2.21293404224           8.98397564699            -1.04928195643           -0.931693548501          1.65962630601            -2.22705208056           0.627854930686           4.40538247032            2.46357887929            -5.51703948057           141.89721417             23.1145977688            -35.8303107387           -98.7761015071           -132.851648942           74.4275455443            -168.424583624           178.279758709            90.0662224333            -22.9665404994           
rwgt794                  -32.0043578962           24.1754477708            -4.7863040099            3.78812104087            -0.537504274004          75.0108909576            -59.3573653947           35.7925334745            9.61036487732            19.1258815313            -31.2101121405           34.2180057313            32.8818164175            -32.7876608278           -8.02616381248           -14.31391999             -0.0218401383041         8.06511908285            -1.19022877935           -2.75354912846           -0.676079372178          2.58685250708            -1.73956530399           0.775421403795           -2.82683000159           0.764702436153           13.7529464064            -41.1623548968           -159.337723956           -10.2756292992           -81.4161968412           18.6835860989            -179.063758302           -122.605910428           153.859422514            17.1601553367            
rwgt795                  4.10316033971            -21.4407726455           -1.30901072427           5.63181446667            0.840301269634           -49.4022465745           -4.78764661644           146.014335718            15.683173582             -23.4089708407           15.2648327235            -11.9725045666           27.7969101285            -33.5198395127           2.85633128003            2.53796833552            -1.60859324588           -0.891647463234          0.0634789668096          -0.448332003615          2.14389483827            -4.49384972827           1.31939975568            -1.7401916084            -0.665761470487          6.28084878973            -29.5615984241           -114.795020964           141.72706815             88.2867966086            -172.905708007           125.702558598            85.8410585042            90.4829261029            97.5501195803            -21.1527900438           
rwgt796                  14.6604626809            31.2327976673            -1.77011060462           -7.64670126902           -1.70161114838           42.0460229187            -12.4371087254           76.4988971506            22.0319233924            16.3790709932            -34.6805637139           25.3490859763            -25.1009740631           -4.33649090639           3.5643804805             -29.8067884106           2.70321684569            -2.75849709393           -0.626146898583          2.10889251743            6.11391238516            -1.59500858636           -0.381260363576          -3.19977220575           -0.244757591955          -2.3206743173            -114.68558466            158.486143949            106.800353687            175.246078938            59.3362853907            18.2185303639            -16.8315417833           -49.1310411252           -50.8648269883           133.358340623            
rwgt797                  -18.9155707718           1.57646873373            -1.81892053046           -3.60847384483           -1.66177214794           -44.7558673003           -10.5640290599           126.261000761            -7.87894101991           34.2886772502            5.83476492633            -27.9250434679           34.0014723496            16.8276078784            -25.4109081925           -6.10420307667           2.08511772465            -9.25825677123           -2.65039735354           -0.16491597527           -6.23238344743           6.58562237219            1.78892006656            -2.72229475293           -0.244473349013          -2.74307538855           6.48959319549            21.6334605547            7.19306291699            -17.8010109381           58.8595013127            -76.011221077            56.0085547186            68.3541704588            19.1119354003            87.473033569             
rwgt798                  38.0839822181            -14.5746893414           5.32076660156            -4.8188074744            1.46453752901            14.5574576977            -9.8691867338            46.205912068             -7.61079280875           21.7762129045            -5.95814149218           5.95850355088            29.2762914178            19.8903545993            20.514272858             13.4551273555            0.260223843695           1.95439182402            1.6213072619             -2.68828320607           1.01961906502            4.27303055045            -0.910076511621          4.99969556085            -2.721128973             -1.69361628413           -27.4684808236           -40.7058451151           1.3302096667             47.7000246591            105.325477817            89.8793743436            171.8072351              65.1822949626            -86.3150358712           -104.508301186           
rwgt799                  -43.4960270589           11.0105120817            2.28751097091            -7.65607916744           -0.0254022503843         -73.5361232693           -60.7006127549           102.830892278            21.8332757989            8.32807137838            29.5748942873            -9.54579169816           16.9480266685            22.0465949699            6.23892518908            -25.7670119501           -2.396178824             3.70350876132            -1.59380049517           1.01433275983            -2.01746397951           -7.5218447015            -2.36488629161           -3.36560841724           2.42429005942            -0.354345803563          -153.777742852           55.4823315015            -160.279842527           -149.689687948           118.32610675             22.8210781736            -92.2661748691           -63.442291195            -55.4184301908           -32.4417664066           
rwgt800                  21.8425057177            7.51560575016            1.73498892331            3.22262437915            -0.0435069682372         -69.7288551604           -56.707668089            -144.449975051           14.9642995877            -24.3159674711           2.1013770391             16.0417199695            28.8746258303            26.8054466197            -11.2479629499           4.90094703434            -0.441387208826          6.89302653799            -0.957991140093          -1.02743627856           4.29713921582            -6.71751367643           -1.68616167739           -4.97597524042           -1.76928042159           -4.49844455703           55.7583463839            -27.8478789295           164.001343857            86.7255058621            -27.5996765421           52.2551480543            85.631290876             131.183765846            124.289392164            23.8452766317            
rwgt801                  52.0103536846            -7.15061633732           5.41637304909            -0.0456583865546         0.412046940897           73.5604784323            -39.8538753936           17.0983523213            7.10742628014            30.3604815091            -13.3667638399           -5.46807475886           17.8968050516            -13.4694163744           -19.5055087425           -34.1301288813           1.32698562677            1.25262327495            -0.288532084647          -0.870874571867          -7.79648835065           -4.53003384869           -0.637235809976          -2.3123512935            -3.10940792594           1.0202065712             136.553054887            -119.977435632           142.343685714            -12.4008718405           -163.557969792           -0.285747252235          48.0722923693            112.263219164            94.2895335313            -116.203398308           
rwgt802                  -6.81733234711           38.0841863245            2.91144762724            4.87207585153            -1.07958398343           -32.917335049            -30.3805644876           -21.67121366             -18.2247053709           30.6358821224            -6.57555412155           34.8059387059            3.13498435058            -27.9879587766           10.7057636443            -13.0534994636           -3.17691494555           -7.82363659134           -2.95876091555           1.84928350781            0.1243120474             0.7148070984             2.56131603825            -0.567366681942          -2.05033867498           3.3227049484             -119.600255039           -1.79880375689           178.031472916            92.3497599879            172.416518745            -79.0810737919           44.3938590779            -31.7136763678           -100.003468322           161.258516238            
rwgt803                  8.15813640137            27.8766995766            -6.94073396225           4.1987856893             -0.0782205341692         -36.3872517792           27.9507560887            126.757773373            -15.0250832179           -21.0881033593           29.6939506742            -33.5445118              19.858861151             20.7244242342            14.1399988273            -27.3206067063           2.88660301076            2.40706098016            1.825993825              -2.80717233781           -7.43699837592           4.86280126385            -0.104359743993          -0.0853303353558         -1.06408481843           -8.38739082439           90.2189128971            -68.0103361741           16.6774511478            53.2852526108            -125.776766482           -35.1243326586           -77.918920103            160.908675177            -95.2254161166           -129.608225697           
rwgt804                  -18.149397599            23.4223585966            -5.46062892258           1.66163972175            1.69317111181            -42.4551868252           17.1870883689            -0.327277957065          19.9926773425            5.15917730663            7.68703337111            26.4869949754            -4.47596380378           11.6724545041            -18.3967492347           -23.0763352812           -0.725677015355          -0.797629250969          2.97143568005            3.13254710253            -5.14461215969           -4.1593144426            -1.04970066441           -4.46165522087           -1.67662970411           -3.06624979181           169.948313158            4.62351248641            -142.693637637           -99.8246151179           -139.217952704           136.169543439            125.941144143            -71.163752298            89.8355883051            148.155066483            
rwgt805                  -50.0807013086           -30.9876540827           -4.16269787771           -4.82334077155           0.355064192401           47.7424305696            -24.0316942868           -68.5322822471           -22.4854669474           23.4498323122            8.0741235309             -13.7459050448           -26.4140521604           -14.0678993935           31.3358266138            -8.37592499935           -2.74837466743           -2.15751596384           2.50482034136            -1.10754408417           -6.87770769588           2.94357524438            -1.91064176376           1.99355607814            2.71874616226            0.0871467223513          73.5945799394            6.13680350002            148.935142806            27.645140393             56.3305517488            -19.3656760688           132.921018617            -35.5840672155           -11.2931686639           160.12052556             
rwgt806                  10.7660802722            0.500448145362           -0.0736771170004         0.310952028865           0.893970181334           -66.1400185365           19.8407851309            63.4503404546            17.8841309103            -21.5285006268           27.6881993741            32.690938361             -32.0091261097           29.2855357146            10.3047033535            31.4173003086            0.526734448379           2.75843264983            2.67466901367            -3.1333360918            2.17256797449            -0.64838616453           1.69143617364            -2.69440222597           3.40243230696            1.49790496872            -90.6296096372           122.096844768            5.22846208326            73.6412089555            -102.500353873           154.868917793            84.95945343              -64.5258299875           -4.29233959607           -126.08346891            
rwgt807                  -36.807013621            4.65038711925            -6.81981873683           3.51684731047            -1.47683878729           -10.5373603396           -58.2072041555           -50.1753975922           4.47872234955            15.6634390777            2.04024867524            -11.0518383187           -9.56232356367           -27.7505143945           -9.56971860652           -1.85518273855           -2.108313161             8.58222392195            -0.316982478692          1.41194464307            5.63241754475            0.902142229279           -2.0113210264            4.02037698307            -0.913867167702          4.1374544727             88.5759043954            75.1244753292            -56.1790100531           -106.814890755           -131.105226631           59.7955095181            36.5616678772            146.939775589            53.0002880707            -81.1164863131           
rwgt808                  -9.83642444814           10.5441656741            -2.08611611281           1.55921642982            1.64445380388            -68.7411089709           12.6157173111            3.85945696654            7.13179690074            5.29660122194            2.44885867338            -10.1066648194           33.1630785565            20.9803657208            0.889123333656           20.8800010033            -1.30235725401           6.57018963221            2.06011988616            0.72954500241            -0.367942559978          -7.48036213192           0.967765040727           -2.7454529424            3.60800938389            7.31831805954            -96.644226632            13.2822198248            -60.0427403881           85.5228349593            156.258351003            80.3549597475            -149.009847227           -3.56204380444           -165.919976082           88.5739659818            
rwgt809                  -47.0198183438           -28.3051884183           -7.22593717726           -1.1617586417            0.409148396604           -68.6391675687           21.3630782244            35.6488278684            -22.1831983803           -15.4085108489           19.0524634735            3.5601612478             10.9800414819            -35.4280243429           9.47244761172            -22.2858933949           2.00431959471            -8.917906163             2.50623299871            -2.95156323249           -1.00316923277           1.84265583119            0.351004702753           -3.46887740219           1.4027825838             -7.58058711607           52.6313652568            -59.2233670273           49.3061619436            -115.87674417            100.425326482            63.2171183766            -96.6619703367           -140.279459737           104.594545615            106.131767986            
rwgt810                  38.6251836571            3.58509593174            6.96165688186            -6.12985942471           0.386988340445           8.41426106122            -6.58406959684           -28.7234330832           12.6922806995            -15.6844106628           -9.40728195146           0.556530313589           -30.3367920833           20.3176107776            25.8787755823            -5.86817425094           -1.14215376416           3.7986816618             0.635941097327           1.33929098986            -3.14708912385           -7.16764405107           0.539505442892           3.8866732679             -1.44486086632           6.10914866775            -32.8423951598           -13.222552128            -134.674663177           -106.194874233           -60.1724219736           33.1336031016            160.230926751            130.869795173            20.5119296677            -149.197594591           
rwgt811                  -12.0112429549           -32.1421546261           -5.87667263831           7.06989820618            1.49220244081            52.2119928401            -61.5025686965           160.073155               5.14673055077            -12.8173460483           -29.9430518243           3.54914063471            -12.2887875754           2.53448447846            12.417260415             17.5765655104            1.82157501014            4.48371227347            -3.1606538               1.40612012647            -8.69866012917           -2.86392445346           1.41969014449            -2.98914113898           -2.76037505678           3.11564147356            -15.7782469018           -131.571446924           89.1036304122            -55.5035633883           -173.314587728           8.96947557036            131.011623962            112.716180459            5.82131395816            49.1709260436            
rwgt812                  -50.6229508716           -25.4221242362           2.6369684                -5.67131512893           1.05461528766            54.6227704787            30.3453910145            183.272971197            4.74300900304            26.3383014555            -15.2014688994           1.76669041913            22.0695870746            4.20056236096            20.3636770295            29.411446142             0.359605893882           8.22937398612            -0.135022793201          2.49562772727            5.99879757915            -5.02564856842           -1.61258325711           3.66090653388            -3.34334152294           -4.42745604529           -136.383410116           -91.0120554706           69.4584865168            -79.4978273997           98.5490012346            -135.608074131           -4.92413906067           -86.8562742845           -75.2525620769           95.4834596373            
rwgt813                  -30.3515850159           -5.52920559797           3.17580403208            5.12605774385            -0.192620421097          90.7380827013            30.6483102358            -10.7412898214           -11.9332489983           -2.46150740883           -7.61044642804           35.2492832629            -20.3478913634           -12.6348354802           -23.4550929418           -34.4812688788           0.00241880780319         4.44298510024            3.35505428391            3.47741591707            2.902229535              3.10797605108            1.18243924082            -0.983540034108          -1.82592018588           2.75381845496            -13.9745749464           13.146743169             -40.3647745053           122.160262158            58.9988769452            -10.9717314692           56.0593520623            153.772566849            33.9405692487            107.837814192            
rwgt814                  -33.5739692972           32.4151707743            -3.93524645573           -0.103535286437          -0.554290088108          93.5882695995            20.4546106268            108.077364004            -8.54759840525           -14.5170111851           24.9512362215            10.3489674467            18.3744407301            27.0480943243            -23.0933500224           20.0901678437            -2.10031776243           -5.45085209935           -1.78070572651           -0.867210298079          -1.97708081924           4.31849594224            -0.289385326079          1.40480598361            0.990684327101           -8.11666492781           -26.4797331411           -124.456095182           22.7432449724            60.7247203181            64.2730345039            176.010741312            47.232056723             162.356607252            -153.917044581           154.276221863            
rwgt815                  34.9832439919            -12.5887818532           -1.0014530622            -6.93775199769           -1.17712884468           -41.8195359066           16.9737405702            -51.9468808046           -1.29175830609           28.9269134712            20.5120046758            26.7557079396            -34.2655303918           27.6049844052            27.8494105119            -10.7263336306           2.21183882852            -8.64714431071           0.72851501147            3.02089492051            3.55698014494            -7.54032340117           1.96815643122            -0.505511031071          -0.100335701128          8.54182025203            10.0213517555            63.4584070418            -62.9975503521           66.5785044071            -164.488169824           -162.946112311           -40.3363338649           -75.3500648259           166.258514265            -138.734708327           
rwgt816                  -16.9823841425           -6.93709306764           -1.34708225277           -6.00911366441           1.59921181475            -56.3190125632           -22.4676130246           101.198089586            -20.2265617657           -6.92052473218           13.1963122725            -20.0207228623           18.8385519886            -15.2390117138           5.19329144317            -24.691215186            -2.11536019921           -2.79200588838           -2.49240681485           -0.41094365637           -5.13584832048           2.38757279785            -0.342782274374          -1.79247879934           0.0409871888567          7.57267433439            -15.5509315079           56.4644739175            149.586719884            46.7257979312            -0.836419039783          -138.377481508           155.367177505            -70.4107756399           29.6408355489            -63.8739126503           
rwgt817                  -14.2720123387           18.3247522283            1.66849184377            7.43928681085            -0.879904273173          -61.8366724716           -6.1118517988            -9.53696192412           10.4670376877            -20.0229948058           -35.8230969207           3.54366699807            -33.8909457804           -14.5081118536           10.2343188775            -35.3205000699           1.55893156915            -1.96070957404           2.41318277537            -0.51646770989           -7.83699001641           -5.88243752826           1.85618330265            1.84960153442            2.95423746692            -2.7066324118            -94.4214427487           32.6176548326            105.569915574            114.380638476            -113.331658215           -42.9781545308           176.454508564            62.0133761268            -168.753802298           11.0220301767            
rwgt818                  32.075849811             -15.7181902336           7.12425935142            -0.601825584547          -0.930056440754          87.0781198524            59.2280582952            91.1031534942            6.73752665634            -21.6346479691           -32.218618483            26.138894579             18.5335198111            27.7266078792            -23.0226050764           -17.9339453202           1.27699035956            -6.0129239494            -1.17095112011           -1.55146472138           -0.587292563697          2.58924030326            -0.990282444633          1.4295232074             0.240568529619           7.24282927138            -64.3117598368           -115.420912503           168.103827847            83.6830950314            163.091830788            -15.2867555282           119.396394348            53.8472138325            -15.9963996299           40.6877274555            
rwgt819                  -11.871868207            24.7895484572            6.39884619353            -3.6508300896            -1.29359200849           64.8875467243            -58.1725165591           -171.801332005           7.42124770889            22.4201320313            -20.6845163006           33.6472803757            -2.65224031421           23.2402542511            -34.0300793073           -11.5205410776           0.470378763648           1.14087828427            -1.37648245251           -2.90982099368           1.62896894162            -3.64486740915           0.259893072474           4.03484027567            -0.162137470663          4.81184975514            -49.3589091235           160.427862406            -144.091270774           166.496585524            -150.171983365           101.825703877            128.913204904            -51.0263893629           -14.4950432425           51.4191834374            
rwgt820                  30.7996697553            -21.9798631162           -4.43892353911           5.20255896626            1.33643208535            -14.295374443            42.4690627855            93.2295154869            -9.10486398566           -16.9804699392           -32.9268923394           21.2483863473            2.08326596227            19.9529113416            -30.5681698036           18.9550719215            0.731159822252           8.68172877519            -1.60769975106           2.13148506903            2.20394903482            4.83650908875            0.173881558884           -0.230948694202          -1.29513526772           7.25817377045            179.271482253            30.4764561618            63.9413426488            -71.0781665335           155.014347049            -121.954959807           -55.3452445447           73.1472804562            -17.5682694406           176.132009766            
rwgt821                  10.7778236836            -7.84476435233           6.7757774905             0.446656820439           0.167468041739           -48.282664403            5.27641992409            41.2930850013            10.9825051739            31.4025929069            10.8009297018            30.8836774282            1.50662221646            -17.1506550674           -34.3911796015           3.60538556902            1.23726734467            7.9981404528             1.44448890773            2.40386535996            8.55194368296            2.34309239168            -1.58225477056           3.246858513              2.15560033809            -4.0516707062            58.5490345564            -16.1886631325           -163.595376953           -76.4210237798           -42.4442884913           -140.714961013           122.033868977            83.2499813253            159.568061079            -161.484412375           
rwgt822                  0.0998163607998          0.0379444797537          2.72659561737            -5.49042861111           -1.29612458731           -13.3527117852           -34.1085633112           125.199615466            -0.264701183423          -20.7041144419           -3.76890248645           28.7718444826            26.7060942064            -11.0598258046           -13.861569581            -16.5679696164           2.74083924614            5.17021131599            1.2593507676             0.195112783473           1.14043352629            4.73672087366            -2.14382918898           3.96499811525            -0.697215220023          2.02561537973            50.5641600943            120.525732393            175.110207251            177.354195949            74.745863175             -62.6613165213           -178.736211365           -148.247848838           -141.631995738           -120.745568353           
rwgt823                  -33.7621966025           -8.96626684296           2.70565173392            6.94583697481            -0.666317576474          30.5657512725            -32.6045453477           164.98416095             -18.3197633026           -28.5998025107           17.6373139312            -33.9799660224           34.3528007472            29.5463271939            -19.3803542193           3.14715503144            -0.200064937629          4.65760141761            -3.42965875793           -1.61344963734           7.72062190328            7.439047148              -0.884903198175          -4.39367177283           -2.06873576429           -1.79274941655           166.152157122            -177.880485548           168.407930803            -142.890538297           -112.055535514           -71.1318948602           73.8016194273            -66.8645835963           10.9577660905            -138.346769491           
rwgt824                  -30.1664614723           11.7047456912            2.60880383318            -3.05134511375           0.311318407998           25.3275180488            -14.8674337801           183.034222512            -8.96702605303           -13.0739795165           32.3463742171            21.9897833838            -22.2974466619           35.2128984586            22.3813469665            -31.0037352584           -1.13316116777           -0.8358912489            2.72328262661            -0.720639044396          -5.16383023931           -6.56271000662           2.60925892858            0.850587216859           -3.08190263665           8.38922771727            -13.6486024772           176.266969262            83.1052896339            -7.00693403464           107.857709923            -152.83246923            167.639021072            36.887924237             -177.793831179           73.7274182372            
rwgt825                  -18.7062505533           -5.02561209587           4.25602860562            -0.887693848757          -0.354138679035          39.303309838             4.14580938235            59.9947804985            -17.8424117468           -13.3140572348           -1.54106019526           -35.8970959699           -26.3218616859           3.03290979674            11.5277803524            32.6011742173            2.97339697294            7.17419488555            -3.29650202546           -0.0865059611552         1.92699634331            6.83475902848            1.16134924431            -0.573945453332          1.29377172352            8.05410137209            25.7809156633            79.1259128029            0.870870045364           106.878033461            87.1693957223            -35.5635871729           -23.8734725608           11.2733406132            -83.4856971662           23.3027219198            
rwgt826                  -44.6002831476           38.8352723191            4.93120207683            0.971032611393           0.318237339055           0.409461701858           -11.1361782891           -87.8331538088           -22.8186375988           18.0860443046            18.865954102             31.249619005             23.7009188676            13.5685279494            -5.69652057              -25.7688436081           -1.35596989013           -4.66659041367           1.68389021686            0.232075616451           5.0404186649             6.92940320045            2.32665428455            2.60076379163            -2.51221555169           4.44803435265            -53.3968822266           -22.1020934329           125.052503375            -98.3047964251           -98.4369262199           105.969518916            -64.4289638549           87.5589628104            -86.9940628481           126.631370949            
rwgt827                  -27.0930752598           -16.2575538136           2.59372822599            -1.04346571202           1.411177745              88.9840568307            -35.383639698            3.62916294099            -10.4198589632           1.25639127073            -18.2264856898           -13.1196373904           -8.73069478913           19.0034969733            20.0590502953            13.2999977536            0.416579919921           -8.72195471234           1.25054913312            2.95707007698            8.68017516567            -7.62424132066           -2.20835711093           -3.737855237             2.47206709946            -3.5268499479            -130.026152466           75.2752596767            29.1666129065            -168.823100545           -65.7609802358           -175.008788032           -1.80790910304           106.110736315            99.421977089             -129.54913188            
rwgt828                  40.9602049848            -2.5927638077            5.3946795461             -0.519680140186          0.286591248064           -89.2710112219           1.62708063319            164.938790485            -2.55448735054           28.1628626481            -14.5318151537           17.8204659521            26.7552889165            -2.334425737             23.7305436575            -10.3952158625           -0.605735254787          2.58462074947            3.26936782472            2.74183870558            2.88197273942            5.75017870837            -2.29530672877           0.00375282382207         2.34657981026            -2.23632390166           -49.0790001654           174.041834218            67.4659319767            97.5895621163            -21.9335404021           -166.375604857           -70.8447372008           57.6934184178            -163.917368406           21.9546354673            
rwgt829                  33.7414920002            1.77805991205            -7.09854768775           5.72490201231            0.902487309638           -77.1396590877           -3.32260166986           -12.4468309221           4.88899276057            -23.8862402363           13.9165554947            -8.35055250127           24.3418118518            -10.0465584859           -15.7683981462           25.4820628205            -1.67827756432           4.03358187935            -0.460614693139          1.53077930824            6.10358444165            5.13761173447            -1.33936938748           -2.02045228322           1.26301305326            2.87828617489            -167.275702887           -133.239922087           -138.022599991           -62.6398922826           172.07536464             -117.07426771            68.0824192776            -35.8572549666           -2.1570257526            -84.4620409492           
rwgt830                  25.706357624             32.4155567778            -3.8283435239            -4.44467149152           -0.0973907044617         21.6585901074            -48.7981171608           -47.6772119435           20.2933085633            -0.56259120316           -22.526751989            -0.24394010992           -24.9656845456           -26.1102033327           -30.7215297982           -11.5730404489           -1.13449931847           2.94508292786            2.83121660396            -2.38913552991           0.048808443609           3.52433879548            1.82766249761            -4.51357014812           1.99836607477            0.886130295689           108.187280521            -126.694825012           -41.8247083558           55.9507012399            -96.7011865036           -38.6820296804           85.6806801251            -158.678267525           117.573772882            81.4273244343            
rwgt831                  -51.5750632108           24.8360658147            0.051652004702           -3.57720087444           -0.119434088517          -77.4118308686           55.1004362208            -107.778896592           -16.6597357252           -6.50447254325           -15.0294664288           5.59194414814            13.8731458114            -31.9891060752           -11.2640187466           16.2110872963            3.35628650941            -1.93991311052           3.27030145146            -0.645675610887          -2.44169009221           -5.78703626677           2.54107124766            4.00663420471            -3.2665166889            4.14848015221            -163.026287141           35.8494438622            35.8542542224            -179.206416657           -105.564340593           -79.2649628293           17.7783925112            56.9254375169            49.1174354495            8.42670197025            
rwgt832                  20.4310106455            -36.4431074399           3.03656249418            -0.607543084073          1.66329969439            -25.8840250435           53.4020524508            -14.3874716256           13.6660752625            8.37213325584            14.142120723             32.7370474548            -29.5774030698           -10.4176322676           -23.8345616514           6.08483274718            -2.75198016145           5.87882877352            -0.531932148801          0.301221101552           -4.60754932276           6.36983861517            -1.45253986166           -3.85113298935           -1.28300029834           0.60191795699            89.2117532064            99.7269586227            70.4344245814            -71.2971244753           -154.460394587           60.2583493421            161.24748228             2.42801139106            34.2160572619            35.0475048179            
rwgt833                  8.5388463606             12.4827164796            -0.833994708256          6.96898188705            -0.730471829303          91.023853739             51.9432872856            149.458329136            -5.77490946358           7.61347559996            -35.0657511123           -33.1925214709           15.2481328868            -35.4044236184           30.5153743754            26.7626712145            -1.43316286035           8.19207016411            0.287549268508           -2.20024697481           6.34237649771            -4.15328175434           -2.26957554774           3.53114972464            -2.98727727845           0.775957690134           174.387804073            -90.4480655792           -175.915468919           -89.0248006335           -7.09241924345           47.3641608848            98.7723604242            167.448676758            163.532715329            -26.9194966114           
rwgt834                  16.2353789243            -28.0292483475           7.15573894758            4.27780968171            0.456339451705           -49.6598321744           9.4183971272             123.077503313            -12.4401281601           12.0257968559            -29.9490733737           11.7408862171            -8.72281585652           18.4248863482            24.6260377176            14.6421795079            -0.327055730281          0.136478396666           2.30021558869            1.46655324483            -3.1505676065            3.8456364181             0.510593435962           -2.18823159617           0.498926105777           -0.838532294602          -16.3311384707           -164.964818711           -27.4801483627           -151.076300584           -23.2537049064           140.70691686             -148.973027819           -150.568543094           -118.474038792           7.21948789946            
rwgt835                  -35.4014895286           33.159765908             -7.0267721444            -0.462958078916          0.654318621382           -88.5029894732           -13.2894507837           -181.730356694           17.484566433             9.40397842729            -11.1585449552           -28.2760853324           -4.46499825352           23.2575529654            -6.98492626324           -26.1250120714           1.3616624495             7.78815054809            -0.976867103718          0.997019028791           -2.42336186434           3.07203165046            -1.24468072405           0.166640901761           -0.092994920071          -5.00818225876           64.1165763398            67.5232067682            47.3372998894            -175.343380136           49.6543531138            -21.1138428017           125.267441385            65.5321846473            19.5234001468            57.5157857335            
rwgt836                  -5.88675869601           -24.086553465            -0.55757050026           7.13682906175            0.21008804368            42.5554347981            37.7901900304            -50.367863387            -8.30301491248           5.76279670767            5.92820747689            -31.0028038901           34.3099192557            14.7510255393            30.8309447716            34.7853518673            0.878696315156           -3.67956009032           3.01481556653            -0.111629298454          -6.76233943869           5.982878576              -1.90944540368           2.68976702033            0.965985352989           0.107029300401           10.2679568837            -137.784644284           -139.234094479           -87.0587123587           -12.0431675582           -45.6735812896           69.7637341697            -114.238006422           -38.460939975            -36.6574496789           
rwgt837                  29.4632781318            -25.5154447109           -0.264674246466          5.24812795847            0.159216554889           -43.3104099301           -16.6942784592           -97.331309988            18.80136345              -0.192025926653          22.2210456788            14.9366183983            -31.8411955798           25.163479198             31.2982287964            -31.618484576            -0.0187326380388         3.34475699406            1.05176636532            2.03952301265            7.89440511877            -7.19923755619           -1.9720230268            -0.506017178066          1.62559233929            0.748395494269           -32.0570104571           51.7392949008            134.555662575            112.958099797            89.6213684969            -162.895751308           -5.53149581191           71.2795605505            -23.5637850928           1.5110743794             
rwgt838                  10.1863837187            11.3362449203            0.535511172032           -7.17296688422           -1.24565546692           44.3820071878            -2.2462721376            -90.614555206            10.7709561155            33.3118565331            5.96686355813            -32.9129718205           -6.57387360676           34.8900504722            16.2889785568            -29.987119062            -0.482476711956          7.59294593835            0.990345361622           1.86567114274            4.40268541409            -0.446092771175          -0.984511604197          -3.67956762641           1.9067614963             -7.80906278927           89.1022913922            66.428413442             -177.30558417            32.8858116495            131.154369743            -59.9468586225           -2.94131129702           -21.9605286803           -39.2551907423           50.8921419364            
rwgt839                  47.5298279089            -3.76703279876           6.81220006049            4.47716166113            -0.766098887959          65.0553931737            -34.6216685809           -82.4396288149           -10.4254507703           -31.8204394157           -18.1757925766           34.7989621288            -10.1271888296           -9.00136194              0.121787676765           -17.3205776003           0.864068618884           7.43107552247            -0.842726440852          -0.37762477574           -6.59728267764           -0.879117482484          -1.04608433173           -3.17353222179           -1.67199011809           0.611794415163           -150.752206353           -108.479210107           -99.6414101412           120.358853719            162.387414375            177.524332745            113.08082481             -99.6846422488           70.4614300067            -98.768509076            
rwgt840                  14.5119330774            11.7536818506            -1.67728461585           -2.77517949767           1.56687064699            56.0631847223            -2.62330576845           -44.7437803274           -12.0284556121           26.0681629753            -30.5568397353           -35.070619318            -34.21869502             -0.904736647407          24.1868632165            21.0743318844            -0.534194225782          -0.700557664776          2.78625682985            -3.36674020183           -4.34776474224           1.33442073943            -0.458243331063          -1.40957228706           -2.00867702171           -3.03397585097           42.4066596521            109.003369535            -133.152631716           -95.8819371668           -52.7877112966           -74.6069236089           -146.243787829           -120.304103242           74.5269115208            90.8098240599            
rwgt841                  -2.8454123423            -28.01979405             -0.649442258767          5.45491436838            -1.24367318914           -95.880578391            62.1051221939            60.9179641213            -12.002894965            -31.5761159116           6.43634897995            13.0896415714            -30.4416046334           -1.81101502976           -0.373287658678          31.2289726851            1.95922193748            -1.10850891694           -3.05383694272           2.37361966921            5.63172328172            6.49321714879            1.46184329377            0.42408682328            -2.77709323423           4.98913788822            111.743514978            -45.3786407214           -165.650553093           -44.6693209579           152.1973598              15.7876100109            37.4952352476            87.130509174             22.0856160961            -0.97982895605           
rwgt842                  48.2888289741            -29.2748571043           -6.43901308344           7.66162440493            -0.943198662187          -43.119561308            -48.8310048202           -5.40842702943           13.6695530573            -27.0071328343           -17.7762347571           12.9271478908            4.36370631294            -5.10392597984           -0.220988070856          5.31822353738            1.26708806119            -1.86750600522           1.85404972156            0.962136983026           -4.06337149622           -4.84675630823           1.25203370197            1.61192909418            2.63350189108            5.12408175825            172.344122748            -6.34637029927           -72.3384985874           137.945158929            60.1077747847            -98.9061109095           -176.233022015           6.24849248527            -119.90150545            22.8787098359            
rwgt843                  0.0                      0.0                      0.0                      0.0                      0.0                      0.0                      0.0                      0.0                      0.0                      0.0                      0.0                      0.0                      0.0                      0.0                      0.0                      0.0                      0.0                      0.0                      0.0                      0.0                      0.0                      0.0                      0.0                      0.0                      0.0                      0.0                      0.0                      0.0                      0.0                      0.0                      0.0                      0.0                      0.0                      0.0                      0.0                      0.0                      