                         ctp                      cpQM                     ctW                      ctZ                      ctG                      cbW                      cpQ3                     cptb                     cpt                      cQl3i                    cQlMi                    cQei                     ctli                     ctei                     ctlSi                    ctlTi                    cQq13                    cQq83                    cQq11                    ctq1                     cQq81                    ctq8                     clq1                     ctu1                     ctb8                     clu                      cld                      cQb8                     ctd8                     cQd1                     cQd8                     ctd1                     cQu1                     cbZ                      ctu8                     cQu8                     
MGStart                  -1.66                    100.0                    0.13                     100.0                    -2.07                    0.3                      0.71                     -1.35                    100.0                    100.0                    100.0                    100.0                    100.0                    100.0                    100.0                    100.0                    0.05                     -0.21                    100.0                    100.0                    100.0                    100.0                    0                        0                        0                        0                        0                        0                        0                        0                        0                        0                        0                        0                        0                        0                        
rwgt0                    2.58514924732            -101.530684054           -0.10257857542           72.3535525557            -1.87397938559           -0.517074263589          -0.373261453463          -0.635752871937          54.6896212528            -68.8897200904           -179.330396729           -169.927881066           -75.3995814146           -50.386637309            -168.419090584           144.515017565            0.00712990782169         0.347609041688           -167.335779464           -116.789031561           90.307980835             -51.9088680741           81.3487639477            69.1984821655            175.117859874            -17.1034578851           -44.974258259            152.450538481            -138.239075262           -56.1236750583           73.0386167933            51.0666593933            5.12440907339            21.449041077             -33.6219019418           -145.53156595            
rwgt1                    0.517926593905           -0.317101099509          -0.220455487117          -100.956834499           -1.38111205786           -0.484013799745          0.677041596604           0.890894129086           -134.17632918            -71.9318033261           149.308095219            -135.814723717           23.8005643771            34.9191312303            144.715014524            19.2112643263            -0.0431194955274         -0.278512718695          -83.6668665703           45.3403294071            -7.40330314939           -9.88172555441           -130.943812639           -137.677493009           -133.693588354           -145.497564349           41.1309426673            119.896733467            54.7915258329            -65.6185205482           -77.8728787332           -42.6548795466           59.1529205385            -41.607872974            -97.4024479311           158.502371592            
rwgt2                    2.97570005112            -84.1254460896           -0.16039040266           -12.7954049433           -1.1013881167            -0.364584674729          1.04209903976            -0.663906825298          -7.74974090412           -98.7430496449           17.2923262221            -68.9966583094           128.338587854            43.3737351979            -138.279432841           -142.305344403           0.00876576049417         -0.0914263706229         79.1268478937            -1.54220479388           -48.5727301903           137.669490639            132.563338993            159.866783904            170.598709573            -121.743291271           -154.861988967           -35.3115574801           -28.4873499304           -171.581252418           106.795058959            -121.819844084           -113.170300939           -64.1961616445           126.978188152            -29.1372258012           
rwgt3                    0.481395515084           -157.127268143           0.118395113977           40.2990367189            -2.12357984542           -0.067142317853          0.291634470065           0.524366928489           60.9119339538            -154.224221232           -6.63083663949           -73.2078669641           109.787066631            39.90794037              -73.513692031            83.9731779908            0.00422485593276         0.146085883437           -134.872136372           -78.6502826934           126.367020596            138.482418582            -161.413284378           -92.7090017272           147.26628342             -145.90971667            -150.731070798           78.0412444619            -30.8954870029           163.216731741            21.0499282888            23.4147630486            21.989492799             39.8023204551            44.0445604189            76.7036284574            
rwgt4                    -2.07927666881           -157.921334082           -0.036502752315          -27.7693655497           -1.35730225529           -0.203020920992          -0.161756690766          -0.767784597943          62.8703589005            -77.7231046367           -51.1125136616           -147.447158687           -80.8837584955           -88.8587922028           -160.051422159           141.076598783            0.00208184416835         -0.208095763691          -164.940572873           95.0746039636            -142.084556069           -41.5530192237           176.188813689            -87.5776969356           144.199865251            13.0983425262            -130.774079493           54.0862669915            135.294620704            -134.779083801           32.3990839088            155.973077888            26.4633083066            -107.881313862           -22.7287108504           157.347893492            
rwgt5                    2.17609436105            116.888915462            -0.164034506256          54.1100312531            -2.70114744236           -0.19988948338           -0.970548722294          1.19342955378            -67.1386205302           155.153116124            105.394420706            -16.8322583221           161.712953015            -136.161968671           152.056289043            93.191065736             0.0335223378883          0.322187243194           108.243766008            166.97560019             -7.03835537147           -15.6947959804           -155.574465162           38.2453699074            73.2337891401            -11.1081474916           51.3601216317            -143.742211635           73.9883906594            97.3294288937            -75.1932204865           -37.73171881             -158.121018711           91.2471077347            -62.5909205461           35.060225139             
rwgt6                    1.11262463743            -45.5313486457           0.188430265511           -60.9421526264           -0.257417712554          -0.0826812790733         0.705984940186           -1.58616684438           118.610935676            -169.486617862           -86.4039909105           178.013823277            -120.38808605            -114.426064812           124.198697622            -45.2835325795           -0.042570409924          -0.144879201274          84.785576968             127.653003843            -50.4697044935           -128.787071159           -161.188564484           56.3616542244            -133.036927495           -133.429126561           71.3547275031            0.0273999316803          -119.500735974           99.612979839             56.4105747076            -48.8259416819           -142.71832756            120.356487601            -2.63246429828           142.786703652            
rwgt7                    2.27182934058            34.5592374563            -0.081280463748          -120.046269902           -1.68806157805           -0.253863791165          1.24949698497            0.114930919528           -71.1109019139           -23.9564582974           88.3429897607            -12.9933053906           177.070850179            -8.35501764296           -125.527912073           169.696710356            -0.00875313775641        0.181752574137           -11.4072404132           112.462784388            62.1927322031            116.396474052            47.1903369643            -58.2709789056           -36.6997476237           123.110052961            -6.9028110126            -74.7726108581           -56.3524214841           -113.650442391           142.051126669            103.383110022            74.7845249662            72.8046370251            -147.575190506           133.331908702            
rwgt8                    -0.0371260819771         -81.5758006175           -0.158909142498          131.965496834            3.67392256959            0.0380116670682          0.51565956314            -1.08888591463           -66.0016570159           162.460855943            94.0143319196            18.8446791085            166.548515685            105.02858979             -13.2639361285           -140.575278084           -0.0314068149683         -0.233382677966          111.303213521            57.3496123058            -102.111402009           23.7344852876            -155.022346905           45.3169449789            78.7909439609            -144.651423141           -5.35106894193           123.965829474            -13.3647179324           165.963576409            -99.5607973018           -75.4766068362           49.5287312848            -48.0714015291           44.8812529544            109.132689275            
rwgt9                    -0.839958670419          -21.6525373629           0.134135767552           85.5954015226            -2.85271165972           -0.121938590933          0.947752401969           1.2346927588             16.5101271381            -75.1377871144           -73.1322884358           -78.7036616296           11.1349054006            159.411845691            163.900962597            159.149975256            -0.0219222321812         0.118281420812           61.3228670575            -41.5460958156           55.6656823028            128.247290215            54.7618147468            14.7564169295            131.937490159            -128.193094139           145.304333451            115.616046037            -19.1687490682           -35.7867548745           122.68346596             -26.8923635323           65.2466033266            48.0331196217            -80.026568662            -118.720559338           
rwgt10                   2.11526123727            -48.3849969071           0.19119085247            74.4306273188            -3.71471605863           0.319922562548           0.199679780277           -0.392107050824          -92.8175398543           -17.4088155243           111.468882193            116.08273436             62.6310007847            137.826432686            -57.2535983725           149.339518792            0.0107530829193          -0.0200243578728         -104.637896905           107.747357139            -24.5802952314           -77.7651978747           54.8687044334            58.1591056199            30.976597421             -171.316884095           100.376680636            -160.995351685           -39.4569232192           -41.5398877912           -106.335723224           90.0075741008            -21.2479448233           119.211198602            107.835497463            168.275725466            
rwgt11                   1.0062605251             82.8898993475            -0.149232726653          122.015003355            -2.96611181815           -0.516519294344          -1.02432207721           -0.48972534423           110.078417395            1.66072023815            7.26354930703            -25.4402171019           149.824153545            5.58787480124            -38.9976043722           106.893390376            0.00801315926928         0.23726531584            -66.5708713023           -138.325611694           59.9178263342            106.936475255            87.6822077568            -56.0867391919           157.036923375            11.8244576041            20.9657762098            -78.5493265922           146.859209617            -175.238050092           -12.1853525152           -26.4421211501           107.717392387            71.6079842462            78.5776144662            91.0051179864            
rwgt12                   -0.92297097036           -103.776604375           0.0189135483432          -144.726041112           -2.97506342126           -0.496255339736          1.15715412956            0.839294781306           -115.650811439           5.78251910196            -26.4270490826           41.1036706377            -85.4543523824           80.6988386031            62.6536239383            -85.9908564552           -0.0863726234143         -0.0511231659806         -136.777172086           24.1869372048            -99.7742325381           -138.817715549           110.095364648            166.716257811            31.6890645642            126.333867731            155.3626087              105.073594029            -87.214178754            -175.126359328           80.6555780061            81.0464849959            1.96471310758            -168.939819225           -13.7817292859           67.8867882002            
rwgt13                   -0.872992874746          92.7142939138            -0.110284707553          -174.501263151           3.3038673726             -0.442087007076          -0.419763707265          -0.358663322946          -30.1922897564           36.825218818             1.68429807537            -34.7539415158           144.759710219            -131.1476066             -105.164177342           73.1063631009            0.0291493794248          0.250730592447           -66.0167400062           -82.3634071017           -86.8945181352           -104.060019843           123.739528066            -142.71151786            -158.243111063           -118.531542289           -9.73014606253           63.4836476436            19.36026283              -149.130533593           -124.773443508           -11.4543121573           -15.4971186641           -142.793025436           -156.835798006           -5.35486074971           
rwgt14                   -2.83893518939           174.063398669            -0.203647936775          115.876438587            -2.36972735037           0.509537019051           0.751951289182           -1.9390298122            -69.9905708139           -139.768309595           -144.208831967           23.0975233063            38.9974855233            65.3323513355            -75.544921911            50.1322499799            0.0097238302975          0.321572282893           109.883363479            -38.1031607668           49.9849839193            154.271986833            95.2502146626            177.856860658            108.366180015            -169.62140643            54.4487899741            167.890951822            -13.728014313            -68.7257332111           178.219421251            -140.60070231            -45.1382110799           150.218104327            -13.5365539795           -104.223194352           
rwgt15                   -2.08094982115           -176.325662614           0.189940673222           129.982526942            -0.28643919116           -0.145199904341          -0.474956354049          0.0342894994986          -96.8237965524           51.2746144001            -89.1402193415           82.5553201748            69.5424456806            71.4185872837            133.063309203            106.077230363            -0.0750724371216         0.282946375367           71.5009062342            5.61381076267            13.0764393354            -140.661834414           145.469471227            136.575012954            8.59138637491            68.3495832916            56.8643678044            -146.249670607           -58.3670238493           80.5540810507            -12.5550814895           38.2146130919            53.4544734981            -117.656211719           -86.748828481            -65.0394174902           
rwgt16                   2.93657875471            -8.83689463737           -0.0396467465569         -56.8095865042           3.65444137716            -0.334763797494          0.23279917612            -2.03697429218           -18.1092730774           -21.5192099306           66.1089821823            -132.949564741           92.9624821687            154.459065861            -134.805268949           53.6476614817            -0.0407622817892         -0.136274277193          -156.19425166            158.482011226            -161.099985444           94.2732077649            165.80827033             83.5841940643            118.394106733            15.5114572493            171.458324659            14.4545974976            113.781789578            -6.08223246307           -91.9351941422           -44.2366119948           -144.251733885           115.895266805            29.0283537767            170.058555358            
rwgt17                   -1.80704317159           77.8472885148            -0.0332059172244         -158.740012552           0.479615075382           0.249991566497           -1.21609717901           -0.88418610179           150.076278943            43.5105700764            141.471373614            42.4526044243            -46.9594106337           31.4187980951            -40.4046062892           2.64946586829            0.00720151109541         0.184358951516           -31.5980453868           167.134533579            -105.63742653            90.2049030087            39.8464487423            156.489454279            -58.685958157            -117.507967457           141.963545374            -162.004282912           -96.1418826005           -5.88603953954           -123.98800109            -115.566575496           -26.7119161878           -62.9760003682           -123.655487372           -65.4512734838           
rwgt18                   1.15860433282            -74.5905903018           0.0630501041724          -101.708691029           -1.83995893715           -0.0553664097536         -0.704381105688          -1.10971933487           -111.479393954           75.3750780287            -139.666424453           3.90573288               -64.435932028            -19.9933169631           -63.3365684615           -74.4581915115           -0.0277613858893         0.112247366914           -97.3164439348           -25.7017875543           104.764999381            161.602466134            -48.0434680973           -172.334937282           108.199666816            -10.8076581247           84.5018539704            18.9700973706            -13.7609191885           89.9518423471            156.610510358            171.455276395            -108.584332285           -84.1124080259           71.2693238644            81.2523362693            
rwgt19                   0.221230687458           -139.766389754           -0.0771129182461         -107.103266379           -2.49001224959           -0.412205715872          -0.0263347743857         -0.43094512707           18.5453942976            -109.197812114           121.709272526            -126.87595956            149.246855732            -102.169968811           9.63745694397            -13.370885423            -0.0422884841707         0.350313404167           143.388205376            38.0832404068            6.27233568868            46.582507849             59.3931200645            86.5232098119            -5.23635401227           -77.0538774856           -2.29970730101           -65.6939535483           -124.666687927           -132.810594042           -83.3179839626           7.5301373554             -0.880932917693          42.820747295             -85.454369303            -130.829851372           
rwgt20                   -0.761876214842          31.8955351734            0.174244306809           56.5927798872            -0.547599655204          0.538107857333           0.758135028672           0.0326734638889          37.6053722674            -137.116251508           -2.05698620538           44.328903157             -117.881777843           17.4285097083            36.7480661546            -27.9299687171           -0.0283828504603         0.210007944843           169.926306753            95.1993415301            81.7212789528            -170.771949013           -138.291983986           -64.0691014381           68.7008627936            -61.9709677139           -109.848296973           116.172918947            2.24216329844            92.4439413515            170.961851242            2.06364911808            105.543706711            -135.181888849           38.4812301726            -133.206101216           
rwgt21                   2.16102631088            93.5571080809            0.0271130203633          -39.0808385059           -3.1535049526            0.418418200615           0.492510711065           0.636943435013           -176.036546519           -5.77300406956           113.90666421             -27.3012135675           -119.704145172           -59.7664253093           120.929152403            92.4491683909            -0.0557138153815         -0.19738654619           -14.3452081898           -72.1500286881           97.6918356015            139.936057994            -166.296628467           161.447374994            -97.0383061739           -164.44899859            28.4189068443            -43.3633072135           -66.6680835693           73.3062738628            -96.6305680443           -62.7350347827           -28.8049943912           -118.409005982           55.6866823927            -26.3848372586           
rwgt22                   -0.0409050518693         58.2578608425            0.00397433716583         100.649376094            -2.00296876448           0.0851303093061          1.21758849851            -1.69693980902           93.342778525             46.8138165879            24.6157734161            23.0392929131            141.456272688            68.961747595             114.247460346            129.66658531             0.0623723743495          0.334695892577           166.016698994            -117.394366458           97.9454497906            -4.48841944621           -150.657130414           179.68497756             129.137238668            30.3077969821            171.304237446            116.842650102            -137.690928432           23.8670911016            72.2098661852            53.6528855445            -123.278220432           96.4562124843            -108.195203215           121.161446547            
rwgt23                   1.47746068933            -166.01537465            -0.144199860566          177.657932543            2.08977944556            0.212010901607           -0.767202643429          1.9439580303             57.8042183494            154.337992927            143.220922669            -121.344236839           80.3476292328            -36.6502648614           -100.657931767           -96.7503355866           -0.0308995935451         -0.268175697517          -170.314325156           16.8390442079            73.4672144275            -107.543033869           39.5125470172            -87.3109701916           131.33018875             61.9035882498            86.3430974487            121.168137166            -97.0151932201           -25.2946487471           52.8734994829            -32.5402661216           88.9631440841            -107.669324396           -33.7917977743           -160.381247783           
rwgt24                   -2.00133825589           -69.6081440192           0.00913848801638         -78.0157596045           -1.82527325425           0.520520499262           -0.0321403397406         1.10254626823            144.744627083            24.5438453767            98.2692469639            20.2850583496            -26.4950949754           138.346884526            109.672090817            -52.2420656491           0.0524841187851          -0.296114694621          87.9435892991            -102.849017368           89.4690818661            43.5257186239            163.899856683            -174.97479898            77.9079381736            -121.386813167           -37.0203330019           -97.5419411935           22.5544633867            -74.718711679            77.667720386             130.587279617            29.387511812             -48.6008585954           -134.870886977           137.558589289            
rwgt25                   -0.218523490064          -176.045665934           0.157319780065           97.4281715049            -2.96490742397           0.01537353019            0.4615897258             -2.05240417178           -89.6091747282           161.262921163            -64.0079200838           39.9332114131            -126.908508716           -80.3360400848           74.5483214422            34.1980238585            -0.0172737966751         0.209331543519           -94.1684658023           -15.7532986654           20.9392054385            -32.1304380765           -129.880092568           103.209942516            161.161255313            108.407173253            31.5722214502            -65.7682480882           100.464993657            -54.8819054562           -146.959298826           114.590604325            -71.3881626766           -47.968020877            136.404314299            130.993757015            
rwgt26                   1.88667337411            -93.5428359213           0.0499061480199          -45.1295836767           -0.961752272459          -0.0640939796305         0.914942546235           1.67728562438            32.2388154977            167.741039114            -144.835648213           9.26128638658            -119.058912187           131.765776641            155.644768264            157.591418452            0.06061103428            -0.00604059507933        141.052635669            89.6112065525            111.614986322            -118.293868052           -56.639035128            -58.8222615561           36.9788543087            -80.5780572183           148.695626915            -125.977422305           1.73550319214            63.5113210732            -175.319593428           -73.6544255478           149.62354766             -168.666159235           130.79690448             2.04306220287            
rwgt27                   0.567571562828           -97.394059355            -0.222064184826          125.474978185            2.7135617925             -0.380297264465          0.779323441504           2.36132264538            27.4483618918            -3.9263409556            2.18663642689            120.69317929             -166.754100359           46.6936639289            -161.578919775           112.724322284            -0.00800540838469        -0.341876982808          51.7210707758            -99.3009673164           -179.446140617           38.1066860965            -132.420892993           63.3618647017            66.7198747               -114.701762209           165.464408451            75.7867454641            -17.7815469305           42.3488723014            -8.75463343138           149.9306532              -36.8356822134           -178.223180355           91.2965367364            -170.59994666            
rwgt28                   -0.332676535666          -32.3104268093           -0.21017986514           30.7005677098            2.05712372798            -0.244033997964          -0.50501218563           1.34133918139            105.577115164            103.775499001            -49.807231531            19.4748895364            -58.0904842443           61.5557699615            -84.4805058502           -172.913189645           0.0313816645681          0.246842758156           42.5312947694            29.6754008095            151.400275061            -109.988477562           26.5112905               -28.4876851299           -76.1081304208           69.1064178378            -62.5460973686           32.1470967372            -54.4703081157           61.0110939227            -99.5092924056           158.454690921            -69.4416517182           -144.181782848           -173.425431925           -47.9725395542           
rwgt29                   -0.403971735661          131.567325117            -0.0866417853711         57.0929507531            0.338130314357           0.415618232588           0.828169898161           -0.403778515582          -138.991645063           59.3567688807            -51.9878812691           -90.2429380949           20.4159628435            -75.9846044478           108.373854948            139.28502627             0.0871745426102          0.0297965724156          63.2337823849            117.26054322             89.9463545792            -39.7130608298           84.0203330872            59.2279995363            58.7848191967            -116.54630232            91.7788966256            -119.857374517           -171.129584401           -87.8066982977           47.7803601222            -66.9585268876           -79.1385601286           -156.58703445            -49.8161507488           144.875273202            
rwgt30                   1.0846901542             100.380288137            0.124628817393           -4.43856458651           -3.70932237841           -0.134960027181          -0.719429979633          -0.438915463738          -162.3708975             -23.048170946            -72.351031712            115.656891826            -127.696420254           -42.4182624329           -156.965569658           -20.3119527419           -0.0860706915737         -0.228184682248          39.931333557             -25.4164710401           105.145293236            -20.3311284842           -31.1426349282           8.0471586737             -167.794698515           -159.824006039           160.755911718            -160.767136628           -22.8357341542           20.1684665464            101.85706503             -44.0021991588           -168.533370771           74.422914049             140.022520581            97.1250269777            
rwgt31                   -1.05362856955           -15.582318143            0.0770439986238          -61.2833730339           1.06851637154            -0.117945633942          -0.483116528433          0.243245064768           155.141978831            43.0784625001            127.877784402            19.2542055706            48.9068510594            -76.6944619098           128.405022362            -154.72794769            0.0188130833922          -0.324001308703          51.559545771             60.7620462185            21.3257680307            0.567445027948           -176.50858692            154.300106825            83.0844620608            45.1926947991            -134.691348344           53.9034342349            -3.38673595164           -49.7589217426           133.369835391            72.232749919             101.840004764            -2.83031077332           -158.691469608           118.211349968            
rwgt32                   -1.02325410355           111.632151538            -0.104969834971          95.8594322867            1.72394136933            0.398077985028           0.531361009699           -0.913049306454          129.262856429            65.9026620218            -79.0825806692           175.838940804            -143.975023864           -42.9284637642           -39.4545814478           93.5871094097            -0.0559672451914         0.343510620529           20.1002820515            -96.3483448078           -163.535849177           -40.1782185886           -92.7885859458           -60.0415088457           -67.2640616825           122.585273685            -69.9866116379           160.16868393             -3.73172188747           60.3818750895            -149.814861601           176.87484842             46.0918487954            76.2107756486            -170.258969474           109.360092101            
rwgt33                   0.828866655539           -168.761263809           0.0230040229332          -45.2432236313           -3.34096344361           0.152120879669           -0.247824631795          -0.937078865802          -174.580960626           -30.288732349            -177.524172947           -11.2288511014           -50.2214288875           -15.1144617138           -82.6647865765           1.22067124522            0.0805278077801          0.326149337016           -158.799775947           -36.0225727417           -13.5042519032           -115.529321203           -126.248362732           157.985771946            -74.1835668913           175.012743425            0.801047532543           -160.663964087           144.253439519            126.485959065            102.528945412            -5.94938895703           -44.3455167225           157.384773844            -61.2773603774           153.453308849            
rwgt34                   1.64995936764            -130.202445386           -0.161335507926          82.6148242485            -0.0168271921719         0.338361142479           0.16797246189            1.08734506322            -143.390665514           -115.527965376           159.598889651            -3.13449991658           12.3007130489            -89.4835868999           -96.4816629598           174.261637008            0.0179402932846          -0.0639920212243         -17.9299088159           68.5459543504            5.00048487529            -54.3816350603           -17.680440429            68.3358444123            -175.980967644           22.8669366023            -13.2113765404           75.3836870131            113.663611278            71.8517685914            170.056521782            41.8353969106            74.6044058937            83.581655643             -93.2481838596           94.3357759175            
rwgt35                   -0.372698278201          -80.6908440616           -0.151414433621          72.4372780397            3.53409607134            0.0976207974767          1.18499011462            -0.562018972223          -129.02831958            155.451385446            -39.6926076758           -2.77003652041           -93.9295839237           -169.845055833           -98.216030228            116.084606153            0.00388050048379         -0.0589325774048         20.7875332078            80.383667398             72.6894287944            -10.8306436635           143.070803103            85.0906572874            -157.437608504           54.5374991497            10.5049089186            55.3334380305            -104.849668864           44.8641421497            173.429643953            15.5968420267            66.1299945279            -160.365187282           178.681470478            -49.486218572            
rwgt36                   -2.27089723902           -89.6019553434           -0.173831823143          132.553866896            -0.540308510326          -0.174683245068          -1.04400693644           -1.65167572084           75.0560516184            -130.186130365           166.599910446            48.2349394939            24.6227094944            67.2126480929            -95.944153118            20.7400899402            0.0732828749193          -0.369609908363          -61.6537643179           127.8105182              -147.891611826           -8.26964083775           6.41606007736            -97.6490764194           66.1400884878            -67.8670696975           28.6910496363            109.594969984            -154.864963175           -145.13317438            -94.4610095423           62.7844382723            126.376916239            89.3758949304            52.2556306982            -49.6789484335           
rwgt37                   1.61441124214            -165.414560484           -0.0654891578755         8.99553303746            0.0495250115897          -0.204073934536          -0.30788892766           -1.2062894399            4.87021835608            -145.381996502           -139.808355905           -53.2722057894           138.508847883            -128.178707035           -161.369229441           14.180357865             -0.0894392611839         0.208696035455           121.515246794            42.9944016915            86.4518727605            -145.865739496           79.7528349729            -173.942564487           133.453076527            171.311763729            -10.5150288805           99.2311616325            119.417516583            99.0663559874            -103.288279234           90.2457613547            -1.83987113093           -158.117877774           153.95351106             -24.1897750305           
rwgt38                   -2.94301143721           -88.3427351009           0.142223345152           131.835222492            -2.48352690138           -0.477556098189          -0.987927132647          -2.12455689809           166.94772968             75.5930056649            35.4078518058            79.5905576222            -155.097985449           -22.8128406059           -176.410393292           154.439741893            0.033019371422           -0.296781025293          -33.381258124            102.395048939            139.829340452            36.9445012478            -174.778229802           -59.8200424315           117.478140914            -147.930516196           57.6247972149            -85.80779436             170.883060398            -26.4891233574           55.2732227209            122.743087922            -34.2840806261           88.0762230554            13.9103192076            63.7076521419            
rwgt39                   -0.815885423811          -81.465465669            -0.053682336505          61.4616648382            -0.619660019635          -0.200104478971          0.500671949631           2.23710846146            -148.051169599           -83.3899390867           -2.12983962745           -164.961991579           127.206284484            45.1241460439            -60.6378181431           -171.838421715           0.0752944234707          0.343147950945           41.3240718905            -100.907188925           60.313153158             -83.7972637316           175.24179503             92.0827030202            -45.6317286179           146.674500239            50.2226105445            -162.606470434           178.893535779            -54.1191149181           -174.058608515           -121.781792509           -38.4205176477           142.620493949            -43.4705378976           -49.115148235            
rwgt40                   -0.688315946877          34.265902211             -0.22283653376           139.878451058            0.421642598465           -0.103235050722          0.139978611631           -1.05465417255           -53.7530751284           -106.366921386           -171.597339395           -140.343918759           90.2329189874            -85.4438204349           -179.924204498           154.381689565            0.0420792673472          0.290093868339           -158.058615305           -96.2183539607           -88.4901729019           -82.2633041045           -169.629270414           8.99420255167            -79.268895478            155.543223432            109.706017501            98.0239705498            -10.7620661284           166.737304517            -137.307819631           174.82599579             94.058439814             -138.472701128           -169.222234137           128.186919206            
rwgt41                   -2.83340978605           98.2438196924            -0.191275355783          -4.27333904658           -2.56951821977           0.0672429877994          0.355488472663           0.0961975825993          -141.471249645           63.284956835             -50.031096675            -43.685612612            -95.3861800816           -68.6344251786           -101.338520913           -79.8082100944           0.00545575292912         0.0341347546135          38.9493762289            60.3128811346            -80.6485539963           -157.717603219           86.3848006126            96.9488446589            -27.4230579859           -36.0105183395           126.881272538            79.2123054386            -106.577090129           -24.1506823755           -127.974517407           31.3626292435            -123.335849774           45.6149750694            -129.241841444           0.425292498663           
rwgt42                   -0.74370516841           166.387985084            -0.136086429169          -99.2392668945           -0.500824671891          -0.167342165694          0.239440417958           1.23953570406            -28.6370121404           80.0119640778            -0.329048211994          -31.6417505769           -73.838752776            158.995491358            125.937477606            -100.823823079           0.0352045512834          -0.204714775463          160.798096971            98.723089336             -52.8222504963           54.0572189706            85.3784514639            57.5051676927            -116.825403641           -14.674254688            -133.870208838           -32.6389253859           -10.9645874719           110.119585534            29.3139978207            49.7638626038            28.493999991             -50.751544583            131.350954381            104.077151287            
rwgt43                   2.62717864958            55.9293680741            -0.0986957688129         124.580193104            -1.21872150084           -0.277627755723          -0.654052950304          -1.96420152997           -45.9908760055           7.68898857928            140.73859154             69.1268279231            42.2745985917            -35.1060525161           40.765289858             -96.6930922776           0.0882047191075          0.168574647481           -105.490676976           38.4201469441            167.08903295             171.840918461            -52.5224375299           49.0426037641            78.5573378382            -169.177885008           110.084648707            112.118478714            -12.3069835121           -138.053430786           -142.767526237           5.71463156298            -4.51330609277           -95.5187811048           174.470656216            34.2297224531            
rwgt44                   1.15283920055            -165.839606906           0.0457894660307          100.80922937             1.70490922439            -0.452821110285          -0.777086177666          1.79845632241            -26.834316905            45.6636925143            -162.673909634           96.789042397             -172.527495377           -31.105563895            91.1842065779            70.4232841688            0.0631224736617          -0.164087068445          -82.5809322523           -174.51133001            3.7796790612             174.53021275             71.3553260195            102.479940384            26.7822751089            -154.888335855           -104.296916746           -37.6568491842           -32.6208097566           162.445039025            -66.6496136485           -161.393325927           176.21047368             146.992371614            -146.513048756           165.802954039            
rwgt45                   0.103153000932           123.454375157            0.109092409191           -85.5592226069           -1.43683460668           0.485857945567           -1.19565013565           1.00489004999            -17.8282214608           30.3746708144            142.588751739            -146.509667921           52.2426408773            -52.6912172255           63.7910284644            -104.27121757            -0.0337241993768         0.00501843586116         171.170819998            -77.3228764256           -148.625828997           57.0046527928            -15.802007735            -94.1523331722           -66.4847117611           -1.63652148369           -142.130335846           -154.30486094            134.830308492            -129.131974773           24.7896753666            -179.444598352           -158.732258218           0.518438923594           82.8863497913            -21.5865630888           
rwgt46                   0.640102455541           -71.6134237699           0.118338230258           -67.3222565777           0.4944875491             0.297563299215           -0.179446918574          -1.98860171235           -86.9512552242           -60.8837602809           -12.789753886            -149.135135079           -45.8619864789           -145.045448512           -81.8067733219           -83.0609507045           -0.0688074980356         0.292273584774           34.1100498196            142.92135074             -75.2920397882           -105.106453101           -121.447956992           -141.0248215             70.3739372524            -85.466625325            -135.10776368            -73.8907379598           119.085479836            -134.578999327           -119.134870776           30.2632380856            -25.6746942236           77.3070959577            72.674656911             178.003628679            
rwgt47                   2.56433164931            9.9146630004             0.0184192243907          100.905909973            1.82055030282            -0.0414738221107         -0.688622528344          -1.71536288682           -153.587385185           176.639650448            -75.0052609849           -21.354209748            23.8903471971            100.382697215            -80.5683222538           -21.7389934271           0.0174050952406          -0.374855099363          177.188714778            44.6676680074            -68.7513768738           -115.796849903           -27.2363138821           109.274783751            -95.5497593404           -24.7572296554           -76.7516415836           -91.931235974            -89.5762111909           -173.663492737           78.4540429019            16.5063464793            165.359808               28.8405307571            -177.465299842           -91.8721373212           
rwgt48                   2.29650487607            27.5798243873            0.173341260586           -72.4735437789           -0.881285040994          -0.369756456417          0.855162238725           -0.790817440011          -164.502010532           -4.54341147247           96.5476793676            -120.874980656           26.1444587726            -13.7191220104           -159.897708419           -55.6436170617           -0.0582258244531         -0.0754358071491         99.7815267441            12.1149073782            16.1095472947            43.1496627648            -158.406753497           79.0477010638            33.8900780957            53.9931409858            -6.96551499918           -95.0170067548           -35.9704711553           34.4138016287            64.010287277             9.80143268076            33.4329584226            157.225128281            103.891037804            -48.6357552667           
rwgt49                   -1.31970336457           103.671148947            0.137649070072           -141.425158448           2.3521058753             -0.094936975998          0.512523040409           -1.59167504653           172.711604106            162.746234217            -102.084996865           77.6157298849            82.2914051712            -118.687988549           144.266880518            -4.98978294887           0.023743673237           0.0219813825137          4.8645222626             39.5002642051            67.0191420291            -13.5432534637           18.9278612186            11.2742643238            159.218594991            94.728706989             -77.0118356717           -94.4061432944           -45.66094413             84.6147025219            14.3039184589            81.5566366418            -23.0381558812           -46.0505411908           113.642052955            -175.922699312           
rwgt50                   -0.465356532541          148.70838629             0.12005548085            -0.41059698537           -1.10518561684           -0.120164356229          -0.0963096301257         0.00871424350363         163.525307815            -93.6983561385           -141.513598501           -154.711126959           136.505590434            118.805099765            -176.398420251           92.9441701028            0.0127276336178          0.112486745605           130.769284102            140.07331372             155.055565298            14.5226873852            12.1900630917            -103.366927566           -150.504578962           -18.7876549472           157.055338648            109.168299172            -52.7840815967           -94.0291056102           21.1539891059            -177.012592181           -148.516464526           -90.0466304767           -126.726779946           25.2201965037            
rwgt51                   0.0671865708365          46.4020912041            -0.0238570231864         42.8295004906            3.27853712946            -0.466787891621          0.832864733811           2.03610125723            25.5759246953            164.364447588            -42.7551199483           78.1221357006            39.682658164             36.6276657122            125.581561013            -74.0492188735           -0.036830644768          -0.061934368536          153.162709981            -176.771698445           10.2526067158            179.508503084            -79.7630152157           -148.4139828             -33.1248179256           106.62571872             162.867750988            144.697429087            -119.817547344           9.30686070215            -64.2712631596           -62.5053150998           51.1216208874            82.4077999271            -98.1489798592           -87.5580758518           
rwgt52                   2.62352838647            130.657015701            -0.154800687917          172.86316137             3.13625076555            0.535591682137           -0.112589168559          -0.440099928623          1.81289405469            -98.8046598497           -101.940193081           -58.9651528742           44.7931994369            142.882582711            -174.251594867           -175.06317772            -0.0718512838227         -0.257516684926          -132.514962636           -140.480044399           165.56984442             4.5534583283             11.2147791015            -36.4973148398           -12.73748155             -27.2039971508           179.020478468            136.443348755            -162.980699002           87.3875019751            18.436716663             159.646278044            -48.6019279922           -40.6532627648           79.6991818796            -19.1950204406           
rwgt53                   -0.15567828006           -147.654735399           0.0828677768522          3.74375969995            -1.13701115739           0.355807665813           0.05180914509            -1.65211436845           -176.546780283           -66.9901371291           142.238833627            77.2569475653            119.173801148            -140.937579219           9.18036273573            117.248391247            -0.0636686625465         -0.299056666142          139.846291942            31.8462665763            -43.2792997714           -25.3605013131           -74.7963744816           -123.608723962           120.263472218            128.158852677            -80.3908437162           -3.85370387838           118.702214262            95.4374189923            146.844373836            -76.6493695839           136.949502719            73.3379419938            -88.8424043063           122.38460448             
rwgt54                   0.590639168337           92.857386704             0.0953986170392          -165.709328095           -2.30260651671           -0.322235334301          0.295371469134           1.86924097949            -110.098532857           -36.8185975575           -85.7703055887           -44.6372972365           146.919678273            -110.521710213           -149.406142754           -66.2569070531           -0.0518958895924         0.20914191067            119.59579502             -125.033676932           163.529401608            178.663548866            -127.821313381           104.999306238            175.897381581            94.72865724              -109.408994663           -72.8773231101           130.626601959            -167.970499593           123.360467598            -94.5624204792           -127.000834966           139.130358983            102.324442422            18.9103177722            
rwgt55                   -2.32004236165           162.602269878            -0.0518878305224         -156.080970398           3.26496328069            -0.242965883418          -0.587007897458          1.7704156097             -80.6631586771           58.9374393343            132.158033016            84.7363491645            -95.7569063677           -64.2694104045           104.387577314            -78.041841516            0.0757909033506          0.161182517298           -11.1824939557           21.7994278322            -46.4192548085           57.4753453949            20.0700377671            48.2468759731            -62.5494735799           -130.357225405           -164.453445666           -72.6061914633           -159.690869743           64.0811771806            62.302228986             -90.8196483304           -56.3419430096           -35.8751917126           -98.0301547426           160.777141582            
rwgt56                   1.52219757289            141.326074408            -0.147784692426          -161.56160597            0.510668654838           -0.0300755320346         0.272253410278           -2.16728677713           42.8171010708            -176.580606785           96.4426227858            -131.644756692           53.3779729521            -88.7840229747           115.813762348            73.574704286             -0.0166945005951         -0.115250315622          167.378950371            125.237308446            155.352552256            88.001779644             56.125118001             -23.1723121579           -115.519043731           123.140179623            176.178758803            112.535276107            -124.113448903           143.430178818            134.763609521            -156.445584691           -147.238694046           -44.5964894283           -122.666835232           151.068171602            
rwgt57                   0.516999516653           -128.982969577           0.168996444628           118.552522029            0.153291541873           -0.357131707312          -0.383137143337          -2.07712872369           35.6913503507            65.139430912             -17.1903414492           29.6461667005            71.1494499696            117.670399086            -91.2190509511           29.4360871664            -0.0777680471481         0.231924691744           109.756245743            114.40138003             92.5595561514            96.0714048388            -10.7966369              55.2834105847            -16.0131356824           107.034717739            -105.614351286           -105.83205276            -0.783000544297          141.389360951            -79.0793231106           131.504914209            -75.3498383566           172.837081164            90.5146868536            -1.88837804204           
rwgt58                   -0.752952929617          60.8731983352            -0.0282784541085         -83.7013542009           -1.38496493635           -0.489597074306          0.143480883625           -0.298463058253          -127.639128696           -34.6636876447           105.656241312            7.36585010314            4.45639564036            46.2899996526            -179.06452663            140.501663791            -0.0608816564863         0.336635884749           154.883676471            -166.265582026           -60.1746294237           -61.3303439041           77.8237956544            126.841657888            -94.7733945668           75.2939951534            -80.8227452744           83.2735028245            -129.047330016           106.916371285            -130.411169342           158.96283946             -158.329866755           18.1276669235            -97.3229958659           30.9394567565            
rwgt59                   1.85535927541            -154.069281467           -0.0026326013119         -145.463138758           -2.17725345786           -0.445073392462          1.1230412389             -0.138610638252          -163.13251317            -86.5159012921           145.095454979            -175.563375577           -119.140350877           47.2822301984            -66.9756658359           -13.7853852889           -0.0473956617629         -0.31307828726           -26.0987700895           43.9123911959            39.5307835669            105.836653104            27.4653837529            -9.94129236819           -97.9270644891           -65.6593188362           60.5686686992            143.420327413            -141.805076438           53.6328320399            -138.825755065           110.795836433            -171.393551875           -17.684866283            -122.969449163           -108.881904438           
rwgt60                   -2.58665549308           139.304853693            0.200436942641           -19.7405956991           0.461990138129           -0.0639081807279         -0.232416667114          1.26117199677            176.504802466            4.98282479629            88.0859346619            -60.53778082             58.4888240845            49.5708988549            37.7049091842            -61.053449192            -0.042848268245          -0.232377646488          -6.80774149664           -21.2647374055           -151.065950009           -62.2715310348           -176.122578403           148.40590817             126.436013621            -127.174933084           130.890500435            1.21696361725            59.160042579             138.315219039            148.940462757            158.84456126             -157.229723429           -16.6822368209           119.903110683            153.834557804            
rwgt61                   -1.79525595425           -92.9771361904           0.086603760648           49.9705492919            3.10718063397            -0.436358345302          0.216506371897           -2.12940302083           -141.888744972           96.634211776             66.264548804             -168.894456093           159.431495799            -163.078502923           96.7340104388            141.555288845            0.0288440901051          -0.154632617468          106.914769406            125.369460209            -153.31830875            77.8157328236            167.300232382            102.575607384            40.2760812598            -10.2789461939           -84.066738128            108.322039193            -17.9230816473           -60.1416000422           -6.34441043998           175.211747342            -60.7894669124           77.8105450499            -83.7699171097           -70.1891603562           
rwgt62                   -1.41405812576           71.1362339426            0.0533974287182          7.95002113402            1.76232666228            -0.145814668894          -0.277767230568          1.06747603308            -74.7820952911           -64.2701293794           -57.9046064629           -88.3066690259           -133.767169099           171.488123175            -159.325747417           -45.5069292438           -0.028108150348          0.0321523473289          66.8452578495            170.834710409            123.335020457            160.469027891            -10.8206317407           -126.118157193           59.4966764968            141.401105993            -7.53605552878           45.2683211239            150.105647742            -136.840746353           103.255121011            -36.3281779742           168.804832447            -30.3264059606           -91.8578451576           -136.138021626           
rwgt63                   2.09232277799            40.3773917751            -0.00119474968556        -28.0898099935           3.26860169218            -0.464779144804          1.05497432788            -2.03442604347           -167.246673057           -16.2884166942           161.123554677            105.069177867            -41.4803343963           66.9035731625            -97.5084552765           -43.5729792198           0.0546760105242          0.361648118145           -28.1990812856           93.559458095             -28.3608923035           -12.6014895468           151.567825905            -173.593322871           141.566553911            117.321762896            32.6792137286            70.7913173719            -152.143205039           -104.289688298           -30.2454672626           -139.575705418           116.594493163            -91.8281178485           -31.7108027709           -65.7368114996           
rwgt64                   2.5062877446             -179.66554037            -0.216760203548          96.6475847391            0.70007280863            0.412932555918           0.696698058576           -0.291756114568          -136.614077907           -43.5021991446           -38.9964864933           -108.583082654           -34.9543099261           -52.0203844927           97.1907863955            -140.293788191           0.0413278424673          -0.323155419572          -58.624614187            89.5816618602            -142.530217073           1.88255484294            56.2606666121            139.13924436             -111.815345994           -62.1240568279           -126.430398324           42.8406778627            172.182959045            91.9171055551            -104.602064202           112.378512537            24.2044921546            62.6264491957            2.51328398034            -150.16821401            
rwgt65                   0.839172208448           -104.934380805           -0.0789712646289         -79.4036004708           -2.09591362825           0.500038354651           0.125536701931           1.79683554113            -139.265760509           -66.0084866494           124.136602195            -34.7117173325           -125.571211306           -129.915253856           -132.685892294           -38.2162475113           -0.0136686713496         0.0824852692095          -173.448450417           -106.533453851           107.518018544            136.193022277            -0.0570278031442         -159.833902709           61.1731779966            84.3849755114            -81.9797837095           -74.1236767534           -157.034806018           16.1332241501            3.10975824295            171.248358894            -64.9435975754           122.447059697            -9.02230821722           177.202168685            
rwgt66                   -0.605998607298          -169.94320465            -0.199492758737          32.7529905918            -2.17831520924           -0.226273167601          -0.0747035480597         1.81006591894            87.2042658432            96.2331795412            168.777345713            147.440357748            90.6863685627            -29.7433284869           104.036289098            -158.943369266           0.0378249732082          -0.266076051015          23.5216018486            -39.0645582304           166.676583319            -129.125236526           112.305186367            -30.5421162746           158.260538528            -71.6081978021           57.8093170377            176.64754857             -38.7273705092           100.961214132            -27.1648375238           -156.791836578           -156.256441108           -21.6248664227           -30.3670023057           106.549163434            
rwgt67                   -1.50101985399           -70.0294535238           -0.199325016163          163.002664137            1.05752095496            -0.160255571616          -0.358850967456          -2.15486211445           -92.6601138293           19.1233732658            -153.189968907           -169.550577706           -25.1453702458           -177.067192793           -120.11364959            114.085479099            -0.0854561644293         -0.169863199014          -88.4739480725           -95.9496831873           28.0354199131            129.039600091            -33.9473855338           45.4498177401            -51.9399899054           -139.434398993           -104.524639946           -154.482774878           82.4782799162            75.339938861             -39.2106045769           15.0302388487            73.4905282879            -35.2438344279           -89.9905206087           -43.6422005508           
rwgt68                   0.640997309233           -53.7481377447           -0.218461986779          35.7054677128            -0.512558957395          -0.0343208419553         0.96946211406            1.75582090705            -62.9510276348           63.9787154669            145.456843469            7.93064063962            -56.0219648034           -28.3754633531           90.0430942414            -73.3364666711           -0.0344570103215         -0.0843980176924         -104.921025422           113.6719672              158.209805439            173.944010265            128.563848981            71.7330838387            81.6838642432            -11.557412907            -16.9077557881           179.412770258            -78.0922419885           61.6750037235            83.3163486301            -98.0263560702           127.221160594            133.089019914            155.134592113            164.937576389            
rwgt69                   2.15883465724            -61.4760583523           -0.0591776427341         -24.0212539329           3.65620547661            0.195846175489           0.866808747569           -0.151469604996          -84.6009989757           -15.7317422517           -133.220211765           45.4346628652            110.438571013            27.0428178571            -42.699214161            -104.721824355           -0.00951519499312        -0.28075714933           -27.943970402            176.060851379            35.8427591158            -12.1808539963           126.866401222            -102.418858909           -43.7449221859           92.0888327117            33.1281642427            -130.847220345           -65.0295929173           154.480563077            -6.93258020825           -89.053036821            -40.2015381451           59.1166029597            68.560002255             144.220168681            
rwgt70                   -0.484334227993          -78.133353645            0.00904987225299         83.101203917             -2.69875432961           0.136958234486           0.979071041259           -0.381233087762          -179.895369663           87.5484091446            50.6350667939            172.347926375            -79.6156143978           98.6635431881            174.733102201            -166.983797271           0.078220187448           0.0107218774581          -179.302672265           -7.69154484989           -113.273579689           158.112839573            115.074799351            -85.9422290994           -150.20550935            50.311207331             -147.04548491            -32.1240192119           120.354562707            -100.1398629             159.335647217            3.9437406009             155.416027544            -111.929452911           -3.1927044618            -118.415394104           
rwgt71                   -2.41995528443           32.6140654467            -0.181264557409          5.37628967848            -2.0069280416            -0.132998828675          -0.75750566269           -1.89392590603           151.387276596            -82.0961394149           -147.546219158           33.9026048595            -99.4366087753           -149.33208974            113.729110579            51.8280102786            0.085544291983           -0.00226766426649        73.3091650055            27.3773734518            4.947081119              37.0703832221            -159.182705368           144.733066097            -117.043358313           -35.6091553433           -155.526505649           99.3603907475            -173.506240083           -90.1489885861           65.8920063358            -13.0423378446           -156.737589388           -152.18851839            -7.63511247557           172.212197684            
rwgt72                   1.82147428142            -151.239488895           -0.131763415395          -156.565788367           -3.14231478199           -0.489505839257          -0.831202746992          0.98121499121            120.372400569            121.924283698            61.2548265669            -1.79556772836           141.981479206            8.9931411258             -100.684442829           133.178521265            0.0288203531581          -0.284144523668          136.653680316            -118.439007892           -139.70973365            131.857954474            -106.261863209           -153.628234297           -169.611709662           -166.684524056           -36.0365442248           -132.077169561           51.1089884894            22.1053262998            123.351314959            69.5185019021            -138.833021119           -14.2932768854           -2.47611458078           -119.376819346           
rwgt73                   -2.91523772139           -72.6485070817           -0.0475863867555         94.2185646493            -1.7898769729            -0.0675239808424         -0.365009067023          -2.21928984384           -50.4753816428           128.199986156            -87.4546505466           -170.365955048           16.2987936001            -39.4011942472           58.767670178             169.141558639            0.0752967197613          0.365427915461           -134.869596655           -25.7593736826           -6.42228033974           -74.389099037            28.1435968056            -42.1490496358           120.224992577            87.6730096702            -64.0070510146           175.206092606            100.567715495            43.8748358965            60.3094932915            -68.321896885            131.009311444            170.97237794             -115.005262437           168.860269804            
rwgt74                   1.37323452425            131.848346387            -0.16085830483           -116.076574834           -3.42399843683           -0.408188705115          1.10509902137            -2.25325421184           -121.037739467           -145.768486432           -179.995654848           -162.49588503            -129.680687655           -96.5643656932           -96.4526913234           85.9738815577            0.0642306285259          -0.162820120449          54.0351737166            78.6085168115            -131.312016107           109.939509957            -136.765498935           -109.884008554           90.5905724091            168.260046979            139.44939176             -77.8656758583           -22.0925002804           147.728738355            -22.6530554914           -144.8924497             -111.606066056           -91.9670253085           80.445003968             -4.33059924507           
rwgt75                   -1.918186598             -146.799291338           0.20702526968            -92.7083057303           -0.516501174701          0.389212891863           0.717692013838           -1.51059092272           50.827247443             144.582570096            138.872678356            164.784881353            96.1549013185            -5.26563668338           124.371713578            -115.830133181           0.000901833169996        0.246807177869           154.505106028            -129.83868812            -33.9228397567           -159.314516901           -25.3874789272           35.6216271211            114.700540524            -26.3279850458           18.4788567536            -160.630102939           -123.200271102           -110.692872574           -110.223999276           115.586516332            -48.310518149            36.8879739775            -101.772334467           -29.8283136652           
rwgt76                   -2.1982162614            142.680558489            -0.192493899725          142.987368067            -1.4210504241            -0.248630907437          0.589265940446           0.108954444285           88.2611403798            -99.1558392658           71.2082820192            46.3627065091            37.1792589718            -35.7067371227           69.6022141178            -178.233711156           -0.00206506732145        0.253400507701           -133.114248943           16.0976250261            -128.886013161           126.284394045            -46.7916019985           78.7370867726            -0.403624446107          -13.4217905889           63.4014371091            53.1327012439            -15.2844319772           -57.7980705432           158.314798048            -163.340445353           -59.3813797777           -151.91450372            -159.809084996           -103.666135037           
rwgt77                   -2.74071094073           -62.9125535542           0.0457344178376          -90.3873412182           0.911992382361           -0.418627833807          1.23742895529            -1.57543488071           50.0150962946            26.473671609             -35.0082248851           64.8498286795            55.3553733145            177.819620457            -136.996069635           -118.969473155           -0.0295813378309         -0.0171542011207         63.6552816566            -174.466633759           -25.9228043187           -161.256608161           -46.1301353429           -138.289263168           -116.101008713           -14.4929933451           169.992897769            115.044606585            -100.74431249            42.3396328615            161.885354788            122.285420639            172.948499073            -84.9214619898           -9.23220639278           35.0818797086            
rwgt78                   2.02323726619            39.3602533747            0.0195953598831          -123.973252623           -2.35199300635           -0.504061519509          0.887066791158           -1.65388176894           -132.042372789           -101.314767849           53.6687825476            -142.887026089           -174.440786943           -177.289763174           49.2273116932            -136.211123558           0.00546179864463         -0.0643790682589         -49.2388361691           165.211244987            62.9574206087            23.4842403549            -108.709443955           -130.895385239           163.705356406            -45.734705228            129.854309347            -131.546014753           77.6841700074            162.769207103            82.2341574112            110.236447089            -39.465813386            -148.719815366           105.383100778            -113.538427779           
rwgt79                   -0.0874164761147         -13.7230466206           -0.178567463054          -31.9135228063           3.06708936468            0.378166393664           0.214200990761           0.816343344603           -27.716586429            -149.506050943           -167.933526878           -68.9154225562           136.506184432            145.888157681            -82.4139929881           141.638285709            0.0173974496828          0.336106801788           -143.286840519           -66.2907871898           1.83855916497            43.5360577678            109.502553075            -9.89896846876           -130.892502888           -121.398160557           -126.257997894           -134.064211845           -85.0381956843           -158.730092093           -19.9146376937           -175.79338371            11.035614535             -21.7592372229           122.787290919            -136.745375501           
rwgt80                   0.438168640894           -18.771988265            0.0496938793204          -139.584589063           3.69283537594            0.296815239073           1.2087176042             1.23677655881            51.1395037231            102.21430736             -77.5011560043           -135.076882463           -26.2233932154           54.5983039043            -165.506494535           158.025278978            -0.0737806665603         0.0166761933888          136.398289996            17.1248839446            94.6364048734            6.48394348767            -143.304076766           -97.1868344987           -13.4874123569           170.344962919            -6.36979453402           29.4329392792            -69.8523360361           150.970498362            -31.8739881904           -77.3802976446           -114.88410627            -71.0899460055           -138.196670363           134.909515363            
rwgt81                   -2.00142558065           -75.2524766534           0.0405035472462          -49.4187748643           -1.69497812846           -0.164495269179          1.1049531744             -2.06580629342           1.94242463519            -114.019976704           -96.932283252            -1.45368568528           120.899452906            39.4957881692            76.0490024631            152.08828397             -0.0704596028972         0.173388331868           76.3864564499            101.566936314            -77.9760473071           -162.446125217           10.6565762145            153.281566718            -44.4618476409           133.277343055            -53.9391179867           -30.5725641324           -93.1183267805           -12.1368824682           86.2862567588            -88.1085001375           -148.446080023           -133.123083917           143.158022517            -20.3481948204           
rwgt82                   -0.557988972659          162.297576227            0.00925662802877         36.9783270877            -1.98851362919           0.487048012932           0.380047863102           1.77741069131            7.25204224898            -48.0335008912           -143.175322797           160.214470005            99.3020297638            74.5297668339            -44.2176842623           -7.12816853708           0.0162159457025          -0.320279579099          95.8410288329            -74.6363171666           87.435608082             -158.405281037           110.157155765            7.73336230034            95.5121404026            -42.9265148727           -17.5389369749           137.098936356            110.225153913            -162.451088149           34.1288037903            172.7028281              -42.6359961816           12.3875963313            -61.4322769221           123.840731172            
rwgt83                   -0.201703667888          -123.748752645           -0.0457985675379         -68.6585706379           -0.952929160311          -0.314795800089          0.737173595057           -0.170230470174          2.75092538414            34.8775033616            127.387596396            149.695224854            74.282122027             171.347198922            -121.677506329           -38.1029091875           0.0814438145073          -0.028066745587          -17.6595529264           165.06812276             0.468614514937           65.7948104641            -114.049450723           56.2807217805            60.7442442215            77.7048884987            169.352569637            -177.412856766           48.2722229288            -145.538931593           62.0368537746            -165.02781756            148.631737203            -150.162790118           -103.686433849           -64.6056022876           
rwgt84                   0.34484543233            -25.0150470686           0.0164264176643          93.4285697266            -3.07512804545           -0.143481940876          0.959577776145           -0.675168258994          30.8774380409            -2.5065343012            121.809707072            19.0199310556            -46.1175894828           109.498250262            130.014346042            -88.4580225874           -0.0584423886717         0.160796281266           168.31052517             20.742353858             -75.9494695341           120.645905488            65.3955040939            -92.9473384508           103.855975732            117.623803475            142.996038866            113.338533917            -139.463767135           -35.7095495182           92.998937823             -32.3330959583           151.297946681            60.8031187312            -124.054938948           -11.9287685841           
rwgt85                   -2.68806876952           77.7437884404            -0.0589504200988         -144.815981089           -3.53232019722           0.0133339441647          -0.181746653393          1.18327417059            14.9530738076            -40.3630911401           -26.5387550202           79.4204494443            -85.2192290259           -2.15959053672           106.755337947            -46.9005068042           -0.0429061546539         0.042985350407           70.5413432034            171.168728969            -140.033191356           -75.5319741728           118.843564981            165.478322017            -38.9519991101           153.954926524            -2.00888835806           -15.9403951216           -152.027525478           -0.0957459193457         -146.553101812           -9.11900297353           146.251143385            38.2851885869            -104.79435455            -50.5604916485           
rwgt86                   0.189796357499           49.2781225309            0.166178010826           53.7945015878            3.62314726466            -0.332547046879          -0.315727413854          1.64564789389            -100.375877903           145.495893626            89.6487787801            -10.4226552167           14.8088256544            -134.856079565           72.1371355254            92.1029437707            0.0453248023539          0.344946922622           -151.432555698           -27.9548837261           67.8516927243            -8.34737086246           40.2839007215            -168.525427706           -17.3928979535           -113.5051423             81.288570724             151.261896858            75.7635582474            -98.5500491561           162.052731435            -41.444182041            23.8125991472            97.7347880581            -137.042560782           124.648732511            
rwgt87                   -0.265926136115          -70.3002354063           -0.189217804582          -86.2762953587           2.20704831749            -0.107768360663          0.0148165082063          -1.28413839338           4.05141065353            -118.158757787           -105.61858108            14.9832085144            -75.2851020426           3.33159391128            -41.318428511            165.745321097            -0.0143183706477         0.0391474991295          106.332406172            -157.978019248           -5.76695883158           76.0324098734            27.152259801             -80.280617611            97.8638098878            -1.99070553105           -119.700825576           169.328343949            -128.463696651           -156.199839231           -69.4530957023           -33.8292373973           155.02979924             -130.354575804           73.1810180243            30.896003897             
rwgt88                   -0.152168897045          11.0147993405            -0.14361350347           -143.001154651           1.37369330953            0.295876993558           -0.203602750892          -1.04037153722           12.9545514819            110.278058103            -90.2459173155           -138.948800125           -134.887407398           -147.815408343           -48.2620124998           -48.2978879676           -0.0204137208159         -0.282303414796          -17.2532306052           71.0999023745            -168.766758717           -138.680355686           -67.3659577947           82.7015411692            133.065998724            88.4863998408            -40.5932391147           -109.452663877           100.308584616            -96.494689248            152.048320351            125.989703905            59.8856468735            159.872764858            62.7206673225            -117.755753072           
rwgt89                   -1.36304499543           136.812331778            -0.0960387094052         -126.636388126           -0.604761777165          0.0913736478747          0.0283828892186          0.986172483147           145.149367356            -137.942116314           15.9122047258            77.4044036021            169.57651528             -43.627245052            163.770171026            19.6943700949            -0.00443053447095        0.345080764427           -38.4277669435           165.303996534            -1.39027282931           109.823238041            -127.971444042           89.2898118975            -97.3154538062           -124.081724601           -34.1851149005           -98.327100846            8.00128290558            -47.3142792714           -145.869745021           -157.532704963           156.094577201            -87.3224024877           -103.708628318           -118.973459971           
rwgt90                   1.13090073267            174.371881914            0.143462971327           -93.6423986367           -3.69025046057           0.365328624333           -0.265521647899          -1.65562305287           -127.043574393           85.035661246             -177.737666227           -25.3899204433           -66.2848672481           93.6075878828            86.4871605476            -57.0327612149           0.0628789899082          0.241162300857           -121.031377964           -45.0433336891           92.5308779084            -118.350204489           -135.033049798           95.831104193             143.951682044            -62.407606434            -162.190432892           93.6110542373            52.7130545201            69.3368402125            -1.89092299798           24.4490991757            13.3276452611            39.1266045439            108.560641438            -5.76801764049           
rwgt91                   0.567763746512           -111.309697057           0.00206798454172         144.534781899            2.78573517545            0.450107524182           0.994376613812           -1.45226439763           -134.966111521           -129.746387249           51.2975159423            64.0242058533            -40.7778090496           126.838686992            55.3589477835            69.7531541136            0.0429811801354          0.00624958466737         -3.9650242607            -151.19561366            25.2702075899            9.06369735665            125.219437573            30.7968312167            -138.131980332           152.827617964            129.581197077            -174.1023332             -125.217111439           -48.0582322944           174.666601497            163.533639303            161.274226658            2.90758218555            100.594999985            -133.54995172            
rwgt92                   -1.2243072676            -34.1180712582           0.140252554216           -102.699727892           -3.6372402731            0.0897868474003          1.16934721711            -2.16432541858           170.31121888             -124.448422066           -149.945410575           164.656455375            -102.589684073           -179.093625489           -179.11492777            23.43808691              0.0378339925092          -0.225544548554          44.9203688378            44.8878548524            -47.2079017076           5.25794851001            -86.3252871833           129.921333014            -96.7164557688           -25.700417627            83.6277176873            -153.749929638           73.7341569923            -154.315269898           -160.180465896           -18.8054277881           -40.8956659233           -91.0042297657           5.62559013675            129.263891529            
rwgt93                   0.279633961441           -177.1885018             0.1310010865             -64.2868943759           1.08346300248            0.449208179619           0.670105491454           0.279455425008           -8.74187221209           -55.0192978527           -89.5974009121           -168.580818693           -73.3334571796           99.1876963735            136.854464544            -124.494959323           -0.00786261715071        -0.311927033801          -23.9337328901           -1.26461049563           148.898260506            -49.2533775861           -147.816222508           -26.4868017645           -19.1328024386           162.620971936            83.3212251505            53.4294296428            -46.1227146943           140.511879633            0.90802198735            -140.012475806           -149.689085497           -134.035305379           -112.112117117           46.2214550775            
rwgt94                   -1.27753635267           -155.830617034           0.00674404404699         33.4391924088            1.86667781218            -0.112501400296          -0.41232786769           -1.73739573248           28.5678411442            -166.065012736           -143.867757017           28.4070713539            150.688768549            35.5530354388            122.446493742            -66.2613912647           -0.0647521498367         0.252816749434           -57.4996016353           160.226304049            136.627377092            -177.602387972           26.8242216121            172.089640713            166.300542959            142.266232747            54.8066749639            161.373522348            24.801521445             -110.150007406           -102.17573273            -2.28575829908           58.4358340631            -38.5720332602           -11.524158144            101.93287332             
rwgt95                   -2.75468433702           70.1709173157            0.128937066676           85.4012039455            -1.07071786683           -0.277393298425          0.743845118699           1.5310102853             119.24179461             -36.7304739418           -52.5799681112           133.785397675            10.600073358             -153.255530361           -11.8099099523           -59.2195612077           0.0625205234095          0.343775217583           -92.9873608987           -17.5361326118           144.061261059            -7.01919811631           28.3822100263            25.0315828748            69.1844296576            142.099048924            104.259993272            61.2836931057            -160.240208132           20.2660729094            4.56171721953            -78.9498275689           124.720334241            2.530586641              78.7557464768            -103.156859434           
rwgt96                   -0.346672934356          87.1903141753            0.175008910605           -17.538331732            -2.76317985135           -0.208553146003          1.02411906196            1.70252906164            -115.330665004           -178.989487499           -113.693424233           -62.7116805596           70.1871631877            31.3696062658            -37.2702518694           52.6898040941            -0.0867382047153         -0.0138283273431         130.87043465             47.9000859028            82.78007568              -102.593621915           90.9067730286            -149.345353767           -67.3739608669           -95.2057790379           -20.8807339326           -172.218745757           -98.6563229508           71.4210470573            -128.667616244           50.6714844198            -23.4851583515           -159.346126443           -83.6054376358           29.0438340892            
rwgt97                   2.05514098112            -35.5787778219           -0.215313819407          87.2247384296            -3.05195213711           0.327127176656           0.110093068858           -1.9197798182            -123.157717669           124.993962278            -25.8431638184           -172.735955678           145.402242312            -3.91303733046           -70.28167899             57.9573700877            -0.0696140692067         -0.301901914414          -39.075844508            21.2592901738            -108.817161255           128.97702154             165.885402576            43.7207371285            -33.2500045124           -155.230002858           76.9501336483            20.0233218356            173.884934853            -77.1363903321           -102.265189115           -106.477039898           170.948213935            168.731497675            -17.1734672295           16.0922932876            
rwgt98                   0.0762834113869          140.594765106            0.22744674929            6.79149094923            1.40969350253            0.0114516477129          0.960137017698           -2.26540360664           25.2327688883            98.3734879842            178.759531586            142.063173531            130.762214246            39.2684264087            -111.042599125           -40.1104772624           0.00132752511096         0.351725660834           -104.736873236           -173.424071532           -5.72616471128           -9.60461352642           82.8956213611            -167.479800861           23.651827536             179.614863878            7.48820476074            64.6488747746            -19.6380432648           54.2341983285            -135.564061225           102.164535452            -145.125139412           -152.929086814           -29.8208674406           88.614840106             
rwgt99                   1.54799826063            26.2425271261            -0.192631897312          -11.3791715025           0.0723138378696          0.344904908048           0.854381523673           -0.100282815832          -98.8920677603           -53.4292190228           -153.419766001           -141.216608361           -131.791761894           -70.2068487229           141.544251888            -17.7100162439           -0.017835541148          -0.107579121053          -48.7996712256           133.515989369            120.244353723            -82.481783369            50.4060592627            82.5574906419            -153.332380764           -99.8500803365           36.5534068657            122.400616236            27.1540751637            -60.4349554159           136.493256372            -145.775398064           -77.4201178809           57.1714106251            45.8930895218            -71.2046745177           
rwgt100                  2.90272878631            -55.1350219149           0.0493757892938          -47.4913360469           0.591052860578           0.170686721676           -1.03431996773           0.462624015649           -125.743475042           -22.9204545885           -7.65559346875           -171.56234351            44.3889455838            161.321542631            25.1976328983            118.156464846            0.0421665022382          0.0782336693943          108.370758239            25.0564684853            44.0633235493            40.2150091234            -33.0899511926           -149.379286188           -144.393771625           113.365054202            -118.396527511           106.478960327            -37.5017219298           -38.4678295734           20.4075114212            18.657326211             46.3777918798            43.4973483429            -112.327354556           157.512101386            
rwgt101                  2.76591024562            -152.622430877           -0.141708032203          -142.515951601           0.0230733415451          -0.367303138346          -1.18636790149           2.28143662858            -47.2644791612           -143.598134925           -114.16380911            -10.0940588273           161.772810866            9.55706034262            148.002568642            -145.619496593           0.0753940584275          0.192546103339           97.2654520295            -13.7338650185           123.113015541            49.2835039064            -55.2045808519           52.4363285205            -124.605128007           99.1175927911            -89.5461298987           -172.074963104           -161.097394405           74.5498103621            -96.54699236             -86.9781152542           -155.792885885           125.13968455             100.606251328            49.6364243029            
rwgt102                  -2.91546566767           150.986591438            -0.185563973108          -66.607861572            2.6449183689             -0.143493984762          -0.00973655813682        -1.97764363814           -0.942140180145          -175.915660083           83.9377748614            74.4556095927            -64.6191214818           25.403751174             -29.0420398802           -152.361346543           -0.0532479741387         -0.368236923615          63.9940335061            120.059434609            130.447397193            130.824458508            28.6738357092            -71.2603072021           54.5078287305            169.988277637            -107.3351638             -54.2579744383           166.741958263            51.4487729068            90.7508222803            -9.13635156014           10.9420992574            73.8349499807            -94.5059513687           104.150998891            
rwgt103                  1.95706543913            -175.703434177           -0.130227342919          167.365900133            2.6626547483             -0.200647304201          0.165141947225           1.68680413711            -144.918376219           -160.384518402           65.1935010788            -48.7725214833           84.8979621687            -96.7571565666           -128.405920552           -85.3174709879           0.0534159981992          -0.253190503911          138.113719159            -15.782412975            -66.1534264625           -157.917699976           -127.165489199           -46.2810887626           178.300897141            -62.2342032643           15.9497124742            8.40622068471            -40.7315624502           -173.893788048           130.548499653            -48.216237675            -39.1705151403           87.3248229438            43.0037782056            -139.778779739           
rwgt104                  -2.60806776762           -107.433016679           -0.199549593155          75.4758072403            -3.56049485362           -0.422477049224          0.352752162957           0.399930495723           -179.823540919           -29.8469288879           6.59775173064            -75.7751839733           -161.996388564           -52.4566444538           -142.502446551           166.77201027             0.0846812682584          0.1938242224             -178.106743135           137.860623107            18.403772548             -98.7846101087           42.9480089992            143.463663108            -85.6034471607           -67.3850612807           -95.7014793415           -72.2889781001           -142.265493039           64.568877869             -73.1970614733           -101.878785114           -151.524612421           175.851107367            -31.6920126565           -101.611911985           
rwgt105                  1.65450370136            57.4132504538            -0.0275287590255         104.748884769            -3.03755715407           0.415818662683           1.10342895063            -1.15752777826           18.1879511753            126.283435496            148.546910676            61.7174253901            -137.262273507           -159.040691077           106.553200331            46.4725504797            0.0272889923405          -0.119646189849          -125.144023589           178.979647862            -122.49635714            -32.4027957054           17.5071730874            -92.6377424028           -117.922865452           144.879843739            140.96867963             -67.4543758862           -75.9283548451           85.1215067174            -11.3509181506           137.361885435            5.27679954454            -168.572015345           170.654691237            141.054010797            
rwgt106                  -2.35648460742           171.788209058            0.0242800512248          -8.41029814966           -0.230167558234          0.28776790581            -0.858629347952          1.14696107692            -109.846091298           -66.4886485185           103.643334192            148.837766527            65.5819547062            59.8742122301            -158.546833594           11.9071027179            0.0107802841994          -0.207187272792          67.6855548698            10.4643132042            -104.763323034           70.6447452517            28.5436993582            78.782446976             -160.816032352           85.6229393826            89.7133617901            66.0975792279            89.1636236344            34.6694446934            110.088058578            151.30193916             28.3213526324            40.4378413201            138.615100404            143.203356213            
rwgt107                  -1.5947110516            -0.695935487765          -0.20390422369           -137.649894689           -2.18781577759           0.0882991175884          -0.591195834789          0.386411299107           -80.4253917221           -25.0851680842           -5.6827293397            88.1511183837            95.2176758219            -97.4539762632           -56.3791959902           32.122017241             0.0503543161957          -0.0660074777731         -52.9208152655           0.762559284414           -165.75456727            -118.437376029           -28.6195949393           115.79094925             -130.772796598           173.078719181            -100.256361586           -108.931347258           -81.4476906594           6.16198644306            -149.03969724            170.991704995            12.4726251716            166.113375099            159.278895422            -47.1410453774           
rwgt108                  2.87909582382            -28.5591144654           -0.0405231667913         109.022507172            -2.4629998431            0.13106995245            0.5936154859             0.746697330201           -30.0145267995           148.293749259            7.04575980551            66.7171556488            -49.9396740755           176.663659014            -70.2601633844           108.263154329            -0.0101807579396         0.246418093707           -46.1868553114           -172.14541881            94.9372288352            66.674237365             -59.4637898309           -147.423085337           -40.467893982            -151.500916828           161.782786525            97.0366684113            111.290916292            -74.2781186141           -83.1323070903           -52.1868758718           -70.99993199             -128.851791326           -33.5232775326           27.6948839971            
rwgt109                  2.7485425816             150.873872505            0.0611199428658          13.0559023674            -3.04279666412           -0.515478023707          0.708108601787           -2.41205461923           167.321208004            52.9184467034            165.851372671            148.598082405            -54.0898827558           -123.606211445           36.6589727268            41.2958709815            -0.0171035526671         0.347454062411           106.671780628            -71.5684163278           -43.6829904755           120.740966707            49.9401060834            -118.123148752           -2.91369090956           -99.6496153071           145.007387726            -118.439772331           124.642128232            74.4772511423            12.1847034796            -101.072209465           -78.1781595294           -176.179828976           -91.6764959474           -179.324628353           
rwgt110                  2.87415989188            -82.4181808732           0.129738098126           56.7925305186            -0.259736221338          -0.421172301308          0.473334589178           1.08372098794            -166.802229569           119.917625945            147.136078672            -99.4342610173           75.0063318716            163.595986236            -176.021773494           -76.3346492573           0.0629793678617          -0.2513794241            -65.7273917899           -162.814466116           39.0394236495            -110.69358868            -87.4511610367           31.6044643056            44.5029223744            -22.8709122804           -136.852616615           52.6413011783            -102.281997238           95.396367954             61.7045214786            152.694435544            -17.2520818502           170.485055671            -119.166259293           70.9195746339            
rwgt111                  0.430564835957           -53.8793957758           0.0894291552759          -97.2332674429           -1.80111025307           0.320934777405           -1.002817717             -1.5070014171            -2.96551542218           168.729980678            7.0780187822             67.1127715909            -18.8401513302           -23.8673565222           81.7385134259            -105.649558261           0.0799500391094          0.0676677366765          93.3269615235            -139.595047894           16.3232197672            71.5678334606            -94.4685229752           126.052263872            135.243813784            84.1751833792            129.44794075             -134.47693285            -86.6489242974           -148.600604653           -68.0155525187           -146.153878806           -61.1341686379           133.818231654            11.4659309247            -136.426345336           
rwgt112                  2.8213518971             67.9433670491            -0.0428368231561         89.67998534              3.69634846532            0.147776069219           -0.75263353903           2.38478791488            175.705243378            69.0368194241            8.87158143175            26.8395694646            -77.2584301361           60.2508454393            53.8434452712            48.0336095947            -0.0831087059516         -0.206752946069          -174.344406045           -123.031371682           -38.9595743499           112.000753074            175.046072993            -157.542993882           -154.311500622           78.3977074187            142.301162269            54.697177775             139.113280971            157.569665983            -137.25813293            67.7572705734            -57.2709745888           59.2201277438            -170.389662466           -75.5990801462           
rwgt113                  0.918006335916           148.633068999            0.0114299768371          27.293205616             1.84065239417            0.239086285594           0.813266771465           0.894981096786           -124.179758236           -86.2885166095           -70.2825168653           -83.3514932376           34.8145324351            -137.333319798           -5.38173688759           144.194418222            -0.0670701889621         -0.122055801779          3.42508738216            102.425263553            -62.6516653684           28.768709556             47.7362639748            -129.944644347           -42.7212368292           -71.0936935679           123.412515712            87.2691577994            77.2425885075            -75.1006255783           -27.7322577506           177.16182145             -17.8942958745           -129.92748155            -63.6053709774           -121.406755382           
rwgt114                  2.48316160938            146.519583492            -0.0517637653622         -176.66609458            2.74949275587            -0.321143633333          -0.109782700797          -0.804935052524          -151.840921712           168.374388801            58.349403241             29.84415309              -111.931475699           60.5571110437            12.5113711287            -60.2825033012           0.0314810898619          -0.201076054828          30.2911313724            49.5087498955            61.3785242548            -118.429288038           142.238405794            142.384805164            64.5333844093            -30.9752788096           -170.72126782            -20.5145026106           31.1327988697            -34.979893044            -149.765468901           141.115294899            -14.8238230134           -146.151021819           -108.543316499           -39.3175576638           
rwgt115                  -1.95834690164           -91.603921891            -0.129554654444          -20.6436113145           3.55896734965            0.304469216408           1.1606339664             -2.02425224961           -120.984593846           -20.7784785789           101.708700507            -173.500692202           -80.8821419594           176.129755342            108.251595445            -38.2040577965           0.0796784583224          -0.0702100191049         -91.7969789327           37.9671475327            33.4554573026            14.0874513022            121.550625428            -40.8381103853           68.9021796296            83.8999181132            -176.071059836           -135.132582323           77.1269595566            3.60330212558            6.47025292283            -80.4138544315           -26.930675993            -91.4364475137           43.3528344368            -80.0000707469           
rwgt116                  -2.70982683688           115.039437382            -0.0330271357855         68.3696043963            2.818550623              0.445583132639           0.31055533198            -1.79287982653           100.605733517            -107.460637399           -72.3922670507           131.542157589            116.303997541            21.7596228615            -43.1110991632           87.3610690431            -0.0669121942369         0.156933900923           -92.2449344114           -152.335126024           -76.3112816088           -160.415408375           -42.7756095277           9.41479529544            83.6071811687            137.446808437            103.386314831            -173.117933732           28.524101818             102.771897716            58.4418293477            -106.420111391           -145.611664565           -139.03640118            170.383064385            68.2609390919            
rwgt117                  -1.34397743909           -154.942383669           -0.0315746925586         -54.886414231            -1.09125019976           0.0214422936733          -0.383971416599          1.01796614972            167.238048474            48.8714729877            -72.6555007052           -65.143144271            84.019166712             90.4066840233            -33.3765096811           157.96182908             0.084666168105           0.0657848861437          -73.5441322766           138.818930546            124.733498648            -74.3570634419           36.6987509952            22.3071843333            -113.862008116           -166.084981829           69.6211247696            -93.9415188159           122.562845241            72.0592927188            26.1660567099            88.815369221             -89.7067002044           -51.3922871382           -108.364597708           -139.111698151           
rwgt118                  -0.615482582405          -118.880954498           -0.0206187802918         48.5652401005            3.68765103048            0.239260741858           -0.485027917415          0.149140798099           -34.8412239955           -1.78358074175           66.4199775269            -103.421557814           -83.3697982713           -38.5775561812           87.0548692735            -132.68789206            0.0156184421679          0.211318587529           -75.2821711134           -55.7736487627           169.762167015            147.136305026            -71.5314719081           -171.109847634           90.1874719076            -22.5595425435           112.247802612            11.5567813006            -132.9409666             -169.767150822           28.2461282947            8.46069670704            -116.279367051           -88.0410132182           -111.846509788           135.331533658            
rwgt119                  1.01125427635            173.693025552            0.147886179517           -131.555285837           0.841353265071           -0.182991278755          0.570961557865           -1.56392255983           -170.135326442           -47.8803283308           -32.3202214914           158.168839609            49.4065755432            -165.692873238           -4.06775821402           -142.094910801           0.00583988663432         -0.111742996577          168.114025995            -13.9519532619           59.2188860894            -18.0300544791           -3.1837522812            -100.238110077           36.9769125054            -155.487028942           -108.89690453            -146.687400553           166.640028779            -42.3969738136           42.8188649068            103.477713349            -142.349010199           -95.8092563759           104.346136432            -88.3646309422           
rwgt120                  -2.35354079422           -141.787297579           0.0522270536622          58.6152283085            -0.882684496485          -0.0303870836197         0.118418058168           1.86780147482            77.8323893427            -130.52608603            -93.087783344            -27.5220884753           5.91121990113            -89.6693896743           53.4011905008            151.260084516            0.0173561716937          0.218633575673           -139.839032841           153.334133583            48.5577797812            -73.8205753894           -138.439574878           -72.5482233891           3.45682491714            -46.6907068019           47.3163484603            -37.4495391523           20.5782123381            136.935557029            -131.7909757             43.5694133524            45.5715063924            150.513635842            -154.97686577            -41.756871319            
rwgt121                  -1.93360794481           -106.88603436            0.0945895793058          -179.105585966           2.1479227215             0.510464712631           -0.24186740078           -0.0196604514906         -60.0328099414           15.8178026197            -88.9268553278           -175.117241519           -70.0837964208           -15.8263732026           58.8647637204            -2.36848411936           -0.00487802167979        -0.275657379699          112.517992028            21.0101140555            -109.401129599           -61.9766904827           155.638927185            -79.8203001141           121.182032661            95.5730212262            76.8415292906            -62.5388565897           -32.0296650272           -42.5732734078           74.9448491147            -104.404345894           -179.535566733           72.6852936011            -179.231220295           151.852650367            
rwgt122                  1.44642872319            -127.721850013           0.0328783728759          54.0637901903            1.56408472533            -0.323896290308          -0.291799591952          -0.452483035884          105.830120517            164.741537539            157.936319497            82.3797805622            112.911786732            -12.1191938464           -177.468322336           92.2408922198            -0.0458684356723         -0.0376205466911         -68.0592531056           110.474039138            -87.0878634238           161.349042094            42.3553859371            -53.5596874625           84.4254772628            166.054446493            16.8011781766            -119.542616389           -79.2705629586           60.2773294196            -157.030963121           -160.27329139            -43.315717976            138.882648895            -1.93479653817           166.243638349            
rwgt123                  -0.0630705764589         84.7568801561            -0.193893109669          -82.63408657             2.47249207959            -0.313716733263          0.145381684981           -0.508339127974          -50.8257523174           150.726248831            -73.6505393132           58.9462118968            -77.370021621            -31.6691290448           -57.6256548826           -116.69167146            0.0759339799521          -0.2409111919            18.3616563957            16.1379347502            132.430613526            26.4492362026            32.7649402978            -178.074633873           -73.3962991173           -166.678726707           114.119803436            92.7119026659            -36.753489392            -92.426256342            -131.292965484           -131.688367022           150.810291772            11.8428285314            164.397899597            10.9929390292            
rwgt124                  1.68642761422            13.5450604299            -0.0804896568816         124.099116115            -1.69916284426           0.388030845379           0.367794301067           -0.677618132003          -85.4363318171           -79.3394838567           -163.371577282           19.7405247752            128.540718523            126.475573576            2.40732701407            -49.0431840885           0.0212349813734          -0.226105562014          146.422009294            -74.0577001447           -42.6523697903           -68.1387813966           -86.8385015325           -172.878381371           -60.027446975            -132.751682297           -16.8890722037           51.3265466221            155.426643496            34.66559961              143.046452653            136.447096015            -71.1807761167           -63.5368540832           -160.611671086           26.5697604474            
rwgt125                  2.14115410627            92.6203627516            0.0624630739365          -29.0782865645           -2.34319713404           0.0955754823702          -0.000323291217891       -0.378458857094          73.2558582936            3.96382732178            -112.641593599           116.49167886             -47.4528380064           -65.2488178232           77.2876917375            13.6668906492            0.0429065831674          -0.241394868513          -30.3045674474           103.223982554            171.99945593             136.538121638            -29.3952608567           119.157354465            -127.723193924           -49.8355132948           -86.7051967225           66.3834304352            179.830272954            120.37329216             40.2316286933            89.4051999372            -126.324484543           154.648603513            179.18942051             -118.588288347           
rwgt126                  2.49460521527            -11.6152875687           -0.116764280556          140.444096207            0.343053977741           -0.0652376868457         -0.738328751943          1.79691565528            -39.0288203515           -120.661945441           -21.0048936154           70.6439262865            149.49340892             -62.099351283            -16.260283197            111.075709323            -0.0239609206803         -0.10550101979           -49.5951675098           -150.747914658           56.6380126024            90.7176588287            7.07309359109            -70.3869784811           33.2219860441            170.556957608            -98.579667149            -102.378115846           -89.9641335375           -87.1340727124           39.4850254839            -70.3423028053           29.9292691883            162.482557265            -72.184232034            145.889535081            
rwgt127                  0.967872007719           83.8862056096            0.0608633052441          88.4943032396            0.0156783898467          -0.189381311036          -0.672301563528          -1.39687857622           -36.1853453328           -69.7819452267           -46.7913520318           73.8816823093            9.27870716945            57.8804686706            67.988384227             -167.171556759           -0.0655321229998         0.127405019625           7.07752442067            -89.9661931606           18.9140561183            61.8576784657            -32.9981742976           112.958870227            -12.8512963696           -23.4742944319           -167.596824975           161.457765946            -61.314436698            79.3534234067            -84.9553571319           64.3256236116            -137.775475131           154.937717478            170.317115721            118.766699313            
rwgt128                  0.226018224881           -80.1110409263           -0.20038675589           -46.0212757856           2.98336144626            -0.234539105644          -0.538939806052          -0.202737680922          173.856106407            -54.5214729742           -73.1490233895           93.5696489426            131.580687004            -18.0487893943           -146.567704996           -60.2902670199           -0.0519466458775         0.0356690787951          49.4845892805            77.2355516557            -50.7428056999           -154.916814237           -90.2493710183           -85.3960155006           -164.452731971           177.702384559            34.555388427             121.401911379            24.7676121105            52.546289199             128.319993093            -89.4473402931           18.5609332237            -5.33965001956           30.2463600705            -156.587128397           
rwgt129                  1.62117835061            -20.5553520212           -0.180448767457          -157.926517963           -1.9857339601            0.041812169437           0.688586096676           -2.42590414463           -4.61757589852           21.75490431              -58.9988634967           56.2923460373            -76.5219202784           123.873703136            56.0228327553            96.9872981603            -0.0466847087795         -0.113374128135          -169.356309375           100.373351964            -71.8736043123           -19.4103379667           111.922538529            93.0994663205            36.6955680527            47.5242235742            -160.17304946            138.698661502            169.640643741            -99.2625477486           5.51976032134            62.5028785094            112.756568944            37.9064026885            -164.341862839           53.3235113908            
rwgt130                  -1.91044301607           111.961193072            0.0849406792491          -106.620976207           3.56390997656            -0.401625499648          -0.654388569622          -1.08375929621           3.4946539679             44.4540400008            105.401376607            -78.7192253279           160.401586283            -75.5231647733           -73.8788656064           -92.883335047            0.0165353859719          0.281318255875           -94.4104175432           124.185774319            -124.555469244           -59.734590065            -22.2255044494           -59.1663157579           -97.7924820596           44.2697974036            -103.762188295           -51.6656901215           70.4091690961            92.7041771119            -9.29227615922           -23.3194482313           81.7145124679            -112.668619652           44.7440171495            -73.8594897411           
rwgt131                  -1.97141318894           104.776531448            -0.0308418638486         -14.7393721137           2.47058346098            -0.326039748101          0.930669551893           0.139224483429           28.6818973748            127.441283671            91.5659205317            162.542130171            8.00706765858            -146.553164385           42.3321952874            -141.323731383           -0.0680485707099         -0.280466102425          13.831476421             -129.035845322           63.0420448199            -19.4640861183           -163.550213207           -41.7273301155           96.6407842693            -83.4960185668           -56.7667957027           162.909282977            62.4368545562            -153.861895644           32.2957382574            88.9371784079            -88.3632228776           -110.029049595           88.3829189125            160.518460436            
rwgt132                  -1.06809553881           26.6528622576            0.106650054963           79.3498821626            -2.92719972773           -0.488867321188          1.15171949966            -2.42984633523           -35.3611793855           -82.9374247364           -72.7054722189           -114.699419018           -112.195403363           43.8512997871            -157.357131281           102.325815687            -0.0329461993489         0.0256676157041          54.5464172968            -121.845279686           -127.920025279           -123.054440501           -38.9935446503           118.688276881            130.71553711             -40.9910753516           -97.3611177451           162.457522475            -71.7681971449           157.369344451            117.226210518            -173.744430771           140.002325512            -130.7410269             -8.72116734033           -54.0073182451           
rwgt133                  2.26279704618            107.207519128            -0.088678578049          22.5719240846            3.68843087851            0.185915067282           0.369125782786           2.30567603717            122.5807836              -19.6058905132           -11.9620177423           14.1722165654            116.659315912            -84.4396660808           69.3298216795            78.2761149643            -0.00607272426451        -0.00527823996398        133.266171955            124.613087474            158.098856613            -167.016543199           -95.9320874618           14.1396678302            -104.532893478           -41.1824689229           174.164466176            -171.595036064           33.7152492279            -168.57350885            150.674718454            -133.245497188           123.557740991            6.41910984627            92.9232371697            -27.1125255832           
rwgt134                  1.28409590706            172.81592595             0.233069681283           -97.7288522612           1.99272954062            -0.141025182836          0.408081905931           2.17582419474            -70.9521956829           154.797243663            -158.952092918           -129.781504899           28.5971692318            40.6718484809            -33.8505140831           -127.698710931           -0.0310311179748         0.363300975705           -144.703493721           100.77777303             -91.5071675398           -68.9234249652           8.35073479891            -35.0374648012           -20.2766684431           150.381106326            -88.2213217589           -107.083162808           -139.811822475           109.083396413            75.0452401436            -105.680912715           -113.402034193           -72.6451153581           39.0568199374            -28.649345047            
rwgt135                  -0.666830563216          -77.4043944084           -0.131190496777          90.039531567             2.95867934469            -0.453279272592          -0.0096126598592         1.94401595439            -156.809352147           -122.738373718           -77.7854029112           148.641582418            -107.508651029           120.262783562            13.0255974482            -86.0445779305           0.0552564953018          0.345678121593           97.8736411177            17.0449212378            12.593683187             167.555211373            59.2703339656            8.18402021947            147.473150275            85.7400881022            -109.858928164           44.2725619452            -166.714967185           -86.6229522247           -173.203942386           -64.4928673745           0.282885516188           -107.703326758           77.7253899593            1.7297723608             
rwgt136                  1.21461275239            -57.7889016364           0.075402071855           171.2916367              -2.55811358824           0.327238588598           0.380386974157           0.40241520945            -133.398551703           -42.0176314177           9.69899607449            -152.166112721           61.2874126681            117.253335382            130.498115719            -79.1973163002           0.0095829568801          0.306957285567           -25.135125027            161.993812074            138.542246924            -2.87306889626           96.9594941573            72.6078636728            121.794748754            -95.2761473338           -69.7226246553           -27.7242658126           57.5502089674            -25.9302117528           -141.8395819             -125.492506308           50.950661202             149.889718241            2.80168944439            -105.309634525           
rwgt137                  -0.588542715109          -144.094407685           -0.0604774265604         -87.2083416278           0.983528791074           -0.149395511412          -0.902525796674          -1.8360193599            -9.80246814388           -79.79431945             162.795808521            -144.430128437           -108.119589016           -74.5563132622           136.79038451             28.2423898512            0.0239599636562          -0.206522644149          -175.369051516           93.7642396619            -62.216304852            173.048240665            35.3880755024            -176.24512344            113.295923106            177.949676188            81.6191502664            117.679720351            -168.625108823           166.518610155            40.3787436894            -76.6955320562           -155.081237968           -16.9735677631           -99.4942872422           50.0776694806            
rwgt138                  1.9345707659             143.186268489            0.164969870188           6.48438363517            0.367683726069           -0.0885452171923         0.910987407348           0.172413552132           -25.8874893499           -71.531476713            -45.4502052986           41.6196525705            100.854775227            96.1267095096            178.455999091            -90.7405615208           0.00370672039979         -0.175612542281          31.8992001889            -3.86975576494           138.182614381            -30.6426405962           86.9909435114            -37.1172052947           -123.59994161            -41.5712738509           -143.407468767           145.581665882            53.9026304661            43.3749164311            19.9803684609            -131.104692951           45.2370731435            -24.5487589666           174.039184449            114.723904769            
rwgt139                  0.509257090214           -59.6392649387           0.08478459819            133.557229054            0.45981838863            0.328214224504           0.2344342629             1.60247195155            91.9069704778            -105.722777517           115.725111438            -92.813998919            -100.399111625           -127.555689738           -172.354948917           12.7655333942            0.0382306187554          0.267783965742           62.3321853235            -62.1127467905           108.803290584            72.2949075008            161.377123508            106.386828096            13.5206062986            -151.46112841            159.884281828            68.0128570643            98.0519147323            147.764922132            -54.4929512376           -21.43035933             -7.33310524308           -151.317162022           144.738190036            90.8067879761            
rwgt140                  2.47322203719            1.20817762769            0.0956347849765          -58.0081507598           -0.679355128016          -0.364338398427          1.16760663332            -0.566524940319          16.9303901937            105.979016313            160.476520243            -6.53335175849           56.9043971986            61.4445871394            37.2635378245            -146.000138324           -0.0619993410469         -0.0669711241922         89.4547686322            -173.413984652           -153.976074299           27.226464456             -73.7872406754           -107.588296876           -142.421705508           -28.5425384139           52.3902806474            -39.1822774018           -113.834112528           -13.192012269            -116.965952331           -107.02143627            114.472321873            -102.415718814           -72.1292440253           -117.727401616           
rwgt141                  1.211020629              86.3903137395            0.0527061167644          156.154247112            2.94046894939            0.0767687807762          1.23830827941            1.89566587691            -137.873752118           39.5594913655            -148.78708669            -82.8368824703           -69.6096205711           -65.8618039131           -59.6598065625           62.2840197575            0.0548059519171          0.126177484808           -14.5540216789           36.4985654783            -17.5583955073           22.4738920788            -15.0504717191           2.77395473102            58.7618987282            167.929123014            12.5065445365            -26.5422228958           -121.623516857           145.88187974             -73.5514261583           -15.5486732015           -123.440439498           150.783853549            66.9887882422            125.306473985            
rwgt142                  -2.81805430798           117.979372877            -0.0713340304848         -74.2823380558           1.08150299056            -0.431483277116          0.910815909938           0.784849462322           169.981309178            158.954045182            69.4599247459            -172.634413361           32.1017173025            74.0690131388            35.4032575433            -1.64783747786           0.0504794535925          0.187659329389           -26.4162828388           -57.8407003806           -148.76316438            -56.7593533443           80.8202109575            80.1043693046            141.931484097            44.8283029561            179.558954835            115.752176758            -32.0981267895           -62.9251157925           -148.500972961           -57.2847156387           -52.4152130554           56.3675984133            59.7754473804            3.58281621386            
rwgt143                  -0.676710841168          94.83254899              -0.186879943905          -108.655219636           -1.30347252973           0.286769806119           -0.142146038901          2.01060635225            -81.9140824523           -15.8126463556           -166.997925204           53.284053274             -159.39173009            55.4216951546            -129.592509046           -128.204732837           -0.016929383452          -0.0772290120144         14.0327001922            -62.5729592471           -146.759555057           19.0350765551            90.0218898515            -10.0648518995           -173.546805699           -68.5406846859           -65.5903400908           -28.7196567763           169.775734174            -162.021125612           -29.3574200703           -140.910266511           -134.289744528           138.312634531            111.58285336             127.213522864            
rwgt144                  0.898349156453           159.030934827            0.100451967289           117.653625873            3.15559101582            -0.407942639089          -0.563084472874          -2.24827784832           -4.90557019129           114.019622526            43.6726240394            -109.912544687           31.5546092999            -21.0144765425           -37.1121615504           -142.565285307           -0.0861603469709         -0.222766894652          23.0941836561            54.0202545528            25.1869826761            -110.487535383           -159.97859739            21.7544204983            -79.9403732965           -109.832163665           53.6226196015            173.706142049            -6.71172842265           -99.3113572409           -89.7324737996           31.1738868887            142.068951638            -162.188625165           41.8922126242            16.4526209532            
rwgt145                  -0.070893986198          81.4589509592            0.0836231008942          39.6480436366            -3.5884645664            -0.330837138743          -0.434368220337          1.70086368108            -88.495352828            -52.8692290713           129.817238703            -168.395651656           -85.456495003            112.254736517            87.0088882089            113.345759196            0.0695674373742          -0.367900009148          97.35724466              -60.9846338801           -126.003624667           157.918973984            105.238468714            -40.1209804521           69.0757780086            25.6228966768            124.64718084             -52.9686037247           -174.232169463           -19.3436381239           154.708229639            -14.3934003982           -150.494253924           -33.6081342398           178.182180905            -76.32480145             
rwgt146                  -2.71938259931           29.2650734295            0.0695509743617          147.47105568             1.78033772587            0.163995655792           0.814462439861           -1.52997666975           97.0983467482            -127.427492341           134.909241867            164.417480648            -41.0362332654           138.24323741             31.43446364              53.2819916534            -0.070657142081          -0.163647357335          98.5022265156            9.27447422048            -64.9805037481           -97.1170158831           -88.4420700678           144.00967521             144.759499119            162.784950855            149.88294782             -78.1648588839           -48.1618059459           136.033703852            107.244884576            156.865084995            -88.5189839234           -138.049413889           90.153095599             -57.7131283486           
rwgt147                  -0.666512649667          -24.4424606927           0.0598927056944          -66.1430412611           1.00828834885            0.410016812268           -0.32660777765           1.22863151151            -46.170760381            113.272705118            173.285051928            -121.167129522           -98.0668001281           -66.4464078124           -53.8795908312           3.74492994584            0.0342332407234          0.129393548955           -167.173544041           -173.524341608           -113.736468186           4.23797090155            10.3880974852            -53.664692898            -125.482941331           -85.0853328633           91.4630852981            39.9927383553            -15.7766689665           158.884049739            35.2679355824            -39.1538836555           -33.0209008829           -140.158946367           -144.393159146           -72.2588832831           
rwgt148                  1.27535961972            -6.35453131447           0.212844089289           -76.3334479618           -0.111987005492          -0.0977550499515         0.0710285691703          2.01738508878            63.771993644             -179.03328823            -83.2169403489           65.4072521249            85.1008253706            -83.4615594283           103.657553917            -2.57636606087           -0.0464798422536         0.221168143993           49.0602147023            -123.901512009           140.849733873            65.1143886782            -151.876040268           -90.806707171            63.1460925119            -53.0600333179           -102.921061039           -2.02226725853           63.2388554967            83.9611229699            62.1999282039            -8.85246432221           -57.6335410677           4.76721873733            99.5805498509            -122.361883962           
rwgt149                  1.78581820315            -152.366831936           -0.124706782334          -63.3196965451           1.40324758635            0.203451190506           0.406683848059           0.496636013369           80.6061404598            58.4007699082            55.4786258663            -21.4337213397           -61.8392546472           -26.885206674            33.4058810989            86.6484900301            -0.00736789049208        -0.353291907011          92.6739073579            70.4069297904            -125.050470389           22.5247727187            145.265646813            -45.1443858575           -24.8009717559           66.9017155777            21.989956775             79.3105330748            -148.236677355           -97.8517697606           169.30732094             -11.2815877078           178.8886247              89.7454643977            -69.8648469632           81.54783052              
rwgt150                  -2.82309803028           -71.8005324195           0.145583906797           -58.4096922942           2.55437024768            0.389737994749           0.634946197379           -1.34136817814           174.143372769            169.760609559            -106.695536105           137.27301051             -36.9555016813           -114.739504798           154.076952117            -134.134780686           -0.0321097034861         0.322213989377           -11.5769161063           38.6120018626            165.250984936            -12.1213050274           -128.004353604           -68.2538047321           92.8983136617            -50.9060423331           -32.7773067978           -173.536273593           168.264004519            160.938364509            -132.637066791           91.1483395051            121.223183328            -120.239622669           53.0450970378            -68.2643495648           
rwgt151                  -0.847153089612          103.232540523            -0.226854599924          -74.1118675804           2.50916576596            0.26466913508            -1.14231222873           1.98894782327            -150.788058529           -171.620574374           -137.491209689           -114.77508057            171.635108778            159.151381341            -73.207385941            159.798784818            -0.0213585571537         0.152621721186           -2.84417531422           -172.347847235           -90.193330178            53.1576423206            43.7019533863            -75.9310968462           -28.9768098169           179.108417286            78.817295066             -89.7280556468           82.3101888122            25.5912518338            -108.56505935            81.5029479131            69.084537762             60.2042672309            101.549687749            -172.520924658           
rwgt152                  2.10226482297            -46.6892529448           -0.173847229891          54.908116607             -0.757007286813          0.200192899903           0.114401249364           0.831196250464           160.404401776            81.6324358321            166.263885552            -78.788381212            42.7828629699            -134.463365655           -94.1919474314           -65.8218733424           -0.0551417911395         0.153433144689           158.802659823            55.7584172439            -151.778770772           -156.909044952           -120.216020288           -127.480361514           -61.4118083548           179.153462496            175.26327239             -179.8928816             130.98679922             177.570903657            97.4333374915            -139.937987842           61.6781740387            66.1375102417            -40.0068362725           -84.7063792648           
rwgt153                  1.28816957406            -58.5432333224           -0.0269015757816         72.5959080041            3.65008979633            -0.335361587246          -0.643405222618          2.11784344036            78.0102583004            65.26905457              122.588016553            -10.7913238615           140.234396651            -144.149695339           -12.2206530623           130.053070253            0.0847967422907          0.0586396730877          -114.068999813           178.097655292            47.3000901985            18.8182838522            -149.903504846           37.7394449549            -138.272575598           -5.04281035318           -154.608034083           -102.9078602             111.09454844             -117.40994306            34.2109890684            -108.611152424           -57.0477446764           -117.436571717           -77.1783125014           -60.3866222672           
rwgt154                  0.789679705169           85.2043440028            0.21039521061            -64.9639310984           -2.00532536179           -0.0763486775094         -0.796749563724          -0.802397395765          -142.412838122           35.4690406962            23.4382550563            -155.983229051           -143.148858011           -2.33718931221           -135.918655762           74.677662692             0.0806460205917          -0.0463811558821         -81.1600652276           162.67124202             16.6883258525            -143.499260486           14.2700740054            61.8354514151            -103.14525014            68.0261283949            158.921384994            -158.23126661            -122.446664607           -170.877470003           -134.399587358           -128.147660967           120.08333672             -14.4107490226           -39.1927051435           -20.3083976096           
rwgt155                  -1.38872982635           120.066996085            -0.0827806804995         153.239772608            1.42767672031            -0.00675366224619        -0.77253513469           1.86183349128            -56.502906518            -65.8556592935           -82.6783759313           4.86929193313            82.3397239822            161.637133723            -61.5733489201           -123.895309271           -0.0345192802741         0.175490857501           -167.96093729            97.6022379202            60.7587501453            -42.5228604002           -43.1962130866           -139.94461963            172.146564446            96.5928881086            177.195223952            -105.275144643           -168.323174155           170.294970288            38.4562793238            159.399960219            -131.922956582           153.630910134            179.622530631            106.016171939            
rwgt156                  -2.58795487826           109.828308633            0.196868238056           -151.291855724           1.28445392941            -0.483645266838          0.346146244203           -1.50614255097           -142.663445417           -109.615610233           12.1483336432            -173.147072511           -42.345828334            92.4619477266            16.8068587864            -48.1545325923           0.0644567159315          -0.274654737736          -90.2383099421           -66.3099450779           76.3120360656            123.502457947            108.550762105            -127.395916351           -85.1515099132           56.3454372856            54.5850322056            -9.91354455171           -1.98292151435           164.376648448            -75.6115786008           -5.08174525476           -121.123817831           -65.5531460148           76.6140112254            81.4374060313            
rwgt157                  0.650008051262           -65.7067114208           0.134834500169           -132.355627695           0.75409099867            -0.399104141894          -0.0392760910227         -2.19271819815           143.370919963            168.195174583            -165.908416238           148.106884223            -32.675546352            -89.0511677867           173.933740032            -40.7114683008           -0.0353509856672         0.312549656734           178.619387153            128.86072083             53.7452994443            -6.38442511835           -176.696449873           25.5582674017            -141.159670885           107.544582463            151.343553021            -87.0455622333           167.551697325            64.8217279645            -18.0113858886           19.1529202668            107.119868198            -101.732250201           -60.5846691721           -39.2049927176           
rwgt158                  1.96654092978            -106.983189907           0.135648768896           -75.0875119757           0.424848301708           -0.412468393812          1.04477667436            2.42596048486            8.24525103024            117.970367515            32.1111071397            -99.7658830698           -151.488987083           57.1699457112            -35.009052426            -88.3327444935           0.0604989379469          -0.0889592893724         8.30172105606            126.764430183            -2.6413214455            129.199623888            -77.2927369111           65.5245470263            -4.59906527565           -121.90284043            162.45027162             53.4262056598            -94.6163535825           126.360381798            -69.9561075868           43.2386515637            145.390060647            172.267552085            45.3981817421            73.2301772915            
rwgt159                  -1.98726234106           18.9089998072            0.19650530818            -52.952215836            2.7026081345             -0.505124827933          -0.362641111359          2.15719944653            120.941009603            -170.271360164           89.4145372337            57.7220414117            77.4183923312            123.354546311            27.9059266778            -9.90324286579           0.0378108973012          -0.126792493388          135.125544524            5.10202869695            -69.5416423481           -129.875780513           25.5917131604            174.762569644            -146.141506192           45.8109649186            -142.882918115           23.2492006909            -173.48406164            -37.871686264            -144.971298376           -120.051621652           -130.846976688           -167.426171627           -151.581837579           19.0456853148            
rwgt160                  1.32056163178            49.9388320699            -0.199468564373          12.1117400259            -2.58863545341           0.345343928222           -0.612981633826          -1.40565623623           126.444316289            -153.894952185           129.893476466            71.7318861763            -86.6703575955           169.903655545            148.165504415            -84.297578706            -0.0447330180821         -0.254718380044          93.4618306819            158.53372659             4.27094564302            -139.815968666           128.266751631            -110.270324854           -42.0322673463           101.834816289            82.7922445075            -28.923485483            -144.027186044           72.0697870268            -76.1447036541           -121.119846591           -72.2617912906           128.24634423             46.6531913052            157.0178513              
rwgt161                  -1.15594542357           109.985581872            -0.117625143335          64.4528278168            -2.30779921792           -0.270779408856          0.99756698233            -1.6744950052            -68.3997290633           46.4117714764            -142.421972526           119.573974529            65.86067076              131.785221605            123.968038509            102.066319127            0.0880378132891          -0.0101545005768         22.1272746765            -66.8748142288           -129.778574808           -59.7931565255           143.263280105            -148.646552992           -85.4912222597           75.2694506516            148.159371241            32.9891300131            73.0299145475            -37.4963501977           -177.665712906           -23.3806759575           -153.522627061           -79.4814267717           12.3575083724            126.906900758            
rwgt162                  -2.05773985223           -161.242189019           -0.0849612703529         -59.9690476012           -1.34065373035           -0.504834061109          0.559121611534           1.4882912246             -66.9640858606           66.5283243153            124.632353294            -169.709386431           136.731971549            -117.429486104           -64.1787606238           -136.918043171           -0.0856340336906         0.0123194526811          -72.8335364579           -52.583625428            52.1594852948            -5.67295377976           -18.1813684405           144.430227901            91.9334679586            11.9570560128            -52.6203627849           16.692243803             113.014819859            122.25034178             -53.1316990518           -2.56927537912           11.1867594625            -24.1315888649           22.4367426191            -95.2802035236           
rwgt163                  0.642237999737           94.2331664828            0.150767886912           165.511191464            -0.376020196966          0.498223917147           0.419652932906           0.778872155661           62.9220839849            -88.2186956699           161.877040051            -152.983788083           -24.6153937182           134.40396469             -39.3992449353           -163.97203609            -0.0792814849961         -0.312043737716          -178.790137621           -149.353164798           -162.067326067           -174.733850253           -41.6224674218           -26.0588762751           -39.3982327701           -97.2289875352           0.286536723139           -153.000950326           145.532540295            15.3744283781            -22.4587729609           -7.35644212347           -49.0601382677           -25.881106765            149.018490029            -155.068152644           
rwgt164                  -1.27364817456           -135.47529092            0.0787113093993          -141.24810798            2.46559182673            -0.0110236860526         -0.230890871108          -0.598625138656          -28.5038150358           178.141124254            -88.8640677201           -59.854451023            118.102896136            8.62909846483            97.5616431582            -74.0345215206           0.0656946135895          0.0351440640947          -62.4838028588           -147.889386563           14.4797732437            95.8944467163            176.877186521            89.8121377433            142.679317792            68.3001400037            -162.581126845           -51.2485591163           -146.298839217           -21.7017731499           -3.8072954971            62.0385403281            21.6663846635            110.106805119            146.460806869            32.2421800558            
rwgt165                  -2.15017186133           -90.9823700446           -0.204612310502          -125.991889397           -2.39426780627           -0.350971392691          -0.20642011114           0.447789789423           39.6717945402            -5.20306214755           56.5741900771            -114.848100167           82.848785455             -39.2617861556           5.62666249954            -158.329796888           -0.0730336167041         0.0662670336731          11.2806857937            -15.8029129064           134.364326819            9.08067949724            68.4199511552            54.7568366197            38.393411533             -138.869281059           -167.970717973           13.1326207839            162.209319774            -14.1165837143           -16.0492653653           125.551405233            -8.37845309924           5.90688699804            -50.4001463782           -44.4482092141           
rwgt166                  1.28595682334            27.8301715002            -0.0624197856167         103.403903705            -2.27744806078           -0.538139796006          0.294917205842           2.42968274807            64.4642469337            16.1463327333            -107.124339485           21.5531058498            32.6792236741            -8.30520664023           5.36961926541            114.926721231            -0.0601896699741         0.039028721456           -77.0891905676           106.908634581            6.19201183718            -152.153521402           7.91847059854            140.898327626            -144.535814611           -179.366676845           -175.510361171           160.124321316            -126.827790486           136.090800623            -97.8138302785           99.4872960271            -148.162211058           -24.7828324869           -67.9722697373           158.38457663             
rwgt167                  1.20395639386            136.403633998            0.224704383962           -172.931154904           1.37538357219            0.246276013384           0.281872154852           -1.60764878967           -89.0041091213           -158.207264739           -115.36312405            -57.3556906641           -52.1918802708           128.109646191            -119.520904028           -21.9087985894           0.00419372700611         -0.368700739797          132.256431133            106.696229739            -107.838572725           -69.9315894559           -60.1845650559           -20.2239380163           174.723928625            -83.9446634111           17.3740257523            -83.4551803114           52.9768120752            29.8638464312            -63.6392797274           -34.6436379464           8.26236695827            -100.969129625           -55.86395319             -158.095400336           
rwgt168                  0.259244450745           -73.1589835897           -0.014039482148          -125.650524134           -1.70806709075           -0.0585385783095         -1.24949571119           0.0280229533638          -124.686844378           -30.0059837207           83.4432453847            -115.272276461           102.439430894            74.6155119885            -14.1156215046           103.904600512            0.0358299513579          -0.264467877628          139.522457551            137.833713761            -87.515931806            -14.4841550602           134.521638836            4.32494349196            -134.286990375           -96.2689799488           -131.90685411            129.679751406            -176.296629941           -110.011935207           178.303855127            100.403709885            62.6773771909            -9.1521269214            -42.7210265846           -150.020369275           
rwgt169                  -1.24577879681           70.0756588128            -0.132377721392          55.85638975              -3.26087384111           0.402988610979           -0.389282846967          -1.06431531209           -55.5075125282           102.929848596            78.1728814935            -61.339718473            -7.38821482973           42.0502077455            -177.005069682           130.628475765            0.077757006307           -0.227802746642          138.670897389            -50.6938968453           -27.3771637234           -141.262407992           43.7873691473            113.780335449            -47.7041854557           -47.3943522714           131.416283027            -166.204775675           78.6279209901            179.32315203             -134.138871564           5.20463058105            1.06597325763            34.4633636807            -3.37361979181           -160.889322081           
rwgt170                  0.668966214153           -71.8805898798           0.201421978016           -141.905079766           1.72454525445            -0.0501676920751         0.410325413513           -0.85250278002           59.7430522147            61.4043542363            -151.361044371           105.853102111            -20.6840638298           0.811454747548           -75.3011528535           17.501336578             -0.00878819951504        0.058289260004           2.50008380725            -129.275013969           -154.782682129           -159.135390143           -38.6574405322           -83.4439394077           70.8791707916            23.0315229244            -41.5279868082           -66.6946454565           -148.429136356           -158.034519649           -9.26899621491           175.757167424            -104.991958722           -74.9052485495           163.809912536            -163.516536376           
rwgt171                  -1.51848197702           -81.554288483            -0.161497849582          -112.405357583           -1.4882614968            -0.502056388586          -1.25623156998           2.30828030635            -175.096237624           115.318337691            -38.053400407            -150.263310936           -104.583176119           33.2521198749            -59.6936230312           69.7860386238            0.0487050399667          -0.245697624016          62.9108860831            -138.5542871             90.8351617499            -84.4280569824           -167.384062022           -162.802900939           -142.420736403           -38.7979797774           -153.823080259           -47.3686169258           64.0844692803            44.5843107971            13.7456553721            60.0522613084            49.7908048453            4.45622736632            -47.025641957            -163.343216644           
rwgt172                  -1.32414716706           -79.7620878997           0.199543350033           54.6584755214            3.45736882059            0.507977169491           0.878612584619           0.239781815534           80.0907353326            66.3131675137            -155.605773876           40.3443775237            -1.95023656488           -107.175590043           172.654766273            1.91117812976            -0.0325254489399         0.0671379756505          -165.735544212           -38.9261610021           -166.788296587           173.475319167            38.221663713             43.9782979434            172.14170269             100.620348531            -170.247933878           166.883237951            -139.700482503           0.52988220624            -38.8255800721           116.593271056            -26.4463287899           65.9568897369            63.6737426684            153.778956348            
rwgt173                  -2.73103153165           -82.8807048311           -0.175760336642          -144.542754326           1.3257847275             0.476596914728           0.246631894101           -0.340727185726          104.8413871              -39.2594579091           113.868859048            -7.17514576222           166.823542036            98.2944788698            97.4503871759            -21.3527976982           -0.0852762227188         -0.050543458658          -99.0318772326           1.34576730235            144.921322892            -50.3380599454           80.9173623906            115.042462975            -106.530443641           100.984064041            17.9113055534            147.303759705            22.5410388052            -105.869020895           63.2986092825            171.697548697            10.3681369375            21.485543869             -130.477932289           -10.4214549417           
rwgt174                  2.50249345161            85.3113491269            -0.117537619573          -167.431755246           1.53988185595            -0.227250582955          0.922558036231           -0.618038946491          -98.6752813632           40.6969381488            22.2058334928            -118.501071358           -42.6357450547           -22.8464126654           -38.9628476042           113.138579314            0.00940642254568         0.100488860028           26.2512087694            68.3567260783            90.7434723293            171.741918139            -177.683012824           -59.7540610628           -173.630482009           134.16261069             167.846508154            -87.5336484469           55.1774568436            -52.0644763269           150.6025552              122.40898885             -100.802223367           -77.4954131962           -131.044101776           -46.5641747007           
rwgt175                  -2.44334772949           30.3276773331            -0.0418040358851         -131.424224916           -2.91671730476           -0.527042793135          -0.952347783233          1.97711675802            -173.294120339           -68.7466116584           138.589950627            -121.787681621           98.3823681651            -61.0193412432           37.3444050893            50.1955246956            0.0896920371483          -0.34755218809           -157.707873142           -155.745158427           49.3966399408            -51.4144287747           -10.3900950012           156.984593318            -66.6803087695           131.78159035             -67.4871210841           -136.742149581           -94.0986002939           169.25552508             -164.025503163           -8.01895191327           -119.735793909           66.9401507546            -144.751710397           87.5594839198            
rwgt176                  -2.7112771644            98.2327258062            0.00466014583957         -40.5332997445           -0.368634549219          0.152978664              -0.188393512497          -1.86813987137           -173.218870082           137.264802141            172.8658905              91.1720128872            31.6817324103            34.5405954687            -134.040928913           -115.847944635           -0.020484425591          -0.218203201339          121.420274839            -174.901804284           -74.5077804474           95.2288012623            -69.9434374971           1.48260543782            -135.979477638           59.3904922303            37.1410361885            94.5497968315            -28.9811042193           21.5108305049            -164.20513401            -125.20607041            1.21107814265            121.962398668            -68.1433817508           77.3634111655            
rwgt177                  -1.09205975232           7.57017263378            -0.139504681687          49.7294030407            -0.107112146796          0.0578358501017          -1.19821859786           -2.31457475283           -5.53482690568           113.974877397            179.050013169            6.05520923721            -165.137168527           -79.605094755            128.376461993            35.9782440274            -0.0314527369113         0.283766904637           -167.66024805            -78.7579049392           100.337397159            -165.526413403           4.56757977044            -86.3943689333           178.464426343            -33.8808543793           -16.673784458            23.1749130223            130.70328184             31.2521421847            38.0706997394            -104.16786319            -107.299524067           -105.777197312           -48.928911213            -117.222185874           
rwgt178                  -1.42944955517           8.47098032762            -0.0795328825783         -67.9053272942           2.62213498994            0.37530108988            0.223017256148           -2.26122983672           -11.5365655383           35.8084295183            104.251075339            -167.845264292           91.6424382569            -95.93738468             62.9615798249            -111.139969972           -0.0379624042925         0.256625717838           77.072416853             44.4012030942            70.6541040631            94.9183266823            30.3005424233            -14.5472979494           -113.152289145           102.856710562            -162.240765764           -31.0300329079           -175.458277067           -116.899668888           165.488925742            -82.6204074578           148.975841555            92.6453894562            -122.726895639           33.5881887559            
rwgt179                  2.16888595958            179.053020376            0.230416762111           -54.9621049536           -1.40404349515           0.374246444532           -0.541105370343          -2.03514347093           -58.9881114416           -111.819974411           76.8773597515            -82.9262815011           119.593421112            -127.658758265           120.050413027            159.735814572            0.0325924865735          0.0927907827294          -113.719505692           3.6564446482             101.179870979            175.725624697            -136.218798754           37.1582524726            -40.434174726            -138.937214031           -88.3334035171           27.7189447766            -136.454128687           82.5563073545            -46.8598743293           -50.0844394558           175.606867134            157.806923078            -109.809248188           -88.5241771324           
rwgt180                  -0.203700723854          -104.38900072            -0.214767948441          -163.177002018           0.250727568869           -0.234994214293          0.817360852206           -1.31628718973           122.244651947            62.6938069036            20.8990339052            26.6654147426            30.5866748911            133.008224668            -140.651769877           -80.0516949874           -0.0466470081515         0.221963128886           -132.226096545           -105.91326403            -95.1921698607           -120.341981727           -11.8922027649           156.324494612            -125.886793877           -47.47361176             13.5376319027            -134.300090362           100.135503856            -131.45144251            -141.534615031           -103.072580264           76.2509923599            68.5371774595            148.411405248            -174.136203961           
rwgt181                  0.255250827144           54.3337408492            -0.10576278932           23.4118729192            -2.55598759053           0.131930953106           0.644227745837           -0.682823514531          -166.584736751           -19.3931965755           -58.8660635627           14.7489100069            69.9877594721            -124.683314397           92.1270138394            -58.9128849434           -0.0868791243312         0.065004882839           -72.9057563348           157.906875156            116.13231498             -122.961149114           24.2644871741            129.06449147             -54.7116387602           -138.737365563           -144.123955492           64.8228701314            -131.864784837           -109.877995144           -78.4815291179           -5.36839473454           -79.1218652525           131.733842478            -29.9587738259           99.1569894675            
rwgt182                  -1.61679886982           -113.807410006           0.0199797245752          -82.1131537333           1.15942879163            -0.115331943114          0.406130997946           -2.32455806167           -74.5763033289           28.0782953114            -93.7794757187           26.4698671735            -33.8889922532           -110.2170305             -26.9110954893           165.539821695            -0.0692972170489         -0.236011037118          -3.37018616024           -40.6750608106           -97.6994724684           32.3218732641            -170.833725299           -119.123419919           -56.9908031794           -153.288616805           140.25933953             20.0816092091            -28.297108368            -43.117208053            69.6216841644            40.2077788326            -171.702249475           -78.7867542566           165.481268185            -23.9048602821           
rwgt183                  -2.30076368683           171.640773425            -0.152408541569          31.2304926203            -2.70620428234           -0.0166467086513         0.0577886952379          -0.680365914229          70.6801772353            -124.335808883           149.612274141            141.879434403            42.0856387764            -156.888880347           76.0525037951            -89.8152355761           0.0168191424107          -0.0709429200734         145.722644995            114.993930138            164.092664315            -163.410573249           42.7493831049            -50.5959696417           82.0109465005            47.7381006099            -33.3866003691           -67.41846279             -12.5263168777           168.90059099             69.2388358245            -45.7639079934           -147.425714715           102.366162673            -0.964303063103          73.9653392987            
rwgt184                  -0.830404204482          -22.6769670794           0.109876957985           -108.723511503           0.133477089453           0.112779712927           -0.630411631543          1.72455191435            50.5094709302            -138.356358035           -75.7756337974           134.31417199             -175.343190917           84.500742767             -107.344071763           150.323091655            -0.0434734980008         0.180960695332           -103.237917275           172.568262965            70.5720307439            122.322601088            21.6585530023            66.2283941754            -68.6041152681           74.4584795096            46.7130287274            -87.8292431445           -135.590076578           -14.1276510944           100.487293307            -161.918481968           -114.17385649            -73.11458214             131.710858396            119.2604241              
rwgt185                  1.60154077893            126.698008791            0.0453759606963          -63.7202327054           0.668283889917           -0.144370404909          0.34798865923            -1.17431160022           47.0160723628            -156.734515543           -74.6909375415           -154.205883385           178.726161086            -76.9498411087           15.3718626242            63.1525500763            -0.0893510591679         -0.352422730909          -114.138375702           149.12796235             -159.984444179           -55.8997335082           12.0815554765            33.4114780722            65.6932736218            32.9229030731            76.007473735             161.005568498            -120.237930195           31.2727432433            15.6980990197            -69.7167358304           -155.131823993           63.1155589605            133.163547949            -57.6335732389           
rwgt186                  1.65652771323            -18.2494833185           0.189438402686           -127.218598561           1.14537221185            0.28232518111            -0.697252648367          2.1085847707             37.0126207257            156.890589528            136.022735775            -80.8992276675           -136.612067429           124.759987572            55.539945891             -44.335563382            0.0597013584157          0.0664387963562          -71.2077829467           -51.2916558116           2.15680852199            -35.9736526361           -6.21427045195           -48.0397971703           -179.332753323           -143.946544989           20.1059416105            11.1868550524            -110.358860826           172.664283307            -55.6763395307           50.5549353841            153.996903678            -106.990012157           -2.53711883125           -160.939758864           
rwgt187                  0.523734090271           98.9255829708            -0.0725923324607         -128.689795206           2.66691423465            0.474578020852           -0.919172103469          0.493336987444           -141.509383423           -145.022694832           130.358266645            136.243604323            54.6216884097            -102.183393065           145.908201413            -82.3682008075           0.0282272413543          -0.104757428037          -33.1487075149           -107.749843181           -27.751846446            127.471034754            -130.049801624           -22.3317821901           76.9367527801            -128.500541062           -22.312842057            -172.615266683           118.495275358            55.4250507019            -75.9359886215           51.4207972164            111.007680081            -45.5845685364           -116.986870304           -165.445541004           
rwgt188                  2.38570661452            68.0797921345            -0.171689207192          167.164957221            -2.40897710713           0.275288320826           1.21195906397            1.31713748254            64.9162124508            24.8679268168            -145.499682295           155.39450899             -144.676998239           16.4450982518            -165.627952316           101.031004451            0.0135877678849          -0.266701472267          -57.0227739337           -167.040096208           -159.755202721           0.118578781073           -113.858226025           138.109679561            21.1314928867            -0.662633823464          23.9344231843            -58.5961723535           -134.780950498           1.91728089869            -71.87512316             35.4872482517            29.9259937784            -57.256234456            -43.872775663            -35.8065216246           
rwgt189                  2.36070880908            64.0261227957            0.09932750407            -2.3768921189            3.17966511381            -0.259045758943          0.654618012286           -0.0670943285318         3.06005413695            -157.977827496           -158.871964699           169.883353789            -154.685168412           11.2351378192            -5.77168857359           127.687162146            -0.0282198003259         -0.33601014411           -125.037965901           85.1801301164            116.332389744            147.577813915            144.592363308            41.3129848871            144.84325138             -95.6353974258           127.790607815            83.8203767586            -178.853182082           78.727475672             75.7770233367            15.733122971             83.0374892634            -88.065415982            -106.536604829           -90.7557450755           
rwgt190                  1.54367522167            -160.549857457           0.0263241924864          -85.1273110339           1.7701403462             0.40783399519            0.715451520584           0.3036508431             -89.1239867115           122.197253155            -147.965771633           178.826564929            138.004714906            99.222530236             -21.3869344606           -32.6532251147           -0.0334336367063         -0.0660293607204         138.248132917            -146.244193695           0.432046047046           -138.558281932           -92.2031211484           145.739241238            164.251046796            63.6497411256            -155.444899554           -25.1105017687           -32.1721431934           -16.7851927908           -91.8510799718           -140.873678199           34.583265607             -129.118765237           -161.288818464           120.942784075            
rwgt191                  2.73217460243            106.067908145            -0.0787731030372         155.6796081              -3.04980950224           -0.240836162785          -0.852749502418          2.17694576444            -45.0047180947           -130.046690654           22.8509650248            -147.215791089           -174.981052465           0.440549233016           -127.635693366           -68.2039215632           -0.0520339599731         0.139904353996           -50.8057776319           105.186573416            -135.940889086           -71.6128493485           -133.166690818           -53.4241570805           -142.804854655           -1.02369281052           73.7322989539            162.753840766            -47.0383250607           24.7679882152            71.1222589361            67.0402026423            52.665074102             -106.11334881            -78.9748263338           158.844526493            
rwgt192                  -1.9205069176            -56.7942877205           0.104700244453           36.9642006178            -0.22948175709           0.417581791096           1.12170738954            -1.04608009837           -174.147570165           155.824428272            -20.3421541359           -92.6159001898           -63.0730923191           -6.41578046614           101.868387127            -143.832481755           0.0385920395927          -0.314104474293          -116.023320216           -63.7995583307           2.45580055472            -55.0457402663           -23.9577773728           117.193043505            -46.0406249421           138.111578387            162.884248838            -178.93229084            -0.00872743085461        -117.34296446            -75.6105751559           -107.315704671           46.1194891909            -14.666636308            36.2371494937            69.744418163             
rwgt193                  -1.72729703854           -4.51895382959           0.00790375087598         -110.102344226           -3.62374534579           -0.52572524367           -0.333973022499          1.99682157094            -125.017619513           24.8138051902            -132.747273012           61.8694036665            -68.5426470515           -80.7490400306           -62.6646326316           -17.4129376908           -0.0813585286229         0.11241577227            -155.651902917           129.937840734            88.3576213327            92.2579917894            -152.015972467           10.0870568124            89.7409204888            161.589718304            -154.97743694            127.240289609            -135.07042172            -143.844890228           50.1281056217            124.298452001            -7.85607161939           99.3935580682            -174.899539953           -135.956102179           
rwgt194                  1.42398319841            -154.664047234           -0.117257533212          -96.9443698856           -2.90054499273           -0.164464088104          0.308739200204           -2.02329165652           174.350561404            157.240960638            -1.13845373855           -81.2454496818           74.436485565             -132.669333512           177.69384216             -166.251918083           -0.0438474673484         0.120148274267           -121.871096838           -33.4307606366           -117.805602173           -48.4436303676           11.8318657053            102.00136859             -106.789752024           -167.333300731           -161.729178823           -66.3064860394           -104.079602166           -3.09380846303           -168.367493255           0.46203154261            118.67624299             100.186838156            67.1159301355            70.3990460683            
rwgt195                  -0.933178938186          140.614286315            -0.155188762262          -71.6167960095           -3.10878852791           0.426620791631           -0.355875548135          -0.959497194448          -21.6256037312           -176.045716572           5.96187102255            -167.536834797           -171.10289185            -13.4756328527           -159.711458777           82.3028103568            -0.0244661779562         0.350415266518           88.865729583             45.0283304361            -88.576738937            51.2636225253            116.705827439            155.830691071            118.600298922            -129.827951348           -86.4594911167           -60.3984740355           -12.343063713            -52.3625528563           94.0206899285            39.1443848963            -23.7239229671           35.0195278402            -112.980524297           -8.89596465451           
rwgt196                  1.51657156402            -87.3102679662           0.0259342565127          -23.7476648045           1.37079739848            -0.283460506773          0.337590738827           -1.06764124434           -75.5718929219           54.7737321107            -172.740272556           -75.1761019578           -79.096260138            -122.945408694           0.327392031781           150.763264048            0.0343128513138          -0.283202116033          -73.2333234743           101.731647848            -137.22629011            91.5357728074            -152.147369361           9.1454889941             95.8169385551            -19.5470382387           90.4929418582            14.043824904             -87.8162563089           155.041735156            33.0770375226            70.0462389522            152.424898354            47.5221276892            -104.569659622           77.1623307654            
rwgt197                  2.26054362557            -131.310395289           -0.00107368613713        107.292191298            0.976787886571           -0.245344107488          1.19073869985            -0.883073476936          -45.317639234            19.3408607946            -114.862547854           -101.942817292           -134.800617505           132.509756312            -87.0203777227           -81.6440860328           -0.0875996342849         0.311980188425           -66.9765567799           75.6985494302            -170.15049337            35.5622813325            -58.1847126198           -72.8475772062           145.449968572            137.971371882            20.7777648255            -67.5153788589           57.1265469778            -118.522963888           -64.3098672413           -56.9512962586           129.477394184            144.373918489            83.8965740678            -35.4221101886           
rwgt198                  2.98581879641            -149.776439795           -0.189356669271          21.8753542798            1.69997214278            0.370363183903           0.317563769905           -0.353852258927          66.0128936241            66.7451792888            87.7966521671            77.8294652522            131.339633787            88.3704032937            127.890503726            -157.662129023           0.0185710179074          -0.0856860320211         -38.0027237619           -166.754454676           -141.650867043           -43.4601821521           -148.556111088           60.5127641094            34.9262911664            139.021991109            86.4224655767            -83.3207465126           -77.3084802455           -56.4881700325           -159.425319141           -143.091043441           16.4837013859            83.8183051485            149.54177059             -119.667104238           
rwgt199                  2.82345731112            111.334808132            0.0704348476576          -6.7871112785            -3.1666749746            0.275353672332           0.735443993616           1.03707765089            -152.542410641           107.358267315            66.2013685552            91.9116643272            -143.600280051           113.197995514            143.133147829            34.8117294861            0.0805832778812          0.307074045611           70.3583350787            -23.8519645725           -176.956567841           -152.033013756           111.091174429            114.03659561             82.2283643871            37.91854572              -137.720923803           -115.429970541           -164.501736604           -163.722425354           16.4413611819            -151.478232858           -36.1274063966           22.0378464227            -85.2476363077           -151.748416383           
rwgt200                  -1.3918054952            160.34952928             -0.161110957263          -28.1208845721           1.97335750931            0.145365534327           0.705102328521           -1.24489388608           138.29496048             -90.5680102664           -169.528400207           84.4433162831            -48.3066336542           49.3261883233            158.526961194            4.50990595992            -0.0622364685331         -0.287380961782          148.499016178            98.6169076134            -41.1060571755           -143.932107881           -61.6420690588           169.023170263            -83.9123333728           -178.481870473           -62.9733134771           42.777568114             -154.707301681           58.7442508896            -164.669694302           -1.91771469241           -41.2108143601           12.5989051661            162.68832833             45.1314062264            
rwgt201                  2.55494984101            -114.766271345           0.227898466872           -70.2930896758           1.27507209804            0.0517139984744          0.253870188186           -0.347539565362          -102.979410845           150.699304911            -97.8668254586           105.026848471            -84.2328377144           -156.140087385           -98.4283791238           101.267590556            0.0701593689438          0.164147544794           -46.2169817797           11.7010881236            -84.6313474536           156.893884205            38.6901595103            109.079847997            -171.888811994           64.4236728139            -160.813474438           83.1110481845            -98.0007753446           169.243987779            -43.935041151            -153.972313792           48.4054598724            -59.5387067228           53.3434499591            -115.614221044           
rwgt202                  -2.65731607622           -148.066190386           -0.115659067196          -82.5058651887           -1.84176495642           0.0510917720684          0.642870251086           0.499397060497           168.728049405            172.516667293            -115.471777895           158.215978127            105.365684837            103.883613153            -115.559891936           -40.8267371238           -0.0475509376774         0.262519448535           62.5492207352            -54.4731802401           -124.667456965           23.683654787             41.8926716967            -34.8457572055           65.5296094309            -116.138350561           -96.7111123002           -141.689513354           169.278920565            5.2296215917             24.5451400746            42.074498159             -124.267282151           -30.7789060806           72.4575918371            170.255004465            
rwgt203                  -2.78721989824           -2.59495709621           -0.213444933106          14.9349997657            0.97100718987            -0.0333109132379         0.148167354501           -1.96326121243           -77.5890512361           21.5025594796            -79.6842852408           165.353847301            -138.390487641           -86.806761094            -123.720033977           44.9740106278            0.0876051501311          0.333134760473           79.0252862014            -87.03755028             162.754985749            -11.3672343664           152.324561655            155.432099908            47.5556556286            53.2006298474            64.6309200198            47.5552661465            71.6649792184            -32.0675251962           -67.6351637247           -14.5347700818           35.3030311658            -77.1961722404           -121.234494787           -27.9608746369           
rwgt204                  -2.67306236091           98.0311146132            -0.0473030130412         162.102885787            -3.03860253193           0.424158803518           -0.0302326782222         -1.95522274782           38.8221136646            38.3853044116            21.8712789617            137.452339482            144.482933799            -136.876708754           174.755754078            101.955761574            -0.0198253198536         -0.0762030633934         162.231329462            -131.026510811           53.3377999344            -6.3877516828            -74.3292771887           112.721597782            -95.0524936497           -10.0611335835           -37.8588030916           -148.058715758           160.919549815            -127.109148404           -26.275648835            179.712006092            -55.5277766212           -148.326861329           178.84206021             -1.30276584773           
rwgt205                  1.30446810803            57.4695508391            -0.0727667528641         -71.7963738769           -0.857242153813          0.192528538731           0.971358652818           -1.6052801347            -147.091393617           107.567526478            82.7021530212            -32.1914748803           -150.486263433           -126.289464324           171.497920302            102.671197148            0.0406038353738          0.0788401977977          102.850819855            -88.3861731228           1.85736412653            104.97678594             70.522073417             18.9296851768            -57.8319853856           -36.6058451562           130.383475965            76.1771312762            116.124643743            46.0371515961            86.6362630593            154.759328212            -47.704428871            -57.893716025            -76.5354857732           -94.9441273317           
rwgt206                  -0.135318922173          -170.025590047           -0.180612628922          -35.5068458384           0.217674968509           -0.414451384698          -0.943449802866          1.76291222263            -153.766727987           49.7213412618            -155.288586373           -87.6163487273           167.768316507            94.1074382349            -1.39619171608           -43.0093096088           0.0125713918348          0.0173864795988          155.598219056            -130.122276489           -79.8596358761           -44.5848406413           20.180891776             -77.9913264218           -170.284120681           -29.3694061019           -41.7045702273           -89.1216190369           -173.632466848           176.397454647            -127.808491843           90.3430194787            74.6356398271            -166.784997661           165.413652337            -114.433732529           
rwgt207                  0.990680397855           -17.5679884742           -0.228519268592          31.4278198174            2.60397234787            0.251900029287           -0.792518033849          -1.08835017356           -76.4097409655           -61.1156081333           -139.72669525            -119.813624464           178.46351568             -45.0256569945           177.790244957            -58.234948329            -0.0630946597604         0.0279757768848          147.684248853            -78.1220625629           -39.4826751026           22.4453632057            -119.286096928           9.1252004958             71.5575085839            27.2260769265            -124.121236128           128.96121747             -135.535380988           65.2195194813            12.674873079             111.192738055            11.6078344124            -13.8861585382           -5.66655534689           0.466850606885           
rwgt208                  -2.51495475699           -55.8460787365           0.0619494690244          58.0566413124            2.15260625286            0.311626516134           0.686344700008           1.11154805305            -108.413505871           -147.25598952            -4.82071624002           -88.0696837172           -165.726805481           46.2566832788            -88.4770333098           71.5555719706            -0.0684979213106         -0.206204571963          165.952576389            -161.913520927           -76.22998161             -17.2814920579           126.6617713              -40.9155416432           40.2575923475            29.7030828425            -7.59465538859           175.186458712            -156.31232656            -70.2554960997           -43.9476225466           -0.8388003555            26.6403610426            -159.000009175           119.535503531            -49.103581994            
rwgt209                  0.516828011338           -82.7072283197           0.0646171045512          -123.328309517           2.07736943192            0.0952637293151          0.592991529502           -0.781893932749          -167.949480284           154.469174159            -122.564112203           39.7632386709            -102.485810135           -88.6445146656           -56.3633472689           146.679665205            -0.0691252107287         -0.31140324201           71.8421277835            11.9241626795            24.5765004664            42.6564769727            4.92945280624            -48.4541499796           -144.962622403           -87.0721289252           -36.4558659279           103.915626628            91.5016909373            20.5891962043            -74.2729583711           -170.425948277           -106.577246511           121.38870665             105.195142822            96.905042798             
rwgt210                  -0.152533307246          117.452102447            0.165628773354           22.1599113487            0.278728078731           0.427947127674           0.588633415151           0.226608443901           -45.3434520787           156.744160032            -99.7696013352           90.8788344336            -66.6553799588           90.9947123045            -55.618424382            95.3437934934            0.0329178166262          0.10341493726            -3.80395200901           121.72397562             160.993160062            92.4415063487            31.7971129415            -100.9674298             -13.3606937322           -18.4117213909           149.938641603            -122.631515142           -33.6683770961           -12.3667281003           3.88688984472            -118.837662704           -93.9441379796           173.595888765            82.8471951893            -141.664493707           
rwgt211                  -0.241347764955          146.925468377            -0.160566798829          152.191336668            0.479669521419           0.271248952502           0.056249150582           0.0987525259774          -41.2011938768           116.642741524            -147.32137809            147.40012945             87.0675919275            49.0407848786            25.1648661612            -2.57329983435           -0.0108917194904         0.21313186241            153.410359518            18.1727330661            127.443476461            49.8375054861            87.2344056752            60.6795331592            -87.607542901            -147.706829117           -50.9273870722           -172.685905946           82.7633303339            127.917174506            88.3791791301            -76.0342253941           -72.0884466329           158.91635852             -142.46876752            -71.3246174675           
rwgt212                  2.4757356977             141.29939953             0.0799658218198          -38.7131950684           -0.402519351998          -0.423996233429          -0.259416898744          0.507953599038           -60.4922133814           60.3181469433            6.30984194767            174.594146309            149.610261663            0.489071562386           147.889165298            112.246794506            -0.0213275124989         -0.0329416678601         101.183013881            134.839789577            -156.360559788           -137.851250609           129.522901215            10.0553033046            129.654888718            -153.464474797           -6.84458768193           -144.586472804           -94.4958009483           -44.1795828966           76.7244431628            -149.976638498           39.2896709851            176.605545424            -29.0507225896           -132.130678375           
rwgt213                  -0.190194396588          -101.553566173           -0.0967109053536         60.7993192286            -2.71884477266           0.0774797642416          -1.08136854532           0.270677399495           -148.225174504           -2.43824095346           47.8547785754            92.2148105993            128.894285022            -68.3140008162           38.7465492656            -19.1855120306           0.028445614195           0.244522757413           -73.9375347602           -4.9094007403            -142.420251961           25.2968259551            -6.04736814887           -82.0524621514           65.4938724381            38.3718442715            51.2904933177            137.203633862            153.16565972             155.190580338            -46.985009497            124.219505972            34.953546794             -128.57413533            34.2199577809            -149.760845504           
rwgt214                  -1.82238474276           -49.5781776692           0.0749298453005          -21.65101653             -2.18598015741           -0.212713155345          1.00018378735            -1.7279330593            -139.605005247           25.9168128292            -150.560320101           138.716503884            -125.388218907           -150.494590527           126.818899313            11.2358856087            0.0267530165432          0.258361970063           49.2940746938            32.1993540238            -88.2792742732           2.91211316519            77.102571133             159.021019937            -11.6952047158           142.101495384            -129.589861416           58.7740852407            -111.600761611           -94.2978363343           -76.3638714529           -106.125266232           -136.081250394           -68.4291610166           -43.8697580876           91.705766155             
rwgt215                  0.708815305477           110.755073086            -0.196536843134          80.3406784565            1.80582325721            -0.0211868703571         0.845359121261           -0.425778110074          -123.36258968            -175.835092802           129.908175367            109.791809288            6.79890727776            154.786218976            119.816798434            -70.9797438897           0.0145789748316          -0.150956808175          85.769581353             119.182022727            -72.3060348439           -71.1737324982           153.800096898            -96.6831998662           -32.9190431617           72.2891830633            146.707645807            16.1156424127            -157.601168406           -115.822960129           -150.651516005           112.002702157            93.910495196             -28.5250660638           135.637640384            -148.922170644           
rwgt216                  2.84825653144            58.5733400493            0.104657487589           -143.397471508           -0.526250230653          0.0905566458075          0.500921453226           0.130344002519           151.520996398            100.852705531            -102.199595013           2.46839590894            118.237549273            110.220829873            102.39371596             60.944204658             0.0144221095077          -0.146132591085          -107.056895144           18.4195239856            -84.4415441152           -11.3091236881           -139.456571084           126.619072713            27.5111753774            -88.2258763558           -5.02952705636           -142.770899564           -107.60331182            -67.0665505223           70.7187810272            9.5639918752             121.876684062            -119.093227969           -139.021739175           -83.9526166725           
rwgt217                  -1.73361925933           -75.439431047            0.0731550283629          21.9398601719            1.1984772122             -0.335638243532          -0.209045695229          1.4011890588             -149.330610291           -40.7895448735           -114.720381501           -63.3308209069           -79.1903627243           16.0154803696            86.1360082752            56.7163060998            0.02788717963            -0.303688120347          -10.9546334486           57.9884249338            -5.77365841554           166.36597156             -10.4515043109           -116.631615195           121.955299718            177.469922676            25.94373203              -157.54239526            170.567656403            -79.8643345545           164.046686905            176.529037795            -65.8183225019           101.246003469            -171.097193159           60.1952123615            
rwgt218                  -0.871015310671          20.5130118061            0.132025420451           -40.8862812144           -0.318407692413          -0.125985237983          -0.926967836742          -0.810901607284          90.4202114674            49.4110764277            -71.9019898638           177.972444474            -86.6934773042           18.3576334447            65.1366279883            -11.2107497584           0.0227055752639          0.240932336892           99.2614294792            -121.920405965           152.599281103            -169.017040572           -130.301054354           166.251445358            -134.128380481           -10.0457739111           151.982578279            -116.830846864           -158.795707889           165.305902346            -100.210378016           44.6250489391            45.9317124301            84.9165776394            19.4113224969            27.3456669747            
rwgt219                  -2.25943892599           119.400345341            -0.108650254538          177.924357657            2.13343108658            -0.179106296838          1.0921599048             -1.3434778265            -79.3761535017           44.6436843521            17.5218545528            151.657717342            -151.104329596           -113.341222601           -20.0755200119           -100.181851682           -0.0309062373088         0.248295283815           148.771265312            78.6397287398            -46.5693942212           149.981173941            -87.94871937             -63.717030555            -28.9042856612           -150.465058923           37.0462212139            -21.185445542            154.338456208            33.7497813615            57.6961706838            147.121628795            -115.679378636           101.955474304            -134.364303493           -94.8297748713           
rwgt220                  0.35096794963            -158.133219681           -0.231329811189          -26.720863971            -0.288055942871          -0.080394970103          0.595308624729           1.69807544765            98.518750198             -20.7035027448           133.628135592            9.72401946601            -59.9083778492           -77.433567463            154.296644578            148.601525281            0.0602704285225          -0.34294978873           -168.97611659            21.2453730643            -161.098779912           -59.1799085931           54.7301839818            155.77096952             25.1422393422            108.431089288            8.87031205858            -126.914592815           -35.4186129785           38.3006502729            -165.318765519           158.481379633            112.836571235            -131.013032124           -83.3238714848           160.981927697            
rwgt221                  0.266762692603           -156.791639679           -0.0752701002668         -7.35703242123           -0.624947109921          0.0702284766525          0.36826858179            -0.447033340722          170.001933643            -92.6729542624           -175.416177794           126.745795989            79.9186747545            -98.9831004353           -117.226534214           -170.58177444            0.0844977341553          -0.10824541898           22.1286033012            -9.76368771334           69.5252298633            75.991138762             -89.3211609658           151.73368375             120.725817231            -3.58695473723           -68.9777164085           -116.416968537           -14.5811163551           153.922227184            -173.538428313           -55.8719601292           -123.32859424            57.2275787474            -149.506882153           105.414960732            
rwgt222                  0.0948712712308          -0.128609097241          -0.12808746338           -4.72015022232           -0.868810601637          -0.177319430677          -0.823352787674          -1.47626725426           -66.6755688191           19.0543664962            166.325248941            85.1151265988            127.237512863            53.0552098502            111.049114901            -170.518792716           0.0161926104499          -0.141141583275          153.554197753            123.814925249            -150.62172542            52.5887077154            -1.52131984119           98.1527878491            35.1505533608            -48.4713576468           -18.4926840404           -112.948220024           -156.257551015           -41.1894452914           -27.5416779118           178.689498791            27.7897917634            157.824876761            -1.98435770732           115.799073177            
rwgt223                  1.62785099823            -165.355073071           0.137354900385           -59.6241085977           2.07016053796            -0.00326773009714        0.0772211949147          1.0865708826             70.6752359677            -59.9538847702           30.9864797048            55.4484899825            65.7626396058            -95.1207467636           40.6384872638            110.161724915            -0.00390282043829        0.0527487335006          -90.5037985427           -120.342129312           -18.4888933136           -156.271198998           -140.018598777           -17.4380793588           18.5432192883            87.2299033917            -14.1760688249           -122.317472959           -27.589182272            -140.878270925           70.9991565046            155.768120029            -120.466137356           108.419612382            -20.4913369342           99.421333832             
rwgt224                  -1.8436171099            10.7713257379            0.0318741799987          -175.563179741           -2.20989645088           -0.525559550856          -0.842242705078          0.847335884398           -13.13283379             15.6549958076            151.836738275            133.60115394             -105.586864033           28.3226029579            -177.62831399            -159.060789003           0.0423011586095          0.00157776213085         -169.159160744           30.1830208794            -59.8025500595           -49.8949803631           25.6192823328            61.0122583985            -107.343321474           -78.8576765912           161.946592729            -99.3653789208           -99.4969557461           158.133767151            20.4274032519            134.719162116            42.4218882492            176.551281451            -36.4870388996           -125.978857905           
rwgt225                  0.747204422647           59.6623306575            -0.185557802531          23.3573271207            -3.64455843156           -0.243860239575          -0.732415892019          1.65862257614            29.7729618398            -22.4672422006           -14.0462330168           157.181866063            42.8608627448            -118.783773577           -164.313383571           23.2388041385            -0.0402193167169         -0.323995153585          -160.874792821           -163.851639655           -37.7781014857           93.5813476579            68.9471551454            -119.361020037           124.533629387            11.3203878644            135.234824383            78.3335200465            -97.3075482806           -23.5492418851           -33.6657540947           67.8970640144            -179.810714505           -45.6063887074           60.1049567044            -29.9314133663           
rwgt226                  1.40240413926            108.714156816            0.208252781988           -97.7878634526           -2.0313796913            0.490446411367           1.11488134073            -0.634444016752          29.4745203533            -149.719338323           128.137855751            -85.6732047986           -70.3152199454           -16.5956373465           -96.5560617632           -51.083189779            -0.0369011684823         0.10277208417            62.4196648045            -173.786445629           11.7274685925            -19.2833334059           -156.934765957           28.8813654868            110.809006897            -10.8442104866           163.452366864            -75.3772176816           -40.2516901325           127.997707361            -88.9994821784           81.4969205732            126.42089499             44.1995248982            -41.821657328            -89.8425591432           
rwgt227                  -2.9655129943            -175.442658523           -0.109898209768          61.2818348473            0.834943591816           -0.433244270946          1.0770293535             1.14021699801            -79.8556955842           -136.687675199           6.46586244236            -8.20968822616           170.024978874            60.1641128626            -19.9129678588           132.267486124            0.0327529638774          -0.136101464137          -123.13101546            -96.0301502144           -90.3142393177           -135.919138256           -54.2046567083           -32.2690390351           14.3961230164            -85.2592662174           -23.27408248             160.518418185            19.6932817853            88.0769604488            -179.204000654           37.8014069813            44.421380757             -100.437874601           -105.261384214           -20.3993978022           
rwgt228                  -0.737965680431          16.5877007217            0.0547850507216          91.5932243668            -0.971203696508          0.384318252943           0.517508514372           0.326166618823           19.3410836622            -152.066628648           111.95873548             -41.394203436            -132.70722016            -98.6982029388           -34.2383219515           37.6697335027            -0.0261359641587         -0.00466411205772        -106.460937579           -62.4185420107           -142.182384475           -96.3061914197           16.7188681889            59.8985158906            148.093377335            -25.8967707076           109.544243501            149.692165803            -131.298061178           76.73560298              -79.820361826            -160.510798572           114.61956535             -42.7964219492           -138.701728011           177.685925179            
rwgt229                  2.61912408725            43.4101271438            -0.0101838917202         117.907220934            3.64114946447            0.117713000274           1.12524015551            -0.213341751765          119.558048294            -89.4225984885           -124.919972118           -131.873060549           174.525132352            -166.426612963           5.66101932772            153.425328139            -0.0382290588201         0.0240743410503          -168.288542349           79.3228382422            113.834828794            29.8835324466            -80.5579142472           178.825236751            71.0003418692            40.3414704529            -167.392088142           -52.6882166859           -106.369055613           -169.453301625           -0.711590075874          -11.9418124654           77.7714199058            -87.3771802991           177.341482678            -152.043737667           
rwgt230                  1.36030329793            15.4920262878            -0.000392127479737       -3.82860072055           2.2849535504             -0.188250724071          -0.521317307442          -1.44209472239           41.9854185868            -9.73448626641           -135.212549539           1.15351729822            82.0522955402            -10.0496455178           -126.601952607           -66.7463487027           0.0623937507359          0.376559037442           22.29038432              -148.049184443           90.7728233785            -25.3461219353           -100.659855173           -79.4107356298           -157.016820786           151.105108227            -61.3182832858           66.6317082943            -145.25747192            -89.324331159            62.0745534153            -67.0683183503           -146.261860337           50.3027291156            -114.991093152           -8.38706755051           
rwgt231                  -2.30293009243           67.9144392467            0.166081387537           -119.38178673            1.20525690117            0.0203093019456          -0.772546765798          1.51681814082            -135.53603222            -72.253548636            165.857136646            -139.725673252           112.656785537            -159.752161988           -25.5176342209           -128.435820556           0.0186366536631          -0.147791096458          -4.3736437181            170.476819895            32.0181878565            0.481012525021           -88.8144948424           -112.425129517           -10.214242182            152.387711791            55.9046095869            -140.433338023           127.765089271            18.227505325             59.9897444499            71.4509426646            -88.1488642593           -75.9195879043           -107.647733044           47.5072011441            
rwgt232                  -1.8984256504            7.22060176693            0.191212065563           25.1624148706            0.386160889638           0.0683990190057          -1.12805691513           -2.13437447534           66.0528172               105.248468574            -133.303037566           -10.933325873            136.612751734            -156.858163444           -146.753256658           118.460931828            -0.0201714656492         -0.203196202427          -153.807818686           32.2031046355            -158.063121014           21.1453658001            -144.804782056           115.085517361            83.1127412614            -145.394508102           16.1250850485            53.8157291304            168.43487846             110.635893647            -101.242632766           131.683925487            26.1750093074            -98.0532563458           -4.26606233966           -102.133166625           
rwgt233                  1.39798511254            -96.7212540038           0.093023511387           -92.224898092            1.55603781889            -0.212574834276          -0.727940110418          1.47220518394            123.996172573            -90.754426952            -41.7769334579           175.509147878            -82.1624527695           95.1494588392            174.650011758            -22.3454433123           -0.0221562429845         -0.148309002605          42.7711741633            136.415146875            -149.561678572           -91.8672933888           80.1249018224            77.5923192941            176.789444286            -166.443021823           113.75815773             -44.5472150462           -161.874971707           16.2937118225            96.9921978904            87.6648616292            -49.9562038577           -87.9965196955           -33.193077211            -75.1260474165           
rwgt234                  2.67448946123            -17.8237993911           0.106054485345           0.76424983661            -2.97224907335           0.0717646538423          -0.229301037646          -0.871989172769          -161.266858436           73.7410362439            -105.737670086           -99.0983781127           25.4668487606            -147.619605178           -122.280644949           171.00627991             -0.0279983411146         0.0565661725566          -128.630952205           163.215802123            97.0609780038            4.08097180579            62.9680043191            -67.620041951            17.8049766382            -59.8495308464           -153.04882581            124.983220176            162.054976518            -164.024101633           -98.8146310918           2.67761912887            57.0278605117            48.331681965             34.0524009625            60.9496908937            
rwgt235                  2.58743404635            -157.99097469            -0.186997668359          -176.06191048            0.908698367854           0.160030014529           0.206287285738           -2.34469600372           66.6951363581            72.5555014719            -143.032346535           152.581641886            -129.591023788           110.132205667            106.66384279             -115.685265365           -0.0157589040516         0.279669007812           -62.4830203393           -164.137788403           112.078744377            -61.99656554             73.1083743998            -158.773932162           125.22690875             -147.775161997           -165.548379087           -75.4458643006           -173.506464517           -59.8707881873           -94.7760352588           93.9646183939            -111.431953672           57.7907508328            -135.0665035             -45.9432870282           
rwgt236                  -0.344291314964          92.2844413761            0.0502437461117          95.8620714169            -2.91824175028           0.180562970755           0.870139922481           1.68715801823            164.22706539             136.006927726            179.661126778            47.5292119988            105.330001696            -82.1121831352           -21.7412441005           -173.678146149           0.00787684699209         -0.373752430687          108.119441313            -71.0370924955           -48.5768876408           -98.2456664501           -173.647686963           -30.0788753284           -68.2393028505           119.965860965            9.02358908583            -44.3312856082           -114.330221584           10.553246085             -27.1171410516           121.584761346            -176.563489067           -178.180617355           -25.4550227959           -163.534095216           
rwgt237                  -0.174650288251          148.398687741            -0.0962399186652         -120.937672631           2.89078830225            0.010187493075           0.95360949487            -0.981618219823          -157.60351799            102.922443597            -163.436532964           -113.743589399           63.0597347269            -128.579820425           -96.2446317055           81.3773699232            0.0406162655384          -0.121859370505          112.850769196            119.386741372            61.8404794125            -176.093612693           107.294984051            -84.5492593711           29.5097739109            -129.312302876           -156.425886221           157.050963994            35.4798738957            168.420358334            -103.324314993           -91.178478301            -115.885376841           -11.9603718181           -128.279097903           -2.05854837551           
rwgt238                  -1.64576752911           31.0624718714            0.200593430514           61.0550098486            -2.77351168994           0.349506407201           0.0526779523048          -0.818790818807          159.401994716            119.919592901            -89.0763535718           -179.076128646           40.0070736803            -42.1822639632           -9.25049718205           -109.784606069           0.0553771728828          -0.337525380114          -57.639054405            131.950601599            18.6864564694            -163.21653069            -114.042568982           -27.0338507321           124.980130138            -63.9219099346           -105.039923584           61.5673774957            76.9787008756            -151.200050303           -101.889758206           127.841673078            -40.7664511316           -113.825528113           125.548050536            -37.4937870388           
rwgt239                  -2.3115882412            -158.351194393           -0.111263054785          67.0746378234            -0.307578207531          0.444597105612           0.961611459951           1.18162343765            -68.9083443218           65.4454379882            58.4056732384            105.704464579            -50.9417471741           -116.594540891           -173.686427673           -53.3413260434           0.0662962077376          -0.201991828875          24.8782558491            91.9216931033            -133.722287184           -105.550771368           129.901355739            173.904777696            -138.874680896           173.913761506            130.477679278            135.702695251            -99.8372618445           -17.7212116245           -114.341334728           37.1269823261            -16.0412680133           -133.096391542           72.834952066             -87.4700682783           
rwgt240                  1.19142677771            -57.0990705295           -0.219701153922          -6.62724032381           1.04625733419            -0.456925941749          -0.33748225076           -1.42475554105           -22.8426203572           -100.936667358           -46.0440286424           63.8739437157            123.97276579             139.329510751            106.475758981            23.938907551             -0.0764597618014         -0.0703156560986         118.391385852            -157.835139791           -141.540181715           -159.824305853           49.0906882046            39.3890849347            23.8504631441            -36.2718412987           65.1218993649            101.244515126            -164.028316883           -21.7345804233           1.73405925252            40.7400512514            -178.281448159           -78.2398548873           55.6024718337            162.280795245            
rwgt241                  -0.946735984674          159.32049357             -0.204500027316          68.4325231795            -1.29103103942           0.00992514295426         -0.277652434036          1.69194034096            120.735511281            -99.3457515395           -101.275222776           83.4381005914            102.412281333            -140.445929143           -172.714596932           -13.600094976            0.00204097397534         0.00164197636702         -79.9504251422           -27.314081658            32.4325174509            -2.73008932473           -108.45982112            79.5874760944            10.3810866763            154.020040177            64.3586539162            -127.340269325           -72.1024258966           -76.0667755391           -161.994786053           79.893899594             -25.4090109701           24.0653938897            -128.845907924           123.399367803            
rwgt242                  -0.91810676251           -87.0642196186           -0.0034683934851         25.9486295047            -3.10143711037           -0.051708842651          0.801062357721           0.570917586041           -95.8264441723           66.53143524              20.0585968864            64.4090184947            -118.487380359           62.3370568233            23.581529123             -24.0105044787           -0.0317824815034         -0.0458241617144         89.4468772255            -2.65115276987           -145.806785576           -36.897866677            151.553861877            31.7066428634            -97.1322918481           -18.0183444457           2.85990440413            -129.144857506           97.356077738             -59.7080230379           -136.925824402           125.378069785            66.4096734021            -101.522859663           74.3589491563            117.262482817            
rwgt243                  -1.77071176286           113.175632247            -0.112514296865          -150.397346978           -2.62730773309           -0.0540328190485         -0.888467976773          -1.56682237883           3.76937904309            -176.776759459           -134.699198265           15.3691283624            0.681582261898           -155.757643914           -73.970952156            87.3522741961            0.0228856138809          0.0240683197459          112.872717888            -126.03503112            178.218257433            -148.608172406           -121.254649969           -169.004670935           -6.95726093746           60.6559949103            -166.487155201           -162.625169079           97.6902489167            -169.866048507           113.945516589            -150.414957308           46.8500784859            133.947353947            26.9905717621            65.297473214             
rwgt244                  2.33879850721            80.3916602042            0.0536698428914          -124.766180191           -0.613234800139          -0.46582742005           0.319593483284           -2.15081394762           104.528134604            -145.986301267           94.9843787699            -103.18431991            -76.6922231665           -62.3828952619           -18.6067454854           59.7782032688            -0.0165179666184         -0.0931365236752         -128.917233074           -76.9752669076           -135.324446186           27.4414912737            -56.550903313            -151.623752812           65.3726149465            97.9783148724            23.1384685541            -147.000955746           -63.1663394131           173.435029413            -69.3950083195           -19.451717527            -23.3110999833           16.8328422721            16.6979706431            78.2922846804            
rwgt245                  0.949886684686           149.919185244            -0.0634267794342         45.4075964879            0.475201731343           0.389553630355           -1.00854440669           -1.68858838884           -168.148034963           130.137380912            44.4310464793            -158.349236513           -55.6089111126           -53.8022743095           -82.3460418952           75.0083031142            -0.0123166124673         0.122452158444           147.656710785            -39.1726304283           53.2055790651            -20.6695239343           -67.3908248108           133.844094084            -140.883396522           -24.0911761656           -144.629603522           -158.89047878            -10.7658956092           -91.4821546651           134.383328605            -113.805192058           -42.5544064139           -86.1930904217           -44.2926165581           -171.384347745           
rwgt246                  0.452344380595           -28.403152948            0.187442497648           -125.245034331           2.24614764973            -0.524596361628          -0.950886467379          1.94880318769            -31.0156062579           49.1014012659            176.684119324            -140.622402736           152.747348751            -138.499428567           89.2819638807            52.4078125552            0.0863772410667          -0.136537470932          -34.0088566387           -40.738109938            -31.1861208481           50.3088105451            -77.4034910982           -31.6497755455           -159.251605421           -86.1038066631           63.9681809848            3.09237782245            -171.469378806           -145.192884671           163.763667844            29.8687936214            157.26085292             179.955994625            146.487642594            -28.7931466716           
rwgt247                  -1.06091426504           99.188047748             -0.118863246425          -94.6858968126           -2.33423494118           0.0144792281641          0.260569145278           1.67817304828            15.6839711908            -148.080723175           -95.933326746            -160.813703129           -49.8544538957           -17.5854556026           -108.137183716           49.9549808561            0.0409168252612          -0.344953506708          173.648733403            79.3278167455            -45.5350876473           -139.064719178           -13.0264656041           34.9714923756            -111.956584622           85.0544277691            115.585688994            77.2423460743            93.1782383234            94.4117538996            -5.4164413172            136.682592259            31.6802250055            -125.662738613           83.5846374871            25.5984724673            
rwgt248                  -1.65393742883           -100.844002341           0.178064508854           -68.743823703            0.819305278285           0.286288406876           -0.642349507549          -0.221493990015          -3.79915570467           94.5657654403            20.7026824259            -26.5327596761           -88.0154654344           -44.3529096783           -105.937149011           45.9500250995            -0.0613129580322         -0.310636435597          -124.017809689           51.7198177007            -137.626460758           -75.8251619787           9.56593102048            -171.979137825           153.986052345            97.2769708602            -48.8313489571           -106.474745149           -51.2894846801           176.286615319            -153.066679124           51.7113641199            -130.72963739            -25.5265870097           -67.5957575323           -129.670482316           
rwgt249                  -2.32928196376           76.6475157283            0.0601747981065          89.7784377799            -1.1193088785            0.0693661208826          -0.96448435544           0.946166444109           153.765256702            84.0136916178            -90.5069829884           49.7969341366            -102.768984058           -101.389755213           137.528348864            139.621115359            -0.0310716663022         -0.114988040509          116.155200595            -166.397231089           58.2878492884            -165.142282468           148.754488803            -126.71261995            11.3946890764            25.2158979234            99.1538567461            6.93861293961            -124.1259573             -121.921791978           45.253439515             -135.243771255           8.05790236852            34.1846278223            -20.8625633626           -0.944414163206          
rwgt250                  0.39821048117            113.547479921            -0.217998937779          116.298987066            1.93420433543            0.0816776236588          -1.00187203834           -1.29959578455           172.45801474             98.050442393             -130.146126275           48.2558234674            108.181680876            -41.0274536556           -17.6336208213           61.6012119687            -0.0599432756444         0.153107700913           96.5680959167            -124.488238469           -57.4039324504           61.2236345543            122.567755895            -28.7207610524           -78.5363711106           21.387492869             96.2862354571            -58.7120142737           -87.8673625338           73.2128330434            89.6600365814            -48.3605658062           24.4434207071            -91.4150849604           -78.7610820212           103.042792239            
rwgt251                  1.70677281343            -96.2597944511           0.189452156602           30.5399226929            0.0917680853369          0.00597866189521         0.534120036357           1.3535177212             132.848438122            -2.47841971598           168.456570511            121.934968725            108.049964003            70.8710268724            164.853828759            4.95648276018            -0.0815678453553         0.1873471383             107.843679717            156.43907737             -139.346790926           -81.9514521865           -9.44517883719           104.85671334             54.1896717539            -142.63036289            -57.6037915295           107.178633179            -28.1679081572           -159.602558996           135.987891631            -25.8627021641           -41.3426584613           -16.9950860063           58.4421769191            -144.869719558           
rwgt252                  -1.90969025554           161.133015173            -0.0676363326848         110.693289438            1.40005813224            -0.499761948126          0.150925632559           2.34189781277            -81.9757311689           -78.9135421969           2.03036099327            -129.002394868           -30.0763924425           -112.667404142           154.54185524             -32.2786043806           -0.0492616971855         -0.20282383907           52.320652257             17.5059561201            -54.0079814945           40.7124096939            -151.309605701           41.2611627159            75.9553819068            -101.308478778           -162.570045788           114.046586895            -15.7017239566           30.5830988429            90.5673933629            14.0735182228            -93.4487448838           -112.98475602            -99.4943426022           -4.23818520162           
rwgt253                  -0.626995518471          -9.28152584995           0.0806291519006          20.87696916              0.27655496671            -0.373065357857          -0.481240915826          0.844602869029           -34.3792186551           178.008831093            -73.6245588252           105.01752904             -77.2353673403           157.030343266            -23.1037055018           -141.262309916           0.0847008755479          0.316461282633           144.97092912             -124.921058748           102.33610103             137.467662034            -26.1465596238           -157.843208149           151.395463464            47.6872102877            -95.7279102754           -6.78913000453           -63.1190716034           -20.274907452            78.8779866319            -29.7834570986           -138.746760105           108.386663816            -162.344431591           -54.5860117863           
rwgt254                  -2.96933072579           101.486389574            -0.0347010076542         -79.3738766025           -3.34023067982           -0.00390050872411        1.14316227646            -0.377096667908          106.013390614            88.6978436347            -26.3458827533           178.614358531            -45.2279866765           -76.3165881088           177.455583623            -58.8937635495           -0.00444652061988        -0.320308096309          44.801416264             65.4809036959            -85.5760629368           -81.1399116271           -38.112415485            -109.519992038           79.0861676521            -162.519935557           -25.7467687244           96.1005920806            -109.170486724           70.5974793782            91.8747311547            155.294277952            -70.6791750739           -158.765640647           165.848605228            -107.312029355           
rwgt255                  -1.21413089463           177.708608418            -0.0205032118296         129.011182586            0.396731337798           0.487850181131           1.1880883522             1.92581570378            48.5368764655            72.8965322908            -148.650823373           136.400417391            107.819594702            -89.6399244449           22.3535229929            131.969974527            0.0177614633838          0.209074218046           -117.92918869            92.4388045323            98.9624909929            163.21684035             -104.385215512           -124.493251241           33.3839026425            125.326296097            -54.7835416738           115.178238209            -85.9750840361           147.181096433            31.050432835             83.2282598598            -33.8648093372           -109.472186369           82.4670967091            49.2001806177            
rwgt256                  0.674169435935           157.993502628            0.106042861634           -70.2708039854           0.57552151966            0.0520708368626          0.220462690188           -0.814587676517          -154.481126466           -123.070031364           128.381226926            54.6157704002            164.118570038            -32.764650761            -42.5375330378           -71.7990735222           0.0516067350495          -0.145095058445          175.541691842            152.192151874            -94.5291384479           -46.8996942783           -120.186278696           -94.2523310263           -157.203445835           -172.621113352           14.4724004904            175.955637023            165.195415795            123.295743607            155.13880393             -170.868196767           13.4469440213            -78.9244143897           99.7122849601            -158.043375812           
rwgt257                  1.18892996231            127.431709168            0.0250279191007          -152.792952618           -0.239989954065          -0.188637600271          0.451700362368           -0.754123473211          -17.4816461394           -166.250122687           168.087105295            17.5998741274            -50.1526488304           -100.45546886            -116.909056524           -62.2069789207           -0.0168178494967         0.143496344103           -86.6738861934           -7.31209090922           56.5928933339            63.9019449525            -150.104960508           -48.0995922441           -134.689737045           -92.1917517848           -83.8635212545           -95.2963167069           0.65198028647            142.802096224            -101.205481497           105.964051306            39.2382811936            -175.386397274           71.1829707545            -91.0929616319           
rwgt258                  0.918153184844           -68.6494424942           0.212595500566           68.092078905             0.658436173455           0.0826788269075          -0.813602112101          -0.660941104111          70.4523285024            -54.9236134281           55.3369737067            -95.3071119483           -110.229447617           139.718381542            174.519514566            -12.1692500552           0.0458775136931          0.258388471582           -125.723802786           157.327707612            8.94528962585            -3.2916618586            73.8929496063            107.497762993            147.437109126            -105.824703868           -80.8918246185           55.0199830499            150.173304133            57.4262066467            81.8098386045            -132.501546448           -146.943834168           90.5626935209            69.0122753197            163.232817161            
rwgt259                  -1.23432968071           -21.1784870506           0.0769459594512          51.816317171             2.19345901407            0.494849644525           1.12278383725            -0.281448773506          -161.509460873           -17.9240990542           -114.437736565           17.6241039841            102.359637467            99.1604968335            -147.856785439           170.345397091            -0.0690309909676         -0.120344146673          -158.792627836           -12.0462396083           161.703216904            9.17731956427            107.445907319            70.5186085392            60.1458296277            -129.764782981           -76.030683883            -2.01712591538           8.51357209539            -48.3798757808           -141.678723818           -70.2177945037           -71.2966018405           39.6796899611            -163.915182263           7.40315386067            
rwgt260                  -1.28018354899           160.08605977             -0.0201480461151         -118.827337733           -0.188441417364          -0.475098412474          0.219584179771           -0.00530199883751        13.824970314             -149.150971487           -35.304809489            146.885478595            166.576715539            -131.648113787           102.090030839            -114.39716385            0.0693550501744          -0.126090003117          162.98684152             87.4211612032            60.1319152481            -58.8692217173           -59.1736436166           45.8624674519            90.480133695             124.386858989            -135.333756045           93.8249201283            -45.1245282609           -25.2707979431           148.320781921            -2.84620995284           156.292573032            -85.7674437613           117.37592809             -90.5668341552           
rwgt261                  -1.94419020646           -170.513026077           -0.158432526262          -102.212150117           3.61656688763            0.0993330375766          -0.531059148012          1.78843921819            34.7069692472            -149.957590283           144.598182137            174.270674673            159.444881034            100.645943364            108.763363087            43.736359633             0.0472384110632          0.289611245134           170.790014289            -155.150470013           -31.968706081            -27.9369430495           -69.466116803            -30.4614820019           137.910498956            121.892431506            155.406780517            134.622927057            177.654556215            -60.4388040888           10.5971253644            113.142263064            102.378432535            45.1916099346            -35.0323764581           -156.496774966           
rwgt262                  0.0631586299124          -161.392726291           0.0220249590734          -58.307922698            -0.758663410277          0.222535834513           -0.806840569115          -2.14120510166           12.5975795874            -144.23793161            131.871492144            -128.682640339           -7.89849538104           96.0682952889            43.997972395             93.9480330682            0.014481415146           0.248971902157           -11.1243472831           12.7672452999            6.27919989101            -17.4174789447           29.5767493128            14.4378352828            82.9383422429            128.293045978            -48.5220689073           -21.4168727298           -88.4107074773           -89.2272965409           118.275370142            -28.9404574483           97.0390416267            145.397196688            -58.0309588501           -134.822197585           
rwgt263                  1.83891043506            58.3733452866            -0.0809628460372         -153.846355545           1.55111979463            -0.276515185875          -0.749941024503          0.614395027676           112.581024681            -96.8156993052           -94.2294799541           -7.4058588817            -142.508072404           -1.41003704999           -90.5028044934           32.3724774054            0.0848086181383          -0.0865625740266         146.121951722            -127.01823033            -133.22042513            65.6698591133            -62.4828481579           160.232597756            -117.023872792           42.450793241             -149.197282394           160.043052108            103.882258275            108.256888943            35.9237963375            55.290234538             -2.03091666791           68.5480102974            -15.388748244            -158.768614435           
rwgt264                  -2.5145213083            48.9622245728            0.155574036211           172.857803555            -1.40741866066           0.409185235139           -1.09439514509           1.35466435831            -10.0751626547           144.139331404            170.457439926            149.660098099            14.3202815927            -176.820947099           -46.2464629448           67.9156685645            0.0273590941259          -0.341368439738          -25.5144914495           140.351038804            71.7223426122            -38.6300483559           167.547676348            20.9466854742            -19.9939014149           26.813672679             88.3331676523            45.5273198544            -35.7366059131           -43.9810063396           48.3275532164            -119.728300382           -123.957941503           -117.075761479           22.7298878145            -89.6565532697           
rwgt265                  2.62049533362            -140.706229827           -0.206145683348          -129.431402606           -1.35991273694           -0.380921479617          -1.22391580522           1.29423292386            116.046625954            128.19207104             -93.8225840752           -72.417923334            -91.5299069583           42.1090515335            -143.139079665           -169.094288212           0.0485858994174          -0.332257286325          152.80269463             -116.197842038           152.804696623            -98.876849454            121.824456852            -40.6860512382           -35.7830564434           -90.0901943809           -124.160518093           141.967975172            -159.195731123           -164.704414057           72.4339347473            -113.747087303           74.3779524166            -38.8960708207           -110.305948234           37.8748332437            
rwgt266                  -1.21599095474           35.3066131443            -0.158482654726          -17.6799446017           2.20187317873            -0.380433585084          -0.234658343983          -1.02443119599           99.2359695076            66.0504427875            -91.1494582054           -74.1220827307           -173.974116807           158.609070596            169.981306547            87.1788194866            0.0544449063218          0.085218136502           -167.436850176           -39.9468973655           137.102987244            -156.277885735           -101.60449181            30.5639682508            -60.16509663             -169.424085367           79.5478596621            81.3719722912            83.2296696985            -41.9101765323           65.0985399699            -60.9319795055           -37.8946992084           -24.2919383649           101.150733777            123.083269737            
rwgt267                  -1.40057328119           97.5975146279            -0.18892827921           80.5932941657            1.57920828216            -0.514642633915          0.352773858072           -0.615833798658          -164.354102255           -170.331383997           -166.58743834            124.517089961            9.67353562391            -48.5129907379           158.048880749            76.9339336256            -0.0360106818518         -0.18891447313           -108.37346216            136.265716879            35.7450707842            156.840464884            -109.95721759            -7.60869093991           151.460566651            32.1609579052            12.381981389             128.222600486            -87.0332632164           -100.071246975           87.929291084             162.417604353            -67.0181321035           112.36934472             -63.6705103031           112.981077211            
rwgt268                  0.848654720902           162.067414669            0.218375614754           108.320514309            1.13775510034            -0.153759911206          0.383907551817           2.1315282128             145.788992343            -6.95406478188           -116.405173069           -120.962669927           40.2197207288            -141.032813937           -42.4805422048           -137.349012463           0.0188144521688          0.261833430257           -17.8958279742           136.427364646            -102.211527872           127.873712379            109.28079257             -100.576677073           152.984300074            -61.9456702031           -177.810563897           -21.069390127            -66.1693045143           -75.7882866271           34.4532800182            56.5913145365            46.0513095369            -177.084685038           -18.8474460922           139.429262375            
rwgt269                  2.77355295248            -54.7862354246           -0.0740230707843         -126.168763441           3.65685175627            0.495641651299           -0.780425277644          -0.346471441953          150.130105563            0.248815518754           39.5653649862            139.065157783            89.3635360432            -150.66276064            -179.045563241           155.834755556            0.0785433489908          -0.278698696202          -142.691061865           -8.84090711382           97.8115517744            -0.731686202602          -149.330175157           79.7060928584            104.022930643            114.131121237            113.460562045            79.2789685484            -136.989466455           70.8964725926            49.0766725587            -40.1570441795           145.073646546            175.616027302            -78.1981988133           -88.4857291827           
rwgt270                  -1.16948913783           117.223415312            0.172400400292           60.0957134408            -1.02296365941           0.455173517927           -0.409428446177          -1.10408808999           -20.8492164312           -132.113114808           36.544272296             179.348254901            -145.022366519           85.7735790342            -134.084283812           30.5478915414            -0.0509562836035         -0.139592103918          98.4113280824            -94.6017101271           -65.2315806484           179.015047704            94.1517180777            34.7204086287            -103.99307452            178.870542396            -146.366108026           -175.789987058           98.2408185917            -30.8024064477           -78.5986287779           67.2584889309            -12.996044319            82.6557623891            145.374748594            -91.1752011281           
rwgt271                  2.87652019655            -71.790122235            0.0141365554239          111.707156579            -1.9322698994            -0.133463434391          -0.5810240685            1.03403894836            -68.2417757471           68.1000768496            177.036873469            -103.321039837           74.1156043204            133.439413944            11.0787687972            -141.66296233            0.0173970027971          -0.309978316136          -8.44584828767           103.476701851            -100.371085277           -100.599544766           -85.1554365117           -79.8297546692           -175.935847463           -173.751276956           118.074093559            -176.00670061            -17.8255665772           -171.619330104           171.235430507            53.300381213             -97.4254044593           68.9604176468            -114.355221181           110.9414826              
rwgt272                  -0.156078630175          90.8022378409            0.150068498681           58.2521710697            2.39843668567            -0.44717222283           0.29170083911            1.28997038544            -50.4208539411           172.758265911            -29.236659748            3.89640139687            -3.86777387517           21.6446841601            177.049582246            -9.55951962558           -0.0853489283524         0.249609965723           -104.899111923           47.5871141668            -10.1467900563           -84.1576132342           -160.760720032           -128.545725607           -122.234707667           69.8853933815            83.9722088902            25.6092920737            -2.50873050377           71.1030598652            -118.419137073           -19.2974748598           110.637811591            166.992130898            -98.8192821495           86.7847338845            
rwgt273                  0.155349717698           -14.2099038687           -0.222030678729          17.0301047779            -0.421734323943          -0.254310455942          -0.326741745514          2.39684756656            -87.9128992135           -164.717083178           115.81321502             26.3061503625            158.232481294            -107.445210162           61.9615261318            -99.9974634066           0.0319726689866          -0.245731925541          48.1863107895            113.422927163            139.156215843            -165.874174414           146.71987949             32.7210585867            126.32575165             144.64993986             5.30066109001            -103.901705166           15.862005508             167.213413559            -5.42359903518           -10.689590337            -156.314560734           168.176234596            115.576738835            107.288349834            
rwgt274                  -0.908737193223          -113.532029093           -0.0998896122488         -143.970960157           -2.72911243005           0.30629000185            1.23288762544            -0.20747789443           116.634566759            116.385486861            133.048167878            -4.61283084901           97.0062994085            -161.756400142           -106.182500711           -138.046773436           -0.0398574865153         0.373123920903           -114.886808331           -111.10334201            129.436463075            153.957203757            -136.68553143            69.8781960445            97.0363487277            35.1603359388            -120.396044422           -28.734160651            64.8927810861            36.8040161903            69.48497575              -129.890893865           173.533872001            51.5222106311            99.82814554              -52.6685839282           
rwgt275                  -2.09532510433           -90.6411446308           -0.0127578364028         -174.004786397           -2.56584380679           -0.146915344111          1.20850408806            -0.600809426778          -26.5569791627           66.0515593711            10.0608219473            149.883912557            -101.627115974           27.0965464659            16.1252379343            131.115830563            0.0139224954363          -0.0127559919229         -153.59921102            -54.5349804914           173.374276631            -0.258309884011          -29.5443399437           -65.3489355718           -168.332767166           -69.0636041432           151.038133782            176.264109117            -78.5114577878           169.746123678            52.6047122926            -27.9063866394           -34.1152701294           -125.855490608           -31.5729735898           -90.8044030083           
rwgt276                  -1.11510067872           175.121240213            0.17323476382            -179.981073298           -2.24006246577           -0.377675638795          0.618057490393           1.09383517161            -178.973799374           81.1069633726            -22.8761499088           -56.5212580293           76.316514201             -23.4387809142           75.0567690717            -140.149137104           -0.0588256165421         0.104672990057           -15.6082735152           -16.234413698            35.0046450975            -25.4497958406           -108.419612351           105.750192729            -160.46092712            -115.472485605           117.59811107             82.7290874509            120.952104458            -122.897184397           -105.571852139           -85.7761966168           72.071193357             141.712641777            148.68880659             -76.6168850638           
rwgt277                  -2.89899599121           -109.54759032            0.126711185616           -31.1166648805           2.71448631043            -0.497160337256          -1.01382397438           -1.99769587161           -98.1152712403           27.2989949559            -76.5970793137           122.106017495            5.14411747856            5.79965349233            -100.409406181           -64.8501959197           0.038945230925           0.174090583709           79.0191008497            8.05703958821            178.42293228             -48.8805942043           54.4858979079            -43.1932730825           -24.3284419562           -27.4724104125           45.2451914456            -69.3575501715           156.3177004              121.90727667             -100.752622809           -75.2405361145           165.408070763            -168.545976233           151.646475189            -163.885183581           
rwgt278                  -1.02800097883           -153.845629026           0.106812205282           -111.419132207           1.85175931621            0.477581578246           0.138462978909           -0.0234372509351         47.8699212626            -94.1873756628           -161.728950534           -25.1065220875           -24.2958123933           -34.5336656015           71.8410763335            8.71809207759            0.0642346959412          -0.154499769653          130.314715909            21.3493810314            44.0046548675            12.4502999702            -65.9766683922           49.7545109875            -3.19246862069           -70.6850398841           -86.9370883068           7.28137009037            41.5926563423            42.9099448941            67.0898460084            -74.4294475065           -81.7534349979           98.0554274287            -89.8738119196           68.622593768             
rwgt279                  0.00117553243586         -6.629512721             -0.0918004203638         -6.796524822             2.92284863315            0.0165390472936          -0.87020928176           -2.12203762045           -164.072770303           -12.3587156616           -151.024140854           41.6015403959            -173.616417072           -117.726572891           171.975357694            -142.479717252           0.0581514151546          0.172609975708           80.9167628431            -76.2416159451           40.7336376589            -135.34067848            93.8576131752            -17.4536890314           151.339349059            119.596952063            153.678452005            173.991044786            79.4246904016            -175.227671268           -147.784629313           -165.35527896            -124.796464143           -79.4025479745           168.322567992            -166.32702286            
rwgt280                  -1.11572245593           -94.3179804594           -0.112959629224          166.003610455            -3.55916404553           -0.087531818875          -0.231083034709          2.20776139876            -8.41058153644           -130.86540716            -150.943220852           15.6980219001            109.613177734            171.870766762            125.224277865            91.7020388754            0.0519863564692          0.25453905797            -56.4825364306           -68.1656714097           -154.618689506           -55.8768937887           -64.1980662759           -53.0657870158           23.4036094187            139.512101066            127.973553277            43.4766299736            96.0172665177            72.9122970276            -112.16953521            146.709377706            -163.487847455           -52.1013093209           -87.2530847975           176.10052514             
rwgt281                  -1.46025899128           -104.520188738           0.0554977563045          -142.641941515           0.96131162076            -0.487210283449          0.876301344495           -1.48308181352           -103.940980111           -175.296367837           -84.9022915289           109.853824326            -81.7502869223           5.94527914814            156.144500715            -75.2890171628           0.0401266061257          0.304029455197           156.193785882            -57.8622461791           -21.8235862031           33.3075651906            -111.966693359           135.096057897            126.625962743            69.4328642373            -56.7805335755           -42.1418303144           -36.264892159            -139.867511538           -118.954141004           -59.8182521801           20.3750735218            82.1245104921            103.52078428             145.721174446            
rwgt282                  -2.00276113917           -172.417566169           -0.000999126341905       27.1444168637            1.91149037432            -0.156262255763          0.157279868323           1.58029727951            75.2328414315            103.202978861            22.9873033163            -22.9550794815           -116.873874894           -164.510195954           -60.8802802665           -45.3045941292           -0.0234381660973         -0.11739732774           62.0426106115            -84.6163586292           68.4434799675            21.3001740886            120.89458572             -125.690590299           105.695330686            172.82987548             -31.4153338568           -0.155096630667          51.2761172888            -40.6578975956           -99.095195718            -154.116350529           162.556499728            37.5478709576            126.353215628            132.264096979            
rwgt283                  -0.94947202444           105.463592853            -0.228264595099          -11.0761556053           -0.161758610452          -0.0441789260289         0.979856921588           2.22778261769            143.526434025            77.8848840451            -132.681675952           -120.517065166           150.828331028            -154.264943537           172.791181372            59.1834097169            -0.0659701827853         -0.136087480665          118.315548301            53.3271729366            -60.5924860048           134.350800969            40.2956742253            122.649803548            -144.913137556           -112.712412774           151.393532366            167.405418592            92.7921722613            153.756023641            59.4800192936            -7.83070738426           -78.8097056087           -41.1286507709           -154.941523177           -56.2325017799           
rwgt284                  -0.387629006838          179.777328499            0.199603175531           -38.5306493695           1.226537892              -0.496833357838          -1.03037622567           -2.09205959127           49.9196638775            0.335830614063           -56.6414011794           -84.4981493445           -105.714490391           38.3936350641            124.932214578            -94.3649045599           -0.0776721818691         -0.185036732586          11.2246500255            -15.4371563049           -3.01737618752           -28.9669682347           -72.1084330304           144.011753859            127.360990161            -85.4473384441           25.155102369             81.2324833103            -93.2072727548           92.1565133742            149.794186324            -113.222485555           -4.67865284478           172.580111607            -27.1341680718           134.558068113            
rwgt285                  0.0113134598408          -128.644876298           -0.103316403052          157.615351022            -1.3819486202            -0.506826664478          -0.221000060063          -0.026166236504          60.1135445442            -75.1232557656           -70.8380095134           3.14205690658            -70.8723296623           -150.113472768           66.7644522886            -42.4332467569           -0.0654989448094         0.301122388203           89.8328545461            -149.680306405           -87.3613672193           -164.841759788           -70.8940477892           5.65608170253            -48.3878221111           -44.0767614212           29.3744989632            130.008742504            80.7974427128            71.1671803531            120.905864243            -65.4490460964           -89.4067698806           -92.3941842561           -35.3689856163           46.7540823582            
rwgt286                  1.66666016702            -4.75206413346           0.154575027698           -119.443188153           -1.1611474841            0.0469731780202          -1.06431405305           -0.0155219985063         37.2656420843            42.1635428644            -75.2016493184           81.9607536265            109.935931113            175.462281602            -61.1313721074           -111.653844165           0.0318047025637          -0.307822611721          7.77393723139            -37.3969295978           110.682077503            -159.158187674           86.5868309997            10.5512869654            -86.068183478            -95.5546036003           164.285739599            10.5212707867            -165.232957198           -88.8765798126           -41.5287625738           75.0924056187            151.175183334            -37.772695925            -163.573161372           112.624429662            
rwgt287                  2.08931200339            2.09456250288            -0.0859213802826         39.6204259183            -3.06652445928           0.241476054035           0.0485030220512          -1.03014598124           87.4761055997            142.308086906            -20.315123898            -104.30516912            169.784082854            59.2879446753            54.396121257             -68.9417699915           -0.0578890697724         0.24902427218            -171.488075162           96.0688806369            -57.39278109             -1.28576908055           75.537578615             50.5790738804            20.5268000035            -138.356694952           160.027015791            -23.2677904697           -82.0454839768           -177.145638914           26.4201451561            179.078386086            -4.82007539053           34.9912266043            -55.1607308407           172.98468664             
rwgt288                  -1.04109106601           -114.33572785            -0.113822913887          -156.852357246           -2.31808390023           0.244296178535           0.460834324277           -1.12549649942           73.8790807737            -9.32488028721           61.5718788946            -81.1151357085           -124.367271652           129.05070561             -71.6295681696           3.5904062644             -0.0347363696187         -0.184415524479          53.5590169161            -132.318161024           132.371216218            -109.744445454           -155.734954904           177.72700033             135.014422217            -80.1922278058           45.355870955             -119.842177514           33.4324613808            102.500045974            -53.3900372053           -76.3834136926           -90.0560834296           -61.0238924534           -154.567494081           -123.463371617           
rwgt289                  0.359730696024           -32.8893984467           -0.0717279258917         -32.6813820303           -1.57578726002           0.204432614893           -1.2653966603            2.10126374354            -41.9179740721           111.023395699            41.3089063518            8.62413578257            -146.713714545           21.7692118838            -108.812957927           -45.8642949631           -0.0446383410299         0.181060504746           -69.7853536869           -107.303923338           169.008343386            -70.1378963663           -82.164115518            83.0688372006            50.965341489             -23.3596995136           148.20582898             -36.1259745685           -61.3733014876           -0.391230654036          161.204271567            -84.7604725093           7.1181521676             85.9164302587            -152.741968568           126.282847249            
rwgt290                  0.68135236161            -83.7609883196           0.149267034265           -47.0635708547           2.22304150682            0.34426271101            1.26623943752            0.166673960685           108.714545635            40.0186255274            -44.7397714173           139.824299816            120.547959551            -63.4411279808           -155.411691934           103.830193686            0.0090884876966          0.190311543987           56.5636573682            38.7469192563            -11.9512272032           75.4711739902            143.402030525            92.2992214931            -82.0900662029           104.616962559            130.849399858            105.701232829            169.572537131            32.1718503991            97.6486422008            -16.4416981649           119.803993886            10.642707661             -163.417019347           -70.2989755285           
rwgt291                  0.194103341945           -49.7362702764           0.0842890857786          40.2450258155            3.71280759497            -0.531325604831          0.220323659331           0.938541190669           -170.775932951           150.765146286            -69.7019527353           62.2515065657            -141.298555383           -175.853739328           -51.0664752752           -2.6966212716            -0.015199225789          -0.0365314563287         -32.0134630499           29.5510867351            75.1624115642            -109.305726475           -81.0332300239           -143.819055335           -83.7080168858           53.5246569214            156.500201504            -53.8324892539           -7.31306687129           -107.479516759           10.1307473652            -107.271391494           3.65856603014            78.5630474251            5.59651926606            -39.3834743469           
rwgt292                  -2.826312926             104.29855079             -0.00460817606876        -77.7952855695           -3.5745403127            -0.258523081294          -0.0165146183713         0.951914588217           -78.041183052            78.3224118299            154.58052454             -68.5705655972           8.0188265598             -161.413150859           -85.4940651195           -149.445346422           0.0443058916614          0.175098816483           127.658613654            27.2573341512            166.871218055            50.1014336564            71.4180179892            138.218603308            101.211236388            -143.011318692           -164.591230153           16.2091063993            -39.222075833            136.08880405             9.95838768288            153.324208178            -134.885314175           159.988306353            -49.8380258008           -35.9977876633           
rwgt293                  -1.13178654919           -21.019697511            -0.0048431940052         82.257781603             3.48497056597            -0.39844943421           1.23718234344            0.86404631925            143.294674029            -146.934913578           96.8349500536            30.963604131             -103.81977147            16.9796967582            154.703713707            -171.973920383           0.0437478840114          0.0428953616609          0.546887433561           -93.2679422983           -9.3763699128            9.16044332409            -116.725499466           99.3560783256            -46.3964282068           -142.237673104           -138.004959435           -66.753548975            -45.7252240587           -81.5755170416           95.1568569061            -74.9364669328           -44.9985854418           -62.0150876385           99.9145059346            -54.4262165113           
rwgt294                  -0.228871984027          -152.997126096           -0.0979702122528         -127.241052492           2.35014931793            -0.465768401998          0.933190198523           2.30692198987            -169.74360377            -6.79226376929           113.292548122            -15.0149365007           -92.4164536384           4.59726608062            -147.385279983           -164.485601671           0.062521877829           0.129337144117           -116.679373021           75.3547137512            -137.8835383             -94.8857303002           -137.403591779           91.3432171944            179.373436757            102.701913203            9.84456478277            81.6029513898            -84.3856912811           -41.3686342013           43.6629818773            109.629054434            27.8872036051            150.542136941            -82.6376760435           16.6254080688            
rwgt295                  1.88778596719            88.6474756927            -0.0914063470694         56.0107695127            -3.48735586489           0.439945687388           0.986741619744           -1.76785324458           -2.7521264968            144.768873416            -103.879748016           -37.8434440568           18.9534073642            -139.277316218           -49.3933701678           125.551637912            0.0286528463154          0.0192275663486          32.6634750952            50.6766986341            108.354817379            -98.3467910432           29.4183431776            164.594864701            22.1688364085            106.154308666            -117.420327118           67.6017623179            -16.517337699            -4.9694899292            -94.2534947882           -147.687073004           -17.7201259616           148.689498853            3.27170765595            25.6807376061            
rwgt296                  -2.40841423026           82.6544121645            -0.134081998184          -114.093993042           1.72902235485            -0.217204630262          -0.281207592293          0.138622523357           52.3039353719            40.9143757818            -88.4478135482           57.7559836469            -61.1650420393           -86.4826034309           84.3355209912            -55.8704430356           0.0420060967689          0.053213411137           -105.652119999           47.7593818141            -16.5556228135           144.817961963            92.329198083             -25.4024674184           137.468041991            158.347056253            -55.37785665             -167.033058523           -135.182839855           114.344516311            -171.464288563           -106.843158174           177.429163453            -24.5715488748           -174.656690716           106.442852634            
rwgt297                  -2.14561771402           172.155048642            0.183254057449           46.1637011173            1.4318797915             0.273810573138           0.169853017879           0.845403389389           -130.43940445            98.4806620344            -78.4254538203           87.077997513             44.439350508             -59.5954405285           88.6140181881            39.9652289294            -0.0696909500761         0.195369530116           -12.999571584            54.7743598192            -113.260772662           90.273718503             121.249409755            175.155113672            64.8609347664            133.794219097            -142.888897196           -137.288071008           -18.165935529            -63.387665879            102.924107312            74.9215090569            101.917496665            -102.339774661           130.948670973            158.324976084            
rwgt298                  2.04035689465            -179.418833277           0.0861758861311          -74.6819919895           2.88734505762            0.476039121463           -0.114196041087          0.332426118681           36.5742733784            -37.359585588            109.4924534              177.493065939            -58.6834385204           169.491548774            -37.8650630829           174.267789563            0.0388883511946          -0.206498324699          -173.765478495           89.1994340327            177.161775831            -36.6788942001           127.227907227            55.1391196514            -4.92753388119           -81.4357019051           91.699547448             -12.6854259802           140.994766857            6.70581619969            25.7266806806            155.27099159             64.4569026741            118.66828389             -149.101922439           -92.9215067216           
rwgt299                  1.34079406275            87.0882800024            -0.214259901074          -92.2142272564           3.38475912265            0.0404798628124          -1.08848468151           1.03881377614            27.0952407469            -116.319646468           90.9395167549            -171.447553622           85.8396364076            -122.750926795           80.1958680719            125.675560574            -0.051271083015          0.351158212998           140.325001161            117.073490806            49.3172706833            41.9930366668            82.7121852199            -29.636435428            -24.2758984333           -107.21987572            22.2692235138            -151.119006863           -71.7151771238           101.237150919            -161.684870749           59.4363478954            -54.8905262312           72.9771905943            -136.68703183            -94.6351621378           
rwgt300                  0.979445386605           -92.2232904888           0.123547759549           -156.770418936           3.44386240108            -0.534815639966          0.165761961983           -1.70298377453           -177.843188008           -175.103081391           15.4351234956            170.397829379            56.2675085125            -147.194121166           114.312835568            151.218733759            -0.00672323710443        -0.0199058000013         -0.704712932266          -100.460354773           134.427633951            -63.8195838003           -34.3181666057           -70.4629702563           172.599822105            -151.114113266           104.812503992            132.61238602             -45.0923457936           10.2065500222            96.5952627337            -35.9499069143           60.3205168451            -81.1433917748           -19.8976840393           -30.0226391701           
rwgt301                  0.0781704511263          -129.750973427           -0.0705964833244         -72.6392205116           -1.88747978234           0.0725090891241          -0.728068637366          -0.696720747451          -109.012369507           -99.6787974168           149.467643282            11.0284636827            59.4250989306            46.6342832832            107.016876466            -55.9530447564           0.03651131475            -0.204760580529          -156.434179319           166.867828257            34.8490197294            58.5050465594            85.4349871282            93.7448025346            -169.744152014           27.4166759225            70.6373853793            -58.3019114629           57.5782571964            116.443736478            -60.0047663521           -30.9918353056           -163.335727217           7.54068344072            9.96002215106            112.526196858            
rwgt302                  1.77965257768            -152.980139061           -0.0378089612711         -71.18466746             -0.404774676881          0.212727104544           0.323977736813           0.268638750698           56.1191246326            161.844397599            79.9593170908            79.6121681005            -152.214784448           -97.9023309126           -99.077109863            171.390469186            -0.0737191804848         0.269905968068           -47.6656277151           -65.8986267335           -156.310135355           110.467941189            34.0136652464            -152.789888108           134.923687645            -40.2264462006           -72.086169192            -45.9365524249           144.228285991            11.3484607975            169.784199295            15.4123547468            138.9202748              122.492165928            47.5783182473            -39.7998758892           
rwgt303                  -2.74652267066           117.751861458            -0.180825370676          -137.51392519            1.15006604352            0.105830535144           0.99313016247            0.374251930721           3.56043932583            82.8811209901            -106.310023282           73.0269111541            -177.016601936           -170.974268804           -34.9283661108           46.6962978822            -0.0426641262553         -0.164169645128          -0.933167675149          100.916018904            30.4314225006            90.8406591546            75.2913198932            37.8905400529            51.9994275419            -170.809206086           -110.162013707           86.873205267             -47.2707105714           -137.183977685           -44.0629447962           44.3993947488            -61.6303974909           126.726262013            -8.25628981544           -85.2046886813           
rwgt304                  -2.25555478568           -39.3232614889           0.230750512134           117.955853533            2.84314658673            -0.4693680147            0.779431317561           1.28146071766            152.832292523            -123.451829918           130.335916556            106.847482116            -85.4890301772           81.4223119675            -34.3231671434           -6.61414437719           -0.019223021892          0.0216151301901          -177.808090468           -139.085627159           0.51195635364            -153.875482443           -60.4187701458           -107.201650932           -141.69021788            157.873866192            -159.712556108           -7.60236803136           96.6771691345            -43.3455207797           -41.3679844902           -13.7444168246           -31.552650518            -50.7477236635           -137.219091137           -119.662354909           
rwgt305                  0.547288814295           -159.936219832           0.054643618967           -75.1723817384           -3.28835213636           -0.031278429478          -0.822919851528          -1.75449111369           -77.0435927274           -10.9611582253           174.324502901            -27.7725247751           -104.495222212           -101.637082664           19.1681050907            42.9000578543            0.009052105733           -0.372245503556          -64.0800027833           -95.9095897776           -60.1766185063           -26.4195580771           153.452656626            84.8085970667            -113.920803597           112.280237961            -168.915061466           -163.638573881           -153.231733199           -18.4775157141           -155.85304287            43.1591342156            172.002023222            -175.785479423           39.2466547486            -87.2172827162           
rwgt306                  1.06640454331            169.321477685            -0.125572777428          144.411215783            2.6982152614             0.256847593359           1.04553974304            0.922226599737           48.4503299375            91.2314616309            -123.337775272           92.8280019901            -33.5306685897           60.1932148644            -80.8370596257           -56.7861044269           0.0486785395181          -0.176105886576          127.288951346            21.7175603481            162.599409668            -47.2422302856           141.830368735            124.619687252            -129.936909379           148.238538413            18.3244082253            97.7542625986            -17.6432390835           -119.915820857           -25.1297026208           105.19505439             14.5802773093            19.3407907218            -96.2415866124           147.375376022            
rwgt307                  -2.78971242              136.398831018            -0.0444629559985         168.592502507            1.66837727431            0.455065699832           -0.700538396827          0.750346761481           74.0445518945            168.175352603            -14.0389920403           -73.2307055481           -24.4128781171           123.217295786            -23.0413631248           -29.7655950268           -0.0631357284074         0.10478138727            36.7300248354            -156.27456767            26.0290959208            100.735980946            5.17699951949            7.00573808652            -117.716536007           29.0944071222            127.826383844            11.4456444634            -16.0344499719           117.860553297            127.192465342            -145.442509326           111.322275843            -79.2215890628           -27.0148638194           -179.109376384           
rwgt308                  2.12781561017            -139.501819427           -0.209618825469          108.245719873            -3.69200332851           -0.532768863082          0.761870517205           -2.40166023849           -144.026588143           -71.2191179741           -89.4770694772           76.7767555702            102.167591123            -28.8265766843           -100.259241958           -1.19391644755           0.0391604871639          0.108900532842           136.048706512            148.566690702            -156.580013349           103.771619683            154.066584774            48.8225554724            -73.6843508253           81.0017585515            9.8158018045             137.388597495            142.092283373            52.251836141             58.9709917074            10.0725510576            -17.2366890108           94.6665468928            -157.856859625           107.130669274            
rwgt309                  1.51544552449            161.04153407             0.0920829657548          118.245821358            -0.338184158829          -0.249549368449          1.10240251651            -1.91810984015           158.307607126            160.017006755            -22.9339520984           77.210137699             7.69616447857            67.4054175387            -126.563020672           -179.609630311           -0.0524275450133         0.0804286360515          7.5919031631             -52.6626892569           -0.356548987645          -167.187465356           -130.482076356           166.820745131            1.93015505525            -137.744883892           -98.6967017166           -2.92833118803           39.6826579564            -137.950749185           -132.329131126           54.8265672367            110.951975428            28.1969726218            -7.39084036752           -127.038328166           
rwgt310                  -0.352672933562          114.2383399              -0.16222481584           -83.0862979807           -1.12571361893           0.0904698785443          0.573574800352           -1.97824479517           -62.0356421312           -27.7209451601           12.9312132226            84.0549955232            -123.745117756           116.110942665            -52.4718378042           -98.4515110644           0.0163626621165          0.255261757834           -50.4227767537           141.52258935             82.1246111839            176.40886351             143.296380512            -21.2839426673           -174.936897717           -22.6291231534           -69.967611982            80.5672261222            56.2155755123            1.96834583895            17.2701510384            129.799872143            108.014011233            -118.616307246           138.86482286             -159.057689791           
rwgt311                  1.16510775412            -70.3397392198           0.200182251231           102.537064375            1.19638673057            -0.485924852552          0.342661519467           2.24663609152            -80.1892668811           -170.451746505           -36.2893433816           -9.7372622133            -81.9749392846           32.995458445             -108.760734887           -10.117044627            -0.0577047394376         -0.216393989624          100.690350337            -145.239434697           5.69210579911            -12.1326161248           21.235258046             -157.904181612           -7.38496873924           157.264126277            14.5288079575            140.166239534            104.13158466             174.538322264            -39.1344079473           96.4553843766            -46.5653546494           -55.8101994552           -57.7383877913           -123.234947355           
rwgt312                  2.94492841506            -101.909545717           -0.229534675092          -156.600566415           0.164401727262           -0.346282931053          0.869593509689           -1.67297421185           -6.82883363496           -5.80004592001           -51.9000382795           -94.0679912561           -134.551187789           -53.3579982977           21.0882433731            159.52965314             0.0580448641254          0.295379228382           61.4150135907            124.030022475            139.711903897            -179.459129139           79.6563518239            6.01565658369            31.5467747741            161.411023054            73.7230205102            -16.5627317356           7.53819974195            -90.1753694769           -53.0088538909           129.418528441            81.3288445007            137.539513989            -6.55849165149           -131.127606175           
rwgt313                  -1.46773379203           157.614383242            -0.072220918195          -79.2909601723           1.55859615106            -0.163186158118          -0.770715797041          1.9735726267             80.219265392             -64.0541073418           -19.0165043104           -126.273975728           160.080264013            123.711882505            -142.806287944           -147.4258526             0.0719031991753          -0.087987141351          163.062487438            -80.5140943067           -67.299173996            56.4122599252            84.2635564164            -4.34136528119           138.854128976            71.6387601477            116.247367352            102.216631209            -100.502242396           -147.521339259           -47.5581105821           -138.221505136           -10.0679604372           172.573973901            -13.9007366047           -130.280913237           
rwgt314                  -0.591345864619          -55.4899266467           -0.0531187065817         56.8607069628            1.76843908169            -0.0842201293587         0.907314318904           2.00763576488            89.8035558334            107.923452028            -62.8631497769           174.813105007            40.8259274313            -104.681798723           3.64780177932            163.588183854            0.0700585385274          0.218657096289           3.8472212801             33.9090845193            4.22958337525            177.104397973            -63.1288623969           134.312749814            -19.4303617656           -76.1846874142           -52.1837548821           85.6133055729            -27.7796025955           -68.3530171658           91.8771892993            -116.528450787           -177.873932178           -59.663562151            -176.613199994           -150.505348887           
rwgt315                  -2.15066005575           -79.3178177274           -0.0875174087164         -126.956360291           -2.41407983395           0.348410315275           0.00722355454104         0.505363408458           115.273229558            175.454324803            -68.9615061184           176.81053261             101.583372004            115.343240162            -32.0469917927           19.170573365             0.0470217436394          0.236857811663           -174.544629878           91.7875167041            -117.425820492           145.362463298            71.0722261399            13.971384413             -33.840808549            -90.0875165003           74.4773981525            -2.67517799412           -28.6597793591           -162.263550615           166.19511675             58.2352022111            -59.3501574605           -31.6102981101           -170.218837732           -112.191225524           
rwgt316                  1.56002726832            3.80715288231            0.0808740470629          -8.66377656674           -0.556014766691          -0.094724881457          0.489553644833           0.806723983605           -102.464455509           -140.126730239           150.386856734            -154.796057105           -122.901780288           -98.5288347626           179.214687327            38.3824568062            -0.0588884653787         -0.335617686245          142.057218197            87.9340881653            -90.5371541932           -46.2501075688           -154.79574709            -41.3723703951           -100.173931923           16.1440738891            116.678022581            -171.844337812           -96.9835613657           158.146773297            44.4286486295            167.413663033            4.10372491765            124.291550811            127.531475733            117.053953034            
rwgt317                  -2.70723616549           -131.874578272           0.0638705476051          -112.479916292           -1.73548804465           -0.0481154951279         -0.606022172108          1.40936893135            -63.5480033032           -147.115070058           114.032015761            50.1062609335            55.8210135059            32.064149933             59.9618684736            -57.6965951325           0.0862612004224          0.0348590618645          33.3717682792            60.5745266657            -162.183840716           123.380302891            -179.589030123           27.4778330097            18.0641717051            140.888403626            84.3161221967            61.3188921155            -45.5660189751           120.595061989            -116.159033335           162.288188839            -79.13722991             -15.9518697336           141.950581852            89.3268108173            
rwgt318                  2.43586107132            16.6882179011            0.0826470381656          -85.3339429128           3.44057571065            -0.150313635732          -0.24321180566           1.77246408504            124.207983097            133.642857275            -102.514428499           -6.14427910138           10.1499078287            -166.708847117           -96.3277741663           116.652373508            -0.0418189405148         0.285327180654           -146.761672611           95.3036120171            154.360246121            38.1216947074            -35.4912380217           57.2498987766            -119.43474899            -96.3623177951           164.520022992            42.3119572289            -171.422812861           -23.2013563993           -2.46635587174           -119.649294673           29.4927418014            -90.9763738452           140.277460614            163.494970036            
rwgt319                  -0.96496557046           27.4434341032            -0.0793810966097         87.1697513217            1.62630044933            -0.453735469292          -0.215699136462          -0.324326645048          19.314539812             38.702526564             -123.810293332           -57.2410454326           -10.8967071479           -97.4531775913           -8.96928408377           111.316013981            -0.0734362283925         -0.0741027966307         151.282026323            108.029897796            -11.7970639741           -173.374610652           -45.1158846151           74.9544856312            127.973487913            4.41728666674            -113.596013102           -90.4042465024           73.304376296             58.2199055301            24.7756841149            -147.350844046           169.683324059            68.2886103705            -58.6262488324           -154.51276878            
rwgt320                  -0.973972806074          21.0290262015            -0.013705116615          124.759970287            2.86215623061            0.257245863331           1.06210097125            -1.89156652807           -118.613149746           82.2773773674            149.546444598            72.5983454765            152.123163466            -60.6616719202           -150.863126923           171.096376912            0.0744773219334          -0.112250930981          80.6506198721            139.241402962            -5.17697906252           170.805430965            -4.18850198255           77.6250349615            -113.82979155            46.7279194011            10.0317374098            161.876162505            87.3621346713            41.0973197767            -88.3269602773           83.4624632969            -64.2408570276           -51.9232197227           6.1150186259             143.76793536             
rwgt321                  1.89472807517            81.8545528192            -0.178967883931          -165.824782096           -0.0860314241116         0.419273017292           0.22604301237            -0.220768780154          116.258365747            -171.920053749           115.562500057            13.7254724555            -54.2936636239           -99.9711652609           -29.7888904533           -166.857242632           -0.0717088718608         0.279231830602           123.515216063            -6.0310827196            160.360564962            -6.56907420556           -96.9232298205           76.9492244164            -155.433597913           -28.0550068092           -124.742872667           41.0729038134            11.9766669638            139.562166431            -110.783954039           -110.199849776           142.643794828            -128.672254598           -6.15977512423           -69.7598821498           
rwgt322                  -0.010494555462          -150.533726743           -0.0810684125108         131.784340948            0.0656811241512          0.258525723631           0.817925151055           -1.25588460658           -42.795475881            1.11396555072            -110.815475603           129.272906727            -23.2228887473           70.1642839745            -142.319163313           162.726970745            -0.0873260081399         -0.0227607964144         -130.168005082           -89.5573464878           23.4349765499            104.068947422            153.57620233             161.078591289            118.652145203            144.117752698            97.4436690567            -52.4658796432           -164.718333584           28.0215939079            -156.998251272           100.120762981            146.312062872            -38.4564888387           83.9249546955            -4.63317626914           
rwgt323                  1.11344854853            110.259003132            -0.127631508737          115.210747733            -1.77197902827           -0.175823101114          -0.183705919856          0.336860396147           83.7936127989            -92.727053803            132.624038269            166.531658127            -68.4214617906           -106.168535248           -171.328794628           82.5192581032            0.00305403289351         0.190737474322           167.140210915            -155.190592214           168.305047953            103.479057498            -164.609710331           50.9177118716            -61.4791896338           74.0044818926            17.7355315582            85.7587288845            77.9806184899            -3.93013390177           47.4202996054            -106.351048457           -169.777299831           -59.1363767694           165.902211505            144.136838129            
rwgt324                  -2.63086102612           143.661472101            0.04965503174            25.6429781748            0.56272513961            -0.253623263799          -1.04788419523           -1.77151267365           40.0118460484            -87.8782504438           171.713659066            -169.357805313           -44.1501351945           -104.268234563           -15.237479853            -82.9317124676           -0.0143188577486         0.126437004745           108.585602801            43.9932250994            -13.4500029795           95.4851488258            -146.282569156           -114.807322544           153.308782166            -145.311868302           13.7717297134            -108.480999037           -56.914721781            -149.391269231           -91.9291483265           13.7039037918            -139.139663814           133.976433537            -139.674159156           -42.7001949617           
rwgt325                  0.0341735329454          -100.185202445           0.0738255254283          175.856794692            2.17247746031            0.00477861047097         0.476079813121           -0.783348764479          155.407984893            -43.0665590084           4.96924860493            -82.4055225788           -52.1275719552           21.0252058563            -39.7701212432           166.186358772            -0.0893965842087         0.339804630437           41.0220498999            -90.911715546            -22.0029468741           -63.0646728461           158.807276244            -163.861253146           10.8535196423            -84.1783698524           -114.399784999           -116.333001435           38.9375615322            -32.9932238786           177.205704554            -107.721286314           139.640180472            -9.11852866221           21.7052500484            119.964934265            
rwgt326                  -0.848561415426          12.5834686613            0.121703116549           -114.558230448           -1.52146877497           0.305107756372           -0.72720514744           -0.00954176118605        -111.080955058           -52.8031945197           98.8685597362            139.326344203            160.514585283            102.078145558            -51.1457370798           102.388182854            -0.0469864598279         -0.307746634876          164.89323931             57.6688656069            -141.910694058           122.386679634            -45.834432852            -122.454853645           -74.774629416            -151.136775132           -142.982395636           30.863786998             68.8846911149            -17.7076433913           142.750554614            138.804882996            -22.1567058368           -36.8451487721           52.5928807359            -53.5042137218           
rwgt327                  -2.70856137219           119.410144076            -0.22008716686           95.2412209115            2.03409503268            -0.154500536228          -0.143437468115          -1.30312093523           -152.724828783           -21.8153888036           121.341304648            72.5085801123            132.578684581            156.138541033            28.0253186262            103.6974151              -0.0736156401151         0.118947116194           19.032235007             -106.758505218           -105.99876816            -122.390270686           84.1332383531            -4.88297947293           146.573701948            -32.0400141164           -65.7314723887           44.2600030525            138.880902489            79.4936471286            -168.375117377           -102.191783104           87.6308620024            -54.9861542146           -57.4949759719           -173.250743952           
rwgt328                  1.74441339405            -124.791686697           -0.00618141163244        -106.519244673           -1.26019307011           -0.0578036991241         -0.996214163088          1.80111049521            -16.9891621582           90.9214984654            -50.0509872219           -26.7404644292           -105.181776725           -33.665523455            175.523044092            -110.958300542           -0.0338850526488         0.331219464069           73.1616047721            120.988505229            -93.1260230798           69.7062349246            51.9443747064            44.5643424386            -71.8492596955           -9.7220067989            -87.7068094353           145.863717067            -71.0150320498           92.5598217493            -124.28748696            17.0372029561            -90.6924174441           137.038747471            80.2853534591            16.1516203318            
rwgt329                  0.459599952825           -29.1271022578           0.208221158091           151.534819838            2.52172983989            0.0450008203545          0.652167736087           -0.467083253901          -110.346139502           -163.701675578           -37.7889018489           -120.58238665            -54.9815132261           -77.8881428317           142.161830499            -44.7135102084           0.0874851293877          -0.267855587637          1.08699871879            -114.33104537            -26.0438169376           -33.6195708869           168.847648498            128.137548155            140.894778304            -121.869458816           167.508865101            -65.1145301275           -55.6720976646           -150.364894273           164.602566169            -96.0420544092           -117.509611139           177.098202932            23.2952150688            -145.257703302           
rwgt330                  -1.35604252735           153.296366109            0.0375817591026          2.8515447776             -2.62181404558           0.372627841              -0.1410761096            0.156036560133           -58.814925551            119.997737325            152.087958146            169.344984511            26.7119806305            12.6133740753            76.0435082289            -85.5846995352           0.0433984286351          -0.170325547706          -179.364115177           -98.3728409482           42.7663261594            12.35879242              -75.6063068887           171.430737511            -55.1661221106           97.2605605433            33.5130906463            -69.9738522595           -174.822269758           -143.041673361           -141.089943943           -175.345315325           51.2975465717            97.5780351086            97.1537854355            -58.5518938498           
rwgt331                  1.31327858327            -150.903797651           0.226683084549           -132.918838578           0.657449398789           -0.163704367348          1.24669903703            -1.12778735534           24.4096601665            73.9807424129            63.5295078148            92.3897863819            178.36970157             -38.3622350661           97.7541386418            74.5930319225            -0.0871901138573         0.181385083337           -158.476601792           8.62273733751            57.5930899074            -50.7701177581           142.480663691            125.313986562            -113.414435291           -179.341002838           53.3769531534            -114.415394406           -83.3823692807           -132.343277715           109.366338435            -102.18839794            3.83668634889            46.2879591747            102.960366245            109.955771021            
rwgt332                  1.38811735489            -29.3745690426           -0.0249922181058         160.256679479            1.71949531268            -0.0981459669849         -0.800647796067          1.22936938218            117.713679073            5.50185786813            -143.088488028           34.6365626411            42.0261614536            33.921691731             -73.88094344             -121.993394961           -0.0650342070538         0.0790452401812          167.177315212            -152.204152489           -104.624818477           178.489339136            37.4622311824            17.4894008157            62.8077102964            151.545885012            -161.067785953           -110.861398555           97.056921267             -86.8135176906           87.3454787165            -111.296076351           38.6303554655            -131.324489703           -163.167542924           -123.405182813           
rwgt333                  -1.44382687115           156.479687713            0.0861612357025          -176.413823333           -2.62685749829           0.461705414574           -0.991383287422          -0.479748666408          115.774838226            136.683994063            51.3704392984            -2.54723511232           -129.645070383           53.780344736             14.7891226197            119.161932349            -0.0353472885372         -0.350781255261          -154.439748872           162.52249044             136.111850304            70.7548187089            17.5418816145            101.521644928            -50.2993614029           77.9879037661            -63.2168855905           -80.6070313589           115.260208843            -121.521848338           -128.557406668           114.961092221            157.89817335             -5.72901084003           129.402344733            -0.920263942197          
rwgt334                  0.156369376274           -138.494039831           0.213655187397           -25.249743505            2.46978010219            0.471121897354           0.311756102046           -1.27849778403           109.68190097             -131.814099606           11.0784825267            -146.179223557           147.181186872            -9.06706136412           66.8199903571            -92.4566943721           0.0779062716633          0.337954416666           28.2133185236            -123.850415128           112.008668162            38.3394080335            14.3962535447            8.09108568767            -55.2353627391           -20.9082097049           -116.124375193           99.582238006             -8.87438422081           -102.267727254           140.880988422            28.5734025729            143.377475192            164.791370961            132.818633399            24.219940581             
rwgt335                  0.389167573612           46.3670838079            0.0592652827889          18.1090519842            3.57454169476            -0.251128024635          0.434776943627           1.59250431896            -99.5156274732           -3.32073877548           121.509552245            176.26958324             145.349610419            143.824310006            58.4139597494            155.968443752            -0.0832386189819         -0.351210200998          140.528791156            113.37430663             74.9381298254            71.4272176749            159.092762872            140.649516254            -40.3179212861           46.7795552308            121.859082314            4.33710426014            93.6617264224            145.000881986            -34.043097335            -1.36200601311           38.3986155956            26.999476285             -162.709665844           -41.7185191083           
rwgt336                  0.378532617529           117.739257389            -0.127249854174          -47.3442811983           -2.93299360162           -0.416187368959          0.82401507938            -0.298578755322          53.424256532             -179.090593809           -170.278578151           -171.034317073           -91.2484952215           12.0300763084            -56.0962538795           53.3963165593            -0.0875022901306         0.123421102331           -30.8878189911           50.4453271703            -39.5545275328           0.654392160646           -95.2809300111           23.8400306674            94.1285923642            66.1537458069            60.5727897934            50.6377829337            6.99832519902            -80.3820267208           64.3341561781            -27.1292663664           26.3432027171            -165.626267777           84.6900558627            -45.3387064512           
rwgt337                  -1.09380985674           -160.543209634           -0.0110961880359         -62.6366870865           -2.12172553622           -0.299616371534          0.577968626027           1.59706912947            -2.00104516439           -166.915178526           -162.310134962           110.070359756            31.9168034657            137.167677634            -98.1473484621           115.410303434            0.0292171641428          -0.23966059994           -173.202612593           147.263291644            -156.833430486           -172.861586168           -104.554120457           -58.3378401001           -166.67503289            82.5447895108            -142.643258101           -92.8671286903           10.3677037358            156.019814315            136.915137312            -165.375393443           25.8178622936            99.5700229809            172.537833277            25.2330797585            
rwgt338                  -1.44540493845           -175.229896026           -0.19794839177           166.861151488            -0.247786829727          0.048280550407           0.219972630457           0.263917666056           -54.4984765822           -0.137442248061          130.481783718            53.5814619293            99.463579408             143.735992484            -133.530638152           -120.947129106           0.017229564412           -0.327701459839          -46.7421878248           148.50447309             -39.961180204            137.614360463            67.2784335125            2.75853066214            -140.167651234           52.7468015543            -120.244789653           -73.3044241348           94.9083120481            -1.4748066535            -70.1260863683           -124.393125836           169.116295268            75.4185611826            87.906584356             3.67897942342            
rwgt339                  -2.05581261122           171.591924801            0.0891729368287          -52.6349521092           -3.6828019823            0.322335751369           -0.403332231883          -2.08202845074           -83.5585962593           114.409176664            160.714682328            -92.6510155417           36.6036958211            -16.4955441576           78.7363952211            172.351957505            -0.0335054008562         -0.16235093819           -84.3072223096           -121.651142299           108.884098197            -152.974209332           1.45404768984            126.588562617            51.8362915592            142.452564233            -147.145745869           -131.782787037           54.0377921774            77.1908289171            -117.310988748           -129.481606492           35.0083943621            168.610922363            -93.9832303532           152.519419817            
rwgt340                  1.93771392783            160.433260398            0.143860219825           77.19526899              3.19508887048            0.533460393153           -0.175953278788          0.984134287354           129.212482035            178.305118666            -110.106332122           -36.9327267255           112.534833949            117.221409758            7.1084547447             -175.778730112           0.0284696768239          -0.12303992703           -9.8890360482            -102.571987467           148.485808487            96.4403538973            127.146231417            -53.9592807342           -20.6993725408           -75.3096802871           41.7944170834            -83.6237960949           109.183479773            19.4995660734            -87.3652297431           -108.45114428            -126.120697259           -137.807998216           -59.3177960192           35.2184932006            
rwgt341                  -2.567214068             32.9972553285            -0.188987311999          -108.310886667           -3.16672371445           -0.497926199085          0.964322632658           -2.29866420045           -164.141779734           101.49726895             -104.395910505           -39.6526799779           -86.9562258238           -61.4189467818           -52.0165430958           16.778137815             -0.00809563907212        -0.113081826209          -20.9718900098           -150.905038536           43.816856889             -118.800539912           -96.7548065284           -39.0926085227           106.767262841            -52.1872114226           -56.9653100994           47.0367750313            54.3387763369            55.9129614253            169.643490497            1.32556139333            -103.485320881           39.9639768862            -46.0377557171           58.7190822277            
rwgt342                  -0.00295283001421        134.692537731            -0.13639306865           110.551048795            2.70626154982            0.509420438844           -0.643867275158          -1.82628507938           -75.3552420092           -83.1114892151           111.74680195             66.122335556             -158.288349772           -25.3743000343           -27.2611381488           174.944881841            0.049283050742           0.246105983113           -97.3536234557           -176.45440369            -77.0202524431           137.025411446            -142.286187557           -69.475617724            73.4301123675            125.699221526            -172.932947615           -69.0449630258           146.739654424            -39.9754725145           106.734761524            -35.0684826443           172.088049877            -25.3259406545           -150.695444747           162.341658291            
rwgt343                  -0.223964614884          38.2730899601            -0.059017375573          -25.8377459367           -2.95968816952           0.521978282644           -0.786752823696          -0.153355937979          -109.912534678           130.956886631            108.480731266            -134.62709311            -24.0266984419           78.4891266904            -1.60762495886           -161.90693324            -0.0253186370458         -0.330409737632          106.697287942            -54.8044255586           -142.371438798           28.400626926             -152.412039421           122.242694496            -139.119781259           -88.6076544979           -176.982972416           8.6908627771             -117.39067309            -60.609246444            32.9231749724            167.996462663            -46.5895031262           14.2288150808            -133.728422219           -33.1126200963           
rwgt344                  -1.89383647325           -96.7213790596           -0.0949484127485         148.329545035            2.29194221239            -0.174604712711          0.128265029813           1.64014212289            122.912021512            167.155561678            -75.2577869788           72.4953455301            50.9315881519            162.053560958            43.6229870234            -128.698750503           -0.055829970141          0.20679418944            -29.2543608378           -139.47168716            -78.9775267011           -12.7607838669           121.644063512            158.981526277            -25.8212636689           104.738721666            116.656188903            74.8358509704            -88.2995963381           143.871439213            -59.1231468801           -140.678201343           -28.1940401096           -131.21812737            82.7777006036            67.145542261             
rwgt345                  -1.82471394254           154.476495828            0.121013847456           166.705513584            3.52542155496            0.0517577662265          -1.17558514396           1.19766024347            -167.432355996           88.3434490664            -175.138569675           78.7130571001            101.441415785            -33.1195490865           22.455528139             -98.3498092103           -0.00638689792509        -0.362467083136          93.9892428221            102.497459567            151.47515325             -118.061103641           109.173898611            -121.209890172           -92.2847315823           167.467281201            72.9720454305            166.180988462            177.782563194            95.4266850224            -136.352688441           178.052913397            44.2766182498            -108.996779673           -111.194150712           65.05324257              
rwgt346                  -1.73505962012           18.1297075737            0.199747296384           -41.0127771587           0.165283745359           0.13265112306            0.0758230229915          -2.15177335776           111.847558221            -10.2201485093           41.9918263961            123.182407635            138.100904957            -73.7555106083           23.2434976315            119.166446992            0.0252776244045          -0.165118474485          108.124461252            -8.03188183115           -107.449634405           -0.833911632362          -60.7272594772           35.6750761469            126.490518906            80.8365529371            59.7503906433            -83.2199714697           115.332059984            165.24928591             151.393359808            -162.162443292           -15.3856053609           133.468612967            8.10313646191            -3.25825496734           
rwgt347                  1.82394040015            162.982865401            0.0690092982185          139.506154999            2.95153889703            0.313767696831           1.0878898526             -0.353770622508          118.597338095            -90.5541276886           150.10632841             23.3323725784            137.871706874            -20.1159169307           -79.5276756013           -173.223894061           0.0510596579445          -0.136672614433          -119.824887469           62.7740114535            -30.9654473853           172.765121112            77.8988296764            -103.852204117           -15.6302647693           -171.771752441           102.604017536            -37.6214351035           34.6357571814            170.545771932            -140.635941413           -91.5063630375           163.029531225            137.12159258             95.3082611771            -99.5979176233           
rwgt348                  -0.213207562217          -122.422448326           -0.110108049923          -1.32747246291           3.63567858678            -0.444580129741          0.314051778876           1.958433043              -135.67608293            -134.272426416           -89.5980536999           -26.5229294881           82.2926793676            -19.0397334371           -33.1988643579           175.90002282             0.0700680218432          0.305966673915           -103.726176553           99.6021484591            79.0175258351            -56.0093847545           165.026733349            168.41683143             33.0839432821            123.021506054            91.402152886             -57.2088695192           99.0980535336            -64.4588089937           -79.902255123            -69.1657780284           139.207379661            -159.580274459           56.3153626436            -32.9812697178           
rwgt349                  2.24784697389            -130.667137588           -0.0998602446036         -51.3707654713           -0.105032599805          0.221413639274           1.052832941              -2.10894458028           -153.057683406           30.7399376249            -105.33551463            -133.205830684           88.3187979838            133.224377436            90.3251945672            -129.883625214           -0.0637241489938         -0.362032669618          55.4838609318            161.303592968            -63.7194987632           -71.5145207761           -11.0174397779           127.456915612            -10.1963908331           25.404693194             -92.9204710336           19.1003611255            114.03952868             106.214580046            -163.182677847           -152.816438119           80.7303864933            -71.9825167862           -11.9211091192           -103.288859215           
rwgt350                  2.02660167432            7.82713391315            -0.0966124883185         83.4672036264            0.879209110251           -0.394406885634          -0.883382484465          -0.297394710429          82.0503560686            -87.8162977307           -117.57279277            93.6236100511            -124.717960416           -103.529675501           75.0553331965            162.054227127            -0.0727180041562         0.253952888879           -131.580456591           22.7405555735            -109.908873576           -146.440147788           -133.664049215           -51.2461985179           -17.5662366171           53.3350463358            -65.6139606249           -144.515326758           101.667907507            -140.077192556           -67.4808726215           109.901032964            24.8978999684            -168.771016666           150.072431169            -35.7960230797           
rwgt351                  2.85467483953            -156.75845122            -0.0344739047471         97.6317883805            3.64187931732            -0.464123372239          0.457004677655           -1.06590431223           -140.968472867           82.2771813023            -22.2615677986           175.67675124             -57.0936083869           -161.790979744           -179.32117758            -134.500316263           0.0650425221199          -0.036262563092          144.828496424            56.6172301327            -114.696975657           -4.42737090575           94.0694466527            -16.87475089             -126.624343294           -11.6897031088           18.2764466317            -97.0872681439           20.2886859618            -168.478205398           -121.036453736           147.93039652             -39.6933184996           66.5283845172            -46.7294713282           10.1684507885            
rwgt352                  0.138171023757           37.5520373597            -0.029648114381          171.834448944            -2.50783075782           0.0281697890203          0.563421356144           -1.09439935128           -3.49659611026           40.7709097139            75.7108617312            -75.8276936206           -162.10995337            -71.4048890882           179.768827055            160.389408105            0.0778875765079          -0.333860348458          24.9682520936            18.2621096673            -36.5689217104           83.8010092453            -27.374578379            -167.9134169             73.3667329073            -176.897453937           150.888998819            -57.2761520555           39.4606525557            4.1626061062             74.4238616828            -119.395727252           -139.080583626           4.89396478815            90.6415681652            29.3102549892            
rwgt353                  -1.11885979267           23.1824354097            0.10638715102            33.3193989766            -0.652420583071          0.489114163005           0.949629759998           -0.174251524653          119.439586961            -142.792705791           58.3259839308            68.6469910834            -130.37265523            168.149972023            20.3243698108            39.2231396799            -0.0782228406967         -0.212437255144          -40.7821650486           -34.9896279142           -173.47517013            111.05098396             -143.126535091           179.105161273            -150.555541654           -79.2720482529           75.3174067635            104.562027751            -100.785752956           -87.8386255209           22.1079663443            -52.0742624075           -48.5777955289           46.7748153085            -145.724396235           -23.4674616271           
rwgt354                  2.75965838972            65.2484395314            -0.086793585912          -107.924102746           1.43121050702            -0.247674513195          0.5687086701             -0.648122992154          -85.744659815            -28.0141452957           -44.827568985            27.4218420335            53.760962286             6.76397719018            -165.105861538           150.045024914            -0.0117649131369         0.297487952812           -134.806246299           -175.40077259            -55.9305958778           -16.7724019989           -161.431089213           0.295236914124           -127.798703712           -164.103770065           157.445683528            33.2593149367            -52.900184122            18.428575165             178.124159793            29.2287267728            -45.6029431758           -48.4376797653           -34.7478696198           52.0172398279            
rwgt355                  -0.0845973363803         -150.313341608           -0.16902037162           109.990305667            -2.95756254728           -0.535638522369          -0.836125985116          0.490211108314           -152.168474045           -156.048578972           51.8476469266            -9.34204897457           131.391223833            169.64823729             -117.015359281           -12.4640209757           0.0221067303885          -0.0946572739125         -159.580678192           -32.0718917363           -126.898360684           125.171277101            123.368566711            -98.9014144403           6.84292687511            32.226508268             -161.553641079           -34.0783101806           -118.827948397           -115.359263763           42.1654259999            -145.500773743           68.6666795682            -30.5819348691           77.4358081284            46.8831947072            
rwgt356                  -1.73615923302           162.456444083            -0.185522138646          -80.0529365254           1.74276506272            -0.0938419935948         0.569380038713           -0.423163995302          164.616583969            170.158538931            141.876022593            79.3232531995            12.4686069212            -141.81390227            -129.319408852           43.8794983666            0.0427144793284          0.209615681234           29.7982183565            114.461547108            -19.5453283205           33.5925572406            -51.0775438947           -34.0071561446           147.644682432            40.5526451286            -88.9378507473           -82.4122877632           -113.630378787           -63.8339086453           -34.5978826763           111.895307344            -139.068850065           -54.0433019096           103.872647181            -169.724684597           
rwgt357                  1.26676985695            23.0269671191            -0.0368082540121         -81.4196352696           0.450823506761           0.0567350762291          0.299439211877           0.38412953982            -19.6437694676           48.4290490126            -89.561487515            -130.546014153           -46.707636959            -30.6912010803           74.6655709443            153.035556484            0.0465800993345          0.137627668756           152.571791088            81.2328783226            114.135810759            91.371002805             60.2542309556            74.7311483268            -82.6079208352           -54.6086248218           152.527217271            -66.8682234384           93.8225638769            59.0572111564            63.9353524658            176.380689551            59.4752116954            -79.9370604409           -46.1926672532           34.6546792752            
rwgt358                  -0.937786713225          -164.398516716           -0.228425387836          117.407234292            0.103549317091           0.10794767737            -0.934801979262          0.595232073446           121.543163736            -145.759179554           -73.7539277064           -35.7275078552           27.5862087796            -13.2569750131           18.9471486949            92.2652236933            0.0378184584325          0.0593747627647          2.64966750411            -112.735249253           120.586719788            9.28878564892            -67.8515757928           -116.567711552           120.999128919            -4.0137629696            -130.262537695           -154.151056774           -31.9840521724           -154.066275812           46.6322475016            -85.0663263834           38.8276502875            16.6805025014            132.588142962            -145.527032046           
rwgt359                  1.43477603487            -67.405946723            -0.0366402516281         -135.550779287           -2.95587084187           -0.181889926301          1.2717233552             -1.82436478298           -88.3836694312           -80.8165039354           -175.925052446           145.580687469            131.692151828            -71.2073334681           -81.5435910025           -160.862266752           -0.0147248931417         -0.0118070656581         61.5081726186            160.655112285            153.013385515            -31.5558681197           -6.63586397333           -110.483850726           160.842482016            -146.028678922           56.2136433671            149.424454514            92.1260753834            -28.5495061422           90.8094225696            -72.268951909            153.369096326            -112.651406962           -142.663189639           118.644661186            
rwgt360                  -1.83988120328           171.863903966            0.148280382553           159.516092937            3.68967468097            -0.306365764087          1.25967020213            -2.3144280865            162.315745819            78.5303635137            -171.299548956           142.981686528            21.3665854275            65.1125880731            70.2347856214            27.6446448451            -0.0471782458521         0.131506989262           -53.4153908995           108.768579283            -176.415651304           64.6099782558            170.252379189            -161.373303365           61.0357883428            177.016381933            -143.794224225           3.50500525645            30.9560022133            -18.5503654172           -38.8989884029           107.189238343            146.799512559            -138.986787493           149.470035392            155.072713312            
rwgt361                  -0.489694349159          42.4475076318            -0.05435046837           -3.69289007895           -3.10608236736           -0.153723569614          -0.214724352655          0.0796436236194          49.6731088747            54.7508309419            163.845005797            -43.3854607072           27.1267586584            -60.966204469            77.6509021264            112.696286732            -0.0398577656539         0.0434791633778          -59.2365046383           -126.801395948           -67.5877548903           7.48921337261            111.717484321            29.0241305834            -22.4302875022           -86.4246120633           41.5083807653            -173.718760427           -65.4947853108           -18.7056597904           -88.7720622343           -4.68085996765           142.948253213            -18.3635403027           176.120088439            116.682593589            
rwgt362                  0.313864206728           -55.3587668862           0.027666291637           -14.7221044548           0.445568514078           -0.507309809171          1.14874048987            0.690581346501           -171.899676661           72.0159863221            -25.1897612813           179.312709016            -112.986915339           52.719932407             -48.0268379054           -130.504422224           -0.0780367055433         -0.111719655005          75.660612805             -98.6442094344           -79.5443710877           -61.2721771514           81.5054369646            64.6050990543            7.4829973933             -132.97559168            -42.124177427            -81.9296346026           -73.1802188614           165.224626082            -14.8044777248           -8.22023771471           167.284034217            -122.855968599           175.781032194            34.5482204286            
rwgt363                  -2.55470823612           -102.311854586           0.0239060251492          125.01901215             -1.17413543156           0.214732050883           -1.14596033659           -0.151725464354          54.858831271             -16.9847813903           -157.662857999           -87.6197623502           169.50241331             151.234155842            140.882988074            97.3463799481            0.073241325834           0.167887957091           -141.431982513           -12.3209835992           94.6283854181            64.3339780293            101.454673078            42.1457721443            -79.1220917352           -59.4023124415           -116.226477959           -134.130970913           0.487661108432           -68.8524867917           99.1734668487            -98.6196804348           -176.705396411           56.7349659482            69.1308271745            -53.5051891508           
rwgt364                  -1.01296937052           23.8943294188            0.225123928626           131.349844319            1.10053774002            -0.160144891653          0.345494745656           1.98352714892            83.5632504187            23.4795030234            16.5377736242            -109.038578136           -31.638664505            11.7936132167            76.3080157963            -158.394406691           -0.024406244757          -0.360836281138          -49.6174969002           76.4869086917            131.549843885            103.22354495             -49.2327822245           156.387281082            -56.4787499127           -148.605452086           -153.030053235           -49.8722540168           -121.997821164           39.4222202079            175.955978088            113.999278603            -130.61653843            1.27470521552            73.5617061057            172.003580248            
rwgt365                  0.12401726193            -138.563877185           -0.16051871516           103.288340016            -2.73910924661           0.351847223431           -0.0768101881291         1.06603713694            -113.117738502           37.5727451695            63.1151375511            10.6368592616            153.228747587            47.3396290457            -90.2276218275           111.798178546            -0.0619945073875         -0.0135021358198         3.50097525873            -99.6105103005           -62.6196989381           -23.0588662231           -31.5675502198           95.1402389488            128.977392276            38.6788767372            83.2337233603            -86.0727520832           149.50647269             -54.6319044939           -79.2380458136           -143.350759243           -151.294134656           107.88356962             120.689879191            56.6771818105            
rwgt366                  1.90422143561            -24.9875050465           0.14951724995            -57.6283759529           0.985314824676           -0.373383865234          1.00626579559            0.795214214257           -15.6720048159           -155.618875377           168.019346377            -37.1006131332           34.8464587015            -119.957296243           -162.414554812           -104.243936816           -0.0320443078327         -0.0276450128944         137.740245047            -125.418144872           -14.4821838617           126.060141277            142.373155675            -18.7985814112           98.3161999168            150.181153291            53.1131068234            -169.80393611            37.4216740339            77.6847528894            -39.853715604            95.6002980695            17.4665724713            107.152139036            -17.7019128478           -115.88308514            
rwgt367                  0.128798262441           -26.9502865417           -0.029845030097          -92.9502417492           -3.56425234046           -0.245981620601          0.742345059311           2.33033118016            -24.1108186909           142.444483645            1.31897860114            -140.79275344            -127.376162812           63.5312320391            -126.786170091           -66.9124362941           -0.023465607108          -0.181292050672          -167.837612941           -75.0033888836           143.727923087            -87.2364739427           142.433691258            -14.4265687406           -76.8880821142           55.9998569864            54.907228183             76.9738763326            135.581499265            58.5855703468            10.832782621             -80.055506975            136.16662307             -6.79504801824           -103.159796508           35.7407185851            
rwgt368                  -2.82329650566           147.642992533            0.0797109120026          -50.2258775128           2.88849042833            0.198107595018           -0.256433988437          -2.06339743572           -76.8840680099           48.7541013499            49.8977341737            112.721040372            139.258362334            -131.106407964           -165.035096342           -163.332346032           0.0581198063583          0.0724587729816          45.8440599722            -154.012100197           -29.704680217            -137.223126193           -33.7450882272           48.1447481926            -91.3398871344           143.477248042            -55.900341171            -26.3674451269           -161.193187133           -139.053684383           122.484585616            8.51432400553            165.058092847            131.748281887            174.849274705            161.553976741            
rwgt369                  -2.06935247471           53.0692541754            0.220861527273           154.574552677            -0.773681957321          -0.120196164751          -0.488530352559          -0.527689892078          127.916046259            -163.140776309           105.472333768            33.4932845369            58.3861652405            -110.550242826           -52.765111771            -25.6889656747           -0.0639575373119         0.246531343449           85.315756222             1.66856753751            168.006265326            -101.905906204           143.083248088            169.875473501            -81.467118577            -156.546900887           144.492953425            111.658611443            143.50678887             -140.614389937           -176.17950406            -120.769177859           -167.974416472           166.684761658            -120.628095281           46.6312951848            
rwgt370                  1.92708368526            -152.78272584            -0.0149637191799         -175.685285026           -2.36557423247           -0.113134235836          0.55611881262            1.3830269783             108.984468221            -26.182084063            81.1548518611            -33.8068049673           79.3826490675            -137.188098033           78.8445803315            -120.3967074             0.069057798475           0.138194895312           93.9056644075            127.550929894            51.4491488466            -78.0084002357           20.2240398201            50.9478523823            112.596419668            -0.870992997061          69.0558311655            43.1185119051            -24.2687762576           89.1558000751            -120.346606609           -105.29165585            -79.3246283828           71.0152743125            81.1144645769            159.433256299            
rwgt371                  0.242807674718           -44.2620175099           -0.121289936748          72.6952185246            -1.23258911884           0.153327788402           -1.22664128253           -1.44497819542           -19.5234628997           -18.0731568795           140.745301681            -23.8260297122           -94.2620350074           0.959632456742           150.767067692            -11.0321535133           -0.00750418581167        -0.111328035492          -57.1259895866           26.874843782             134.702361978            40.3717948025            -146.289432426           -48.749986677            -70.6204624964           -161.379757993           -126.409903529           -148.916229547           16.3640804833            -128.788018083           -90.3805787502           -56.4154358476           90.2916720537            -114.293232271           58.7795683356            92.6288598063            
rwgt372                  -1.56794477621           11.8222407348            -0.102511235091          -80.990232695            -0.0826434506062         -0.229271454556          -0.673429720823          2.41032304175            91.3433102753            137.479509867            -165.987940586           -80.9713636778           -11.9876413311           149.269311773            -163.52252068            46.8821244367            -0.0556644909539         -0.10917231791           -175.690044129           108.014777085            -84.6685351996           169.991440619            17.1514171622            110.787684381            90.143246038             -160.228988278           77.472041332             -60.8675562352           47.5050036344            -79.3041163421           -117.534591225           147.79178368             60.5751617388            -97.1082812836           179.217806722            -84.8192810347           
rwgt373                  -0.00294997859805        -175.493473706           -0.097325688085          35.4898974421            0.178716836533           -0.514555408358          -1.05553721514           0.38445019277            77.4713699669            145.492418183            -90.0365176463           108.747044671            -123.178604369           83.1059935592            130.007611664            106.202824406            0.071971749222           0.338348423118           79.3279357631            136.50961057             137.090844837            119.939419729            173.188878004            -134.724198023           -38.8038962944           167.608394236            -173.399306338           87.9338555359            -29.3015958743           -163.573825241           33.7933689223            171.728740838            -39.6286974764           99.3888359103            -164.039085518           -110.644377256           
rwgt374                  1.93715492659            31.4862380226            -0.165908258626          -109.747678427           3.28652718421            -0.0983195569102         -0.716921185595          0.184648211906           -10.7129619969           136.99366386             -70.6304663482           159.739619324            -77.3434226544           45.9665382269            -29.4743916024           8.24206390902            -0.0107648434908         0.240873780998           82.8223064512            -30.8999599103           -11.1263059846           140.151914485            -33.7149415535           -174.719674459           170.723098083            -72.3296138623           36.5889583247            -86.0172026233           170.567408077            -174.333924172           -98.5844763751           176.501985735            -71.7887828734           106.119867148            -102.171256136           -109.906468695           
rwgt375                  1.85848198108            -8.08477365208           0.0258880609593          22.9657888046            -1.81542723519           0.282563881976           0.764933379538           0.427913522849           133.047728626            85.6386480258            77.5030726938            28.9613028929            -26.4153384879           -26.0337016912           -109.517490143           -114.033370668           -0.01094859879           0.280048046564           -57.6918106819           9.75465572291            97.3787536765            71.7582260608            -175.920334631           155.869680166            67.9460817276            -74.7397413513           -114.250357369           51.0047144581            134.245912212            -53.2616974907           -74.8545244475           88.5338899963            -75.7189727817           -131.331696104           -35.2505495334           130.319549121            
rwgt376                  -2.65375955097           14.4070138092            -0.223192303211          -37.5721039735           -3.15390465012           -0.422056322167          0.851743752647           -1.7271099021            138.636027865            -147.990463002           -20.8286188679           -80.9854182384           108.584487003            34.6664089632            -93.7777856699           -165.100494607           0.0244793757723          -0.11153123023           -113.631674364           20.0539675739            -98.0825667196           21.3655442036            -118.253077507           -112.38526324            -28.3930194376           -141.40742591            3.59643854853            -144.334142518           -20.84412991             20.5092991869            -60.2443998889           -60.5003330672           15.5343306539            89.0470890388            116.834430245            8.61171827453            
rwgt377                  0.234912488068           -101.281251829           0.173890116901           -129.282968067           0.935874382959           0.48855326655            -1.10535431053           -0.428607354121          -176.17187086            66.8852729836            51.0800058113            -131.540573079           -5.56310784229           -129.291017554           162.226891632            -42.4714368718           0.0804506105258          -0.207769337414          152.65206527             -35.5328145241           53.0476671498            -66.348743294            38.5759172603            75.6469935824            -34.2768699807           80.305398403             -49.0226459137           -95.8577044408           -117.023761265           -143.391424744           89.5603154921            -62.1275256324           -51.9984443499           59.7030066689            -42.8437672612           20.4840511326            
rwgt378                  0.677539003867           90.2362138414            -0.00787238081781        115.349263315            -1.77242936365           -0.430856158564          0.238353358767           0.433486658821           14.4669386596            -85.9797022796           -159.664271897           -40.1550675127           -10.3163678716           17.1080829444            36.2204796261            2.26074282677            -0.0731900431839         -0.142804908991          116.877732652            -179.706088597           103.870469175            -112.792087464           148.308165492            141.017950563            147.717818695            125.512602517            -133.212069041           -130.835487378           -163.689440507           -144.985222783           6.7609854278             -145.368561027           -100.109938464           -0.842077507438          126.524669924            -178.974107485           
rwgt379                  0.553858581286           -56.4758969339           -0.159822006851          -130.692778667           -1.75620881485           -0.232051481759          -0.124765418428          0.0198758616833          -134.268377976           65.9398997352            -173.347930471           -75.8144326375           112.408718649            -152.954582415           91.4061154184            -48.3024939137           0.0260431869091          -0.159211439642          46.0464440685            -174.91713247            39.4628972776            64.5387261901            -116.156743198           44.9084600267            -7.09695850851           -52.8911352879           -26.7705272951           -71.0099532996           -108.277964285           31.0725306613            -175.973199802           -33.9091432088           174.034467121            -157.342904476           17.6395769614            149.967868198            
rwgt380                  0.810507463603           -22.7882977689           0.133723793137           175.011304225            -0.482632539199          -0.130910339739          -0.309017274011          1.091013346              -75.5540744836           -103.143714571           106.291867594            -86.9787447914           -157.209594614           154.825121651            163.421117379            -125.14678503            -0.0572658948412         0.224861620783           -138.691021232           -177.334747587           -36.8284927512           98.3070997306            -108.100148254           -157.534310068           -118.700118599           -43.2931772275           149.480218557            142.788027355            -4.3422545662            2.52256311044            -72.4740846631           79.5062747158            77.6202800308            30.5999496886            -166.884740573           -136.396191985           
rwgt381                  -2.83304547038           102.848773316            -0.209928271004          32.9940765594            -0.0532969598277         -0.000136865750968       0.1287607964             -1.7342918747            20.2643509655            163.514954249            -155.096453171           -46.5124700688           81.6900957606            -65.6194201934           -163.960880871           -60.0804104564           -0.0168386052423         -0.12795546551           161.078743727            -64.5016135724           -42.4504605619           49.7460169659            46.8707315938            -176.955594621           175.42085915             -55.5466440056           -151.116961761           -153.051711741           -85.0986299653           -140.847832832           58.2154385765            -10.7196935758           113.165903763            96.9153730065            169.559240089            -28.4100898542           
rwgt382                  2.48302105127            65.953215642             0.20875892327            -97.5184647673           2.63421685405            -0.0096905413759         -0.412419279682          1.31224761451            -12.0899273675           -92.0232969996           -112.458977622           -69.5709092466           -170.769440341           -175.33847027            105.394772585            -98.7219879441           0.0495306602587          -0.118968868785          3.86942609535            173.610035529            84.7026330523            -141.37433049            101.253783881            -31.6055638533           163.649738334            12.5873705136            -11.8283124079           -111.678784677           5.16612900411            -3.87552584692           -6.44580900255           144.039862065            131.959428701            -144.852771197           -48.7699451707           -127.725931625           
rwgt383                  -1.56430318722           151.364399581            -0.0556476108445         -51.7410184889           0.892337909275           -0.0556883241315         -1.09358025823           -1.79184412685           121.900774046            -136.832862576           -165.093268975           -107.028610787           68.7810763339            -77.4931407381           -21.9623694641           -57.3335818246           -0.0281013725632         -0.100591547206          -169.00233991            -133.557398242           38.3027845159            -171.188906567           99.3620141403            -27.1674309263           -174.35661818            162.47284761             127.245253262            26.8660175841            14.3665976174            135.038648813            -25.4616142316           72.2393415645            -159.456676003           -40.0297434525           34.7021820245            86.0237673056            
rwgt384                  1.86994636966            76.7568957245            -0.182500452884          -168.1974358             0.204578256656           -0.281055859399          0.648892732412           2.42486205551            80.7875762344            -118.235915321           -74.5990218433           -45.2905448376           165.914618397            -56.4423024443           -124.918426663           94.1769393984            -0.0139841597366         0.0087202168449          50.2808003195            121.04187223             35.1643169194            -15.2271667177           -76.6573664049           96.4300941448            28.8751034759            92.6613195286            35.331965787             92.2481801534            -69.2002831989           48.0622669817            -166.108241768           -147.1919487             176.866992124            43.5757457536            -173.383257819           -62.6267807579           
rwgt385                  -0.340354503604          15.6240920501            -0.0609295225771         110.392193358            -0.0285926816916         -0.208940775979          0.971453146743           2.20386772503            93.1858084261            146.345539475            -175.494264299           -81.0111081801           -21.2853240201           -44.9775893787           32.5753938573            137.449389241            -0.00973129286461        0.0385722354155          -115.343993905           167.252315373            -107.44105892            23.2530329442            91.0104081479            149.370113187            -57.4394820245           -168.367833485           4.62432604632            -151.824842916           -14.5966909372           -122.728717179           -124.179216473           97.476070408             169.393689274            120.067723333            -33.6579018872           3.67390096242            
rwgt386                  1.6237331839             -139.449816384           -0.0368249297791         66.4510376918            3.50033081463            0.451128409262           0.792833156173           1.75945885391            29.5871548124            -90.4806711472           -123.370867286           158.750327348            78.447378545             -35.1873928488           118.896109849            159.043188779            0.0225217635494          0.177258159755           -29.2864248131           -84.1695220786           -85.7164437927           -17.9632503744           22.2613871337            -90.7057053785           113.508358735            166.980258474            -135.194334947           102.066299615            153.796577872            -17.9048834597           145.078232912            -163.932776166           126.558507205            -148.665782102           -50.7056595496           24.7702443923            
rwgt387                  -1.63494988381           40.6986954584            -0.0395994941329         -106.632258463           2.38253250081            -0.354707368155          0.12614857317            -1.21606618132           143.895191064            -79.5399294441           163.353669896            148.554803901            166.293217557            -5.08283781791           95.1351799902            -161.426474416           0.0229952841004          0.137504403507           135.506891397            95.5958778414            111.437141975            -143.647522857           33.4652819353            -27.6614250215           169.750405164            99.2837706184            109.534870471            -69.1162511117           142.777321855            9.90516116217            124.207942084            -72.8797136825           -77.1664163507           -59.2052025377           152.112910406            -168.819589395           
rwgt388                  1.15041160187            -100.604980393           0.0637161150646          59.3281442194            1.22721133498            -0.273503909819          -0.998244173951          2.24444648449            34.5569847587            18.1177620886            97.2494610742            -122.170555077           103.463229125            -112.645670338           -60.3503638972           17.6986442096            0.00545590508187         -0.0932504719202         -176.496781801           -128.075855259           163.167329672            15.9740036171            -131.456282337           -93.5002258608           -25.0604936675           -169.15974466            54.8235711399            138.940460676            -31.1643606733           -146.466825636           84.5827812635            168.62597346             -169.073692619           -83.9628825332           105.841681142            -164.075522023           
rwgt389                  1.99093102583            -140.039261329           0.156354078684           22.061660143             -0.580257197235          -0.0718056557217         -0.378807613459          1.17658805224            -170.401935784           155.917969732            -170.10978243            -127.136848789           6.34274991851            64.8146195748            -109.128184025           40.0418102378            0.0556845826036          -0.000233779407117       -110.381616829           18.4199739568            164.731559202            -121.669985639           -118.889938602           -28.3090128661           -108.886513066           75.362504858             -35.0382806498           132.477957196            54.3205203229            0.108809783675           35.8373696764            112.677952366            -36.6247207633           -46.4937345153           -144.541167709           -10.7302414202           
rwgt390                  -0.0375043550718         -134.049197336           -0.13621585362           50.8835462958            0.0786179008685          -0.482400210196          0.649152655644           2.08041392899            88.7322436417            87.1427376636            -32.7841237269           171.539593414            40.096116134             -41.7294660363           130.787029468            98.4568174745            0.0179205323019          0.195419769045           54.3599226344            158.597675527            -104.863961326           16.4926397444            149.09330282             172.638075983            -47.1634059204           115.724310208            0.564254846511           -115.334395389           -142.710461635           137.131306142            -84.4452523484           -11.1981564498           -58.3669658614           -152.08745241            133.433029102            117.027933119            
rwgt391                  -0.744967083328          99.5501678829            0.0867064943039          58.1500980318            3.70831405656            -0.378631384953          -0.461413075399          -1.86461431255           -170.871771792           -67.0102809374           -177.168267915           -103.975742799           124.398091557            56.79628476              89.4801388653            147.824253995            0.0805460370784          0.321650002367           -15.6994738471           76.6331487578            133.954691234            -149.254405957           48.8458638724            -142.943306547           -123.101676197           15.4221923566            -148.241195162           -57.0444859759           179.608342073            -75.8473566878           6.60056717421            -159.780768565           -136.999256609           60.1989969194            30.6620271361            162.096598347            
rwgt392                  -2.95561071352           -158.075302923           0.17493269843            148.499306766            1.76978561285            0.200674163222           0.0494243814911          -1.0387852503            -9.53534338712           -44.1475020451           116.401124173            179.318251088            -9.2101044206            -80.0469279582           115.700845177            124.43660403             -0.0529233299144         -0.24821583233           -29.2387953732           -150.324661751           154.637806773            -59.5112717511           175.305422574            -107.788638995           5.34936643634            1.53790817961            -131.494167196           -124.390153615           2.72325724261            89.9100152063            100.542635893            115.520213014            -99.1187482077           33.5510412581            -141.064140677           174.061390441            
rwgt393                  1.72762276218            25.8302447715            -0.226920245304          -173.372177851           1.72152473606            0.446718162511           0.0234200051666          -1.04407022875           -111.172505184           33.0249682573            -149.228576248           1.21954988845            -145.39732906            -3.86213852957           -20.4221693219           51.2311817934            -0.00391700431517        0.350327656038           -100.149597142           -16.7857470415           123.396296075            38.4339763277            -82.1736788871           136.206448655            -178.733796596           -78.1476188376           135.736134905            -63.1786743864           -41.868292416            -131.608316966           37.2821631158            179.782062316            9.70144164331            0.058848008654           117.076876931            84.0486057075            
rwgt394                  2.24943786238            6.66183868959            0.233025430085           -127.990045655           -0.932733569417          -0.0743893381428         -0.735993265527          -0.891751182565          158.069725471            1.38436571818            -8.65014285707           -177.205126547           -144.631525242           -154.96404918            73.4015411641            -51.9748591037           0.0208724576706          -0.346265968262          -113.284455439           -148.577570184           171.601976965            -54.38341024             136.833220422            20.3857680454            57.2476139011            -136.54546625            143.098255403            39.2891976036            -3.47209001261           -51.7726856618           -157.346056544           -112.175503676           74.1237277469            82.8556108169            -56.7939200371           -147.711006434           
rwgt395                  1.9676210692             -68.9470621981           0.103908158213           29.4166313676            2.93749467734            0.245410869544           1.08716587525            -0.911547590587          71.4588869497            -2.76287999556           157.746161761            2.33493942938            106.897304546            80.8166264238            -59.3620538631           138.356965951            0.0878482510329          -0.158568588998          -36.199719259            -9.5294043011            119.25179445             -2.35760508793           96.8917920252            -140.215389676           63.692745244             52.0071409826            74.0428622416            123.852640656            -135.933988293           -8.43015928417           -107.778486218           0.0137906439538          152.993209628            -116.20321529            37.0308263821            -58.9998688166           
rwgt396                  2.5755044129             38.8464050661            0.0402154233022          -177.85975123            -2.14820141534           -0.192905658821          1.22808877726            -1.17732398223           -79.9966020563           92.3182338034            106.639330117            -69.7390172035           -18.9672199363           -136.847920928           18.0113547421            85.4057712932            -0.0687610200062         -0.0339792237389         23.1954308336            105.870746557            4.07739890718            160.9128786              -29.729721832            -52.702012372            -160.615031021           -150.681986662           106.539129114            -69.3102189619           178.039443918            172.382025751            -42.097168664            27.6136924771            35.5999956567            -154.18855553            -67.8555114259           167.511337643            
rwgt397                  -0.829264059153          -171.471893645           -0.0076743142994         94.8301080999            1.22026023066            -0.477825772411          1.27525634934            -2.4006064032            -144.171391962           -82.1425466565           -154.243707819           -144.009671293           10.1538689094            -79.074922752            44.0695659035            -86.5717385905           -0.0820958894129         -0.193729160112          24.6845903493            45.0078076102            -71.5024849183           67.3399218275            -96.6051815944           108.480617299            130.033008445            124.836906814            80.8740639236            -106.98922335            -74.6190925142           132.729149966            63.991375393             -50.0436311354           -72.341846351            115.4232305              79.0504589225            46.8719188764            
rwgt398                  0.783727823213           117.246124363            -0.218418454062          171.754685685            -0.0527666310797         -0.222118941333          0.239810983908           -2.089955328             -37.7210264309           173.451693392            -172.026258949           48.4780960304            -116.586245924           11.2495648544            36.9005132719            106.86993239             -0.0385008688675         0.158249836077           -77.6682620186           131.898990808            -149.777740504           53.1795713059            28.0871220549            31.1752391731            -119.251285571           -84.4092145301           32.0991684787            -16.7238247572           118.309981271            155.205009322            135.684669054            54.1956861333            -80.4496511256           -21.5346188285           41.3823329691            119.232964401            
rwgt399                  -0.946749031251          -60.8900050872           -0.0606948920419         -121.829796353           1.17477138676            0.148607750645           -0.507326851384          0.0871770525887          94.1084409847            -65.6589670182           -161.62590348            -66.1223827141           -124.559501187           -18.0865255891           -128.200552538           27.9779939713            0.0782963762798          0.0208194473904          141.654918758            73.292248419             -144.521738825           112.242264666            12.6933457412            169.677759621            137.264706028            7.24401012809            -179.802285646           -2.91907639845           167.029186632            99.4968957105            175.086527861            -16.4112274429           14.5500513682            -62.3052927808           123.553691454            167.550432287            
rwgt400                  -1.03569291784           161.989903484            0.155460640556           -147.704690539           0.409279622159           -0.362835849741          0.45820370495            -1.11992962837           -167.970472617           -140.452884537           -29.2283188934           -10.9609713369           -136.868361913           -28.1103538851           155.345584667            -47.2015299586           0.0885423786412          -0.377569089715          107.348445303            115.979020528            114.667147402            -62.7070887366           -62.4568410092           -100.240937303           98.0192112603            -94.2379802087           -29.2103613357           97.4295658335            144.026942022            -73.3311022116           -101.774708533           22.1912942221            139.429341253            -173.696680053           -110.133031798           150.893332031            
rwgt401                  1.10847289576            -56.154311504            -0.0766549295613         111.016405434            -1.12076755381           -0.209444860137          -1.01409122684           -0.885610643947          -49.97455344             110.429571443            -18.777146376            123.429664252            -133.048758214           -91.0916004295           -95.1617884382           -140.290727756           -0.0448656849927         0.0523603356804          97.8050493508            104.911255946            -11.4150224672           -177.468185393           -18.1015741138           26.6010193865            -17.0296976755           -164.732354712           -112.432574209           -36.5391322065           -75.9676209979           -123.298997366           -56.4460164213           59.8594964374            -38.4081254122           -126.400153619           -123.341986651           82.5984186319            
rwgt402                  -2.3167102308            54.8436127887            -0.127485483922          -131.150531873           0.575740211842           0.375248065644           -0.603593961463          -0.0894365376478         99.5966790856            -31.9480811653           -161.610879451           -67.0573160419           -168.354225685           -144.602379903           -70.8702327154           -171.687823035           -0.0191120792111         0.0804210359115          125.288879095            -62.2733257685           -98.3176140371           -109.70127919            -155.433893608           -56.3692332781           -10.4502925149           88.7892755056            45.4272920221            78.0772335254            -96.3959530311           157.073188347            -129.47175948            127.8675191              79.8033882879            -176.559801603           39.1726885572            156.743184405            
rwgt403                  0.795727404992           -143.211254901           0.112800558392           127.441490497            -0.824016769886          -0.353840722937          0.715604379462           0.884573671758           57.6539720197            141.929060217            -4.70260195021           85.4616822982            17.7424348879            -65.7325022193           48.2432020943            110.831569309            -0.0871863410968         -0.127627480818          -30.707900078            -118.801382987           48.2092369332            -52.8139356892           -61.6238226831           -118.403425964           41.1444765992            54.2800536767            -168.515252865           3.46686145356            -129.453978918           -131.28933772            75.1076941802            65.8905594242            -143.761119509           52.5298051743            70.6616728864            -111.493382691           
rwgt404                  -1.50330624722           -152.430247122           0.187774429554           -10.7034896326           3.33969324558            -0.509526864735          0.769337133348           -0.399222147103          149.550940748            62.7316209969            62.5402918516            8.05378995451            80.8564531509            -84.8756481877           -20.4721210164           94.2705392668            0.0708646132017          -0.322633535808          -143.809733435           -97.4137875064           84.9645910491            95.7113845771            -67.337000998            -31.5516650433           -163.388455373           -28.7352405046           -54.7150089829           -96.0012417384           -171.045181718           91.3239829269            -165.878832173           -69.5201320583           -139.656485744           -66.3171471766           146.245579088            -30.0705060816           
rwgt405                  1.55528667265            96.979559101             -0.100837679334          115.65501144             -1.63330457635           -0.505871030286          -0.270807179567          1.69545651963            -153.068845866           112.155696823            93.4008659225            -71.1749379909           -156.425385141           -18.9949803867           -161.022345524           -172.524565552           -0.0703033758551         -0.245509296623          -103.247065354           -33.5613023571           32.4126849397            -172.32187766            117.652891614            -27.7023397497           -67.878363953            -53.4116279987           -12.7297223455           21.9428361605            142.259208514            -9.86844812569           -177.135560783           113.258343502            160.164059383            52.4190474818            -165.816514907           149.614308317            
rwgt406                  0.68067837206            -150.148254974           -0.145503578506          -123.311024988           -1.01448098012           0.143154292861           -0.912543909969          -1.03699476301           79.5349343301            -107.055442803           1.43098235019            16.0538775623            -39.7045694756           -52.2663145153           -67.4973636603           -176.341871279           -0.0288884689112         0.173248714089           40.7280050001            124.056134324            108.290113127            53.8355133051            165.860637424            29.5338000116            91.5970136763            -100.897564245           86.7619694654            -65.9804075064           93.9086330093            174.541887418            -33.7761082758           -141.823175309           -58.3852956108           -173.040491408           169.92326831             -80.8832901919           
rwgt407                  1.54808061676            153.221955594            -0.0200266057239         103.547721969            -0.481601174601          0.188845836512           -0.355516664352          -1.55305863037           -80.2766815649           -131.713384686           -66.357826239            71.767305943             -168.851839155           -121.423977968           124.682317734            151.670395888            -0.0438998998267         0.219621908473           -168.759536637           -39.9658909812           149.126569469            -160.221825713           175.101796222            77.4847114846            150.080094892            -2.23925082026           -149.244060064           149.487227141            -84.8825995727           46.3713584584            -170.711643299           -82.0740278034           -154.218304996           -14.0636490444           -87.7984139949           138.322964848            
rwgt408                  -2.13237681714           -14.3014475056           0.18985295751            -40.2199022294           1.10192162748            -0.437891084698          0.408092803654           0.661563297821           -82.802286902            166.214033112            -88.0715256339           99.9052071061            -117.087673275           40.045185612             -24.1049419817           -50.5117279416           -0.0312688194636         -0.0284710405776         102.65411043             -31.6647096963           -142.412504774           -69.0638005862           -104.825645928           -99.862185026            -165.148064305           -178.037968102           -12.0179931856           175.859021715            58.8033858559            154.678144598            -177.313755821           150.821225833            4.88271875045            79.733862355             -19.3441937877           -51.0029843465           
rwgt409                  2.27388656987            131.339097364            -0.157126982796          53.9362096516            -1.06719472811           0.109387888832           1.25911768319            -1.88961894248           174.10262098             -70.6164535175           -152.356045307           126.880406427            -169.072010463           130.856052603            -88.9967565186           81.4229192582            -0.0862311297417         -0.0401525226154         55.2186597165            88.2760627755            28.466934446             -138.037691343           -67.835190903            -110.039501489           50.6665200024            69.5870893794            -179.160383759           -4.57386596205           -58.9407501154           66.3962826698            -83.6429689723           -144.563340169           -51.0811108347           157.641811492            -108.572612365           81.1904338532            
rwgt410                  -1.84210008897           -64.8185642365           -0.040979986234          13.195938289             0.953716947468           -0.0230827088906         0.766580000508           1.20273118608            -23.6421932289           152.55045681             -53.7251570727           -157.607769684           -119.472539323           15.3734956291            21.7373491674            140.461109673            0.00353175885178         -0.177171417158          -90.1639280063           167.459604546            133.657630298            26.589553717             65.6774030299            -131.669094862           -171.393875799           70.4463210118            -9.30996841428           -49.3232952486           100.590576755            -158.029094719           161.467980785            12.6832947972            -8.73187471204           170.067808281            30.0921770615            -9.30793453877           
rwgt411                  -1.0971776128            -126.392475309           -0.102396828677          95.5690468078            0.551822647381           -0.353109798688          -0.586603107768          -1.43369040787           69.0702735918            1.07174082021            -128.114921418           175.930604272            -126.410651469           -106.787609559           48.7811814063            78.602026539             -0.0247934774174         -0.371397144093          80.524928676             -62.157776701            -21.1591282383           125.755200211            -112.975159275           10.785722506             150.629994712            -22.2217162777           118.279276428            17.9794796331            116.654228535            -68.4176253007           144.261912546            -36.9669927862           167.631512689            -178.144452408           51.1628212888            -13.5270648245           
rwgt412                  -2.37138008949           150.753877164            0.0351225636236          149.119409494            -3.49420037827           -0.447879032405          -0.471392533764          1.59576318778            114.994424406            25.4336728828            -71.5424764168           133.953902472            11.2724511907            -143.269199951           28.572066917             -51.5505794778           -0.068866850645          -0.113297938756          -131.197755295           168.555706165            34.4983530393            90.7417003457            -153.576865567           -170.330186601           -46.8248962568           3.89988709095            -5.07144372711           -54.116844323            -107.579058704           -82.8501195188           116.575250094            -80.4959609628           104.944752931            -77.3195512089           24.7002503906            -52.9025472261           
rwgt413                  -2.00011890791           10.8744075685            0.225083147033           64.560971954             -2.18805024299           -0.0351701805729         -0.127411649617          0.0941704918598          -38.0546001718           161.676508036            110.621453684            -18.4662550405           -131.061717093           37.3040719492            -144.025463677           -34.7384659893           0.0866989112488          0.051667656742           -88.4187419129           111.428663764            75.2075279957            -34.5846079234           47.9241552023            15.9405336841            -22.2101089265           -80.5603074921           -22.5416092165           -79.3947841732           80.0632149677            -111.875626976           -11.9321445858           -41.8573779966           98.683563061             -12.8721930315           -16.1394006842           -90.1508917906           
rwgt414                  -2.71681476304           154.642187315            -0.170545802658          -29.2043545669           -2.20131341793           -0.338028123938          -0.811591620924          0.131426904033           -100.52090458            -58.3432684766           -36.1918827346           -73.6864604953           -98.4484037931           -24.4814874308           103.612347024            24.0398571158            -0.00992536805002        -0.254030181937          -91.8205156052           110.95614649             -86.7313953145           108.587799733            -161.88101639            19.2170445686            19.680247929             146.100497541            162.995464995            -56.2945811097           24.494691404             -148.309705527           174.760712274            -145.222768226           144.482446802            -132.122036325           -110.782895558           -130.564281724           
rwgt415                  0.843164789818           -61.2103143196           -0.0571574520619         -157.963080272           -1.30353038981           -0.043363520955          0.89115591695            -0.829357832095          103.682088796            7.87790557097            -116.061952016           -127.874963726           46.3300283109            -77.7357804079           63.3878530895            -63.215787497            -0.0340929130934         0.00765021196472         -27.0204305366           -87.1777721035           -178.482194626           155.967353463            5.14375458981            -90.2539212176           -18.9143048192           26.4315088326            -71.1787390433           -95.4104292968           120.214818463            153.182883027            45.9004667661            -46.0453623341           125.019486019            50.3633188391            -94.8995309673           -109.286298828           
rwgt416                  0.316206218669           -24.7183918884           0.000791222939455        -94.3756191298           2.69520553499            0.179277833038           0.217330631279           -0.421272692708          -30.2462578062           -5.62625225645           -39.4401221335           117.747121696            -153.43736899            -62.5152306191           66.6468770776            173.535774074            -0.0804228593597         0.137683636939           -17.2042846443           77.3059444917            17.2107279535            42.5969904828            -163.313994403           16.044799532             -88.3136780647           158.52788093             134.114920126            -179.92845418            -99.2182270513           164.221792738            149.475603806            130.186377932            54.8536220927            13.0498015474            -115.964698518           51.7280870924            
rwgt417                  -0.289243815553          -125.806456926           -0.157466624185          177.578968762            3.66656570205            0.137081040313           0.826181802566           -1.98089901017           133.764496675            -112.187135605           116.357324514            -179.281835845           20.1186314583            -1.55507501236           -26.6891011278           -42.7596425311           -0.0586501828638         0.373731219773           130.300115787            101.048947621            -47.0005239269           1.42227003226            -175.031564464           113.589913332            -90.2567580412           -42.4011553114           -21.3933304083           129.409444307            103.828232267            -8.73498905657           -72.1408977921           97.958267578             126.554739753            -107.606970181           -65.1167649061           -26.5365556467           
rwgt418                  -2.57977652239           163.240834145            -0.137141820314          143.327772412            -3.25699147536           -0.0709756086882         0.452675061251           -0.306818715248          -125.542729746           140.971630748            98.7803842474            155.685343045            117.907567893            91.8283973143            -52.2321786151           -121.088338853           0.0395663085134          -0.369872031806          77.1103243944            -76.504761572            138.332032795            -120.321550997           -151.540131331           36.4482287526            41.6220625967            -57.7564730671           172.478112009            45.3245101977            96.1511561161            -71.8971450273           -70.8983808436           91.6563472324            -28.697652554            -153.810433945           -129.833418033           -172.668740217           
rwgt419                  1.85360095747            19.5114638152            -0.227586035165          -156.916310842           -1.48170911974           -0.208264012535          0.10929021718            -1.00014952122           -99.3234044475           64.5682809455            21.9123973942            114.548570913            -177.376451888           -171.175337093           -134.906582107           42.0639967022            -0.0240212838183         0.353554739863           -136.852760807           -150.567039716           108.928834866            33.6508894288            -90.8608408674           -107.532942979           -137.318884898           101.234973882            76.5503833462            113.318580315            74.9636917248            141.274752919            -23.6927390486           116.935460604            -82.4282200217           -109.48412664            122.754695291            66.5690004424            
rwgt420                  0.940342822504           61.1894714352            -0.0907472532539         132.356151099            1.20514683966            0.249122947291           -1.08802571413           0.0363785280745          134.344164945            -112.482673153           -99.3667947976           -37.6159451275           112.929924803            -104.388386112           82.8789108217            -166.74049093            -0.0312566673156         -0.164676309605          -71.6065338403           -177.520753727           109.098485976            -175.467657881           100.323944509            -107.218993269           -28.6662734792           51.8536546575            -30.5857157626           50.6217479115            -159.996403366           177.448805604            167.570649438            -151.702165563           98.1246616273            141.720684518            38.0395917514            130.777833313            
rwgt421                  -0.866609236608          -61.0396971698           0.128248554863           127.961845323            2.396578584              0.411023902492           0.785525312081           -0.625761076377          -71.718832092            55.1394883719            -7.66226157316           -47.5899686258           75.6697622932            45.2553445995            -75.0335244766           134.176474099            0.0829538363893          0.0857079859512          67.2775206362            144.812499394            151.910509599            129.856078347            -49.4853001992           -79.5741117359           85.3189549347            87.5863733351            -87.8655607671           151.885170709            -82.1603295904           88.9398645135            28.8030520366            148.299630307            138.437860413            -109.292361933           -101.027343055           168.638770615            
rwgt422                  -2.09808813792           25.417910697             0.148755419352           -18.3717937657           -1.51462297572           -0.280768353431          0.822868335284           -1.60884119947           -62.6998224797           146.226556309            0.896533517626           57.6632820359            99.713375794             -95.9156962539           110.111147788            -43.8869799831           0.00966208913489         0.344989441364           23.5218056968            -111.996427449           114.501181763            134.952517309            115.114372924            129.899905889            -130.662045706           -127.234182877           -18.1815036207           -31.1238007193           159.880033762            85.0348632445            -56.4662639693           110.770133169            -149.24889806            92.6725958645            -125.753641887           94.6640146344            
rwgt423                  2.12060058935            -53.3200849324           -0.00877527313745        -99.7367559226           -1.1990484554            -0.368029933712          0.77458432288            -2.13704601791           169.578129803            -5.34084945635           127.149722989            126.642894751            100.678868129            -5.9906810741            -22.6033165483           -73.665131642            0.0524189786329          -0.249042976191          -59.2809137086           -174.37601974            113.871037372            -30.7258391249           160.06776138             -71.7984283361           -13.8978691605           -38.3912270294           82.8865606566            -115.879221047           51.2845592695            133.453348527            -56.5344134854           38.7309726786            -163.320273992           -42.9961665783           -107.79370065            -156.067594164           
rwgt424                  -1.19206801121           144.273628417            -0.211104266173          40.7081513689            -0.315166970383          -0.0186722350896         -1.09905166984           -1.36027045112           -89.5648467965           37.4374602168            -131.03247216            11.9590514086            5.10156350585            82.0023538247            -165.727406327           163.847602054            -0.0140053177045         0.183393588093           97.3391087511            68.3962563457            -22.3480829417           93.3238721411            -144.061761776           -113.5584327             27.2926897735            -59.5785548299           -35.8641826334           -120.481096614           -113.020208424           -131.090562883           -22.281579926            -94.8081780072           -152.342065728           49.3223478169            -8.11113086761           -82.407637086            
rwgt425                  -1.42148249107           -110.753695613           0.204828879606           -84.1580940689           -1.95999787856           -0.532909533531          -0.00947358308906        1.38250943358            132.285441332            166.855133402            -173.895530114           120.147024466            114.713329453            -60.7232254704           0.261589105857           -176.78041996            -0.0777932205208         0.168990524667           -147.957428307           103.747661178            117.513991396            91.4823783976            76.2246734164            15.5299461479            13.9087441625            -141.771157996           -40.6070680462           -134.013768107           -177.341895956           -0.0759897721133         111.811053945            -89.670204178            114.372208042            -100.597386355           -160.869483403           91.5567427275            
rwgt426                  1.90579528141            48.4110901668            0.208164785348           -110.709674638           -2.23110808559           0.0549921548593          0.36780926729            -1.80839412715           101.902155656            -160.487812056           56.095502023             43.2562175395            7.16628148955            67.7094152199            -170.988280992           -37.1057099124           0.0106622366006          -0.0013171305769         -34.7988215392           47.0765031388            -10.8717003778           64.0167195567            -9.40678750593           -65.1976219725           68.6362839999            -41.8363426902           99.8592740997            15.1700425303            -65.3348752376           45.2153778364            -71.5262726528           89.282159317             -153.347842271           73.0160028654            -144.194123408           -102.507149324           
rwgt427                  -1.59796716138           -134.503663149           -0.0415694639289         84.7459991712            -0.418564691552          0.333191912805           0.609478927069           1.14693276538            126.864017803            -114.763634611           -90.2631189438           13.5611406455            -48.3384665752           14.6680432647            -134.154844807           -2.61271326937           0.0862014730841          -0.292855947798          65.1907236288            -137.872970146           -22.1119893135           101.921566948            66.65182462              37.6145910676            -52.0755936295           91.3443797149            -114.647036983           -128.48218515            142.839907497            -91.5211249674           79.6669185341            -76.1674910343           -128.558621173           147.919656661            -143.791477422           -91.9825984685           
rwgt428                  2.14341320515            34.8324156364            -0.0552689135578         131.895053482            1.86001797833            0.0489218202237          -0.00892564346853        -1.22792789823           -77.5193496138           -65.4578081291           -161.242859285           -32.8464020709           -8.58108639578           171.199730399            124.482698595            67.3066598398            0.0663541604875          0.127316262388           96.0302795858            113.734645115            -99.288580068            -73.1743739067           37.8600798631            124.13660325             -131.061099205           -63.0681950577           -112.329831326           44.0613499085            131.353720164            132.115454311            70.5098216326            -115.098031298           108.725339867            -146.870533634           -119.537140657           -42.2905888686           
rwgt429                  0.424914891748           127.917290513            0.0514391093401          126.756523184            1.31501866162            -0.220272919076          0.475048522899           -1.15206636219           145.55555356             98.4222745257            -144.632963623           -114.236748277           21.7673284513            -135.126745489           -59.0989572316           -41.9626721916           -0.072724880986          -0.13440096079           161.243587513            -143.549621176           -143.490130464           133.217574226            30.4889583008            -167.29007672            74.2057384928            66.7611361744            -12.6678458099           -163.97533494            132.476269826            59.5513760861            -66.8868369824           -94.1055926371           131.006637813            -29.6410626238           47.1747191008            112.80124435             
rwgt430                  0.803882263883           80.6107750498            -0.224285172967          -118.704608468           -1.69309018402           0.244674685498           -0.503501949223          -0.739722736265          -88.6666482693           159.625926463            164.553934094            161.742086608            36.8487812998            94.3527185669            146.80191426             -62.9233623149           -0.0563102839346         -0.219604229445          -116.959046017           144.489781466            -102.396912466           56.1519954107            -56.7297048231           -88.2726747612           45.8368268153            70.5569363354            3.77106732897            -85.4848209387           -112.461010865           -74.5822785881           84.9303008699            -11.0182694815           124.694023128            109.408192736            -78.2265398326           96.7979212273            
rwgt431                  -1.05420690457           2.82906747868            0.0380549840977          90.9710289773            -3.71977582092           0.138082024893           -0.576895837937          -1.04514453346           -14.0609166322           -120.918462479           -82.2458848759           -52.5960803609           28.9595617258            134.004570894            57.574549171             86.5551481235            -0.0197365131651         -0.146257057573          -143.465304378           -26.7292909866           173.372672463            -12.6993411699           -83.7566832848           -46.751508784            -72.5723585314           -178.442778263           -99.782167351            163.225183163            145.490346254            -139.169667946           44.4525449555            -108.068280301           59.8901386377            131.434860758            89.5917811334            -141.604966654           
rwgt432                  -1.93269872004           -58.6865942679           -0.109706258592          162.020630523            -1.18909493736           0.0221260999671          0.512586224478           -1.22109275697           127.508565999            95.7993524875            -106.592568651           70.9238972135            -11.8950661447           144.44623087             -101.602794825           146.425601285            -0.0654499464947         -0.311015520091          -134.643814801           -7.92582378435           131.338448164            100.226977406            -8.22010159104           -35.4730418984           -173.31544356            2.04689047385            -159.903239969           -128.424045007           -68.9360162796           -27.1340695956           -150.325853393           -44.721902514            -46.06245235             60.1326389264            95.360411222             54.1940831026            
rwgt433                  -2.97105412943           97.753823588             0.0442724473542          128.835689626            3.3313922942             -0.317505350858          0.481060263642           -1.46410392769           -165.614476654           -23.820072457            -97.5093227221           142.27122095             155.945754492            93.6815314879            178.828135856            -164.46947508            0.0796140614106          0.131401270036           -154.340845418           96.4555957531            -56.6264239525           76.296150175             -55.9925667411           69.1375109012            111.50928957             -39.2285920847           -81.9119504962           134.970876459            -112.319182829           -7.62840727628           130.125253548            60.7666959381            45.8801585958            112.762318228            125.212634367            155.727599734            
rwgt434                  1.38967802899            -21.6589294817           0.0902508460855          4.51540336592            -2.49523558886           -0.515925944916          -1.17880572398           0.928283632394           -50.4782317349           82.6995800195            164.282850763            99.1847421665            -151.708998478           -114.993667501           125.978049398            42.4313460221            -0.0472024375692         0.322874962925           -108.339022144           -86.0528721625           123.916235565            94.043962945             170.018207023            -5.23516353183           96.925562214             -120.210253206           26.0106982325            74.6692099086            -26.5392727211           -108.789951814           -64.9637600223           67.9516681762            -115.535933302           -129.277548939           5.87950365305            104.882377225            
rwgt435                  -1.41777360798           -32.0443254391           -0.0114507581568         -21.3159468226           -2.11005486965           0.234160075927           0.901478447277           -1.41199918804           -114.624280783           7.69900989172            -154.92857372            62.3621992852            -18.0929444857           -46.7498064892           30.2096058968            -133.187527484           0.00947718162274         0.367347332854           -170.929158679           -54.9767812064           16.7791355978            94.4035220543            -156.731399315           105.852693754            158.544019432            -1.17290118933           -151.016244175           26.3797381692            -129.740866165           151.850626133            -77.2983182873           142.202533128            165.400397366            -45.3454617631           -61.6356077505           119.182796107            
rwgt436                  -2.17279678512           -90.0881638572           -0.126297501882          -64.2790442722           1.18498201609            -0.337201022035          -0.763641476085          -1.19729366162           66.8619180105            0.62182272382            114.543094336            155.45479248             -110.120464857           -26.9453712546           -44.6248256698           128.703386332            -0.0108679184093         0.367880665217           170.767321398            128.065150955            127.971628947            -126.331665876           -65.921273515            89.9644926708            -170.824103384           -111.771610977           -169.106704797           28.4134913028            125.531157177            -31.6301345106           -64.1031598915           166.373754154            -90.7581345684           123.168640527            -32.2406528219           -172.084630974           
rwgt437                  -1.43364564344           96.081150775             -0.0504373804228         85.6161334434            0.734673382395           -0.220227598944          0.161183446182           -0.231337477395          -167.718789252           -178.749165934           -83.1100415729           54.5132203477            -106.408884166           -29.3829731348           -107.946676135           73.9787950333            -0.0747138707381         0.290376111533           -40.2356007286           42.1073519011            -83.5947197046           -74.2620281328           130.898592711            -155.707809235           -128.334521554           143.393452893            -19.6198926764           108.608871943            13.102043547             68.7946781149            131.346001089            -2.61207398799           -14.7813159926           -151.331129963           -139.018614892           -91.6873187857           
rwgt438                  -0.855828475852          71.5646676707            -0.0328346861377         128.144523478            -2.9587546586            0.437969535016           -0.207285926803          -1.59449199362           -9.33579099043           -54.8996927284           -80.4554226832           92.2418447446            171.457479469            -69.0101032749           -129.303987691           -89.3939027876           0.00416370469789         0.30389375454            77.213187175             53.9685223417            49.8386938578            53.2484081747            -95.6321815858           -151.756715858           -115.684003976           82.8955727382            -89.9178246739           78.0719874163            -112.842805073           9.0779543079             77.6822301566            -4.63734555674           100.036542726            -10.1521962066           -50.8406045386           171.446318548            
rwgt439                  0.460779994834           -3.79333346822           -0.0838357026666         -148.948765721           0.00731725956024         0.0639957955065          0.238734248783           2.27802695035            -156.391422811           -148.062090038           134.405638103            -50.736576353            116.224694138            -170.447521766           91.3873334015            36.8277700313            -0.0511524449035         0.309314311461           -163.86227108            -47.8759211097           63.0686296839            -19.0638491804           -75.504579736            90.318319738             -138.428179021           150.737690931            32.8027816534            -93.4094611564           105.879506798            -84.4500492417           -16.4805612831           -136.456521334           24.3118831957            -4.37384369352           108.18947679             -125.419750125           
rwgt440                  -2.19642756636           5.33942659478            0.0931247301092          -151.860991836           1.52104728714            -0.156136638883          -0.0824985559107         0.857097084304           -130.222831169           159.592985813            -169.3893698             17.8492153989            164.048953368            120.73781068             -42.2583927833           -6.78039318459           0.0895161449248          -0.106601078055          75.1940159579            -26.5922074908           91.4150836345            -59.1432133291           -5.36662642616           92.0533308808            72.9475898849            67.431257646             104.737261448            128.537840906            16.4520349128            -98.1187929604           -47.7490648079           34.8309413449            59.8132833973            95.6494127442            97.7972546757            75.4286346947            
rwgt441                  -2.89053473457           28.0087467405            0.19205035067            -5.16070448187           0.622049734048           -0.174856839863          -0.154716243641          -0.314700842669          54.0529908258            -8.67628239086           124.470156278            125.961910779            158.113288294            -95.2498456848           -14.922109226            -60.1197333124           0.0295119468357          0.243283586378           133.337526506            -128.810599413           168.60281816             113.426265303            169.287514442            -0.15141974746           -71.9168367947           -26.9347300155           -34.8704055115           -119.367036301           154.483888229            53.5899801985            -167.449487974           106.186706832            50.7485539877            108.523848467            0.896730637271           -56.2487609588           
rwgt442                  2.60998108544            -100.330487648           -0.128908278299          12.6738974041            2.22357492009            0.461794431328           0.192815907484           0.56193194848            5.46402852249            67.6613116703            90.895513847             -28.5413325771           -97.9479849635           159.288170189            -40.3223556409           -7.47728376582           -0.0132260354089         0.0997321435441          29.0916401167            -21.2862817384           -165.065267324           -113.421490797           -159.195803163           -171.865058503           -66.6382967395           48.3885351592            -160.21050334            4.0684799389             -7.62931392357           -4.28564832516           -139.536574551           111.667772325            -10.9157030047           37.7459667535            -25.4760816637           172.605878446            
rwgt443                  -1.2607660941            -152.320804071           0.142355755872           34.8326853321            -0.548159588597          -0.297202134474          -0.616299130395          2.34013796087            32.1751551038            38.2635641652            130.355567271            126.68127292             -37.2760923402           80.7554947719            179.187017194            -110.995054965           -0.0867969198961         -0.0150348332153         58.2376293776            -20.5097258114           0.129995574419           -21.255726489            -176.22060104            -120.884678645           -53.6425806948           109.007537319            -103.048636918           35.1496448227            48.7356175469            127.576442977            -161.340742874           85.7316558537            175.052906926            114.047295952            84.1206369487            175.551935252            
rwgt444                  -0.483718237036          -75.6348616541           0.142307029216           111.614015886            2.67949124127            -0.492475329378          -1.09874031079           -0.628039930151          178.311448946            -47.3405183648           -129.421471487           -159.181002704           -137.699953361           109.806243501            -18.8382070251           93.129676704             -0.0235941170783         0.0374132984341          -57.83981879             -123.470466269           36.5272776536            -97.5534042393           88.1459207258            127.646514731            -33.5728434771           -150.412981118           18.7763375996            121.157205865            -88.5731361518           64.7422054747            -108.181632805           29.1425408077            -48.100728899            117.700781587            179.689098517            84.0605304157            
rwgt445                  -2.41627078699           73.763593385             0.124827514007           41.8527475214            2.98708195804            0.140717496202           0.463586873317           0.0560481542717          -19.558418184            122.801982692            -116.886656738           -27.1195398179           -108.318460639           -118.668702126           107.84566726             3.79529485424            0.0127703692701          -0.179777113616          -48.3176201903           77.4074922858            -72.4364811448           -97.5846223094           -41.1453284036           67.1496860973            107.328199389            -129.035387772           148.699478229            -37.1317408395           -34.8023160224           -149.935446382           175.470373116            -133.992970383           145.530482122            41.4854822716            175.8040868              -33.1521715601           
rwgt446                  -0.498144606408          -16.6195184255           0.103721984793           107.67701295             3.525096257              0.53060970468            1.027003454              0.446127320929           21.8633583963            2.7277902464             -178.128761378           2.97568947251            -139.50688605            49.2108223015            150.814202038            -42.2530822893           0.0631929355177          -0.314196993247          77.8181402958            -26.096994444            20.1659138471            -100.287558958           169.937140259            97.5167261262            -29.8570500578           74.290366617             -47.1335083217           56.7357412358            89.2139096311            82.310988936             -32.6009969771           -41.7682412727           61.3088103347            86.5043661899            59.0151216975            157.491271274            
rwgt447                  -1.23708076025           -110.762663661           0.171894285252           -145.290998964           -0.422804052295          0.0732588752767          0.0232984533369          0.44097508422            -0.154542833202          -30.6743056956           -39.8837334649           105.721833493            -63.7019739758           117.301955843            -84.0002068078           77.8058383153            -0.0445612034533         0.318295705705           64.0651494345            -25.6621914422           -47.2477563263           -169.315881847           -27.4446314517           92.461147378             -31.276979569            -54.7831902851           -48.7914095776           91.6588682177            -100.050754249           63.03215406              79.2414583955            -121.812239572           -34.6558590829           12.7339935225            150.731825836            -153.992123178           
rwgt448                  2.72866954064            170.048461896            0.222205442363           -6.14173625506           -3.3859028438            -0.445149776197          -0.104604951526          -0.966082877914          85.180212926             101.393424331            106.932862308            94.6649538518            -82.7749202124           -42.8356663297           176.125475852            118.772369551            0.0231911271536          -0.242834937784          173.763756072            -68.1990904155           162.308513861            167.771727823            -113.902533741           127.224033899            -120.197106913           34.4109979836            21.3211298117            -22.517919325            161.535505506            137.096426278            -164.041207069           -135.589593901           -59.8209481423           100.694605967            -43.2752332071           68.6869098024            
rwgt449                  -0.171965524208          -24.971308478            -0.102210111498          2.27796458834            -1.16818931214           -0.418758240944          -0.719915797894          -1.19576587106           33.8682885261            -31.7597802724           175.813723934            -39.9273716328           -19.0924783155           39.3379573246            169.165415986            -122.304911289           0.082731913758           0.0230319678707          -0.888461404504          176.458756892            -75.3688256839           -36.0615732365           9.56406591804            40.7502723621            -75.2719955439           -88.0024853463           -43.8185527947           -25.4363415209           11.7089206039            -166.779750066           -80.0079441265           0.88273303413            -147.281212961           -73.9425671012           149.260668701            77.5922031311            
rwgt450                  2.41044619456            19.7389285267            -0.0658035744234         123.308426369            -2.00140251617           -0.366974749074          0.11980484366            -2.14058677173           -63.8232601885           108.923874455            24.7444024272            111.229597662            -137.124410486           -110.077337982           -37.4208136787           15.7218976231            -0.0399739618876         0.0215528462582          -41.1183399148           -17.2835302685           17.3466643083            -105.537004994           -117.119187571           -55.23278527             164.866772535            -127.626590046           -37.401840247            81.8508728277            40.9619241199            38.8316221569            -4.78086021985           42.1967892782            149.396442604            -110.12238155            87.9939315288            -115.368932719           
rwgt451                  2.61333246566            168.818606454            0.151307151986           154.673610165            -0.116153769022          0.166643170065           -1.01153696962           -2.04078767439           -82.8919557436           -59.9025493639           -154.384397698           104.358901046            -143.574110328           -96.4636770388           -108.206606998           70.2129903399            0.0746103122142          0.374253323381           -58.0278172185           52.5322221931            -63.9746175729           113.131277303            -108.84226745            -148.369563834           23.940429742             16.437457148             -142.312561035           57.5874162778            -112.435647088           -150.995504991           -11.1710420023           -170.028266555           -147.409521764           -28.7967226296           135.242718324            140.425881225            
rwgt452                  -0.429193207299          -101.175238469           0.0150696912336          148.863331277            -0.871857896203          -0.0356773858472         -0.554982162167          1.99776666125            153.137943528            116.070156003            25.1250520683            24.8702567816            -103.573288582           169.222689684            16.7821788076            27.6471553089            0.0710338434557          0.266280041684           -128.544558231           26.0905787025            -25.872356533            158.003214883            133.732257352            -88.4252784651           -76.9523565093           118.598581792            -178.801883807           -161.535651151           -59.7952029668           -65.8586708814           146.668950829            -96.0207731216           123.981043842            -43.1591075313           12.9741618668            -64.5995652534           
rwgt453                  -0.421598883504          88.9422294917            0.0717256853033          -150.522645173           -1.86230478237           0.260866101789           1.08231788802            0.194870327393           110.235788314            -16.0891171132           29.8353689262            103.925100932            128.236628557            106.143627902            169.555619252            -137.636377574           -0.0413858236292         0.234257618654           142.666267453            134.115524448            17.4326399539            -104.55826515            -9.97976290489           -158.429235492           -100.270744616           -171.625407292           144.528074288            -102.050477495           -24.8223870976           -150.25764933            -177.169853036           -172.26819882            -51.9324811967           -52.0447725027           87.539862156             -5.03706962456           
rwgt454                  1.50896078278            -75.1860666237           -0.00553351017623        -91.4601096527           1.86503245371            0.298296669431           0.723766763577           1.43428651565            20.1952180722            -9.50658110002           -90.1951507282           19.6663174047            -105.929024612           -171.814157589           -50.9713210007           70.3815937958            -0.00783281835328        0.292121918861           39.0760430336            -133.393832954           -64.7562048033           17.1977114597            139.252525358            -116.965126938           178.834547063            47.6184133166            -94.5925606789           25.2359967405            -115.120771553           174.365347935            160.729371515            -168.865434025           -11.4624226512           -2.43096473492           160.160089024            -138.521043956           
rwgt455                  1.42833060641            168.189217008            -0.197087968143          -132.858306644           1.57075560936            -0.13604134278           0.0503688412819          -2.41296162556           35.5688071783            162.916259255            11.1533677152            -124.829822811           -133.81285823            136.687317168            -44.4978661848           155.096883956            -0.0128126126773         -0.0705851718623         167.88121882             -29.160437837            128.701755525            -132.69227451            -77.4973681206           21.3482740388            -82.5790067512           117.65914876             -137.325680012           32.4705701242            -96.2299657586           -176.92475599            25.4783070809            -156.659228379           -147.336617409           -174.719644624           90.4273361156            -29.1114441536           
rwgt456                  -2.06510217706           72.179026936             0.0424750582206          3.31411277096            -1.29656556198           -0.305852628067          -0.139543813201          -2.40145963342           -8.68829415993           75.5336607031            -146.786731428           -177.130517162           57.1513627136            -104.412974333           -113.145204502           -65.7784210696           0.025036019715           -0.299746317242          5.59796766931            24.42773191              160.083653445            50.8362144897            -53.7423438522           138.286550715            -92.3918226737           103.520298314            -7.65753622334           -142.505628269           -174.78022176            -155.81174026            -135.57160146            94.6830167503            -106.450942883           -148.054107664           12.0835051905            -99.0223089597           
rwgt457                  -1.70871643529           18.7252487722            0.0597879958096          -60.0554967626           3.59687896082            0.345956913301           -1.19986894221           0.393788338325           -175.511729102           150.562235997            158.456534424            91.3350713876            58.9102971973            59.3379020176            91.0459707557            120.079125846            -0.0857294174738         0.248260506042           64.1728667992            -145.382265575           146.104122433            -148.205137901           -8.26276804811           -99.5782934373           130.05114426             102.172897572            155.445910387            -110.407784358           48.8581035086            -19.0948073797           -71.1857999274           -84.1100094739           168.951475691            142.823157798            112.067333661            142.05245013             
rwgt458                  1.93268564759            88.3508300838            -0.185754857908          129.42382149             3.4689258681             -0.290537853282          -0.783153549716          -0.301094273548          -91.1622623905           -84.5788528777           165.330878109            167.593612578            -26.5250424031           -70.2128023873           25.2383419311            -179.456880765           -0.0804690939386         -0.0512459160637         51.6372098762            131.911771645            1.14678303556            -79.8133055918           97.8086227285            -114.863552439           -176.21638803            -127.085577428           175.864424226            61.8331717561            52.74046312              -59.8967650539           -26.7602075123           -120.837962874           -130.784286964           19.2098852265            -92.1090660479           -137.611100039           
rwgt459                  -1.35081333339           110.973043401            -0.154521861265          -103.402904809           -1.2783650657            0.414822979008           0.474151616482           1.04158435023            39.9200729012            -149.46562828            3.54661426522            -178.043907674           56.354407542             -1.78212300763           -103.374675042           97.0496404459            0.00703370146096         -0.182795131859          -94.8717553118           86.2866578784            41.5466476102            -145.991210087           52.8516028389            125.315664139            -147.692633909           17.1751500378            -28.3071142616           154.417962343            143.905308511            89.9292282088            141.441163307            93.1654506282            -6.82354600793           -49.490596725            -169.950499317           -70.4090464681           
rwgt460                  1.90017669629            -6.5301621103            -0.0290460460107         -145.320251212           1.09991354699            0.330535537692           -0.0232313068021         0.340479540888           74.0256037895            -96.0746096793           -129.915911945           142.319296949            119.773340314            44.1825650484            93.4025586064            107.005455055            -0.0443174101994         0.0236682785138          20.721614684             25.8514148396            47.201872569             117.147872298            100.017821895            -125.929484621           68.3594482756            56.814399227             -14.6719829314           53.0088464359            7.63570103961            175.640673993            25.5236758638            158.522469557            -36.1069420118           -168.772221917           48.7900863877            78.6334934821            
rwgt461                  0.223168661093           63.5825671722            -0.124764305445          -126.749450888           1.28870080207            0.324657513287           -0.621868876966          -0.920883001647          0.108867259721           6.22620977298            33.9074594349            -24.6299400317           122.108721614            -77.4540978057           108.663096312            -97.4187584329           -0.0666200057676         0.188317750546           127.623273659            130.139776068            93.0216510134            9.90983389638            25.861681574             63.8902878169            57.2680690889            128.436276463            -54.900991737            -128.350096566           169.107865233            172.682550417            27.6580581431            -129.45548373            146.813750707            29.6946980025            -2.65450932755           -150.21442444            
rwgt462                  -2.08985486421           -85.1760306649           0.20787509261            31.6340032035            -0.0565862305139         0.0117476171563          -0.406729178997          1.40792454642            -56.1785237561           134.442409755            8.09698445875            -88.1692242361           70.6472090763            170.701119851            40.7534675295            -159.752228313           -0.058136629245          0.1040597591             140.018184051            152.902968774            -34.3959416777           -59.2201139517           -47.5278599499           -117.235885702           65.2671773801            -63.1462533062           156.017840498            -19.9731555952           -161.624881532           -73.7294659349           138.096418144            -5.23325193647           -115.903437409           -121.566079457           143.367214496            144.314103484            
rwgt463                  0.333756196732           58.4494202478            0.147992060977           -73.3484017163           3.1554381594             0.170392247224           -0.0100991737067         2.02173182612            96.7481968358            -92.7687589965           -14.3617805308           -157.96120816            -105.635855502           -38.9202117066           159.139005399            -96.0143851754           0.0686818437446          -0.00640389998896        121.376981837            116.287448667            -178.261476914           11.4450170529            -76.5574632705           -120.618154115           119.673420904            176.068312174            19.5484853606            67.7599804319            121.204503325            -83.8093926486           -15.9873184268           154.9454617              -159.523709271           -143.19454701            173.345374931            71.9123880288            
rwgt464                  -1.46161990559           40.686501545             0.147706285591           0.311131882241           2.94597059177            0.275704992009           0.0154946287712          -0.936588909409          -144.329931388           156.201817909            -92.9603497211           46.6881697914            -102.350200841           -126.031472551           -5.87011766217           -27.0112075282           -0.0728263613115         -0.19067841874           119.609736152            -16.1560738964           42.6782155333            124.371922258            11.3657238095            120.582516011            -96.289792106            -134.849261832           -154.597758876           -176.006733205           -57.0014346317           -171.13416383            59.5301041616            167.490328954            -122.783527074           -77.8164495698           -177.866053535           -13.3968579066           
rwgt465                  0.846588536913           86.4533630861            0.111509452091           76.5284122872            3.06529393848            0.326293094115           -0.491940047827          -0.3206376829            88.2528762586            -31.3583833586           -57.9553643909           -54.0210072211           94.6954282693            25.1157997661            -139.817706867           -140.79570958            -0.0169257457125         -0.147455297536          -87.0926887422           -31.4935632531           -167.042788797           104.449781348            -46.9513001306           163.408869689            25.2254806052            91.1962675422            76.1197411202            -154.294119745           7.64872681478            -116.566542335           5.54627904121            -125.272381508           45.0194732576            30.7837513315            65.3816415048            88.7572491677            
rwgt466                  -2.11821135988           121.375416702            -0.192440370863          -54.4509858393           2.78943204048            -0.531817717767          0.435792621711           -1.17051020151           -134.453636116           152.579138547            -50.4078841357           5.17154178254            -156.311608123           -82.3569802253           107.211644278            -25.7813988031           -0.0766843479429         0.154238318249           -162.367726511           -109.277686195           56.2582399877            -101.214782908           158.272057099            -48.0462546515           -150.858511666           40.6783925628            -4.79038958358           149.989751905            172.548973696            -36.6705815477           155.694939025            -170.749083229           107.056300871            -2.81686435769           -174.776664137           -71.9994989136           
rwgt467                  -1.53205150307           43.4979598535            0.00697898772286         -43.9284194097           -0.0352077081254         0.409498223784           -1.06009898507           2.33887440313            -48.7355233637           143.748268218            -96.9767438113           43.4598717244            -126.951377929           106.699520417            115.55601703             -83.1268937967           -0.0233990987281         0.081311168634           -147.292901326           116.341104914            -37.5294755853           74.1966878228            -110.649193638           -148.756810157           -84.9231312895           159.16245165             -18.1032380372           44.0214497862            -163.802152541           149.754501518            41.7091268335            -72.1253220393           -46.2379403967           -106.105281644           -115.077871494           100.523065995            
rwgt468                  -1.6528471637            89.5596941295            -0.0141413606726         25.9221294673            2.01184584968            -0.468426088346          -1.16551921343           2.40458347162            53.1296975315            -99.38995687             32.4174720724            -24.5039511208           -176.917394394           -162.774444287           -76.8332325832           60.7373695011            0.0201888739808          -0.275971247541          -7.8078940007            -130.306689939           -121.731259193           94.0216479133            169.570908948            166.935470701            67.9774839315            -105.795921072           155.744121722            85.6781682539            -133.14779274            97.3724734495            86.0673763852            -98.8544733275           109.555813353            35.5466167463            45.5414138662            -160.028779255           
rwgt469                  -2.93373398707           60.6552250828            0.193810737238           -14.2252162762           -0.666270287197          -0.498794005448          0.341044039504           0.483331712222           18.1204232663            -19.2720989933           -179.440800865           -31.2500281907           -57.8972898468           115.946297617            134.935605327            -79.4448468911           0.0249480213258          0.0702573334858          144.038552704            -89.0028447814           -25.289398565            134.645653188            -87.97196332             -144.273352903           -45.5662096642           153.065872402            -126.942938674           19.1204194661            39.8512760097            -11.5550731486           -160.497810703           30.2698200226            78.1738762423            169.327887828            -171.86309087            -90.4438876988           
rwgt470                  2.56607937241            152.869407922            -0.0965124280836         78.2288789816            2.21538620007            0.0231092042486          0.53137882398            2.12759679218            134.194589128            -162.549436049           -143.841139297           88.1613924471            79.4830747196            118.802106747            79.3556195541            -118.027790197           0.0805559918661          0.117361557094           51.9309305587            -36.7373728908           -2.68822605382           114.945669778            -108.761902749           -33.965077632            112.729254463            37.2667533759            -76.6324826265           -131.538156261           -71.7848340513           120.094843682            -128.748286038           69.9539759033            148.107101355            -109.725488385           -121.930281725           21.6715066142            
rwgt471                  0.684966550522           161.079302022            -0.224079414536          -84.8570040436           2.58532388134            0.357822736692           0.200262179168           -0.217441825837          -173.19263882            -49.0061169913           -85.689719452            -88.4474426993           -83.0070494777           -136.903742443           65.2817448649            -132.543463456           0.0498230274048          0.361156951101           -33.7732367504           37.1071593923            148.592308385            -146.128067354           81.7422780373            127.814663503            -18.2062443544           25.6247942235            74.2623956422            -116.944469969           -101.383385673           89.2840951853            -98.2635229334           66.4243561946            -31.1142155194           -111.331173185           160.4369794              80.3695039454            
rwgt472                  -1.54651226877           32.4392297624            0.162800220675           -15.2946524604           1.60735631075            -0.484313558056          -0.688924507842          -2.16129758546           29.1882142144            -74.8979518628           156.086591461            108.256518685            -119.851906749           179.662020347            -29.9937069167           -115.996954498           0.0526181420022          -0.275321313506          -17.5805632899           -160.181741838           152.762533066            57.7804400138            -138.821118952           57.7804890861            91.5234646122            109.325149648            -136.56650812            -10.0107954008           -117.11453502            113.200665643            10.0091718232            44.4229489402            -19.5985109657           33.8553646472            -133.308517148           59.1685881425            
rwgt473                  2.59445627933            -52.3308086095           -0.106650200677          -104.145321017           1.33864960312            -0.00257064735264        0.444034817651           -2.23065804425           151.831241438            66.5073696616            -109.234605727           -17.4142990028           -110.436828859           -23.4758460855           176.0137766              -126.425384298           -0.0745332613022         0.113516726944           169.616558686            76.5692164852            -127.625167138           -110.534630413           148.142431859            110.842360142            -105.980117906           156.26450099             99.2244350134            21.5921317665            -162.080502628           -61.5763784954           -106.998740955           9.72207878628            -44.9956693002           -146.968265686           -66.6409386265           -20.900859792            
rwgt474                  0.517374235943           141.505713568            0.0886551350592          -27.8132107655           3.09726067407            0.213434317376           0.207739994404           1.45405190258            -88.2611362458           137.294948478            -2.78084577932           39.8655756794            147.979302378            -145.904090908           -4.02314612474           25.5853069982            -0.0457211736795         0.313553579223           43.1454515235            -63.9088004867           -116.526155201           30.7222246593            7.60022672014            72.6266575815            43.3995456669            89.9608364581            -80.9254893777           16.1111740338            116.068106889            21.9139482728            84.7869317561            -96.7283796702           -157.048122848           177.169342855            75.1511416142            -62.8467637126           
rwgt475                  -1.06685319899           25.4466818065            0.176051292746           40.3261768912            -3.62239820824           -0.399823389668          -0.857838091407          0.552185403163           131.813016159            -113.501357226           60.8525081523            74.0631449574            -145.827137465           98.8850179042            -44.3042143298           -58.8351770851           0.042039255449           -0.0309093872636         -43.9930470637           58.1277449833            104.603598083            -176.440490415           118.267553162            -169.788789801           39.8291509588            86.8985478737            -11.0904471409           3.98332425244            -22.3580549909           175.079856226            -5.21361778154           -156.574626711           99.1985376496            116.466627357            -62.0446785674           -107.388475125           
rwgt476                  2.20851959027            62.641706811             -0.135189308419          -54.6895161596           0.256587927392           0.327721455283           -0.888711763493          -1.43094602209           -33.1530040555           179.341815365            58.0943810315            -3.35155713183           26.4600805258            -100.113683604           -23.0907505338           136.013253907            0.0355920859086          0.0407610913839          0.0326060199528          36.1230012605            -32.4501262696           -137.070563512           -77.667823463            -31.702286103            -97.391551526            157.021342431            147.795907966            -12.8987884235           162.013998438            -72.7879966477           1.23459263048            -80.4790518226           -161.369085809           154.381255492            -122.193213445           42.0318907998            
rwgt477                  1.81375491641            -38.4453403835           0.170084202828           -65.1298012952           0.0819412198864          -0.287246938242          0.135820689374           -1.6586788139            -174.721564079           117.580272289            102.180985017            118.468437105            44.5159631869            -139.10531859            139.642727857            137.13106802             0.0261243939758          -0.089669568496          43.8306196017            174.253056084            104.13932344             -78.4305206902           -101.836270632           -166.130631881           -83.3261163748           -174.630814323           91.1493018435            -123.722294003           -146.057236542           -9.77716322787           7.15013271879            163.066867823            -69.4215730287           -0.804593666519          25.5989043973            -127.575784192           
rwgt478                  2.82859619505            55.3562858388            0.0917241380047          -38.0394729127           1.22144622806            -0.0650684510312         0.628108526197           0.0156180960321          27.9869148236            103.048325716            -170.127301118           -98.584864388            99.1595140613            -79.7341884984           -37.031355411            -148.562575669           0.0364070245437          -0.246693556999          -159.703168429           154.306416986            -109.641682795           29.5826610634            133.651121787            -52.3807722601           -141.44745473            111.610692433            18.4002723102            -21.8703690705           88.2366522193            -135.935699302           126.175915779            -164.568329367           91.5826780937            -179.208768784           -134.323317309           -116.042584634           
rwgt479                  2.60294001454            -22.9261322449           -0.0353180899386         10.6277144273            -0.56704305285           0.404903939773           -0.875838412481          -2.02952249373           -117.712068778           -11.1426221113           174.981688523            174.257309675            26.6874252786            -93.76299746             62.6525068462            111.216451041            -0.0156172075356         0.280012658856           22.0877700277            -3.72334580055           -39.7199941124           36.2638448494            -71.0044087587           -106.223265274           158.252537763            -54.7170189345           82.0389386401            -72.7356278389           173.62291164             120.715553039            -13.5232221888           -64.0071458514           87.7244978017            -113.605496798           100.417601877            -126.054147062           
rwgt480                  1.91820161993            81.3056450407            -0.0308969023033         128.034270253            0.450953736628           -0.515615691268          0.586643764357           -1.43947233613           -54.0948195676           68.7961854817            35.9709345196            108.526585748            10.3084451311            100.395495766            18.0345589542            81.989118993             0.0366375701263          -0.275138731823          8.87785167708            -111.709833501           141.337151922            146.281277312            111.708870547            -110.310039605           105.197330878            62.0447103892            -117.26858399            -111.472358138           179.313859295            171.607375254            167.991935369            -77.3597508639           -81.0627404004           28.5704463324            108.675284213            96.9088966689            
rwgt481                  -2.95604619975           7.51034453741            -0.177280480492          66.6862777221            -1.63190461981           -0.00458789560022        0.56138197408            -1.72469404328           -132.474402464           177.962413593            -86.9599012368           -70.7417006638           -176.76638413            154.313832367            -66.0613390845           163.839248111            -0.028917163749          -0.0855639209633         31.9978800459            -18.8363411074           171.632080932            -100.630662504           72.4133300333            -50.6056817463           100.025738648            -147.375458507           65.4519468657            12.7124466457            -109.029159198           -80.720737573            57.769352797             114.54872604             -57.5370821242           113.50492774             113.336899207            167.963296862            
rwgt482                  0.76250403528            -134.866251828           0.0941868130559          -44.7264871091           3.54058448222            -0.444032947438          -0.616907886304          -0.982771301199          -49.6180729061           -93.329957133            3.18599251223            -58.0306607318           95.7482463779            52.3005003584            -108.139538242           -109.559296033           -0.0586506995625         -0.0347396187021         -27.0272232878           -0.0862722367194         3.36790017315            102.65544061             -48.9722829616           117.252921145            134.852784005            -161.851453476           139.747016369            85.996219332             -116.333889306           165.347341745            -115.236051315           9.81248183563            -150.091247527           45.4065412403            132.549517181            -41.8414676012           
rwgt483                  -1.34569642753           -130.594529456           0.224187210713           109.810281337            2.84812848639            -0.332108827631          -0.800084566357          -2.22144460321           -79.740241966            162.740261493            -104.84867596            149.567026288            16.0317294985            -17.7597867795           -134.192959667           126.274634097            -0.0354101726263         -0.256169214969          8.81118681112            -73.6297695379           114.856382848            71.2722303689            115.851828276            -174.600743239           160.308409965            -54.1980457505           -165.952334623           83.7332237065            137.190640426            -74.2444683589           159.072477199            -115.977853777           -156.908084853           7.64019128999            32.1385972325            172.380771754            
rwgt484                  -0.657879355677          69.5134183316            -0.106277578268          -178.252052868           0.436242705626           -0.182243488577          -0.493830819598          0.901580283157           -109.13154981            -4.12508441279           -97.8755365843           -82.6554852883           0.0346056003919          -34.4280366756           -120.205676296           -26.8143114078           0.0716255964665          -0.0614878999077         -136.992568471           78.2134905955            79.0273642648            -23.2876055445           -118.249568697           14.306365361             -41.7547651986           8.48628774791            49.4844448371            -114.872742578           25.2210001045            31.079022963             -32.3276556729           62.0915091662            -28.0999805927           -125.12486104            35.0495388272            114.68931789             
rwgt485                  -1.61209482107           166.265947637            0.0703543465025          22.0371968924            -3.56546838898           0.34386775149            0.0504277238603          -0.0615622356333         108.829837103            107.082623785            -8.81271599763           0.139696708031           -146.376521989           29.2874304643            -79.4695967164           -11.8647695277           -0.000390949754251       -0.281717248172          58.4485738119            44.5339730341            167.260272184            -23.4346142798           112.380967391            -179.139859234           -110.255907308           91.8441202705            25.3174257514            -161.049330469           -177.36095909            157.858565878            115.762014218            108.126971131            94.5343852707            32.8060507961            -179.995286093           82.5393711134            
rwgt486                  0.768176976843           -72.0575637414           0.0197111192244          -65.2461157453           0.538587237668           0.519654755064           -0.155914371821          -1.02095097922           -62.6139842381           110.248607099            124.068714088            -153.349260219           -31.2465329312           73.5944220298            -146.348624736           2.43923028546            0.0410309834214          0.239784801235           172.220226132            59.674903117             75.6232509565            113.880274114            95.9561591029            142.325675355            162.738267651            -96.3712962431           -63.2065777777           -156.763405662           -68.4793087731           135.628225496            4.65035918761            -66.172180485            -15.3316531242           47.5256292013            26.2796608231            -40.2276427059           
rwgt487                  -1.59828947379           143.041205377            -0.046838980864          -78.0872017381           2.23942736391            0.400718705616           0.582781618894           2.14520574414            -43.7927666658           -154.165283295           22.1133033422            50.3777953594            112.613628133            -144.035276418           -166.888777064           40.7829048319            -0.0808917928925         0.0133049116688          -154.463581798           47.262390685             41.6193351383            -80.0436071917           45.7552108941            126.048007412            30.1184769738            -89.2335510151           -154.888254556           138.367965763            -17.7579729375           37.787015006             -19.4122878692           -100.884189053           -15.8087093889           -167.603646617           -76.7040432838           -23.5562989922           
rwgt488                  -2.75100843694           121.470746318            -0.0637580644617         -94.5374497411           3.60604927668            -0.361403748198          0.150547646791           1.00249541831            1.03750301894            -55.9542969122           -79.9305356645           3.61852479358            171.374813145            63.8073153079            158.460206094            -55.8401388713           0.0367838084048          -0.310303585062          46.2254299444            -87.2543375982           -59.7463811577           -58.7676094646           -24.539124836            -91.5647705936           24.5375901533            -102.694411259           -17.4923256507           35.0923731662            -150.504922154           173.464608578            -144.642984531           172.252740414            -160.534216252           -103.478870582           -17.0290708653           -81.9838381962           
rwgt489                  -0.163645072089          152.790633334            0.155515720426           -37.8017356969           -1.45630322393           0.295043346363           0.71666693738            -0.318818371202          140.774445113            -141.904848554           -176.237071566           -28.8419656036           155.597917149            -127.544917718           130.221642008            175.800301012            -0.0771082557943         -0.0273227947436         170.810576722            60.6574659797            137.426855682            -40.7382533121           78.4703811411            -28.4683028412           86.2625982959            -6.03879626263           63.3741370849            46.8892563388            -50.3156892467           -33.8466000223           -157.374137399           -102.221552166           6.19006113563            -34.1443813693           91.0197714057            -77.0989411396           
rwgt490                  -2.23806118807           136.111036152            0.210146931582           -12.0110325796           -0.0459390783698         0.501187271273           0.99956643114            2.18359981908            -176.355046722           -154.647007865           68.0966082426            39.4450611282            87.6089779067            165.016597777            -74.919322513            -27.5992691086           0.0344963452399          -0.0660024974927         -31.5728163081           -124.596863744           19.2482996909            87.2637015698            -166.402995124           43.4007337678            151.29131045             -68.8034830589           22.1455514821            -135.130877529           133.080838277            120.668916201            78.1077305554            -159.164450898           -23.4233889546           49.1738769247            31.7527932541            117.463806433            
rwgt491                  2.31006316547            171.711737415            -0.153712707903          106.169456338            -1.70467310301           -0.432712634218          -1.04809521291           -0.610748974766          118.330692252            73.3474130486            -168.235832477           25.7384608867            -17.5011065856           161.352101537            174.046206626            -33.7426879183           -0.018191617182          -0.282961312828          160.972873669            -178.64666551            94.7272740945            142.756552635            111.47027466             177.954768555            -9.98430576458           22.7121479723            -26.8553141258           -46.1245028149           40.2759936685            167.237152388            35.5073403704            -112.956353735           151.27929245             -73.799831341            174.500063545            102.22825487             
rwgt492                  2.17957172336            67.7426868362            -0.0344839027634         -83.0822913446           2.24846918348            -0.298372295443          0.828444760436           -0.969451437748          -59.1519815559           138.022985528            -98.4917730232           33.7471535691            69.2900953386            -63.3450237747           176.3456575              -145.506019169           0.0438692016786          0.0277226633948          67.7881195118            68.8461668514            -163.198285659           -46.4155652045           -45.2043914559           66.67182187              -79.9165636743           -93.197042433            175.974228494            130.271921211            129.539014254            -101.076780526           142.482269994            17.9820883691            -71.0153131704           -27.9131205014           -125.221744397           76.5950822669            
rwgt493                  2.5121684087             -26.6122289745           0.218887018048           35.9044166935            -2.67269193429           0.110102184704           -0.573554059469          -0.16389957403           -95.6287201263           -121.544684246           -56.7423511036           87.6819886832            -98.2380195146           -34.3163074974           -39.7933789283           -150.965087299           -0.000919620909666       -0.096685430079          84.2593374201            173.19707684             6.83991567554            152.945985577            1.55021597552            2.44974784764            72.6131798169            -48.514465238            -114.543317879           121.798025124            -170.879140873           91.7179868113            -63.1235786409           170.484702253            -60.6181494939           -47.963387462            66.8695553123            -2.52046116841           
rwgt494                  2.95436293551            49.6917031401            0.0958985194354          173.490623262            -1.27873973847           -0.0599258040267         -0.668499820098          -0.697437728939          45.7834442013            132.970062871            93.3277957401            -104.011620969           23.0954356977            -168.295808005           65.9037268792            -121.398987888           0.00194471162877         0.33046508715            -121.019595668           -119.125351678           -59.1799101898           -42.9212942744           -38.6093577408           -85.2622327089           -105.459837522           -3.99312238014           -171.367977486           10.5124181112            -111.060713062           132.032839819            53.1401216288            147.275047407            53.2550751814            -138.740372846           -78.4081885712           161.363233784            
rwgt495                  2.32506148296            -64.5407356013           -0.0220706657552         -20.7066238351           -2.14082484087           0.00224157156316         1.0220881735             0.96325384105            -53.1281646269           -165.478136037           30.8846508285            -142.6261841             49.2763938238            179.427190986            -106.807368516           176.566661295            0.022648952771           0.326660244299           -127.188140382           96.4239627297            -34.6217572326           173.706539275            71.9839322301            -9.91066772306           -149.767009306           24.7373344428            56.4338250564            -87.8453706063           170.318301835            150.220804625            -90.968351406            120.15993083             -73.177020723            101.09072047             -101.775974677           -56.3782618573           
rwgt496                  0.546111202454           143.858514483            -0.109286199354          -142.822547246           -1.87449666716           -0.0990364720311         0.404931680489           2.21614959912            92.2110390397            83.1828158067            42.5716695063            110.595727165            -45.5276465057           126.276777074            67.7670661485            136.923508714            0.0780052425066          -0.0381194287158         -115.353522005           -111.263217638           -128.329651559           -41.8933759585           167.053427549            32.9983684435            -161.244675251           -48.3615450564           58.2514641526            -128.638247569           97.2684683722            1.37978877981            -109.997351771           90.0747652912            -81.4162412885           163.228028207            -159.785296892           -45.6682569241           
rwgt497                  0.994863831329           -161.923929938           -0.0127891002437         144.873432472            1.41005392832            0.466736100305           0.792414077908           1.77368079172            54.7783972349            -160.419061422           101.312303058            -116.751481407           -40.0526959284           -26.7457631087           -122.004203019           -124.582534058           0.0366580107856          -0.0402616720536         -9.26888992351           92.0064542878            -148.662145534           53.077948323             86.3594730208            101.660036222            146.746868186            83.3991160101            -19.6541620884           -94.1410445488           163.621163389            -84.7731240122           13.9583988682            23.4161270572            -162.932570769           103.081102966            54.9406072786            -21.4326822158           
rwgt498                  1.02553137145            -111.277254708           0.223231436526           51.8059601605            -2.32768173161           -0.32118875189           0.609272281176           0.758844853165           -12.0332277742           11.7361988267            74.5310666418            10.375137387             128.758700278            -178.979123656           121.851860961            -143.192562787           0.075875092676           -0.0977966543013         -9.71420903416           -116.30067066            165.781879751            92.0503619383            95.3706909996            -111.415722344           -29.6893730501           66.8327768743            8.10041761475            -142.533188556           177.109108301            61.9591369401            119.71980431             142.965611455            142.624242218            163.806877191            -130.59275079            153.66077363             
rwgt499                  -2.26222033401           -152.670328733           0.144818963929           144.062022756            -0.347683785243          -0.0777923104499         0.527532940607           0.391553071051           179.384287781            -178.035677575           -117.955198399           51.7439964135            -52.4540705402           -33.1471471366           -137.998268261           -60.566169332            0.0491690786479          -0.136295047217          44.0459535995            -127.756221863           -78.6360936272           104.918930699            133.110129806            -68.0508598287           159.165220989            35.2670417239            -42.9726054644           101.69807888             135.003400201            26.0630737582            17.7332153234            -43.601255083            -17.7542887397           -24.8863639698           -114.571447878           -82.2395949475           
rwgt500                  -1.05102632502           -39.6112372967           0.186921956007           112.691981108            -3.5041515833            0.164539599532           0.930116276953           0.36684463871            151.680157505            34.380999043             -141.978171308           -154.67706729            -98.324706102            -155.157105492           144.699258228            -33.9290717853           -0.0538963023474         0.0695414603254          -126.817449703           -136.529628788           90.4615890148            50.0050928837            -93.4091353459           -96.9500086767           -170.323010606           -54.8823029657           -113.432402233           -25.4754655132           170.382558081            129.131757148            -142.597477352           -72.5243429981           119.901623325            18.0502783387            -16.1339348178           -109.301907352           
rwgt501                  -0.447548508699          -170.292454572           -0.195726908522          20.0471457804            2.63327046167            -0.134227029941          0.940653379874           0.859797246417           32.6499119467            -35.7431205807           101.052259229            -158.91167957            32.39614204              -21.0936995332           164.947306183            97.4636444794            -0.0656580270418         0.239998145842           157.597964793            166.053393393            151.341625756            162.705089857            -168.417324132           -173.110119717           161.840112903            -65.7758950992           -133.553666009           -119.761838584           94.058790939             140.051531419            43.4873735232            -13.8489405949           -55.7499434433           126.517922719            64.062504844             -116.084656558           
rwgt502                  2.66860770032            -131.224751877           -0.222160508324          17.7404683407            -1.55371279624           0.0777406292551          0.648715152205           0.795195605801           155.041961399            -22.7257057323           121.189117863            -116.141551525           -54.5050040731           -101.091737269           -91.0948956769           -130.284025405           -0.0532319209353         0.19568851646            161.525642165            133.093272698            79.2335742585            -68.0382456035           -114.091011196           -149.722417072           158.740788031            -20.4059421696           -41.8959896833           65.7405286144            -141.026774688           143.439357751            116.115148937            -155.326860931           168.833039831            -142.725497101           56.4593379134            -84.3813515397           
rwgt503                  -1.00897938919           -156.867950735           -0.157387311009          -69.7228861486           -2.80910994834           -0.320341576363          1.02350026687            0.879966776194           -136.03401949            -122.961471371           77.8684112906            -9.5444318583            127.465521283            156.646750734            13.9226008711            65.8941793849            0.0192306832853          0.173638216801           -13.0653224229           112.453946786            -60.8835515079           142.423139189            41.5441504               25.9263233793            21.9624823454            -126.663782206           91.7300908094            -174.838928478           -74.7785795329           73.5960764232            33.0116205053            14.1972360966            102.646873814            -171.594932884           -95.9423963818           -19.2543306254           
rwgt504                  0.145476200863           -99.9614478388           0.020111145661           171.559042226            -0.999284643962          -0.343917155172          0.939168738138           -0.497377340168          7.38461379358            129.551126334            -103.382206075           82.9476974013            -151.379086835           -133.356904955           -98.3582579976           88.0878511321            -0.0457815564033         0.169195703341           -77.0959990618           162.074454693            -108.735040018           -4.31834646756           165.618338548            -114.346626303           83.8433033152            37.9762778563            -138.970431574           -115.75822855            38.3549488687            65.0054752742            -108.629507143           8.57836534823            -150.41251699            168.933227052            -125.477994613           141.067265295            
rwgt505                  2.87035681164            157.258956124            -0.00571480084681        -6.1971192509            -0.789400629833          0.397585165056           0.0443836863892          -1.46763244878           -166.544929378           -137.940443576           -94.7587270659           56.1529694801            102.759181189            -164.968895199           149.683530218            162.979545044            -0.00124547335253        -0.196071590192          19.6448713855            105.521900797            164.02577358             -37.2796474608           -106.444187591           12.8470732003            -90.0930268538           146.106585723            30.2653602438            14.5044284802            111.08949306             141.526487569            2.95210628438            -75.9831517959           -131.823877758           -116.010469703           56.064201833             -103.129037177           
rwgt506                  -0.903737433931          163.40236792             0.131167742659           47.8151183948            -0.114548764258          -0.02990616078           1.18599702014            2.00004995907            -94.0926226856           -132.908098958           -176.451431735           -118.246191444           145.50186968             106.646366056            -32.4377717751           -83.1623079255           -0.0330863318873         -0.202849129409          172.702287227            159.22485195             15.6197428859            -132.469625368           -3.61231396002           -132.730175658           -95.3730893859           -7.31127158339           -17.4387121279           159.439026291            121.348592029            -131.401028524           173.745826121            155.874610815            60.5616000435            -50.0764610502           6.2771064722             60.3585640891            
rwgt507                  1.42345223125            172.59448205             0.0529148273861          -71.2117489475           -3.64008717601           -0.247851366692          0.340717194303           -1.44272995724           44.3642190881            108.459226845            73.6538955021            -14.9285859567           136.345918807            152.120446015            -111.936782217           -83.1942091149           0.0632589397206          -0.0159535329045         -98.2477821921           119.34683904             164.887669768            112.128945227            71.4381917754            -61.7821291542           -175.502277676           -134.475823864           -70.9967578309           -149.747543421           -80.8121450631           -88.0125876043           -38.5553582512           85.6362475801            -95.4304901323           89.115555799             53.097194468             20.6870163551            
rwgt508                  -0.978941120124          -31.6511590559           0.0211124794291          147.991210957            -0.676979694406          0.502205426379           -0.708368319446          1.80173782779            80.18851561              -13.3618987399           -33.3284540635           -70.8711622487           -85.8769262802           -157.559045944           -70.7184508181           92.7914296309            0.0140163305319          0.0631082587379          -78.3127377392           50.6091727306            -125.938508003           -52.6430936164           2.35963133882            125.049116248            165.517873615            -86.0060427837           -27.0640844557           95.6115264104            113.049127293            131.254793318            105.200375778            -29.4335639682           -178.626658724           141.821657248            146.780129814            124.543568076            
rwgt509                  -1.77091755964           85.6956204857            -0.0753137995296         3.63901821043            1.43520524799            -0.357482602779          -0.183013738796          -1.51307375818           76.1635257759            -162.543367988           3.71940025124            92.301573016             63.2100894748            147.977782052            109.855111706            146.260791272            -0.0720669723561         0.0702731147447          -61.3888059348           -64.1622213335           45.647251602             -43.9889821946           69.3227303783            147.691099097            104.43998144             52.6237454938            -12.3750625867           16.6916992855            42.3916545826            57.084367636             45.4070291127            -93.005788258            -93.7236864119           79.1234911107            78.0864723851            5.77538116688            
rwgt510                  -0.375843193498          88.9484102821            -0.202272364574          148.885651498            2.9526110464             0.0290614847431          -0.00324146475149        -2.25978655969           75.8060037156            81.2568600452            145.625239542            -136.250095262           -107.510939735           -59.8498094936           94.1485869243            159.110102813            0.0178156758619          -0.113364363553          124.857267353            115.40181951             -39.7864125807           -127.599787133           -148.309326194           -65.8988131817           -36.8382108505           -109.044507189           159.957466597            -138.717829009           128.884800977            63.1759311855            133.187865457            52.1357278799            -119.023015722           173.624075313            -62.4946225508           178.903324525            
rwgt511                  -0.163096958456          -2.43434359834           -0.219549011998          49.0942470491            -0.151115568949          0.344298503544           0.392654157418           2.31480280245            -170.027325086           -162.208160511           -83.090857933            -54.8695743887           -67.2091652581           -120.393510797           32.7350866001            111.044188839            -0.0876295935615         -0.280795970799          141.75267134             70.8043220444            164.413736663            -50.4730436591           171.736130332            -77.1731074311           159.492929613            -12.9024196697           75.1564460937            144.586386129            93.5693708036            -109.650834068           42.8836184932            167.454576889            -61.3701465792           23.0490901267            -11.92230038             -56.6124358489           
rwgt512                  -2.92965576424           -96.3083770925           -0.161198509259          18.4693724923            -0.62408924322           0.412960377812           1.0012427265             0.188771528775           -76.566703289            -162.261362519           -147.193540219           -24.8318519109           112.897828998            80.8122822173            9.50319495761            -164.038251348           -0.0857282996303         0.14946588513            91.8846181947            50.5534573883            93.1405927407            -81.4752074053           -78.7700271289           -111.781593105           -157.068487615           80.0308686032            21.8776349903            -116.546346305           70.9489514893            -42.4715427098           136.70017752             -79.0716481563           86.8926441356            151.868552673            29.8031392937            145.509455821            
rwgt513                  1.9002059115             116.775808368            -0.205583630752          102.886697148            -3.43768572428           -0.0994484445427         -1.18790900324           1.4952826181             172.078959732            -2.93127478919           41.9320284704            -84.5059523968           -127.02509311            -66.0562214291           159.687641585            -48.5022566247           0.00941998959522         0.105052264928           -115.596020819           34.161933961             6.52542024157            167.393638241            48.4039647482            138.417291207            167.160938239            -106.371687491           2.17828149695            144.785606581            -49.743544364            -148.713114192           162.416818352            -154.605686403           164.491243978            -122.684866328           145.940011364            -107.143120465           
rwgt514                  2.89192862042            142.83301058             -0.23029278467           -45.6858156352           0.386302406517           0.0305745234738          0.575351600441           -0.334328025431          151.528219837            -174.661200834           -93.7257300897           172.927928086            -139.234588098           14.0499258639            -129.629276158           129.2939767              0.0851046148184          0.277037813099           -155.780228205           101.164168839            -94.874265128            -126.020967366           119.42699782             -120.33133695            26.21046628              10.8147143043            157.664598694            -79.5946606432           170.251759488            152.347873487            -30.3618379664           78.6195109298            168.408313808            97.6660855919            -139.542269987           -170.375927469           
rwgt515                  -0.788062368091          123.400332199            0.0746220759042          -81.0262645346           -1.7239889884            -0.389545505731          1.08324627117            0.975643383169           -144.938205477           -50.6832634025           -165.59981329            95.2679134357            36.4721757362            52.4745552265            84.2841054513            126.755353454            0.078591993901           0.29264679916            28.8524944645            -172.193600715           40.8947223558            -48.3106344841           15.9206748233            -84.454820465            -143.800445718           -35.8151219071           -64.5010472651           95.7769017526            119.092523565            -138.045199047           177.882433158            98.010879868             -82.3384815921           99.2272505876            -155.578369388           -54.9114130183           
rwgt516                  -0.886756504967          -16.9834779435           -0.0848677783299         -174.72979374            1.3653128439             -0.00809757437537        -0.668258664693          -0.132236496855          -179.730333626           15.0978666637            3.49459449256            162.253587996            177.045517845            -131.14102504            -36.6005333078           -148.716614863           0.0540764206882          -0.327640410737          97.2711481603            126.423205463            72.7922422503            120.494028939            61.9676682625            -77.9452512584           -54.8215610224           75.9012401921            -105.7145032             -17.8443749864           -17.5201381266           -57.9591073335           75.9934990534            109.987131075            117.728287633            115.025556911            -55.2916725332           178.149856448            
rwgt517                  1.59045612497            30.5329860649            0.106868391649           118.012487698            -2.50513766519           0.127728578848           1.00162061972            -0.71647801944           -54.1305130094           165.112596435            101.063041085            -36.9060725677           76.5914051553            -96.780450018            34.7994712992            179.522895369            -0.0502951760718         0.228299659431           125.918716256            -124.354062499           -6.49813840312           -100.966127099           167.326323562            113.90921926             159.24904573             -61.463449988            -104.08281788            159.53599792             -15.2154404286           8.14480507923            154.920621097            -175.959738111           -108.5562438             -64.9792526442           140.892985407            -155.196333522           
rwgt518                  2.09457937908            -26.1129534998           -0.0569943765408         136.791170499            -0.483191410614          0.0633396303273          -0.361248656016          -0.901979653194          -5.37832777764           163.234635603            -138.264027594           2.83573886515            147.853783097            -23.7934918649           64.4120493483            -134.314508017           -0.0408861271687         0.115852405676           -127.704778576           7.31360112881            157.540601936            -114.11516204            71.3038676303            71.2325300791            -169.592667381           -135.048843846           145.961248352            5.91703563657            2.81519249376            -17.2486324643           84.8305830409            125.632698826            82.0923600412            -88.0609418833           -158.152609257           102.848161096            
rwgt519                  -2.33916817136           78.5506557813            -0.0297395349776         37.8022585502            2.00686402589            0.174669725003           0.175184685699           -0.390447362759          -44.9156407346           -80.2385902487           91.126479905             85.6358722096            95.4108833274            -164.489137054           141.563092808            -63.8774296654           0.0883383392283          0.33818798166            160.290818299            -109.762113995           -17.5840626519           -18.5332851237           -84.1772201896           -135.374206943           103.267483391            0.29110196253            95.2455256456            -159.121238349           97.4016593717            -52.6100894585           23.8942920462            48.4025054411            -63.8948894073           85.4080348283            -6.85439875635           89.6624088389            
rwgt520                  1.1868251255             74.9022907975            0.179391856972           49.1970561609            1.51827028244            0.535088879504           0.0548206559932          -1.04377990723           -19.5581390007           98.852506942             -115.653034283           -122.080120028           92.55593593              -41.2589441838           -127.169583672           -129.590578623           0.0878667833826          0.247963502642           150.853641984            130.064495606            137.239567057            100.856514705            -83.6715526651           17.3504970951            -179.961124512           53.9447200566            -105.136397286           -6.01097369095           169.914220027            -135.022854001           81.5605983008            -19.2201609041           -71.8350544681           -20.0927026193           27.2839812367            133.788786991            
rwgt521                  2.45874249629            76.2156649781            -0.168910965039          118.824747667            -0.22401488609           -0.327532130361          -0.983801665188          2.15560914228            34.6171848442            -111.409011887           -2.03838662349           -91.4326442436           -11.8663031452           141.559866834            -170.711860968           154.938154216            -0.0854230411944         0.206514381927           -20.3823210401           118.327607741            -125.377916269           -125.049777877           16.1433795796            -111.381814062           115.471690392            -21.2851453823           129.390015052            176.028081568            -44.2617113867           -140.467528726           -137.719445239           -35.8234745453           79.5176550413            39.5177293116            -149.896642503           -111.449117347           
rwgt522                  -1.44772554789           127.57183487             -0.119565056414          -15.180982862            -2.77852803066           0.366480181103           0.426573554565           1.25857722181            -97.2458812787           -51.301154044            58.8004583646            -172.298965119           -117.253422235           -125.31861575            -30.0811626379           -174.14339116            -0.0638089406444         -0.268829990027          -173.931229776           43.6988413969            176.317497558            -76.9531109073           -138.582385433           26.9844719088            -68.0188672468           109.950541606            81.4003418832            -103.51392626            -83.1649440422           -124.777942442           -175.727297003           -82.7063784157           -4.91761237243           56.5157554973            124.849076577            36.0305950911            
rwgt523                  0.240066776156           44.0608454309            0.162403570033           45.665426954             0.0440154985556          -0.35035028542           -0.0173670660057         0.834118419109           90.4612947137            22.3042037824            113.405267233            -47.8989122442           166.198760782            115.272268602            -44.5526817437           105.114756645            0.0688209420294          -0.357785378942          63.5330247244            10.8027237446            157.553870042            131.478770106            169.082272756            -156.449479473           -75.559485572            147.227318818            123.383124063            -158.925261815           145.757488716            -52.7731412913           88.9153343624            160.802933846            -50.6640356933           81.550468034             -1.13771835972           -102.207507421           
rwgt524                  -1.26267422497           133.747918172            -0.0830999754529         0.49619248669            -0.382863526621          -0.2273975118            -0.645573303227          1.29677552469            102.742144355            178.861332827            -133.73548613            179.270624815            61.0798739025            -169.421640346           116.232142237            -16.070542887            -0.00143591410936        -0.15874214574           79.6321531695            -45.4932529721           140.399312844            12.7970343333            119.725099868            52.3933665282            -113.123437384           150.126402891            -153.722276977           65.9223784764            152.840427258            13.9149036402            -57.1685960035           -168.778931725           -140.687466136           75.3694964327            -31.0706525079           -66.0598768416           
rwgt525                  0.966700884158           99.2067368781            -0.224833918665          -40.3471679751           3.59448158312            0.325746697131           1.00010710996            -0.708010081136          -49.6272444534           96.8759528281            -7.65944408152           -20.555010897            -16.2626546191           -126.856176078           -146.783732913           110.051435621            0.0634390358964          0.0417793670858          -30.6881801853           130.496640882            -22.7037551743           55.7088050171            -81.3568882478           -119.248133461           96.6188794213            38.194820597             147.016729621            -4.13780821683           169.692416019            99.3441575203            92.3930876464            -35.5124518797           161.277354901            -92.2033925679           57.4554679524            33.4209352628            
rwgt526                  1.70705356857            -144.876592754           0.230524662962           63.2031737013            2.95405817468            0.521597562767           -0.517737930485          -1.64909633308           -13.3549181071           159.931087955            100.539009908            78.4420561932            -63.0749046694           -80.9083012369           137.935634727            155.323267129            0.0754356178462          -0.186684553182          61.5745246838            135.675191766            -86.7557440209           -127.090082749           169.308810414            -39.445964374            -89.8204157939           -179.259216423           176.035651301            -10.0939955166           58.9322701896            -100.252407317           -75.6046682501           -44.7781812167           43.1365677552            -43.0529218141           -56.269955864            106.172314525            
rwgt527                  1.68310709964            -164.890502049           -0.124796636258          103.665706223            3.06156267477            0.236720692644           -1.14323631337           -0.111455979179          -55.1262927834           21.0140237402            94.9963607949            -152.189062373           35.0393815854            101.535695569            69.0864365603            -118.573963109           -0.036598369763          0.26786409581            -18.755036019            -40.4044093986           -84.5049413714           163.466843962            -158.651592146           -94.7585327734           146.844978001            178.114040586            90.4266775388            154.222661821            -115.474922874           31.7502442967            -109.888648333           58.129667776             -146.106400629           82.2069937404            90.0655318102            88.9045254397            
rwgt528                  -2.7922475043            119.116736208            0.00235705896581         25.8899904936            -1.24854621185           -0.514935221965          0.173392552767           -0.646489942826          20.9272596427            104.35142877             150.710264616            36.7071588597            31.695832701             66.0415264401            -113.735785137           64.9627009541            -0.0766859056585         -0.282938678569          -74.6260884823           177.18625421             -77.7859657618           10.0718186473            -157.066620211           168.539264058            62.4390577438            43.6862582908            91.5167073408            -19.9395775828           46.7751946905            59.0732281357            -113.844206              179.991441796            -155.04593681            43.4725797202            110.875688842            110.348695586            
rwgt529                  2.56005418494            -25.2871083368           0.193838469277           43.2241535086            -2.11052680395           -0.394378798118          -0.882064660868          1.67029319273            74.0605408255            -169.608656588           135.707778527            -109.735884384           111.808704293            -87.4586840226           -179.765823723           124.682513947            -0.0160792395322         -0.09823812656           52.4073607728            -109.444291821           -165.03758557            76.6837253642            126.73666661             -31.3696546769           -37.8000987947           3.96034163505            90.0264281781            -8.54509685793           161.417601537            -127.301068743           5.87581679876            60.3916933928            5.07428401149            -30.495219524            -98.3499227327           -80.0023530067           
rwgt530                  -1.83457590383           72.7614150317            0.167864657774           88.2522789479            -0.852058634853          -0.456748243887          0.825686608714           -2.21320923851           -51.802793617            -38.7112363624           -116.672475276           -3.93960760601           26.0162861581            -16.6556196261           25.6880774181            -177.257641239           0.0776166649216          -0.0132341962991         -154.994548427           -154.574620378           -3.09928212519           -156.315950985           -16.3894293098           105.081986574            -17.431600588            95.8801098697            -148.413840866           154.021231731            125.984580715            -155.21247268            107.727458489            168.678857696            71.0953986363            142.04221171             -74.5301943942           134.358343088            
rwgt531                  2.70940353582            110.145353797            -0.170311646184          -11.2333923622           -1.82579038266           -0.200717005463          -0.469339376573          0.509469498814           -51.1830217818           154.195801719            -80.00711123             -66.8923622826           94.1014669459            -118.554379347           137.167852531            -143.788805594           0.0659063446091          -0.271148929435          -32.7192577396           152.908326112            -71.1509826412           63.7394597132            -18.5839680037           -159.611580879           164.802111419            119.155873275            -4.30057307654           -144.672403122           91.3202941421            -137.26792621            75.5503374664            -106.427505532           47.7432272773            45.4618348392            172.877931108            -15.8116046922           
rwgt532                  2.1414290333             49.5694482801            0.130088922377           -80.5958625606           3.28625242123            -0.439350592103          -0.0149072312533         1.89224159477            -49.6890153087           -16.2018155608           -4.96331873817           -134.686825868           179.545026515            32.4786162322            -87.2068460518           -95.1322227075           0.0504200743946          0.0845623396705          -54.3552154875           42.7727676686            -72.5640635333           160.563955351            -84.9565452371           -128.795948484           136.020894299            50.4584799718            -24.3783247088           117.683264671            20.9154714584            -177.812176806           112.491254457            -166.719990052           -19.1322864751           -35.2868170236           -172.47881258            139.812979958            
rwgt533                  0.113410855195           -145.963738665           0.106045686785           -36.9712957647           -1.83840790054           -0.330580182563          0.131003238969           2.40900328858            105.936369383            -164.566816852           -155.572232507           -63.7138060677           121.659223387            -72.6594196075           140.174921522            176.352545934            0.0513993846978          0.153409392665           -142.159894236           -68.7194683665           79.719787378             58.7814252155            32.1310812214            -66.3855673676           -109.858125943           -152.389323061           -145.737788581           25.3748855039            5.7952633802             50.097675892             -136.514900449           -24.5714907697           75.9000756284            139.289620462            -27.527426816            94.423479629             
rwgt534                  2.59202619572            140.240225549            -0.044533315042          42.4612903125            -0.73974864028           -0.388346213229          0.448071392001           2.00453124539            -102.208433621           -60.2996691409           79.5959990885            167.779723485            117.184568333            82.4970901228            34.5314880038            -38.3174511064           0.0593318602082          0.348061947189           175.665118703            -93.5221259548           -162.566466237           -41.7540919555           -131.971556603           135.006671302            61.3684462011            -103.0083508             -157.359534724           137.300563688            -85.2889023447           151.998819753            82.3765366536            154.539508498            58.9423199218            111.277275809            84.3170235879            119.744362155            
rwgt535                  1.92844411315            105.987505045            0.0364499743606          -64.4318131436           0.931050072245           0.240694973919           -1.12943142972           -0.115234580705          -103.761141908           36.282138104             -93.7912380428           -76.285105572            -164.760502892           -75.3526833003           138.527489788            -58.4788518964           -0.0172974936788         0.309520415314           -85.5048658503           92.110239865             -26.8980740555           -154.15321437            -47.2270766949           -103.744528808           3.96895326592            -118.71321633            57.8571708218            -169.233674633           78.2890502445            78.0428167885            -115.003821902           21.2475120465            32.5504675655            164.095269765            -138.755385032           -129.579414589           
rwgt536                  -1.67990794139           155.697482129            0.205843140771           -39.4892919217           3.48646096021            0.263874061396           0.633994851866           -2.39707146149           83.582573547             21.2563216682            -76.3987579819           53.528219073             -9.42781761082           -88.7064841482           78.8343368522            88.2129049103            -0.0611567956092         -0.183831004721          -169.734087972           134.909315993            -166.823097579           -48.3017404366           -41.2038773055           3.38810838085            99.5199771119            92.5556247359            72.94324114              -46.4478735815           55.6898645282            15.6518343429            168.787444733            68.0082010357            113.741120041            -166.522798953           130.73311723             -68.4937091106           
rwgt537                  -0.47157783239           175.024042617            -0.132807109563          125.62334837             -2.89097727325           0.311979027284           -0.954631549683          -1.97940859732           157.61563153             117.444367482            -161.229510598           127.514447338            -170.675776224           17.2817949224            -130.880622998           -62.2568753444           0.0201856477924          0.245962174085           -101.478841231           153.41588858             80.9993674841            68.9274260413            -149.298628131           -82.0698135483           -168.633108226           -112.28209112            166.498816738            -63.2664924265           120.142902364            117.050568643            -33.3684487466           -54.143970129            107.813812277            -14.6561304974           -84.8461887247           164.739835209            
rwgt538                  2.58428611741            -151.530824047           -0.229039963057          69.6657742852            1.15162312909            0.0371115088949          -0.534162868802          2.24148898108            78.6418311778            62.6017944731            0.0113122758146          -132.919497851           19.5213494158            -139.721390993           141.787531942            133.145021895            -0.0805091670515         0.368504594567           122.175390156            65.5164635021            -150.894072762           -127.192783869           79.3272864295            -80.8412272616           -79.8577300523           0.0131080206291          -110.11412551            -33.8132269912           137.020314751            -80.3647887375           -179.028397921           52.5488406545            157.483207826            -2.2367794981            107.297236572            88.8863959142            
rwgt539                  -0.183129929495          -18.8644229089           -0.0276319957082         -36.1145008645           1.79966318335            0.498858803395           -0.663174294004          -2.24634821693           -169.56459434            -88.0350864017           119.686193004            41.02082427              -33.6302000468           165.006071446            -176.57974781            -79.8472906051           0.073861894424           -0.00721597827487        156.143099693            8.05390578273            -106.227763864           -61.5184790497           18.8931413456            -87.3524352331           -146.545803386           91.7325982463            44.6840654562            106.20005987             -104.466051151           -22.6342349428           -109.33980546            118.299964571            141.925543958            -46.3610556025           115.428089682            34.2451011158            
rwgt540                  0.14382847213            99.3582012322            0.173687298776           121.721369892            -3.7103350223            -0.335418023414          0.740069226356           2.29902146014            171.922280442            -137.052712005           -59.5014271086           -66.1798259215           172.953550974            14.9914016726            42.8089290154            -118.308697308           -0.0780823276912         0.147829048272           109.766227935            142.048006318            114.257930736            49.8379476741            37.1025847914            68.1666865703            157.825051367            -137.642751889           -27.2282798341           -154.819432312           139.459585505            102.094055012            171.488310319            -24.4569884235           -117.70061953            11.2676625011            167.004903786            -106.908444054           
rwgt541                  -0.426418719657          -48.9603838399           0.0840754183293          -167.120560337           2.55646695516            0.00663236625997         0.462867885403           -1.40714145725           -26.064130229            58.2486392268            32.9845076574            -102.845261076           -100.659053412           35.0629453797            -172.198076526           126.43554024             0.0444743070385          -0.133182513064          -131.395944315           16.1526188624            31.4946425789            31.9238993384            -30.8179611694           -173.248379515           -84.679357491            -82.5652177773           -52.167840494            -128.592902134           -62.2415118364           143.036002557            22.8687671593            -70.4106069533           23.0611159286            93.2565706411            -20.4741284354           176.127302841            
rwgt542                  -2.31988696334           -142.271333182           0.000715550796374        173.21746233             -2.68326277945           -0.0455844380395         0.132448645149           1.34052674112            -160.199822118           -43.5214493387           -144.13732398            153.58916081             -140.251126597           -44.6497050647           -174.294200855           178.079598039            0.0113374486959          -0.0784483831933         27.1704703592            -50.9017555158           -46.3220821963           85.3581680488            -171.300349696           -87.6211306679           150.660167709            144.42735521             -85.3352038546           -142.601747285           -0.676663005235          -132.773312285           -19.5818011921           -20.5108398798           169.584971507            100.318126833            -82.7617251281           140.251976971            
rwgt543                  1.83240540303            19.9349541986            0.110110689402           -25.7180872789           2.47035044118            0.308316443205           1.24197701717            -1.01299807994           51.2645668271            -47.8828482828           15.8084561975            -178.300925475           -111.536082498           167.939966838            68.980414603             -89.3017080582           0.0594918513446          -0.181688146648          168.352117188            117.189622959            115.257343951            -27.868086692            -44.2069323226           -121.357859185           169.516512797            141.515113299            161.984369458            4.1515017335             160.099283244            -75.7292421047           -59.5765907612           -145.579232705           112.111290252            -77.0889541589           -156.875155243           54.2627249403            
rwgt544                  1.40451745652            65.0670870365            0.0946513570779          -149.799374577           2.54107663447            0.271484301464           -0.00868056596076        -1.3782414014            -62.2666828467           107.241131595            -62.9411951612           165.399250837            167.002519436            -57.8869588843           71.0506866462            -148.532237741           0.0160255427802          -0.0972988988448         -153.165929738           -42.3397036423           -176.840181023           -61.0468577294           51.9320408757            -16.4532765892           109.958683185            -149.531532707           168.123527147            109.482266271            -6.41167976596           115.003596179            -99.8162591996           -137.504157168           -132.92737147            65.3185137531            159.354037305            -1.96044948011           
rwgt545                  -1.20437496648           -157.520371891           -0.190033148356          131.204998126            0.515156936302           -0.109318173809          -1.023198571             -0.78385030688           -10.9516977332           -30.6573203995           -47.3282749382           158.856452177            95.6686700208            47.3764356986            170.964277604            171.434302639            0.0731988458889          -0.0632805932123         -131.068169062           52.1288006296            79.7750537893            149.328376823            82.8050449165            -173.504101321           110.463788745            -33.8032550147           37.2033708897            -4.77090750603           150.30661851             167.744108874            -87.3604864314           129.995759773            -159.557521856           -21.0948228506           -105.427469774           -108.126894446           
rwgt546                  -2.02059817824           172.646534692            -0.0811020923479         -156.075612771           -3.55030082723           -0.133634614163          -0.291605676002          1.82274192125            -9.58439992081           -113.416552985           -173.910342618           -165.540334889           -94.772064849            120.160138021            -82.5298612443           -172.584733084           0.042565149395           -0.0989656250686         -59.4781769902           53.9250556123            172.451496363            -23.2429422958           36.2457027504            123.413517079            51.5318789717            4.47016862543            -93.0563144249           -120.187145008           127.193634048            -24.3966073182           -147.688197031           -87.1106122543           52.4829764248            173.080125232            91.944268674             -26.0613648037           
rwgt547                  -1.66632806287           161.517125718            -0.00408882632511        100.847651984            -0.955952085259          0.373980097245           0.904757520862           1.60022921825            -139.095007895           -168.92787666            49.3349139265            -106.541292409           -151.110150572           -127.455034554           -7.06671278033           19.9135806496            -0.029492547994          0.316894357557           -174.646618221           -106.970630577           4.45658612561            -66.8890667175           7.76799694967            70.030575905             28.5865708554            -26.2416719298           126.511597182            51.1981877195            50.1925555251            25.4331080222            -158.774590812           117.390107527            143.806179474            -101.883478447           164.445365903            152.904536147            
rwgt548                  2.40159212258            149.240888845            0.0865503887038          -166.233788138           -1.38814074438           0.264346566445           -0.813389061394          1.97926300903            -114.914525059           116.504087937            77.0803747208            -134.397152983           -155.595895722           57.3352311977            160.822996813            129.49201641             -0.00746496158413        0.243165605216           67.2587881612            147.093675154            -85.731411808            68.5611636096            -13.7848697145           -18.8697846446           -68.3784709188           -104.165991277           -156.950110595           160.05256011             -104.161304849           -21.0696187852           43.7771549692            -93.8009321551           169.37620413             85.8319028575            -17.9441047372           169.402375139            
rwgt549                  -0.899637809708          -4.50355327033           0.0416429588555          -40.2621379115           -0.976600008288          -0.199561860585          0.310783601489           -1.20028660663           49.3652061767            95.582516895             -103.185888214           98.8496555395            86.2327052261            138.849595399            -100.320671938           -12.9047793781           0.0669224866998          -0.376007516788          -161.733225708           179.001753216            -90.3062823799           133.051004789            150.239613121            -102.905216602           45.7946061584            -38.4715405396           100.554892347            -114.668983422           -135.722137918           -40.7961295024           -149.195573292           -14.743734149            7.98541321944            102.870741362            -117.757406122           27.8131108606            
rwgt550                  1.8818908531             120.295257528            0.145209032741           52.5650504676            0.491305150763           0.489950782596           -1.07895751986           -1.72145963302           -122.515942514           69.6305170765            62.3596155245            -107.54613295            11.807106578             -73.8673471076           -28.1027136274           105.983729528            0.0255132577757          0.194656009731           161.36595031             68.6714117192            55.0313000172            -127.897499705           -158.691803468           -75.5398962083           -85.3163509453           -3.10459211409           -162.027277392           -82.1555792189           24.8408960006            70.1627101213            -172.653999276           -113.191518574           -86.8689301483           67.1312189948            -172.685842834           -27.5993219069           
rwgt551                  -2.34934321024           -85.8626351751           -0.174353559165          157.446387726            -2.19232695165           0.241818808408           1.07555877444            2.00750730354            -136.947875804           147.215693845            63.2977300825            -148.468515284           36.3295347907            162.716637007            143.959918997            -132.525934883           0.0534656254512          -0.0213849030747         -131.097695572           84.3320154888            59.5411388001            152.83059654             -49.3160150237           -170.263124568           -122.838405495           123.036940625            104.654631668            7.35291453214            -116.254501873           0.103725631295           113.43830018             -116.950925609           -41.35982401             52.2563058081            -6.87189311186           -109.220938321           
rwgt552                  2.6280190566             6.67101745935            -0.0953854414088         -93.2493337191           2.91563278351            0.164452689036           0.25350179464            0.259650380429           42.6953269857            -54.6659270431           -141.341382182           -88.672154411            46.2568978244            -81.5126384375           136.12932056             -121.293473714           0.00729120664377         0.0662598750588          -55.6797099301           131.474799176            -80.3737579419           4.86953386314            48.4952579056            -20.3468938643           159.550872348            -17.7920844003           119.332520928            152.88963584             -129.274936889           -98.9391418072           148.107337617            -54.2082763459           32.5044322243            -47.8287357568           -101.924845818           179.742434081            
rwgt553                  1.7478123938             -100.937185278           0.147298697441           134.748485223            2.41993825967            -0.507331174169          -0.746022493432          -1.60159878779           28.8053322215            25.0705001907            53.6828272794            3.16334052508            113.203201462            82.9747988001            -131.001839719           160.720383974            -0.0725572774948         -0.157414421234          121.566063963            146.675225661            -99.1624817447           26.5773771462            -24.0323809744           58.8423340433            -55.4179742467           162.669079599            -84.1346506941           -175.604657383           142.187519341            -155.315392603           -51.2688541988           -59.5681626838           -136.138264483           142.838174614            -149.304605088           162.309943042            
rwgt554                  -1.07379099628           33.0957667132            -0.0750227370971         -83.0427079922           2.8733163805             -0.382393859671          -0.383893884767          1.37796512057            141.83156801             124.118688441            167.613364276            -122.32983204            131.389665758            -67.6749802895           65.4128806094            -28.3300455705           -0.0592396089108         0.0783944062593          -78.357526552            115.164051468            -78.8033867727           -163.473783593           -55.0655114512           -66.7993748253           94.8898211455            -172.606763351           130.490735749            52.3249006352            166.522269218            -0.847557092914          -168.434582292           -95.4959972432           77.244438187             8.45058488914            -135.261913753           104.422261069            
rwgt555                  -1.9109397291            115.097123038            0.036739008754           142.011787005            -1.428646691             -0.145416522548          -0.454446199843          -1.09157853295           4.65052693577            -13.2667108401           94.540814671             -90.9679846652           -72.259068004            -75.7613147791           35.8606342341            -136.358609878           0.0669139863839          -0.269941930215          -69.0451539836           34.6874534977            68.6298996925            -120.621566731           105.364642088            80.4093604058            19.1121549364            -87.279043762            -138.553043293           102.144588271            -76.1002613246           -88.6006320785           58.9322549097            24.5470282819            5.44476454442            -159.580921424           125.777320392            90.0081777625            
rwgt556                  -1.55085566264           -43.1395386864           -0.208308186035          -118.806675743           3.42020083243            -0.180408428126          0.254626178325           -1.98181191216           -0.436370669114          -97.1580637036           105.835963232            60.5012504409            -14.7410039179           -117.19643786            175.424098036            40.1043262938            0.0221537555278          0.0261101325918          -117.531410551           162.962163668            176.553807295            75.6193285039            -84.1946199441           164.578160237            -90.2647336526           -2.52859325178           3.34330259066            50.7533577152            93.5152644337            -62.2661977787           75.2293984818            109.076005169            144.585059091            -40.0837804989           42.0150960598            0.798182458583           
rwgt557                  -0.377514815518          156.325930082            0.0180226469476          -61.6565265208           -1.99329783021           0.102880071625           -0.67001199761           -1.11603658396           110.459505073            -6.22885329935           164.88770496             25.1946586443            -94.4364637384           149.14757143             -146.843629914           -21.650260321            -0.0124381519568         0.0040734834124          -61.0205383889           -50.5796091557           81.9455032793            -178.508257394           -4.79932771775           -158.096327171           -7.31049284748           -107.197715098           -145.875002511           155.931278517            -159.645093183           -158.332933304           20.4905558948            -49.8552934579           108.817910992            -21.4809343083           -178.57716338            24.8295400951            
rwgt558                  2.51165819167            135.296797842            -0.121262927745          -87.3968918957           1.36825221511            0.0641328658411          1.20381126804            -1.77001617834           47.5423657719            -100.453606967           -155.875080761           -76.4554367341           -79.0078508765           14.4410549125            19.0985380816            -123.287456604           -0.015533163109          -0.284487524437          -37.7926245354           76.0943987823            164.569796662            53.7660373534            43.5636466851            -11.6786248927           77.2756923184            159.443636538            70.4089950421            137.526049663            63.0294298764            -173.558946239           69.9975849213            34.0259485673            -15.5304116571           -138.860732975           71.6122491784            -142.062818411           
rwgt559                  1.17150667403            -122.247692159           -0.133933002897          143.126718696            0.0993395630102          -0.501781337562          -0.316864884217          -1.84617723268           -34.7410590791           -56.1839317555           -131.770885041           49.4395746208            -91.1840732537           45.1739194604            84.6663196143            160.917782815            -0.0161226517687         -0.00877566633509        -3.39323619877           49.5230193645            52.4929972201            -41.4669754854           -135.731794044           -146.959347336           -90.4224138864           91.9013328015            60.6744673249            -169.485179459           161.34637356             19.4257727711            -100.620705323           18.2965372616            49.633679992             176.898976193            129.389364102            -46.3800488031           
rwgt560                  -1.4300544662            -46.7066651483           0.0526963409964          -51.284763193            -3.71922090242           0.493969485479           0.758295697573           -0.963509831888          85.7884355472            -108.147499086           -1.98355986371           -145.277859939           -3.05496571048           -124.081532464           -91.0161625345           -57.5266931078           -0.0779984484207         0.281623489701           150.939671553            154.558559776            13.4656656502            15.9240414549            -166.966819578           -12.4505852874           171.6120882              114.680338943            161.00032836             -165.668389341           -63.5245891272           174.433137608            -6.22021544148           49.2822861883            76.4794457363            -139.981924895           58.7260068359            39.6657994398            
rwgt561                  2.80617079234            -42.3323621398           -0.114651225488          -38.6030809003           -3.71182879959           -0.364504293675          1.17737468053            -0.203742851721          -7.87892574312           34.3522547141            -117.105157931           40.6273543384            54.3913969959            127.992812495            -119.449301879           -122.664710676           -0.00502396111122        -0.0368082260669         99.2943285106            170.416098213            -113.072506751           -2.18270131825           89.5673604944            -2.87464951149           12.9114806586            107.746802791            -66.7938651636           -110.601484792           -154.636097302           69.2095814789            -118.300970323           -90.8005331614           -110.482947648           -100.883640937           -95.2939190383           92.4487420787            
rwgt562                  -0.532099357283          -101.396676032           0.0532612520531          -144.702662359           -2.90455933575           0.0822366797962          0.84992712293            1.75204174029            -45.0180535736           111.657557908            145.778163502            -172.4004505             74.9878915785            -109.605091944           -34.122243598            30.1498961861            -0.00707317918682        0.0707195898094          -44.7795631671           53.2648331961            -131.888110665           -19.6811925185           -20.401487668            -99.9573132529           54.4780828119            -30.6650560443           5.16442651222            -101.14137449            164.120354983            141.881862262            -116.141290516           146.368973686            -31.3940251808           141.239074764            -23.7919252245           -50.7653989532           
rwgt563                  -1.66158839486           139.431342145            -0.148849729416          26.3788067884            -3.06612460309           -0.296007893528          0.0753390954675          0.25634323021            2.72976278477            -29.9688782093           -5.6599914815            -35.9558358964           129.199010686            -143.458560715           12.5699861087            95.4124964833            -0.0594831760482         0.0179442239125          43.1276189554            -97.8360697187           -155.554591189           117.546508321            56.3627282032            -16.6880047307           73.1666004542            6.16129078095            172.351974138            87.2467657866            146.694239135            36.5355140567            -158.612182861           140.265963869            48.0515378123            24.1677360393            -47.0677390622           -127.570142654           
rwgt564                  0.716993667346           -32.6948053809           0.118548149395           -129.015673807           0.307726155353           -0.443987185379          1.0300771282             0.587310156572           118.68771085             120.287773123            46.0383045756            153.499172451            -48.4203124195           36.4023317364            -15.5497123316           124.490153393            0.00700604806014         0.369981254787           -141.177158287           170.501622674            70.0179586002            -139.58069734            -146.175307151           146.299293697            -24.1260993942           69.3221231921            -85.5851263429           26.9145484048            -7.35090788819           66.8715922326            105.794869395            -148.152640863           58.8777494469            -119.639540275           169.908872902            -52.1226926875           
rwgt565                  -1.47734386749           -175.358085631           -0.0463600727302         -158.664857908           1.6160749356             -0.385551311317          0.942121074023           1.72569795318            105.314032236            -117.215696522           135.268880274            -120.566388995           -128.624905611           -150.969225443           -14.3175098974           8.42004960121            -0.0155061855363         0.252835771509           26.5597482661            30.5749205412            91.5862382063            6.50722452545            -33.8782376604           120.234091115            25.4087745032            150.603217355            153.079205489            84.4948257074            82.131040066             -27.3158213327           -34.5205149688           175.216709128            -123.805275389           124.647399555            127.943567316            -8.66760054591           
rwgt566                  -2.19639760763           -68.6450105122           0.11631186473            99.811454185             1.48074768255            0.494156434574           -0.669905670024          0.75497219035            15.5080290603            106.123270793            -77.6394690536           25.9867241648            79.1897437148            0.20600589185            -124.3487043             -139.395281194           0.000734451224627        -0.0276237160589         -159.370306775           13.9895611602            9.73583243421            123.65379213             99.9340447729            139.031885723            -100.646026363           -156.052296726           -14.489300732            -115.273622021           25.5037853426            -77.8247284212           -32.2078756168           -6.01914240836           -124.259240135           17.9374218789            -162.546222019           15.100537612             
rwgt567                  -1.21709252462           6.05299588582            0.193435535063           46.053027298             1.51634283385            0.107853496529           0.443925733066           1.63349879017            87.8898173859            -76.5173677644           170.35063007             63.5794690531            149.869174367            -89.4579686538           73.28313945              -30.2329880948           0.0869752253799          0.362137093797           92.0467375445            -116.8762069             -11.704852385            -80.9810305744           -153.742423681           -138.97227409            127.952649251            158.422769388            6.05720846406            -104.511542443           -97.9248713805           -106.350096721           133.039907204            -30.5312286839           -178.030961325           110.041644474            -32.9029124717           -139.722689051           
rwgt568                  2.52366650369            62.7078404021            -0.189966152735          -64.9921945988           0.0845495056829          0.136959712669           1.24728067384            0.187384249624           4.2599567603             30.6054224005            -172.96655009            60.9486803389            105.604794895            -19.2050161976           -131.390027322           147.354062004            0.0533723285093          -0.0883876814162         62.4083987971            166.223366947            -19.9009276397           48.7356009688            -104.226529572           -93.231003046            -89.6252174905           -76.9312699566           103.486793024            -88.7740470158           105.966606337            -115.393577702           146.006794693            -86.5961616504           132.685651693            -50.0405040861           6.23836877159            150.718804278            
rwgt569                  0.172680207714           -48.1192466981           -0.18622256097           -109.424274308           2.16983707654            0.0868308497192          0.188134083944           1.68561807327            -57.0916861123           -16.0107918055           -140.848461485           -35.1785539687           101.707046304            -3.5521208108            -159.872486635           121.061111514            -0.00307761950414        0.0882670170637          11.9110532012            124.739957327            -149.142157596           38.8646835859            112.959172917            -148.914652696           -155.026246348           94.054567299             116.923843566            177.940437091            -59.6843732131           -47.8205685445           109.260479081            -142.409180031           -11.115246855            -81.0739601826           6.71619617078            -42.2509839763           
rwgt570                  -0.544978133796          34.2017760955            -0.231661523962          1.91006116672            -0.453707538631          0.109963518471           0.7797778001             1.08847305829            49.2958373206            -11.2695330104           -155.567077459           10.0520366998            -17.5843166616           -64.4966754571           -113.465189181           -71.5380090399           0.0513360267914          0.126825631745           -123.842251777           -31.9219604075           -4.49896363917           83.3406845874            129.067630551            176.358259176            16.3722487515            -22.8645505691           22.4033618803            -13.9855859432           22.9568986095            -40.2166267046           97.485028146             56.905904512             115.188154586            173.965136662            -49.2687233011           99.8479609032            
rwgt571                  -1.41670674176           70.3230726334            0.183639235682           -21.261627414            -1.76474243232           -0.334088110083          0.429526082572           -0.662923749076          -147.382478952           150.119279722            -68.9937307581           -98.4771045148           119.904130248            -98.7970547234           105.434084349            -159.109198805           -0.0194088731346         0.271245870089           -56.4154470029           -85.0861474395           -112.034486946           -69.8517734174           13.3185825339            -128.299531206           -65.5808800814           -144.472179551           86.7485998874            140.418603166            61.104862559             -168.487784516           -110.362869399           -124.036959135           162.461830067            102.734796305            -120.293408593           159.041738252            
rwgt572                  1.16165851688            28.8514960036            0.194990366564           -162.366704158           -0.930769822221          -0.53221252281           0.470052035339           1.87177654701            -77.9813212336           -136.509110087           -34.4984978471           -62.4241817162           -7.26259123602           73.043544865             -168.354073312           145.48333056             0.0574382218335          0.108482171447           -122.077383916           128.978391564            -29.5753572279           -82.0917913967           36.655940666             37.4044530883            91.5565293223            140.223866342            -147.973067902           -87.6293234287           -67.0616960481           158.009657181            -116.877361382           32.4030766361            -171.436387943           39.8848523807            -124.446159362           -41.2855287489           
rwgt573                  -1.0652385197            147.770624395            -0.218208780633          132.962967076            -0.835988547861          -0.121261830675          -0.598501079223          -0.0245933848039         -35.9444982289           36.291387995             5.92788131313            -177.812592087           -11.9538746125           139.770647607            -104.598096841           163.948447402            -0.065359593951          0.0864012293868          115.065932228            -7.42900823304           -105.928565576           -45.1556809367           -141.243542449           -123.410145925           -55.8815362193           -128.48847454            -0.507153501011          157.588623869            -16.6209083576           -61.886708224            -62.8936967071           154.421086809            37.3458040603            -42.1782442686           23.9885606019            -90.886196936            
rwgt574                  1.32383735938            -29.212179763            -0.201783168133          -172.226997883           1.9850755329             0.107051188205           0.698231310979           -1.53504582963           -23.1949443449           90.3115610828            -51.9449603031           -41.7505504618           -171.725904749           154.677385708            -69.9509918474           -65.8845949276           0.0277822798388          -0.312632081622          -25.8502957024           24.4172917973            46.36114523              -78.4993956761           -99.5597882248           130.120747386            -138.660412007           129.310361548            -124.650341006           -84.8436119965           12.7052574611            7.5669303077             106.974994715            -177.869254595           60.8689552673            -127.738705639           23.0269880859            145.959510087            
rwgt575                  -2.59195266916           -104.093878441           0.0274559427096          -143.439200334           3.4663113478             0.0862978048103          -0.706575871075          -1.13901492931           -150.569214219           137.452646532            -116.885824635           154.559424717            -90.2527409463           143.043751978            -41.2687895771           -44.8313337349           0.0383278857716          0.129873830042           161.908664292            106.685165843            -42.7154618088           134.675422944            34.3363696011            146.846267132            -141.564900886           -163.594779526           116.721098373            132.646789399            -128.055520663           106.151241201            -168.067222366           76.1602938561            -179.239204013           -26.6500464385           38.089834684             -20.7338291233           
rwgt576                  1.1926627914             -116.797954992           -0.138462479564          -10.9732278537           1.11436787612            -0.146983319088          -1.0058174944            -1.65816236808           -73.9876357476           86.6942859675            150.527352958            -174.512148536           89.7276283323            -89.2665524742           -20.8680216137           99.2248326432            0.0606577414506          -0.151375973178          53.5538406796            93.6881144856            70.6719578592            30.0485600464            -87.9455846446           74.7161230222            40.2022744705            19.7445496226            -91.3354810546           -20.3700563353           -93.9939121286           -1.14194037351           129.408779158            -65.8430770726           -95.6232172735           -125.596181718           -98.3776835108           125.640676798            
rwgt577                  -0.959877707955          -5.99929230758           0.0983520956538          5.36413696776            2.88120407444            -0.463361011679          1.14060411501            -2.40687428536           -130.569399996           -174.329423658           21.4372714632            -58.0674911381           -27.0263881909           -19.1647984368           -95.7394825043           -91.9827037467           0.0136311755113          -0.360512586529          -21.1667969917           131.444790562            -146.367265778           -52.1024190029           -4.17130449883           -42.8698821691           94.0882539725            -90.2953855144           61.7825527867            54.5859040347            -108.931641243           156.485313029            131.384833198            -12.4315481692           -78.8445352366           15.6086675327            -79.327545037            125.313687901            
rwgt578                  -1.15134542447           -177.51271248            -0.195002832863          159.253561623            0.470600227648           -0.279360634367          -0.997135964277          -1.01154964907           24.3532158807            167.543460118            -45.5787457946           85.9024741402            19.9276420102            111.305040764            1.62536948877            -16.6556274381           0.0411112329849          0.248511626103           -176.746585818           53.6086918068            4.51304450694            72.227379794             153.338827398            -154.938930979           -3.3781375967            71.1168286154            95.6532378975            -154.174149697           28.5719931861            170.945000425            63.5192784613            171.859679482            147.187485638            166.016858622            -17.6343146564           51.5594607984            
rwgt579                  0.473262876369           -131.722857864           -0.0432644082201         29.8434823661            2.81670312964            0.316204479633           0.0606427968754          0.671797150726           -173.913868507           -82.5142058084           159.358900326            -141.653985491           -112.602508048           140.052424142            -10.3844941438           -13.1280037629           -0.0485590939012         -0.350493304649          125.17480422             104.087449107            38.5282303603            -110.21340648            77.0454247607            -5.37320016225           -141.015114689           60.6589754983            -76.3162340031           -166.71966214            -78.6578918268           11.4111857543            -67.1091978738           -75.9298329458           44.5030759237            -78.8218485426           -162.4742878             -134.319142915           
rwgt580                  0.601410206635           100.231287638            0.130801643243           -137.391532949           1.62087978025            0.524264739834           -0.898107493668          0.273103172384           104.37123154             136.935436273            -112.732599384           64.8539599852            73.0231319708            -172.522977594           -62.7231439424           -113.070525864           0.0583856364099          -0.254543358414          23.4580239929            -57.2097345374           147.272346392            -3.13468664233           40.2352797375            111.768027399            11.883087513             -30.2834006422           -15.1805080203           112.784249193            -155.486775101           -143.739520261           -70.0462002832           -95.6342312946           168.216133714            95.4080925041            173.42712526             -42.8171879626           
rwgt581                  1.09578925753            -152.215082512           0.0340445528566          47.4636938395            2.8521380973             0.254741921226           1.14617436297            0.66651504325            -26.8319525854           152.600338786            -51.6054577683           47.6946661119            -135.160264367           -173.348769945           92.1404915892            -161.28252841            -0.0531979434797         0.189937169829           -27.521538539            -172.529921299           -179.497608276           -152.875003761           119.374077812            104.584621248            85.4105863254            80.964781888             -38.8692596225           131.467583877            -95.0805809073           -74.3732358948           -91.2189728451           -24.3467774135           -19.9850214364           -28.5146497482           -55.7866082811           -15.3138939099           
rwgt582                  -1.04525636723           -149.925505436           -0.195293229113          78.1145228318            -2.7579372288            -0.497296057638          0.995044523821           -0.800480528988          112.755468212            171.197638434            169.826985191            -22.6803276112           120.566596196            7.1743350811             109.468139726            64.1969438175            0.0666767016952          -0.319344653371          118.495002106            67.732887193             -4.55305618874           112.473541423            162.272637254            77.036401793             -8.77952286075           138.724705349            41.6273073551            18.1840214559            25.8450915515            176.920403608            -118.297387987           -105.742932222           -36.7252701877           -42.9200235916           105.867668               155.365246079            
rwgt583                  1.02468196938            34.0631777001            -0.00361958137818        52.9527728828            0.515655029971           0.0995702651558          1.1776794033             -1.09761044256           -34.9350067763           -23.3447613885           -166.086465027           -147.409785713           69.9492435146            11.9950516143            46.6456533505            140.432426955            0.059754648867           -0.234305305335          -60.5040413116           -121.997208646           94.6142254939            -108.030187341           -16.2431513274           -111.019610971           -132.043998421           127.921613102            -6.10397722809           112.339361715            24.1877170155            109.263548445            -36.3208553673           162.959245854            117.295698252            20.9137162739            -44.2670949283           -138.116390372           
rwgt584                  2.36510660304            -140.478343421           -0.176697148732          122.000718871            1.70758228764            0.483457387497           -0.372927319913          0.436130300732           -17.9001043113           -109.191877135           -171.280126655           -147.23067024            -113.91000552            -67.5453078436           -168.5171053             -48.2332181538           0.0743317338255          -0.206983701807          -47.9434725279           121.752583304            -34.0392338522           -73.7065532125           -46.2299164098           16.11886046              -177.743943188           -110.197993654           -6.89626639098           162.335170474            -22.4687790113           150.10684                88.4040651165            174.276144562            -18.0194016681           -86.3334702121           -134.203156101           -154.303058816           
rwgt585                  -0.446459701042          -110.180597118           0.13033330095            39.0075428498            2.51042543566            -0.453118213118          -0.593624779461          1.95040153619            -130.510135316           -42.5701312088           -66.3184126255           -116.969735881           77.7237922139            154.951868415            148.763857102            -64.9263125406           0.0532212101293          0.117294205699           126.355001113            110.206653711            160.347001527            45.8365267053            -83.8545321442           39.8956424973            133.921406744            -78.9904926814           34.9386067668            -69.5582192111           74.1977087396            -133.385946599           92.8962007735            159.530018306            -155.385778804           -6.17467576374           81.296839325             -122.635651322           
rwgt586                  -1.19843687519           -2.81488503024           0.119149591841           172.745527405            -0.0504462928278         -0.256690864396          -0.0104076662267         -1.8806391817            66.1091613774            4.89378386809            -78.7948637357           146.972455801            23.448826766             -121.315433311           -138.576628837           88.1609119541            -0.0509730396408         0.0992489660141          -150.793275943           -55.3654673485           11.0274488683            -49.5644341371           68.2519603885            -85.798005949            160.094254726            -109.165203639           -35.0282749311           -57.2262440037           57.4238724504            27.7747345927            149.199493819            170.980945236            114.496014418            -125.405141965           26.1128739499            -137.368354534           
rwgt587                  2.19909614681            -144.257214492           -0.123439547234          -18.2014149372           -3.64233876539           0.0924403853575          -1.23583305633           -2.21088065227           68.6180654509            -32.5466096438           -93.8291618133           49.5561289676            -66.1128395139           -39.1777034618           -146.626364987           -2.83974365405           -0.0650575181874         0.272557110878           130.616915636            36.5236050305            -24.0101379364           -120.80022697            -32.0080038438           160.557795275            166.437883654            49.0219987072            77.5552476008            -44.4683579888           62.6296476116            -145.293531051           141.152497751            158.187476576            96.4019934947            45.4572531842            -41.2217069634           -21.9197954526           
rwgt588                  -1.96344669341           3.44459971391            0.21181290336            -158.632650561           2.56670947012            0.394807306619           -0.0234748602568         -0.65836594519           -22.6474895585           -64.5632239987           -162.21891107            103.257034909            160.782245616            15.5842076714            86.1673092344            -128.7710492             0.0065683369406          0.0620630788332          -69.8536065183           -29.636999199            76.8631491709            168.96863012             -107.684914185           -82.2493963758           57.8792883321            -88.5956931658           92.3676422944            87.916908524             103.768475523            102.823948288            19.7045475284            -164.691636633           -154.022262427           -80.5709610338           72.1358885886            27.3922301768            
rwgt589                  -2.83521387333           -3.13829203472           -0.192277230404          7.30513219096            -2.08043830436           -0.341058087151          -0.841507025027          -0.83663198097           -108.713883022           -144.284196893           -111.832365866           29.9924683179            167.920821766            -64.0124789821           139.251370959            -28.9073934897           0.0656931917322          -0.285528932071          -157.541138376           86.4797904175            92.8790855885            -60.5590829665           115.742011923            139.666903961            69.9336546915            -120.642627994           -12.8066499849           58.3315675955            -141.475413146           -8.73498595327           -9.34802416161           98.3299987764            103.318683808            -34.1613572462           91.904413873             -72.4220719896           
rwgt590                  -0.364542363737          -96.9694808256           0.0655008062929          127.107167775            3.30875045239            -0.257041764109          0.834747650024           0.796518126864           101.289305304            -3.12841228917           -169.559667591           114.35424856             21.7623844447            -152.275252587           -143.007866858           20.0086592642            0.0695944953028          -0.374911012024          166.072877367            69.4259147759            62.0332921278            5.78183719179            6.5898083968             135.423996725            -102.013319118           -27.1427011081           142.424555673            -171.203944428           19.8003775069            -108.431799926           -118.767563553           140.226449501            -156.814334587           -109.351306044           -64.4495853768           86.2746105405            
rwgt591                  0.47444560103            -89.9903000817           -0.154817563             -28.0425643386           -0.118901000213          -0.140300586273          -1.27118289198           0.558713004995           -52.0026173831           -25.0998406263           -91.7017508244           108.522901855            -7.91902382329           -117.031117523           -28.6460525531           -74.7609752303           0.00658799238741         0.259095510456           147.893508569            146.432573852            36.9032503787            21.5416548139            -146.015218312           87.540837018             171.000509837            141.127100049            -142.025404342           -18.5187686473           135.692125935            34.508583659             -22.5174492207           61.4104325912            -125.549253814           109.950414592            119.885134105            -44.810930686            
rwgt592                  -2.35257946431           -65.4287377827           -0.0866337709014         -160.313183017           -2.18543430863           -0.394844923854          -0.317926674684          1.99677325396            -104.878962866           31.8204039022            79.4928687287            -159.191298053           89.4670306624            13.2465610571            59.0009412729            -75.7096331664           -0.0870994248715         -0.11498826864           62.999836035             52.3748793929            -101.307600976           40.4021688941            72.3363267103            13.1803097108            -171.832033323           88.7538532157            47.3490545481            20.6406017949            -23.4514780879           -39.8598662184           30.3869182706            15.713309787             -98.560421794            5.77095646535            -49.6829195064           178.335264323            
rwgt593                  -0.960462537322          -55.096865647            0.00269894287877         140.873232357            -1.71302177373           0.0505305676406          -0.93007979713           0.158685808162           59.1086729575            -47.2320415479           18.4994846792            65.2982978485            -155.581012076           -121.771700728           -119.750497648           -118.156051367           -0.00901020828042        -0.0349020503212         -96.7670706814           52.1257907625            -140.829478403           -45.8880767589           41.0104603556            138.112152775            -95.1195694083           18.7924542824            62.7660819444            66.1090859492            -129.986445114           21.1271505243            43.7845594956            -51.3798566074           43.702724805             -5.22601602157           34.3670074554            -143.533597678           
rwgt594                  -2.88405428261           105.100959992            0.215876562102           152.896445024            0.34796024863            -0.241615595602          0.804810565954           2.03259649306            -140.597174679           167.254062337            35.8632593262            -131.352547435           36.6623311576            -55.7530268228           -73.8197738381           65.6719392158            -0.0325022782371         -0.256898943035          -148.58746013            -110.432638702           124.005330932            170.858209174            160.387298562            -162.655000817           -46.0856829838           -53.9271016778           58.3139163732            -94.400350509            23.9317288339            115.723375375            82.9395232249            -165.370695601           136.62972904             134.93959445             -113.887746305           142.628724443            
rwgt595                  -0.172272867518          29.7005256551            0.128005342477           147.106792449            -2.0020399841            0.0974703791466          -0.574466301166          -0.824950606722          -148.460611894           38.629683175             -90.4996908766           -104.50317605            -87.5463649353           -143.283957414           -130.509524589           108.424461012            -0.0350725150294         -0.323102569057          105.536043757            15.2833626367            151.015236392            42.2445841635            -52.4931136772           -45.8993849346           170.945932341            36.3655697278            146.91724566             -107.64490394            85.9926419543            -62.3195323422           -32.757577902            28.630517588             -154.39448918            -144.740707609           -19.2443064517           144.68860006             
rwgt596                  -2.27201871826           125.965018202            -0.0383372210127         -170.503574402           -0.61848961192           -0.308067654616          -0.859791675492          -1.99736099823           152.95936086             0.709893396635           -70.0296202745           55.1981371733            -119.761852617           178.006753079            -45.6355019807           111.481405614            -0.0101810363408         -0.251037233175          -88.7033960948           -169.293068427           166.07703633             151.780929109            -161.209032782           71.3997462253            -84.8164001056           102.559607545            125.886059457            57.008913246             75.8983054108            13.1509389204            -68.4742848045           -154.560940682           171.363040661            42.7080321104            -69.3714176043           -71.1708472044           
rwgt597                  -0.747653023197          -99.4752361685           -0.205672959389          -132.234836384           1.60748684439            0.179876780173           -0.548639517462          1.67050694572            3.76861295189            -45.5584711475           113.560246947            84.1221000717            37.5702260722            -156.870594447           39.8885137966            -96.2446846466           0.0640121520615          -0.341338220836          -101.437161102           74.8033647441            135.118078672            -172.478200203           106.899200259            -62.2960984135           150.435717302            26.3106087176            -9.99632335085           20.3436152694            74.1123091025            -170.052147005           -167.479272716           153.333442733            35.1212188111            174.477605475            -76.2306540865           -21.2784552218           
rwgt598                  2.2940538423             141.446034687            -0.0678385701666         -64.3657894191           2.25370900739            0.263313173586           -0.529179208911          -1.95393718006           -123.983152197           -2.45883382699           118.24483293             71.3433102661            -99.7568074111           124.716361338            163.96749505             -101.405281194           -0.0899394509338         0.165017663688           176.142623348            58.8837282506            -177.404364668           95.4751703763            17.2630270862            156.110634601            -119.498467283           75.595708736             -126.914108967           105.269220139            33.4906567188            -3.67437387342           -103.439027042           44.4855344426            106.074219033            160.626379755            136.248262548            -166.581333225           
rwgt599                  1.68854146431            97.4743354674            0.0111831204996          152.428193663            -0.447542286662          0.426621441407           0.0239224805704          0.681415741678           -144.738700619           -123.086077657           77.6316182122            -170.894482728           -95.9463164293           -12.2670776881           -140.817016204           19.6887105854            -0.00553888423542        0.303104722019           -136.866362253           53.5399542125            175.349755928            -43.3578528247           14.1951608863            4.61452326833            162.782597124            131.418184353            125.234109669            37.8568821473            35.2207082229            -11.6267582385           113.391527188            -65.6338067677           84.3085359697            107.884964495            -19.6040390396           56.8006695761            
rwgt600                  1.16068794533            -41.6504987739           0.010946913047           -130.687152477           1.17533194633            -0.341988427802          0.21535483693            -1.33139906345           -25.4333386277           -25.4919881646           94.8349243654            -36.7840697978           125.847127132            128.621054279            -28.4439169415           164.47595546             0.0224598646582          -0.0533511207724         174.710880433            -104.45410345            -96.8962605246           -24.5176362627           53.864152416             59.5014897538            -10.4155873977           -4.95631963441           -77.6266774376           99.3411224301            135.039340807            -35.08751526             122.584645791            44.175302736             88.0280860176            -125.467458268           156.154720394            111.09695883             
rwgt601                  -1.96736595747           97.4147539738            -0.129958809765          -45.7093969804           -2.28409398108           0.501455347241           0.460421713168           1.97128209588            11.8282165981            91.23382794              -21.0381027911           129.067891892            120.411564882            60.7904348362            41.175289009             -42.7077762787           0.0645665538461          -0.221157544565          -107.189038068           167.609815884            33.610081274             45.8323259026            -167.621852989           45.6653199235            102.612225732            172.593735836            -64.8285129758           68.5770998275            47.8550511705            34.1976261908            -42.2165543994           72.7872849009            79.1025717493            -97.6965853895           -153.902975936           -106.671848565           
rwgt602                  -1.20959063679           -59.0353008369           0.00509118350018         -52.0885204643           -0.237395956432          -0.0896587221415         0.0765991707884          2.24496384133            157.365132266            -15.8307427447           -109.244669341           75.6975478584            165.732885173            -9.3357132371            -99.8933369612           131.873170202            -0.0166416673354         0.180429889047           89.8775260962            -151.77421891            -64.1779240392           89.1748170938            29.5106698522            -136.10744566            -114.050298417           -83.2185625258           101.049411955            -64.6799010478           -32.7457705026           123.153653135            35.9311777912            36.3984362781            97.1406132894            100.93600804             -140.299953518           -113.595829995           
rwgt603                  0.937856087306           164.186987365            -0.13015171014           -124.495153405           3.01180916303            -0.0328373875649         -0.431934326064          -0.0191726780702         -46.6166432461           -115.721592775           118.000069704            -177.296507784           -88.1567889042           -124.11655558            -79.0694854287           -4.34091282166           -0.0640983620661         -0.366622326622          -170.650222966           -37.1460274252           168.326272104            -96.6363024588           -104.328590585           93.8245426078            104.480803815            -60.5146223548           -9.14471790875           34.5978740097            -155.538572801           -58.1269085005           -17.3345694053           97.6361740099            61.6668617351            46.1363810471            46.9996663109            5.5349861657             
rwgt604                  2.16802128147            -148.644027376           0.0643220169009          -89.0674686204           -1.75150174786           0.0117445640192          -0.553359733723          -2.41193010222           47.485672655             40.4069059069            -85.600975421            13.4939298638            22.4143204917            -142.722595368           13.8287747682            59.173273779             0.00482365833716         -0.273544894052          12.8037882499            -68.2151883833           -115.138407015           116.960581453            -25.8311105533           -147.401217145           -19.3899282197           -19.4797264432           97.3443493874            141.515486743            -143.600662532           -112.587985775           -137.483632693           47.9476472082            -102.703381424           -152.67549442            158.067813791            -38.9989583021           
rwgt605                  -2.51246076003           -9.82989926979           0.210218560698           -168.016687815           -3.4280689257            -0.167091282665          -0.571156117681          -2.02535325164           127.197553777            79.3910575329            -19.6468458579           -11.0216450096           154.33477846             -114.551516673           71.8386870846            -150.357421095           -0.0318899574584         0.370270015884           167.741531213            98.5474028561            137.719242978            175.060715498            -103.900912944           -50.0497534385           174.459671102            57.7891786666            37.6023041862            53.8863943646            93.0286156562            128.059529578            86.0013441138            -156.088488083           -98.2012891021           -90.1989158567           12.6957088742            -76.956688941            
rwgt606                  1.10141588018            127.233813469            0.0771116102474          -63.9591258273           -0.648171613522          0.380699804622           -0.838963121571          -1.02353842716           84.4657821942            133.480549465            -95.3904629394           115.507324623            143.896518799            37.8639236645            -30.7935096188           174.664413477            -0.0134616610151         0.0829805621907          175.365354009            121.845374458            137.29209784             61.3367636433            116.814382288            32.540321734             -34.8508549287           -177.419212949           175.295058254            4.20947768281            -7.11973731394           -77.0993475138           178.37568886             -134.265973853           -12.1954880595           174.117896579            49.4641104802            50.0726220805            
rwgt607                  -1.13380991961           -15.567818936            -0.16463246062           -76.3961428697           -2.72923308496           -0.305494478362          0.721322609377           1.90286130634            -94.0307838462           109.876104693            133.830271767            -74.8529670056           93.5551493641            166.297272921            -39.4706715203           -43.0413003295           -0.0513984236026         -0.214945685834          124.036199205            78.4875174725            37.2192584694            84.3957696136            -6.04692299654           -2.45704213354           21.5132199751            51.1870318502            3.91911516413            119.122457405            8.0759998629             139.2633001              -1.42428421619           -32.7166187616           -14.6256086451           -66.5049587968           -112.068776694           -9.21840275067           
rwgt608                  2.9598838674             46.3281390427            -0.00600935489468        -50.9502941466           -0.399152957784          -0.117691932247          0.197944534188           -0.996463819911          67.8973512604            -90.5617177307           56.2411199994            -62.3114010579           58.7753457938            112.744849399            -155.716900088           -51.9790135002           0.0218577308941          0.0230727785343          122.849252547            77.4948720373            131.963090461            73.0275666405            28.7595208977            40.2370391012            -146.481065182           -150.601936733           -41.1342674823           -70.8751304886           -73.4637052035           -172.514992525           15.9847961234            -99.8318872904           -146.396470798           83.8003110838            -132.068104542           148.20903346             
rwgt609                  1.49400209755            -23.9023765936           0.0475744177839          -164.262981947           -1.46488068915           -0.178467590738          0.241125267403           -1.98938195308           67.5693448701            -31.7523163285           -151.430301905           -18.6661301008           29.4694506093            -100.975143775           -71.1302109084           45.5356125839            -0.0507900640691         -0.33850156885           -19.2119493693           141.9168411              -21.9658679183           -94.5891605845           65.0343748514            -133.747884343           101.666850606            -80.8136768734           154.911116361            -16.3252436386           170.555868505            -38.0895830862           145.604643531            18.8220387376            33.0813838254            -141.782839217           21.1920760232            -141.305175266           
rwgt610                  -2.83636970884           -63.0441568109           -0.214581816967          129.860833068            3.52816405846            0.216163316328           1.01905748746            1.55135262245            -141.51307408            -130.95222062            45.327232427             142.115837144            89.594494691             74.910485616             -37.7587106201           29.5495271575            0.0531981607409          0.172646253941           117.150355115            -110.014411115           -32.513440168            -23.5684425522           179.310665589            77.2920782705            132.939257169            141.278966273            75.3609005386            -12.390927549            -27.945935794            -104.107234494           -10.1734174483           -6.79071914524           -121.320436583           151.491289524            101.031281829            -167.501303462           
rwgt611                  -1.67532893216           48.2309782493            -0.192941755107          -176.778658694           1.66745601392            -0.489628985432          0.776830875666           1.9425183007             20.2482323558            29.5481647564            -111.766010178           -137.062203229           142.053827376            143.096727522            -39.0067915686           -178.977219728           -0.0416950970829         -0.20519512264           45.6646043874            -62.5214652062           -91.6053971562           64.9599739947            30.7150987348            15.7909494451            -131.179642523           125.268559866            -132.926851376           -44.0650444265           -148.161248967           174.346324364            -167.70022168            -158.094419753           -13.9346485605           -82.3925474577           152.974659541            -31.8298800822           
rwgt612                  -2.13137698492           -41.651224149            -0.115077756428          126.975149774            0.245849363638           0.208232285409           -0.425448146665          -0.0684878768784         -93.6402728277           -109.138523632           25.7525651145            114.986987736            -2.385434095             26.8136471134            -11.338043765            -132.11201461            0.0542997421934          0.34642229464            0.626328500261           32.2080569933            169.803866165            -62.0061881594           -129.320878993           -0.708710326894          90.0558154989            66.0487225076            -133.170916893           -71.6006660191           124.914328435            -81.8889536771           -7.80433203992           47.8723717991            -159.26357227            26.2350383897            -44.2186073538           -6.82317276116           
rwgt613                  -0.71487846295           84.8685217219            0.164398696439           -118.822800467           2.20476921662            -0.129058462719          0.930691108491           0.352205800738           -28.9386324182           -111.796573453           -111.789139371           109.253699909            -148.467253064           122.21574685             -11.1626017719           143.709694584            0.0106150628             0.0134579939554          -38.5672594391           -3.1292242051            161.522281681            125.055920698            79.5975086046            -78.6646277359           -113.828295486           -98.5920018676           -130.768510444           100.075419506            1.93377521153            -11.7719085811           177.757202046            -115.325401416           98.1084716338            168.687479338            -31.0436803448           -6.99600661912           
rwgt614                  2.37653492776            166.484442447            -0.230092009245          69.3547148244            -0.145589658353          -0.201113066793          -0.340040027443          1.0653865138             -76.3514534613           -17.9771945651           -50.905335224            -125.824155242           147.754786414            -80.7246711041           136.201120123            137.868470879            -0.00558173636766        0.208331996339           -149.361684231           -75.4843659381           107.145302887            -48.7502299543           -20.1424029965           30.3603893258            -66.5540307013           -88.4801762226           -54.043486204            -8.48915921087           93.1656743553            168.120499202            -97.6487099774           45.243970524             -0.750033228552          -155.139282909           -152.566722484           -61.7896138495           
rwgt615                  1.38222252206            56.791194964             0.0144756501701          -119.050250443           3.44661810015            -0.449112280623          0.745542730357           1.86342134556            -99.026815907            -138.876680901           108.851697042            116.599620017            -43.3164310457           133.31037097             -15.1399980507           -135.299023372           0.0885437231475          -0.177912690397          -76.4650690659           -75.6056211722           -131.34276158            -163.337480054           59.2201728897            7.47615530631            -116.85672792            19.8499986762            -116.981719615           -175.151983719           -104.385976187           -23.9283844297           110.625991803            -32.4584880305           54.55728059              -19.1484373132           22.7270384721            64.1534478512            
rwgt616                  0.750056379015           4.51139527873            -0.0882694784088         86.6202858527            2.38354189922            0.502935070321           -0.444639916716          2.32303193265            -41.3290690531           122.799827947            139.687733095            112.664796294            85.2376765772            66.4378982756            158.02742669             156.851119716            -0.0763199127637         0.363997239793           172.141993026            -176.036848486           -37.4866053245           133.1172936              74.7873305283            32.9551111215            -0.991374245149          122.361818993            111.483622007            80.3981924537            -168.374576131           -130.844786966           45.4815475574            14.5653435506            -3.93982493954           -178.548837008           123.07605599             -100.68424947            
rwgt617                  -0.919211095737          -51.9743295584           0.182833771467           86.3798192084            -0.0965131264877         0.498482963334           -0.470615553752          0.927362399658           -75.3676681109           54.2238190458            6.26853498273            11.0430641672            10.6528727331            47.6772584693            -87.8492024025           -67.7962405103           -0.0521139105508         -0.1906721018            -54.5046408661           78.379991133             -68.6951332828           54.6575032229            161.435017343            115.622032227            43.2253198017            -88.4828029541           41.7755116909            -16.9895455769           -38.2620489138           -1.66186513416           6.46693525915            -76.3452883009           -59.3060313172           74.4772077242            -153.895205126           29.6850961581            
rwgt618                  -2.60770079471           -35.7293698409           -0.112115741009          -5.48178689379           3.07726569107            -0.0899018222074         1.03052071625            -1.7980252183            143.681774124            -127.092983208           -53.0238225983           12.4590536159            -126.752240626           2.88747810828            -142.623630845           -88.7605912099           -0.0223122406074         0.217430051646           -5.87055648874           -95.958956414            -108.870410104           169.561744528            -4.09761614028           -33.9227564882           -89.025763915            6.28999792353            16.1445766928            -6.06922204803           59.8635883355            42.0475145157            79.3603758733            -172.871593251           -31.8680897033           -108.788364145           -122.955807519           -154.379774497           
rwgt619                  -1.52829588099           130.447168615            -0.16444696785           166.408597525            1.88055712586            -0.156292346529          -0.0148775660835         0.248644928054           153.124316158            -166.600427358           164.793198409            160.545871594            23.5371082501            -139.306725849           -88.4736076856           106.77168106             0.0603068708188          0.0499909262006          49.3433229706            157.620488095            -93.6761386139           114.558569982            88.7457467869            56.9646372319            45.0337972052            -42.5592025263           52.1254178276            -161.100010865           21.382904602             -2.65259037182           76.543897899             -124.845610375           100.739075314            109.890137776            -100.464511252           -105.197981481           
rwgt620                  -2.10067477545           83.9701107264            0.179478404329           -48.6873662681           0.75934975091            -0.464753826165          0.22191611875            -1.03148198521           50.1668275454            -114.489978901           166.519879997            86.7115251658            -11.254918747            -132.067722291           -84.7722886105           121.07865597             0.075178210009           -0.183215104746          -115.175966187           -67.7656241063           98.8783247468            -152.30846311            -44.622966031            -24.7677418871           -115.510390759           172.333127229            -35.3005041814           30.603618503             -11.7359479751           -120.627033306           47.7025791953            101.840852572            -48.8001189446           99.9133544351            42.6323524501            -83.4135430436           
rwgt621                  -1.13317683639           69.7905470364            -0.0456228718731         72.795872018             2.79474862218            -0.500883452881          -1.19433703109           2.015524673              103.678430174            -104.118227312           -27.9190346007           -165.285176095           -85.8490891134           53.2384171879            109.887461139            12.2041214172            0.0698714151841          0.149192673901           147.672539624            -111.155350999           80.3070693001            153.455326972            32.950646491             126.324145278            -115.736333447           -27.3135410686           -0.95120142697           -82.4212061086           -179.113172076           -53.6173023465           -8.35768063855           51.8729958958            -54.8042223262           -5.26669828907           146.237804321            14.7631932077            
rwgt622                  0.861750856383           -160.414906793           -0.0824723493884         143.875013452            2.10397404038            -0.0858301989616         -0.418875015582          2.18492025654            -71.3832527516           59.215241978             94.28507808              -17.9896470623           37.5157338161            132.139741477            51.721592317             55.9685506726            0.043133523137           0.368376315187           9.43915641707            176.523947153            22.6569531398            169.706932232            141.227262435            60.4759384807            -62.2314063752           -98.353576204            -21.8213239862           156.366632572            -43.102328014            -112.568264045           144.316193885            126.291145202            47.8371912757            -25.4428697323           -68.8256103037           139.797887093            
rwgt623                  -0.487241580274          -44.1983076832           -0.191058823975          6.75980120291            -3.17607703216           -0.535692085691          -0.136658616508          -0.410350505493          24.6211534374            121.592539973            1.27225777359            -5.7275476527            -63.1283010756           -149.698042527           -112.679161356           76.1504101409            0.0282730281796          0.162143166812           -120.131644221           -12.1926754403           -119.836832128           66.5559858183            23.4429271095            -71.2941810889           34.7152761593            -36.519514201            -132.219410683           126.951225733            -144.993575167           126.01619347             151.789254245            -156.724310937           -135.161759401           -159.036461075           90.2974185018            -76.5957919692           
rwgt624                  -2.28878846133           -1.59056067755           -0.223542935404          33.5165240789            0.694008479078           -0.329732639741          0.311146084454           2.27467262002            -76.0356529399           -52.6409536983           -64.2408588044           134.033873599            -32.4822674347           144.813733053            -100.004343715           149.554872653            -0.0592276657878         -0.23186811781           146.049149138            134.379134389            -136.094911688           -38.2503716192           -131.51344132            38.1098305942            65.7410880478            -61.6773648754           -163.722230786           125.247435792            -70.9199215791           59.6403440064            178.266310031            134.723506211            -70.7459575044           -14.4771578323           133.163702243            -162.287302834           
rwgt625                  -1.03832832128           -124.742450789           -0.201245596829          144.251717232            1.05834192563            -0.529887726732          -0.330254358868          0.550940695006           36.3332409369            -93.0286880096           99.9076530693            33.5884854322            -45.8661560809           -69.0925410593           -133.641208591           -42.9026248768           -0.0826902718991         0.166817084294           75.1670169439            -34.6185170883           96.3645113251            -117.988666037           -76.9013792912           -110.27026895            76.4789542537            -138.58681676            -36.8137709881           -137.195262901           -40.1692538891           -73.7107849518           177.038858087            -143.174213365           -145.271182989           103.623223708            -87.0733951282           -6.79913962518           
rwgt626                  -2.95580848015           27.5730238087            0.0780893706146          -108.626929727           2.87346714993            -0.441428826601          -1.03774038429           -1.54695364847           0.685162144969           33.1460889458            -26.5782025637           -91.4033950637           112.567853752            -18.7486404426           125.968947228            -47.3174065377           -0.0499562968082         0.311919153404           43.7570717029            27.705085447             -134.647255152           -64.6864483659           141.28936549             -67.3031696896           -129.46304781            -172.243373258           14.6991305921            46.9107165579            69.8305128551            10.8718177304            -101.471914196           -146.887649587           -173.918750838           -178.063646205           127.776286476            91.8743398158            
rwgt627                  -0.669119553995          146.790504794            -0.00642754188288        -9.23365218334           3.38203286069            -0.0156767587454         -1.23321314934           -2.14625245309           40.2046765146            6.11507186271            -120.81274378            -176.187279078           10.7352097639            11.1926483051            146.517717419            109.148113101            -0.0502327973748         0.0911831744329          -165.990324422           -52.6840126453           152.720304244            -43.3266435808           46.0135551798            -23.707361193            -152.974732471           127.926731315            11.2028688547            -52.1261010474           94.9381573473            75.558698485             -63.7814665157           141.778345738            94.2387783319            45.1499963352            -165.153709252           -149.167509869           
rwgt628                  -1.28831496592           -55.4979650616           0.128075452263           -170.948172988           2.29981041428            0.361248233264           0.809533346453           -0.544365684593          52.270466463             -159.419246082           60.9602965701            -20.7265537623           -176.572662093           0.734711414659           -155.057952838           88.0742107477            -0.0896597422426         -0.196856465597          30.8658381668            52.8774177453            98.5646232149            -19.487323084            63.1690732766            41.2570174986            -135.858428388           -33.9783535093           -136.844947766           -97.1931691234           -47.3552998123           174.971979887            -40.5261847119           179.236909657            177.277658709            142.807058484            99.2179262635            123.245674784            
rwgt629                  -1.33666800748           125.747535955            -0.0512692292802         -114.456942889           -2.27487405611           0.530005703216           0.822593322163           -1.62681524715           106.43890902             112.358380921            50.0494712375            128.291443258            94.7337589395            -15.4393111646           75.4407018699            -71.7828342888           -0.0388826308683         0.0502595560165          -26.4420447118           150.997332053            11.8629377521            -125.379546408           170.948161445            -72.2973036676           -28.8190867114           76.8085524701            88.2338519251            44.6989601838            -139.138331892           -112.811791412           84.6259439779            -36.9838072647           -153.934602818           -155.671337252           2.08586368199            134.44011813             
rwgt630                  0.841523643205           141.530503887            0.0979476745654          167.673422276            -1.92262066549           0.230041921222           -0.424223269251          -1.09288984762           -93.8117779741           76.2591882961            -67.9331002861           -11.9857779203           -65.9285973196           -118.626568541           -176.469207672           -96.7632866123           -0.0264046374405         0.377240309914           -106.248564143           -48.7809835814           157.92830879             -106.770355637           67.8695121234            90.2404032778            164.034080358            45.4027931808            -24.529481334            177.109907634            -92.3069284519           -130.068859402           -118.994042692           123.036343617            36.2862998998            -7.49992862035           -126.932227781           -159.832312281           
rwgt631                  2.07017333444            5.27378070048            0.046837577677           -60.9262240291           -0.663923051625          0.301045639749           -1.16780867223           1.66909506167            -14.6424582367           -83.4369169785           -5.21094054957           -93.8398744123           -155.528177079           -150.294278544           84.1899725837            88.6436046663            -0.0604589135081         0.245163326633           131.451927619            -104.082563465           21.7617966522            6.16339485032            153.245204746            -75.8784444284           -135.906948081           -54.7195464238           -82.1842367089           -156.048887112           -5.76564320494           -146.063555092           93.6431624368            65.177414661             -74.1289044274           51.8685334588            59.2061971378            -77.5898897939           
rwgt632                  -1.60421958804           -84.5731080735           -0.0999837447185         -134.314348172           -1.53853962045           -0.0902586780681         0.648244812027           0.287754026569           -95.9149740479           179.215095551            33.1612337298            -138.823076299           72.4589060086            102.647887332            96.5398234066            -89.7948586267           0.085392901166           -0.278560611763          -53.4969032845           -77.3758687532           -175.833607166           46.656665115             -99.8401625009           121.13029947             -113.709693643           39.5860458236            -153.548975296           53.6040520089            -142.029951777           109.949417763            -120.979301492           -38.2842289555           -3.76254399972           114.5291495              166.601455477            -16.0679825812           
rwgt633                  1.11789180376            162.675287407            -0.107820831089          -174.441287735           0.326678973843           -0.482597513563          0.811115670292           -2.42295230662           -119.165586918           -5.4751448464            -132.409590945           142.676776884            -165.11262251            29.6768689633            149.8349262              95.4739751528            -0.0432935235893         -0.196216730289          -80.2866104694           135.372712734            -168.028323415           120.892238255            -92.0135846901           -13.5890006363           15.597123465             22.3549795752            -119.940934379           -21.1487717054           167.397646299            -140.658364169           -15.5071394816           -32.497161805            -3.31876933971           10.2932931621            -177.3555061             -138.006517561           
rwgt634                  1.03548279051            -114.58402682            0.118056307961           1.71755557629            3.25757017964            -0.0713406093151         -1.09811576225           1.31641210776            82.9327346675            -23.6920593394           167.058117929            27.8515068444            58.5849240612            -91.6454008145           41.8025737203            37.0290427924            -0.0156369962367         0.370654978765           -96.4919763512           -11.387748139            115.524932054            -175.79326556            -63.3499565767           107.305493473            94.0749873389            -71.339061483            138.12751309             -160.394530959           -7.82982077863           67.5191990715            -149.49908166            101.849881122            106.382245855            -7.20958736979           77.6626113737            165.55774995             
rwgt635                  -0.0415030192825         148.871458325            0.175725569237           98.3289482527            0.312742714997           0.00364528242582         -1.19427315698           -0.476173641216          -85.0036763845           174.648444788            42.600166547             -34.7490848831           -32.2848567184           -167.55252163            -39.8046430958           8.31527160352            -0.03170144178           -0.175567674954          78.4754979722            81.4061852229            95.0094345895            30.1068404171            27.21214811              -109.860625121           158.930558786            34.9857234979            40.0267793646            88.4950682066            94.428429859             126.846650067            126.247546476            85.7264329757            160.318097792            39.6242790113            -130.210529642           -80.0478006217           
rwgt636                  1.59061135035            -24.1479615386           -0.0805438471109         67.3518036644            -3.27157968627           0.172633086226           0.870885807665           0.224996012549           22.3371783141            179.386539265            47.0443469939            -11.1617975038           -45.7465551886           60.4218302218            -165.697063868           76.015089792             -0.0484473436451         0.0963371191476          -158.293585022           -125.376278392           -138.02534203            -95.3059148945           -44.3460657529           -156.615899388           -60.6731265758           -55.3569651023           -17.4038062244           -86.6196937033           135.896051171            -97.0761765811           29.8066048169            111.601669636            -121.658858868           90.7689520152            54.9583208251            127.762647611            
rwgt637                  2.71396292373            -59.5864893164           0.21180100534            -158.425937287           -1.40330073062           0.375127452853           -1.20901472802           -2.09906515154           25.3030068142            30.2860331667            143.387513952            -98.6010069997           1.91733577109            70.864627955             130.028810152            100.574883078            -0.00364738155858        -0.0449638413634         -175.236226877           1.57994959993            -129.747423269           -160.394215735           -44.9963304674           96.9493818366            -143.591671906           -177.452717027           -69.5021062418           -41.9650597032           145.714860307            89.9329509582            16.0294456513            -137.394682463           -1.90933194257           -127.910379894           88.2836938433            -157.126023561           
rwgt638                  -0.965920411635          -89.1212506599           0.0213879957728          35.0864333334            2.32876750587            0.238397537267           -0.732572527709          1.33918608643            -6.84157083765           164.321306295            82.5851354197            100.341523325            -46.1021984943           -44.8034568762           14.174314367             -131.049692418           0.0577790898311          -0.249827452563          135.671629736            -4.36415934384           92.4122349195            17.5713483165            28.9651517081            34.3479554687            179.440494686            117.808931445            117.969153226            -102.563903988           31.5516538358            68.7247572688            -102.221391272           17.9173971988            -141.896375369           89.5433191297            -78.7761837505           -96.7398017455           
rwgt639                  2.51490236785            94.8673805662            -0.055278279675          71.2929072061            2.03248692507            0.386665529967           0.631037477037           -0.870049944831          -154.214189686           -73.3043881778           176.863436114            -127.093648805           158.44647564             -8.1229712082            102.216116376            -23.2146750578           0.0231583440328          -0.296103670485          -147.692435585           -34.9546985819           -45.6870644995           -11.7892956127           -131.562120654           6.58921033474            -14.4483224057           -73.6776293646           -159.403865118           73.2431485735            -101.606943974           -159.477055432           -28.3985674755           -55.1525546891           -59.0346439991           67.6423941881            105.966953829            177.135161931            
rwgt640                  1.82739143226            -122.330033649           0.137313982697           -1.54427408282           -1.8923479396            0.0480615649979          -0.979660599949          0.225623798121           -80.3505120114           107.712299595            -128.112382158           -49.9966995884           -21.3449266238           116.315155647            -41.1104409318           57.803878901             0.0757320053917          0.294714946297           10.2492638297            -10.9673588435           171.459747763            -33.6106007099           92.6654389633            -55.5601158942           -159.706363705           -37.902728799            126.987976153            -92.2039577226           -129.606365087           146.714242804            -42.5419367868           -83.8837780588           -153.202138983           -179.065900381           -150.792778856           -136.388588643           
rwgt641                  1.77585001466            148.459148863            0.0925169284038          -37.9542060534           -3.14007907495           -0.165176752199          -0.641629097144          -0.750663912743          70.7341960527            39.9223442999            -66.8299343336           29.5736303215            -70.0917363506           -74.5874133915           -89.8481139581           148.260235187            -0.0153339702984         -0.188272700041          62.9857600341            -56.3722971865           64.8846673142            42.6667558265            79.0271060814            90.5158956109            -172.029452944           -21.5527048858           55.8073946905            90.4087982382            -8.57259993537           169.705788247            -34.1804539223           -26.6630560089           -74.137855789            -166.068593293           -78.5312976765           109.661380863            
rwgt642                  -2.20197842047           -78.735225589            -0.0087701204506         173.057248466            3.41151305505            -0.184044774238          0.0978599714183          1.69587541621            -144.302345524           116.625416209            115.395268736            -34.4055894669           90.1182351471            -28.7879448017           78.7559059336            148.290410725            -0.0702907785991         -0.257602514026          172.395975106            17.782917771             -43.7485510882           -145.799024787           -23.5192699574           -63.9577640021           52.1629482229            -81.7240720059           16.6245294407            20.7328078135            43.1410429421            169.086174732            -56.0646133558           169.345974181            123.144539075            -99.3363685397           162.818853219            -71.6034098779           
rwgt643                  0.494198114866           34.9105673379            0.22133665181            148.676670519            -3.34272422474           -0.448340487138          1.19057499236            -0.951848330102          5.13978448018            77.1536346647            36.3559353737            109.829438734            -48.954937093            -81.0414754875           -82.2330127035           -122.090258343           0.0714558357569          -0.108252314942          139.532891977            42.192608982             98.9642972772            134.951979286            -97.5795844972           -34.088838078            115.682644977            -24.2915333147           -67.2314735158           -115.807112294           175.256085635            108.151722449            -38.2635477656           102.581312352            179.943005353            166.770484188            -47.9896649075           73.0371368712            
rwgt644                  2.25844317427            -49.2653754479           0.0237158825149          -12.274843489            -0.345148405353          -0.3619403499            -0.723604735069          -0.381200238361          -6.32005033901           -96.1069040904           -171.863295842           78.2679274554            32.0906897218            94.6910864223            112.821598243            -161.625001778           -0.0730874643072         -0.294533683925          145.253443436            -67.0813079743           53.5596942888            61.6300773355            -132.346286845           -20.7534284897           90.2064481704            -104.378910791           34.3650231556            -26.3354985282           -176.308238313           -94.1437459939           -154.256265573           67.9296037215            -34.5676763114           -127.978612384           62.9710180266            -95.5867687844           
rwgt645                  2.53173369443            4.85992396279            -0.017431989296          -149.115340115           1.48786437507            -0.204284341842          0.733261972868           1.39578186469            -125.997242619           31.2392428269            75.9669579785            77.6573717653            -62.6943931031           -108.446763422           27.6018402763            55.7096145318            -0.0610280109029         0.224374052627           0.932849627576           -110.390621635           146.627701106            -157.459665754           -131.914878152           2.8672104602             -25.7279406732           -35.4360909468           80.0349227871            -45.0283512015           -174.676363278           172.261218011            -57.2967364007           61.4002657478            -1.21906558311           81.6946164422            -144.930789308           -23.7242513112           
rwgt646                  2.06824505556            125.014448175            -0.158631489779          -74.4664596706           0.0160738759144          0.0644698691647          -0.17976064645           -0.545920526187          2.64740335733            62.5142344828            -35.1164053254           -79.0665637753           30.0176539846            -163.175104683           13.7328038433            -155.811535084           0.0578875555508          0.096926095894           -145.077501757           31.0377985765            -39.2093748503           -26.5430815096           -58.9498165437           54.0333010806            -117.005924179           -172.069613298           51.3389921668            -54.1999493781           -117.300572346           59.0707192611            -70.9511054101           -52.2468184467           136.904669602            23.040791488             -23.4858306371           117.781700469            
rwgt647                  0.757616090845           118.500357681            0.0644006105485          -177.150452374           2.4507788114             -0.334499517269          -0.559428202839          -1.79414923354           -126.128694483           -86.444430382            48.6772769765            110.758798381            137.170129603            -40.5646679108           -103.546240531           -114.714963865           0.0766332136267          0.214158160904           -101.053859312           -105.521368803           35.2655459104            -99.5698812788           88.8016013702            56.0236841729            17.4825407273            35.1232331254            78.1934643718            141.111761045            -127.446941937           5.58824604832            -81.3362974892           7.5984641581             8.89354085366            155.733781782            56.9441480213            5.74463569618            
rwgt648                  -1.77729364705           161.555474163            0.0788560823228          -106.268332291           -3.06064995469           0.0232044432682          0.978783928723           -2.03037197965           59.873671057             -157.003926554           122.105113209            -100.37143846            167.427512182            -172.304331118           -139.009224056           80.8775680426            0.00132510078098         0.139730263776           -38.0210348517           -153.656819589           -85.530291409            -46.6351656536           -136.952742972           -29.8445966405           173.993771894            113.329221697            135.82835893             -123.867990464           -84.69065203             -53.6257439559           -123.98884442            106.206027178            -38.0365205058           -99.3725207341           -83.381342797            -129.304517767           
rwgt649                  -1.79673999029           179.825097377            0.196550465261           116.688277349            0.00160215245635         0.47163878393            0.649422537555           -2.35602589274           154.677570592            12.8768286842            -29.7561886599           -112.165194453           -64.7795112834           -156.868280272           -43.7670534095           7.59322546784            -0.016802716424          -0.305970589628          74.6794108131            -43.5723465676           84.7856076048            -156.972801758           -165.595119068           137.092552754            41.053714031             -9.24742775417           -132.823083955           -155.298272301           104.404456235            -145.214811537           176.321887306            175.859585669            128.277297959            -20.9740205542           -107.424447303           95.2275623361            
rwgt650                  -0.183310392012          164.485224223            0.0592483331827          171.40824338             0.179437994408           -0.269656988663          -0.505657694416          -2.42923211734           157.477968706            64.9715931472            145.995692975            130.342623707            -150.639552257           104.455612035            -137.581136135           134.014040207            -0.0589166127986         0.0242838767398          135.129190847            -102.456855935           58.1857725366            -161.487704059           18.1324882328            -82.8315041617           -160.777146396           4.386157134              168.772669452            162.541282004            -83.9616236326           -139.10517998            133.899208047            142.577095824            137.432961373            174.454764304            -162.22850441            -40.7715294545           
rwgt651                  2.91312153312            114.390644561            0.0463423346656          37.8380553901            2.94205386953            -0.429700649315          -0.233743309901          0.789905176333           -38.8205084098           -5.24842924152           -12.420108655            -100.267471493           -23.4707007862           -151.18210275            -3.11210997111           28.3724170003            -0.0367187320297         -0.212963063277          -123.150898827           -2.51579163842           80.5812071503            -63.5333860715           -51.8806084556           -73.6506071101           -31.0444341545           111.703131775            22.2579372151            -23.1895825201           52.4760606745            -5.4858159745            -171.86586307            18.7072455968            98.1508036219            -50.738720052            70.974066373             -45.2646784991           
rwgt652                  -0.877145933189          -108.061473122           -0.181295885904          -164.120074267           -3.56669131318           0.514750925905           0.460535651199           2.11830067187            -2.78498017742           -82.1520255756           -23.2918420471           36.1713861971            49.6946428415            -129.516591363           12.8055899988            -178.766638502           -0.0707092268278         -0.267196843266          151.688192899            -38.4351873526           -82.2119581823           -100.571395289           78.3767992609            176.526741331            5.74271314087            63.7521211796            -85.6155219884           68.5266976691            88.8641888043            98.7315110775            -136.312335778           -149.667513433           23.0657102103            -26.8835642298           -72.2103036068           95.3870898377            
rwgt653                  -2.12686115547           -125.826552565           0.15214233722            131.770841714            -1.52881601115           0.313149065177           -0.666257855726          -1.69203026205           -142.70390535            -28.1354573492           129.578630104            -93.6928389206           33.9854830128            -37.5272584408           119.235514545            -89.4471238387           -0.0806113040666         0.30081975616            -104.611916844           -79.9553608504           58.3299991828            107.819475548            179.334248194            -72.2830507209           79.8820441863            81.0120073398            -5.81869151235           -167.382677594           -27.8359917896           64.1602909437            109.166520917            9.54562338962            12.6657669448            3.44537853188            40.526988857             -60.1324646954           
rwgt654                  -2.62241733596           117.162678898            0.113917856857           -71.8622477658           1.44945026468            0.168552445891           -0.34637512921           -0.343281041446          -53.3902291521           175.834732058            -95.5831621912           140.2371528              -138.565444674           173.647103538            67.6866412424            -158.673639081           -0.0194353311575         0.0517944719896          121.688633305            156.902693651            -77.6851843394           156.886562055            -137.778054969           -45.1871638454           119.072457643            -149.656032041           -143.867830397           132.236352757            121.208503527            -121.946469982           -176.811130673           165.337842165            -76.8272456293           169.86078969             -108.215258685           -97.4488637189           
rwgt655                  1.36920865644            122.062212343            0.221255038432           -177.958690185           3.02378811104            0.0218535498726          -1.03963607859           0.685855866654           57.2319909635            -64.0840662466           -77.0735638468           -47.6793178809           -133.597890337           9.6640930366             6.59391701826            -121.98675642            -0.0668769643064         0.262201244632           135.048460903            134.000674682            -107.2990653             83.6951220464            -79.4852231919           -85.9525853186           -24.9521030769           122.382288813            167.933811817            -80.9068831808           -174.006431781           -112.318842304           133.652898867            -2.27434219773           -37.7947557975           -39.5266084232           -178.717459051           67.8207745981            
rwgt656                  1.36054206981            76.965535646             -0.132235039177          -101.178852117           2.09697324754            0.277569945125           0.311043477253           0.448266640455           -123.62052405            149.910245272            -70.0095242009           -50.593315238            -152.601475288           -158.468042874           -108.105461549           -7.59219810672           0.0676819732915          -0.284365416296          -172.771597829           -5.39004684821           -14.7877671159           145.611127024            100.771486506            97.9105751854            -9.08254298338           -42.1185968562           58.2332816263            151.992503738            35.6514271347            -34.6234857081           -100.993068621           -36.8983496006           4.71485340452            -147.350613489           91.4521328881            -154.972762774           
rwgt657                  -1.65197194287           -168.401184461           0.110183063391           158.60614208             3.53844839578            0.211029600171           0.148970096713           -1.26721411505           -133.776081938           29.839200588             -103.169825534           -66.081009292            169.961192084            156.147995019            35.8711534669            -29.9702139828           0.0414459406007          -0.146318066099          -42.4423012922           25.5975270484            -124.664323563           -125.22559009            39.2450634479            -112.388844655           143.841298893            112.042430922            -29.1914732409           105.014764459            179.190621232            -91.2531838937           -158.248195028           57.150683541             22.7236156068            93.0549430341            107.626070338            147.634348551            
rwgt658                  1.80295409061            -83.5353844223           0.0963748133683          29.5191945672            0.84174359382            -0.152012777402          0.864577449242           -0.3971042872            60.1622735313            -123.066914395           -169.116915555           -102.768885771           0.286397685033           22.1979122717            -106.043159855           -59.5132386075           0.0899936730772          -0.18671833558           -172.044167927           65.2048881248            56.7570256447            -159.881989476           -147.354333642           18.0463903738            147.207785583            -38.145186756            21.7564923088            -144.156422948           -119.458128808           4.30756086453            -162.96342771            -179.871078884           -3.61035295847           159.669170069            173.642097899            120.611127428            
rwgt659                  1.77464577024            -123.606001343           -0.21460946881           -89.2066270996           0.290260905084           0.0128997967292          0.841253275976           -0.807519506754          -60.2747961933           -59.0310013195           -9.4624257448            47.6783935665            109.28285044             -176.568930531           67.4015140873            149.83303583             0.0302907479444          -0.320508828877          69.1133988676            154.708901315            -44.2117293062           -11.2794474662           -139.566927619           -12.3827795048           -15.6055570521           43.8917159565            55.9193153301            22.9486982802            122.972501021            -162.473018297           -67.6435276984           -16.2535176245           160.920364607            138.906004399            -36.4857123495           77.4878167712            
rwgt660                  2.43480100343            106.454966046            -0.120252101955          -168.680399563           -2.23565733527           0.445996853866           0.239363956308           1.98145949457            -118.337339144           -96.1633967712           -33.3309856736           -140.988490218           -83.5459215166           -145.598069178           149.325940302            -113.168844273           -0.00757358052898        -0.298398892618          151.088722059            16.1631838371            37.9329153378            71.8452118455            19.4524375572            8.01165392068            -84.5386906685           81.384406108             -159.222767736           -37.3414274117           -157.771330802           -105.03543913            -12.7704759537           -49.9322482512           120.528379927            -14.1775870691           26.4743446682            -172.960177048           
rwgt661                  2.40691820881            60.7880406375            -0.0015679917395         107.748201076            1.54275995777            -0.219491115246          0.408582743312           -0.583993490052          -171.069114808           -163.444203205           18.4907452357            -166.366103786           87.0865178202            70.5921268742            84.4890710936            155.147208856            0.088685001259           -0.194254081777          -95.7568273298           -14.8804553485           -139.040864256           130.44303889             -37.3435251437           68.2566835179            159.930166312            43.6231144347            9.11757963758            166.717765775            -20.0437980168           53.8610239554            -113.029860234           156.293044165            75.8004935095            132.679196787            169.482018084            -98.0894438206           
rwgt662                  2.77598085769            175.077916873            -0.205776279811          -70.7032563909           -2.58276131927           -0.515862155037          -0.337183745158          -0.444614489733          2.35920625143            -84.5137075675           -85.5296587602           -102.088991928           -142.879079386           136.430157933            168.312382634            -63.4832738803           -0.00279087311812        -0.361246479545          -149.755245731           -31.6068464562           129.123516902            86.024015977             102.157241504            37.4838414768            -29.3328156785           -95.2930253385           -120.382751506           47.0412109831            169.400249636            133.238566853            -17.637782725            146.678399848            -167.822054692           130.140185645            106.688395996            169.523596309            
rwgt663                  -2.51409943382           3.36681666436            -0.110892275006          -132.490441103           1.61986434204            0.473908879535           0.400431578201           -0.13197116285           178.887805822            -85.9760549415           -70.0223872663           108.174371374            53.1117238629            -129.155553145           -179.722333743           161.209543501            0.00826295591687         0.0396988143381          -34.3191576502           126.79673026             108.515867809            -16.4048638319           54.5725251651            -110.442558998           -152.434558241           8.96978068736            168.681558395            1.20887902636            60.353066137             130.788645396            100.60687552             -109.659762093           -36.660227278            -169.053642098           -69.6180238151           24.9795757237            
rwgt664                  0.756579498503           -76.7152801693           0.0167084093555          173.128037555            0.24456307726            -0.256139479184          0.912353328598           1.53824647018            -171.331608347           -108.092343968           86.0938943505            -96.3254239399           149.899049802            -174.413811428           -63.7536841881           -154.527398454           0.0242217418271          0.0107203886408          -15.2562385622           -12.5232685545           -15.3505036498           6.05351444685            -48.4383910599           31.6466271392            78.3498490129            82.1429969507            30.7290235121            176.723487884            161.74481258             3.10659134056            -93.6755914823           -74.1172577818           -133.314437637           88.4660268826            -103.939497274           -128.571166879           
rwgt665                  -0.414233745296          -45.493322505            -0.0301588785045         -157.879141736           2.57186256732            0.120932673825           0.0554527079193          -0.810031872078          -113.794296709           -79.9327834825           -167.855802244           -79.013577189            -176.186686602           -144.204616024           168.364025252            -47.2257438917           0.0295423838829          -0.373374552001          122.09939839             -85.0944090714           -74.8187692283           79.7499659724            -57.026200169            -93.7558748572           -46.916768261            -37.6510074209           -150.618748024           -49.8510245328           -92.8825325267           -9.14494668906           -62.0825834634           -102.958904539           -107.426350421           -108.546642144           -92.4178140553           94.4152849418            
rwgt666                  -1.90535088146           121.629170268            -0.176954523498          96.4905511207            3.03594030536            -0.0195976476535         -0.29565261679           1.71796657312            135.012736123            2.87904234825            -31.8487854253           -59.3635643344           39.0578181842            103.27921647             -119.267468477           71.215893267             -0.0629361973542         -0.010173977862          -26.6163520185           -2.01802869113           31.0969956984            -97.6233958946           116.300869489            -23.7005498583           -38.8237944439           -125.583695727           -87.9293460091           38.1454731117            12.4546764979            -83.7192614455           -125.72539491            149.812826935            48.5101993908            -48.1816753811           18.3032794919            -160.772797506           
rwgt667                  -2.63597909787           -28.6199017772           0.030992078669           -50.5304195772           1.31977422667            -0.345720093915          -0.578728706588          -0.117169597229          32.3794504998            -131.981505571           136.665627745            132.102964773            -174.66300062            -140.260371566           10.3716128117            -39.7323316188           0.0738766470805          0.228913200454           24.5660553358            146.977545083            1.16982367874            16.9300594783            154.181848794            -21.6858996874           -119.247180898           155.221358678            158.017059616            -73.8599432262           92.7154832809            -147.862109422           -107.792336422           74.8885755183            80.8928228904            97.0691489846            -99.612350343            -112.181888505           
rwgt668                  0.383855176075           -139.040074263           0.197127263952           95.0739498544            2.59156705499            -0.344277060511          -1.23859849992           2.21904440359            -83.2131216674           8.1745042453             62.3263990188            156.152280214            42.2755254289            29.6347849932            98.0302224669            -124.865981569           -0.00979595079131        0.168704777707           164.399980788            -167.284969476           104.558895879            -123.889378047           -144.570482666           96.4277138961            -60.1116489071           -98.2577110595           37.9638610763            -106.413779216           -29.4672744469           -93.3495199569           -28.2982749145           -86.0163203174           175.779310962            45.6284376004            -14.8313781254           113.275571754            
rwgt669                  -1.53061085328           14.7334891713            0.112013745068           -3.07775767207           -1.15357596225           -0.419159676173          -1.27406449506           -1.17481975503           133.809645308            -105.357455187           -167.664304338           -4.31632613718           126.298190721            149.179050561            -52.6810767583           85.9859755009            0.0342441433826          0.314012132258           -56.9780790104           141.582017767            -86.4471838688           111.510685773            -77.7879186187           -104.191764079           32.4717997873            67.9829819739            -90.462945719            128.445562386            -75.0252108268           -12.4666484303           -85.3161248831           153.964582869            8.58554593086            10.677998857             33.6798095216            25.3647070782            
rwgt670                  2.62739650322            49.7203573912            -0.0271069410285         123.437410674            1.5477012566             -0.434548258629          0.619734970458           1.9931255753             -103.229589237           39.2697644844            -19.5007511407           -144.207266382           52.6821306474            39.761691627             170.428104675            172.058890885            0.0726881460139          -0.201591058653          26.7588706422            55.1392372283            59.6579072561            123.24713989             -132.991940609           50.7693048733            -141.615851458           11.2251703127            -24.2267098856           126.963654469            -112.512827539           78.1588552308            -5.33938093488           -41.1708128869           -174.261717421           55.5031029129            -176.263017289           -14.3478036949           
rwgt671                  0.376545107756           74.1958050497            0.0542699912335          -75.3712210382           1.01190329808            -0.376240000304          -0.918270850386          -1.01195695531           2.93854858724            113.889679487            -8.06062225446           50.8718191379            -55.204022649            157.135653436            141.731902894            160.637805839            0.0514390441186          -0.345129784029          81.2258886673            -86.7745931011           75.588106991             84.5798396328            -89.699005473            49.1276761186            -160.488412637           -92.9392709354           160.207036727            98.224477432             94.1445148762            113.507423997            54.5675542295            140.903488189            -165.372829174           127.932767688            163.74773609             -77.590437225            
rwgt672                  2.57827674177            81.5192019011            -0.110154125729          -140.803260547           0.143466756776           -0.336105831586          0.467264086144           -1.13651851781           5.3432423439             125.193749036            -116.51376559            -7.80173040881           -157.165989321           -53.5655214915           -83.484982974            -76.4196605613           -0.0449882064105         0.26220559791            97.4418505793            4.16696342355            -86.9749708692           138.501279105            -23.8289610121           120.732418912            31.9322876327            -4.8374198422            -146.387286359           167.882056263            92.3797374587            173.337965138            164.245576826            150.863097488            138.498447202            -160.316377133           -94.1421262223           -171.446994202           
rwgt673                  -2.29178269186           -37.8854967854           -0.0707628219349         117.850857409            0.255594785193           -0.530023095311          -0.983032862849          0.0521399431745          88.6138340795            -33.979345598            -60.6025796787           -23.6311443801           108.962483352            148.212747115            150.228001826            -100.591201856           -0.00600338308659        -0.122518718097          168.942240847            151.045889996            156.227051028            28.642221121             -82.2914286967           79.5608559397            -21.5940134165           -62.5605756147           -102.011967995           -75.2311271079           62.3163807506            41.3566812355            -29.7412875064           159.632658138            156.902840689            160.932633934            -106.818348768           -6.42830040669           
rwgt674                  2.31929935534            165.622949608            0.0426738161792          -151.060273959           1.30926873372            -0.390502746639          -1.11303166394           -0.0874561214276         106.353782301            103.228850641            -176.149481515           -72.9446680231           161.11912024             -72.6984631076           -46.6919652696           -53.6781200178           -0.0872561420187         0.374839234763           34.0171082597            -1.66753080917           54.4410890481            -65.5050496548           -122.60993522            13.4685402039            170.84050502             -15.0166734202           150.689999149            -172.412376185           23.3314536134            -76.6096087069           -155.985750554           -160.002033817           129.033836905            72.1341645691            177.367418583            -45.2566013018           
rwgt675                  -0.600309191683          106.170259699            -0.0635959509212         152.129792249            -3.12929174125           -0.0147489743285         0.528324975555           1.07946069023            61.1457091013            -87.4797331241           -117.950463957           129.081852277            -114.63206923            -91.272321089            -48.6754098871           92.509941264             -0.0191737803265         0.307541752142           -150.431631775           -11.9969621856           80.3454238727            -33.7138978487           168.192311667            -100.299949877           64.2023530241            -147.419780636           -66.6065965928           -16.807456615            -127.350217393           -15.4662481171           107.338756342            94.7280022763            128.271307689            98.6563883626            55.2186644177            -34.7013318843           
rwgt676                  0.666280842808           -106.285924963           -0.0971632383043         -117.084361918           2.17575083139            -0.527341542071          0.900532404649           -1.38150156511           -142.830382062           179.459382804            -139.877872332           -90.3706745656           -18.2729894054           -173.37176764            12.8431699686            -12.8000884368           -0.0720812508742         0.203354634325           174.205228774            55.3906327629            47.7034820481            159.009713912            95.7885933677            151.016331398            -120.322122311           -100.081791285           24.6656960353            -23.2507302793           79.3677655863            -107.064142672           -107.84285863            -37.2683801551           4.40857454977            -166.031087548           -127.004940292           -168.477186583           
rwgt677                  -1.19402129862           89.4920910706            -0.163790683388          -93.2488241004           3.66237079623            -0.240114264507          -0.588722772116          -0.371429010393          -81.1467473896           58.3735230922            10.746245416             131.40371773             129.53882552             60.3436641304            -94.9514644927           158.638812126            0.0814208084814          -0.276001910483          -154.640045464           -37.1622104068           -156.906034413           25.0446059406            107.080734521            70.4097712494            -11.8589349799           -85.2618022548           -127.826459723           -174.251173245           -53.18428137             116.736351755            -157.239186654           -166.688265769           142.94755722             39.6841383775            44.8120911645            -82.5115053201           
rwgt678                  -1.67853618782           179.582142015            -0.0108314595085         67.7200392277            -2.92731259595           0.380500846535           -0.245847925208          1.05076572748            37.6829503364            23.60485157              109.404071998            -29.2651031332           29.2379135423            52.0497788715            -23.1283963155           29.4743285734            0.0781399401312          -0.263669359079          -109.272169684           -176.782295271           66.9328606544            -108.824775602           145.374426611            33.9254876414            -146.581605253           -75.4116505494           5.64667702848            -20.0214997712           20.6918048626            153.693982657            132.169646694            -26.950390438            -176.836534204           -61.9268767724           -164.347495037           -0.258733849726          
rwgt679                  2.79165099491            44.8508713992            -0.223977511426          163.379537131            3.22877497906            -0.18202003579           0.155720099137           1.31642118131            164.339845236            68.6260268784            132.078325768            140.132266539            139.352698744            -166.118426376           152.226440561            82.1214720778            0.0856070933102          0.0546723434956          -150.810967288           36.2585751952            -141.015374456           123.327099494            50.7151667674            -127.749116001           128.296657587            -141.967635001           104.175772853            -142.185305541           66.0098153572            -77.0559869115           -81.9275262154           -20.308884806            114.033850993            155.656502728            -102.416555491           138.69912947             
rwgt680                  2.55110472852            77.8745677813            -0.213946018374          162.229845149            1.3646208505             -0.18447210251           -0.395275331765          -0.790277633066          -149.245791944           -78.2160882467           -95.6200078982           -51.5269021784           92.251210065             11.8188016566            171.922212325            -110.913050064           -0.0183624543313         0.0805127594074          -27.9543055481           -81.5713445943           166.005597461            102.874592362            -157.213012184           -97.2175088277           -75.3759621172           109.603563385            -81.2269703316           -100.364121639           -82.7754696607           -170.074586027           -32.2675649817           19.5397445831            -20.9045892707           -141.713932665           85.8973793922            108.56569574             
rwgt681                  -2.72366204016           18.2761275132            -0.0819295031522         -68.1045545091           2.34659173765            0.225035029716           -0.766762438681          -2.2516669813            -174.580756404           103.549918198            -94.2141211387           -90.708891868            108.230113184            151.526325675            128.929282859            -121.027571155           0.0888268282946          0.0614647720599          -101.759021047           -23.5123375897           -89.623156644            49.1775329199            -8.01579159517           -43.8994328956           170.569739182            96.2424352754            41.2959050912            -82.3514904318           28.8486639314            59.6724527413            -66.5949192455           -88.932504282            179.569604231            49.0806921288            71.0481589986            -49.0938418147           
rwgt682                  -0.206581522559          -5.01223358041           0.148588510671           0.0497405134035          2.89289433825            -0.446918696549          -0.38983829199           -1.50834086312           79.8046454302            126.066407589            -142.517437209           -70.0457529937           -155.962158794           116.694812099            72.3935697499            -111.823895196           -0.0714658009176         -0.0632594136416         23.0153678467            48.8333612078            -44.2878868959           37.4529163756            -23.0013068234           -120.362874202           -17.5225216324           99.025998737             -116.601844716           -149.056738399           54.9314713368            74.742836096             70.9254750661            57.0854278736            12.4148105623            -4.03146282564           167.481910208            -85.0158103284           
rwgt683                  2.50863385146            -133.973783954           -0.091942358856          92.2855441849            2.92953327871            -0.286150605714          -0.10825735717           -0.233503348488          20.6502352588            -169.177101491           45.4203877929            133.498353885            29.957005879             -43.8882227573           9.05997833555            -37.3849886755           0.0493604479774          0.203214529906           77.8596010794            89.832288844             -163.55106207            116.553635564            4.5670031832             -81.3575491404           -157.702957315           63.6157397136            -137.461686149           -55.0045422198           69.0942730552            -64.3778804779           21.2894685857            28.4204060892            -71.697613827            13.2611800828            29.6651803844            -35.6290266038           
rwgt684                  -1.5553216806            -59.8730381016           -0.193812691087          -87.1100767649           -1.94297411129           -0.113386395504          0.840994553694           -0.616175853043          46.165047472             -150.720240747           -99.7692070295           -50.7892788124           -133.410576121           -135.365803186           -102.786241024           -147.149271359           0.0263654797899          0.167680903646           13.1012604785            174.999660639            -78.6876312288           29.6621507369            -68.8457631165           119.35747628             -137.637554064           123.817551754            -175.624703821           -151.226285334           -15.6697259056           105.435835813            -60.5677493435           17.3903723747            164.800638276            61.8684710216            134.864265138            161.374085041            
rwgt685                  0.425580324059           -3.9886969245            -0.157504217253          117.623024067            2.00256027542            0.000359296286927        -0.898525591211          -0.705928253871          124.082301215            -5.92911100417           -107.340250301           -142.050527509           -139.468240833           -147.370728544           -8.12291900077           75.6448867417            0.0125907996428          -0.0847278742814         83.1404272514            170.710086795            -88.4208233743           4.02343550348            56.5394881345            -75.0963597436           136.883255024            -85.1217065499           42.9726036901            -42.4691710356           110.952229285            9.33142480737            -179.778813949           12.3031635184            -114.907306048           -45.3942899055           113.957681269            96.8647392039            
rwgt686                  -0.736553538735          160.707168114            -0.0915563497549         -46.0745932919           -2.54436061173           0.0821266920023          0.930054160945           0.749202219834           97.2828873192            -39.1537294626           -144.131480534           -8.32641636849           -134.664652742           -117.789523408           -138.648161298           30.7340770253            0.0510376155748          0.118638656689           42.9978984258            2.14025318268            145.452728567            8.83794199067            -7.29921951121           142.720576548            158.154236804            56.361712974             159.77052801             -69.8609877271           80.2537220299            27.919170582             88.819144848             9.95519223414            62.5297446577            58.5468506328            -161.746483509           60.9382659578            
rwgt687                  -0.05671773577           -154.223424995           -0.00429475188802        -108.132624653           -3.70918201923           0.184838750788           0.113821381665           1.46136099339            161.503305037            -120.114912761           -0.371583719924          176.21699802             162.040809777            163.182060478            122.204232371            -16.0219461831           -0.0269749380073         -0.326858540831          -51.1305919175           27.0045449568            -44.7701800959           120.867885963            45.5544362724            -83.9186609159           108.832591722            48.3219909899            -30.679992283            13.3726649807            -82.2554420081           -145.856985485           -116.250936106           2.54147946916            104.473776938            99.9809105181            15.9521335144            -89.0940479768           
rwgt688                  -2.60007029165           -142.78065848            0.141620798018           -24.0029566269           -0.258023261999          0.105529977302           0.530522641435           -1.26579022984           6.24443191238            31.115228783             -5.5494273679            147.508620743            57.1265786434            -116.236299616           -117.141504161           -156.924069622           -0.037630574707          0.0155600559475          -120.970719098           -149.829985513           96.1006082438            47.6167644626            138.39187793             -29.1449086742           98.1729724342            -121.208801305           74.0220319219            -27.9337407621           -28.9207732917           -167.000232026           -91.3592954537           175.426499429            -131.270711893           -72.2730415557           101.920451424            95.8435998581            
rwgt689                  -2.29389483158           158.386580676            0.165385612978           14.5109582345            0.359876795162           0.303414233165           -0.626434119982          1.53483017434            -34.8262683841           -35.2050657649           -97.0347283108           10.1032053546            -76.7281776971           168.275455356            -153.699246652           138.146314302            -0.0698114573609         0.0838866852461          94.225070409             30.8856391285            112.212251102            -150.861060631           -140.679465481           14.9653120266            40.7528414634            157.95340674             98.6398297261            94.2363669536            58.8163051309            -57.4454967503           -120.903679398           135.052895695            -21.6083742612           139.010223744            140.0097302              142.572190821            
rwgt690                  -0.423652168471          -8.6285976384            -0.104494700131          -63.2301130098           1.86851051493            -0.183778063909          -0.152306808616          1.10153505798            26.1920193248            97.861440454             -59.1132145944           -1.2387270138            75.7319226834            140.284770033            0.997243793502           165.316274952            -0.0804841592478         -0.0461438433181         -44.7160645064           119.159077135            65.5715714206            -55.0473098656           136.726610611            -4.27213694714           44.403871419             -44.2980496129           2.4579198775             104.418689003            73.5219176958            -44.3411347102           171.774177006            34.7512662373            -87.5534288753           -114.34391038            -26.2029828434           87.0056088901            
rwgt691                  -1.28191380487           21.1568440099            0.190574111444           128.778835029            0.46477959176            0.282397248524           -0.954368370925          -0.820705780581          -74.4632698476           171.427520301            -173.307763236           -179.442159887           129.350329947            15.3092303995            -162.129432825           0.485771286612           0.00359041080482         0.230879687004           161.684312475            115.783784595            165.477927971            -73.7423692733           -147.864656446           -67.1260967086           -61.2618467035           37.114033573             -0.050728955757          11.5329580159            -147.720714521           30.2828796792            138.170850325            -175.174020382           67.3090071874            -2.00572563473           87.6424398115            -100.371598908           
rwgt692                  -2.68001635979           -56.0526005494           -0.0547429247021         -121.254028151           0.127869924416           0.477837140958           0.871257207605           -0.780775618044          -160.00814619            -46.7578755142           4.59666507815            54.4146353661            -97.0083068025           -157.341107313           -25.8638907359           -4.87263558007           0.0630412795824          -0.0354466841657         45.0985383333            47.291485783             -2.59141731487           79.1993435131            24.9952448626            47.4104641339            92.1273556475            50.5868770159            -140.480419979           -31.063609975            12.4320239903            -142.697588653           109.322941847            113.299647338            -89.2743806581           -117.188049576           75.6797320365            104.414216715            
rwgt693                  0.0654162202643          -139.70987111            -0.132530627828          -44.365073526            -0.0624107316742         0.482171383961           -0.909616211143          -1.21381580712           -7.71096629087           134.48906382             110.346698684            62.9811295332            -170.34337339            157.205510123            29.7146281883            46.4122529079            0.0535186066219          0.208615945771           -100.758732217           -113.263698578           62.5105860686            -92.7493356416           -139.121160617           103.984294467            -30.9830527032           -88.6780363074           53.0037849379            -127.126434609           -41.4999029053           -110.663626945           -162.72990614            157.238092133            -75.6244998532           164.497269234            70.1746002247            16.8565494353            
rwgt694                  -1.87772292607           -33.9494858092           -0.0910711463675         132.557237388            2.34655508071            0.0155151885732          -0.45400957589           1.153417019              121.596355984            43.0700747501            -156.599518533           -59.3008707426           -82.8789831823           -113.765604836           53.2614806811            -16.9203809958           0.0832206804474          -0.213514323928          51.7971867632            80.102581378             163.560809455            170.551517437            20.3528413355            -141.553406179           -124.234054385           155.742158745            -79.4689972149           -123.083713756           159.271057175            -139.515534225           150.207700639            75.5044247436            160.28504305             -28.0937516996           25.6461156324            111.081074504            
rwgt695                  -0.162216618709          12.247591547             -0.0227421178385         112.513328612            -3.05647768866           -0.0384961871615         1.22987853619            -0.488380470406          10.3293594185            -113.210698487           -46.5529996812           -140.136946612           107.089121326            65.5479972226            75.5896081399            56.4737308646            0.0784256153627          -0.269301874835          148.904766251            59.8253531804            124.325035687            76.0400256758            16.9708144363            -111.562920555           111.190862238            -74.1451296543           -136.204241771           12.548015864             90.5729826712            -125.194075303           -60.3359563866           -33.1730915559           -158.178504127           23.5337179176            133.671481817            157.175588229            
rwgt696                  -0.307163754701          -27.2102008682           -0.027140317028          107.758178136            -0.614116737382          0.276979549394           0.403609788752           0.140727608697           152.388722074            131.915613221            133.643763165            -0.162333745079          -42.5597119931           97.3278663061            -29.4497943275           -34.066241665            0.0434134997023          -0.21510521485           -52.4645002859           61.7232709532            82.3399198602            -90.126035419            79.4616169664            77.1944861473            80.0265059983            32.659146759             154.53110575             -67.3814684783           -147.171694877           -102.677672948           146.677224175            -77.662803261            -114.975930408           -59.5462954715           -112.539036642           38.3531879724            
rwgt697                  -0.0146852901774         -105.649621468           0.233494010649           -160.798703966           1.12030732703            0.148010243906           0.179650010739           -1.51638184461           -125.008879417           120.353839463            47.5618151314            35.6389821885            -144.707357993           -10.1076442407           86.3953297169            -91.8288787266           0.0447517334002          0.0738776142231          28.8267783081            -17.8285336277           119.145815146            150.123985471            -6.28367410556           126.20171607             4.36350505093            4.29724848464            131.839027914            58.8492323114            96.4513815009            88.6639247248            -169.612975827           26.0862802364            -172.764398018           96.050349825             -46.707599221            148.750103317            
rwgt698                  -2.96085940509           -64.3034611231           -0.154470268282          154.202343855            -0.13336096569           -0.210856894491          0.580236799628           0.158035610729           -69.6352305748           108.869185708            -52.5084031505           -139.642090221           131.44451602             75.3092674642            -155.571283357           -56.164440417            -0.0671047182144         0.247313772141           3.01107792916            -62.0580093959           -10.8891817917           -19.364839387            117.827874702            -120.074728756           -83.6205908074           -126.69321681            71.8257098631            -151.540188357           64.6375920182            -139.741762382           63.1865671885            -97.9499356649           -88.8176148507           37.8837265167            28.2933930534            -139.881611056           
rwgt699                  2.35978473241            4.64568398132            0.222645881156           5.58805862523            3.42871487123            -0.452547692754          -0.201684087549          -0.134081178255          26.8094419006            126.603131926            -60.9844129418           -175.064441606           -129.707989764           43.614090454             64.8374112097            108.90816467             -0.00767659291455        0.374470708914           139.727222168            -83.6815826411           61.7289649094            -46.6658707923           -80.1244389237           142.381221408            109.479027915            -141.579881462           -175.044956277           -29.6993205566           23.9032813389            -68.1270566151           2.51836514176            23.1814059971            -99.5683868639           -7.43019072554           173.029802965            -0.125841019872          
rwgt700                  -2.02783480992           -149.982139083           -0.0499474156062         154.477880912            -0.848472059141          0.374316975914           -0.661505446528          -0.931674914341          -161.003253899           108.644114696            -57.1747128591           87.7590563147            -88.8064754673           -123.808651758           60.1267247053            0.475769967587           0.0579112033888          0.367462547604           -3.44220412604           6.07840035255            33.2179763561            100.04510239             39.1839450849            -169.156376269           -163.575468823           -132.599589668           -107.548455554           96.0933154437            -125.297048054           52.0646640484            -133.07782128            -8.87560600136           40.9084203737            -5.5458579877            -26.59552353             84.1031791807            
rwgt701                  1.39056358863            159.372184509            0.0930417052232          -125.926089528           -1.36074462132           -0.496810450138          -0.432611594993          1.24571832842            -4.07444254613           68.1322028775            -159.299031559           26.5013528106            134.991962955            72.8980084244            -174.642966747           172.74157829             -0.00658719745319        -0.25246163029           -94.4104974214           -143.748448358           105.638977619            -111.391948386           73.4985519325            -120.543879966           76.0822491524            -52.1153618176           156.181376852            92.3816919936            -171.626114163           -63.3011215044           25.59254252              -122.082704159           -53.3392846253           -156.184014278           76.0439783254            13.1065668343            
rwgt702                  2.46706162852            76.4637099703            -0.00991042439608        133.618710526            -1.65872023378           -0.343949836802          0.715290239476           1.63300595748            -166.310521658           166.069802393            83.471886022             -122.289952555           82.5022379749            -147.597502921           -19.3223106578           -174.806436423           -0.0880331126967         -0.3286294737            -59.8125750624           42.0637614647            127.893604746            -86.7350180613           -77.6298367905           64.1571870494            -143.731177992           134.243713079            -90.3884175553           134.350393845            64.3176514269            -110.517138424           4.28274889472            99.6623511143            175.732423714            -54.5422153235           179.582631821            113.320792346            
rwgt703                  0.122482984058           -74.7359937772           0.215730141877           71.777149929             3.49230722018            -0.213198248237          0.095450091909           0.151460272116           -141.882674203           -152.183404991           92.201825981             -11.9496886279           -5.84108510786           -82.1718237156           176.669351248            -114.594876262           0.0120755914077          0.0410507051397          128.650411528            -123.516402201           -94.5093607919           116.499299998            103.060171648            149.662261059            26.3262659366            -146.318064024           -9.89364160555           -59.5160309983           -31.4499190098           73.5377331684            -51.265274181            3.21274719166            158.038904092            -116.651968372           -113.709964797           -96.9530711777           
rwgt704                  -2.65499169107           -142.807296226           -0.147406428785          61.4671190764            1.18584543024            0.448832223466           -1.13854036353           -1.53772057726           33.913352791             -42.7932590602           -137.555008925           35.0894554552            -76.7188668325           30.7538759972            53.4627063619            -36.3375171855           0.0582267100298          0.253196414583           26.1277219719            -61.2257946995           -166.253836656           112.339579679            -54.4893837289           168.194980565            -179.186939287           96.3865643348            -169.106210001           158.043124339            29.5980813435            11.5003357043            26.4144171405            -102.963213884           -89.4687983183           -29.2275555043           82.1617638388            110.003307816            
rwgt705                  -1.67154258058           68.5788681129            0.119830975122           -48.3143222702           2.54544107437            -0.503925949691          -1.15118515475           -0.737599392164          -14.7929848153           102.699918187            -104.238550063           124.806979661            -13.7501937622           -76.0848844176           -27.7676323766           83.3846554094            -0.0256730687691         -0.243148327737          86.9678543573            -83.7007136736           57.3652117248            45.0812800357            88.0569170547            29.0987692351            44.9013009519            19.8364349766            76.7629862641            8.84169417311            -108.678377618           178.222417059            79.0359229096            -14.7291959902           54.6724167965            -136.357775971           25.0908677074            17.3218800668            
rwgt706                  1.28856256805            -63.8409576842           -0.0337679736287         160.412822625            0.729660245699           -0.320896007732          0.613051254129           -0.650019095641          139.234007628            101.68639747             -76.7911301065           132.70739444             36.5047858641            144.667537975            123.256250213            -130.968739266           0.0187076609258          -0.3057354893            -65.1672527447           86.3959570996            -165.397733032           -175.160733295           -128.096283978           -58.0761201198           60.9005221812            104.211002801            -127.647133178           96.1244709538            -81.9736122566           -57.520556088            -57.0660211839           -156.749770084           -6.01610490684           -8.0810974916            28.1052014043            -141.54033009            
rwgt707                  2.29750835827            -71.4406281441           -0.125394908747          75.5849020251            -1.39579903712           -0.461554797063          -0.572457687037          -0.186409723283          88.4829082614            -110.201004305           108.647719447            25.9520761619            -106.516873853           9.22067977488            11.7028448718            -24.5831820183           -0.0104887755636         -0.211534330343          7.25781271121            49.9586073116            -172.326262381           -139.448140485           -103.060735042           -45.3293910575           -120.289814345           76.2169949527            118.138595668            47.9781750068            54.5585210976            -91.7229791749           73.9177861217            -87.4296549491           110.340334551            -117.822211061           100.722304103            -110.77998253            
rwgt708                  -0.857004882606          57.9718660431            -0.0267672369487         -53.926401662            -0.788479496894          -0.23334969354           -0.00890010867862        2.40842389152            -5.80668951262           -84.5655575379           173.007999367            15.3165070531            73.0957640852            111.832160462            -38.0813838329           86.2740459218            0.00177255817437         -0.0618785703608         107.344364592            -153.014802985           23.512513474             -3.9389499564            147.882154895            -176.345544674           -127.751657204           -81.4025199181           -160.380666415           38.7257102826            13.0906079828            -40.4916553883           99.6169064622            92.5628907872            -152.777921098           56.1359526961            169.015321987            -89.3164061533           
rwgt709                  -2.91256572051           19.7150507323            -0.0904179111087         -155.190997445           1.23753197952            -0.530616337894          -0.601423939793          1.21828260901            75.2927222055            176.410791952            105.148281058            -65.3223698471           -85.9764972127           -4.11860128887           -158.825045928           63.3951791577            -0.00158700713479        -0.234724354335          8.43382584433            26.7202168595            9.16746747239            -173.678372744           36.6978296104            158.348045389            0.224707164604           -40.7083203483           -147.930427796           -61.5083133157           80.1044499557            128.757394605            84.2133457528            152.524302002            -10.0880059871           -77.4037814182           -89.5005453061           -72.903750456            
rwgt710                  -1.11279824765           66.4944482747            0.232336841439           76.6912215526            1.1029055431             0.4290250078             -0.267482458708          -0.182212254926          40.9624332735            172.124223538            158.187036108            -10.9701691521           -21.6506659399           156.00967515             -121.409495649           63.673451897             0.0691506390133          0.28396457604            153.906375231            48.7034614979            -58.6663588149           133.115588212            -46.8893379764           152.953686762            -5.86584096915           28.0660079809            -45.7702623721           -16.0358343173           -80.2098270045           12.5606379005            -121.038931822           -166.625895916           118.001259822            -52.4363781599           20.3167015578            -60.8827587225           
rwgt711                  0.0493565416449          -152.350448981           -0.0570342548431         167.056040098            3.40559351635            -0.274236655743          0.485205364266           -0.375391129453          -88.633584739            -84.1468434748           81.0727729647            -157.396003258           21.568929423             19.3595256265            -42.3713955894           -34.6716494274           -0.054343745024          -0.0348769287021         -36.8543470525           -8.80866683838           129.525442669            -29.739763168            96.5200850603            113.38869097             9.50911753353            -178.511428931           26.4945729432            160.237272796            164.22790107             -11.6543908835           152.333081662            151.867416619            118.641447425            85.8547907718            82.7777505711            20.9294586473            
rwgt712                  1.48103275602            158.53460447             0.0908451505546          -116.31656897            1.53453168311            0.381256401608           -0.756960579992          1.66550114382            159.819555068            66.3211430279            18.6066138019            -149.657685809           -5.27477116881           69.3892124903            78.181190064             -50.2570708263           0.0192100169931          0.202336921074           101.599089463            -47.9110930123           79.3888421034            -155.811274973           2.92166992621            -127.626116765           13.640159193             143.401960853            150.293363743            -7.89868621651           130.423964633            -79.3043659865           77.2074694286            112.699774219            125.535829672            -18.1694573889           135.82140004             -107.421578652           
rwgt713                  -2.34132686942           -71.9280290697           -0.158124730223          -8.52351760299           -2.81197982975           -0.137152628879          1.23399736147            0.33404908217            65.0065858479            23.2937850715            -120.241840486           9.06976820079            44.7954072831            154.091696115            -165.867181556           59.3422489871            0.0464271566469          -0.148972526327          0.74834059917            -158.242232083           -105.171584756           -144.742527496           49.8865429792            41.6442646116            77.2257119347            -125.326770205           -98.2633145061           157.191841678            -128.743911755           176.219953231            -94.147047965            -108.076117243           -150.520793681           -153.25832766            -140.629000397           170.568039229            
rwgt714                  0.712279420064           82.1672588409            0.0794357765155          -176.896079119           -1.91158993716           -0.369239854056          -1.25361955136           -0.742587891579          -21.1488371261           -168.002216199           8.21041189263            131.445185576            -167.201403064           -155.668392054           -125.09386998            -155.97654417            -0.0579220877543         0.00505285929638         82.5340530728            -91.3259921115           102.042083212            162.0903686              138.526544303            176.571526779            70.6969954925            -176.276932709           142.615747468            45.0999675104            -174.946875786           -82.3854470824           162.851141114            144.092249626            146.057132612            -72.7733765572           14.4352186892            -15.5539108059           
rwgt715                  -2.56105785801           -166.389017453           0.0211889776571          28.2323561959            0.816336087077           0.145631071591           -0.0442442815568         0.186114720447           -105.411334967           172.594532251            144.7089332              40.6267754311            -114.797167832           -127.674348145           158.701330382            21.8201507397            -0.0800545678113         -0.161481837477          -141.255005349           -105.678566044           -21.5838073495           -8.94580780687           62.1621577675            -124.826721064           -5.82099193271           73.6703162097            96.7687107647            -60.3330474007           116.972982464            -93.9225795552           155.454361237            87.6783421237            19.2258130859            8.74857396744            162.563638143            -52.4818381244           
rwgt716                  -1.55906295315           -84.2710827531           -0.045687613586          -160.456683692           1.62926128701            0.33509585751            1.07175606375            1.07867718422            -85.6908242947           -9.80679298025           140.416443598            6.04791123377            147.186821464            160.614804229            -91.033375703            50.8435332055            0.0180762322294          -0.307514852587          177.149236954            -174.402219524           -156.431321494           -131.228866858           151.88918175             -7.85188441731           -30.5446782549           81.9731567959            172.353998364            -37.1203304108           -30.0132479717           114.676568697            33.0712989929            -7.47890647562           102.916385925            -155.212046222           86.8353369739            96.934606511             
rwgt717                  -2.72830346634           -35.3752719945           0.108935558972           -156.795366779           -2.85277728281           0.475724035666           0.779650962357           -2.12938461838           -93.0154749918           83.247655662             111.619301023            -74.0595595946           -49.3548284905           45.7001741205            136.052901632            -18.8641132284           0.0234248869365          -0.0470683173101         21.9563448681            8.95829700306            158.072393027            -61.6080574328           -65.7635444222           110.343855796            -115.435612457           77.5991483271            105.176849322            -112.955968355           127.92899693             59.6577395951            -100.614560518           -49.9020699398           142.254602064            -177.800031783           -107.809823375           -49.3368163228           
rwgt718                  2.00075239635            -8.6444644855            -0.0655723443247         136.955293575            -0.218475272147          -0.288078290673          -0.958231636537          -2.33997081235           96.8866227802            138.083136137            149.699072644            0.563761345856           143.52480393             -101.562097396           -61.8031718369           70.5470732871            -0.0705087562174         0.294680334314           -109.836364688           37.3227310262            -111.655398042           -92.0355290997           -34.506254153            2.18267220509            -91.4378465887           65.1039513261            -66.6752343959           62.2742702431            52.2423247385            -37.6598484905           -17.6768179431           -119.356348829           -63.4128480197           -19.5451591357           -146.619586066           -15.2264814095           
rwgt719                  -2.69455466072           -179.620759924           -0.00138342357016        -146.862399099           1.01851311541            -0.456682801787          1.0949970605             -1.86309248664           74.3818337591            40.9853606815            -150.689374956           38.1887714018            118.207905408            -97.7343225185           118.45666172             176.901892091            -0.0879839405349         -0.267599338167          -144.350145154           112.193448066            -16.6338129242           -90.5305275061           159.560041721            -160.71118512            -144.079529185           92.3093804062            -121.737430811           -29.0355415391           -113.715025078           5.93601390164            9.91142591115            78.5864197647            117.537926024            145.416604699            -90.8428259393           -123.077252617           
rwgt720                  2.90772289144            88.5068696058            -0.0769745312804         40.6629644885            0.590846852235           0.328312839685           1.06201089491            0.635187551379           -92.9259505937           -25.8396936573           143.558252566            -3.14076894627           -127.854826049           -110.56584308            -82.1657941946           -38.6806107727           0.0629321129499          -0.290933904538          31.3195819751            3.19306219206            172.387018497            18.1783043663            -11.3633116085           140.718781112            31.5291606493            -19.4937024805           -126.19220538            127.803990193            79.1482305311            -167.623788711           -39.9636798068           -6.70634619451           -165.203777953           164.73973957             152.926505488            15.6421071282            
rwgt721                  -2.87474826049           158.44103829             0.189290427664           -33.6533167503           -1.43337717922           0.0885959670538          -1.27001933787           -1.2601277396            -139.848019576           1.97254613671            -0.516094156416          -132.950840686           145.503951895            -135.438264233           -120.819406548           48.3172417795            -0.018390262885          -0.0190209061689         -102.876451607           -19.2578380143           -114.062160666           56.7605568408            -19.6152306882           -146.60263353            -95.2450348832           -169.082026677           -54.2605344349           61.9192424232            -171.167361114           83.0798746331            -112.727005434           63.0739607963            45.1142070423            -77.451528072            -6.89366057972           97.257697973             
rwgt722                  2.92612843388            -136.977561454           -0.08119927931           158.837287704            -0.459645184663          -0.343833687779          1.13162281224            -0.390273875542          15.683997796             -151.438106604           -119.902404484           86.002449725             61.1404750791            -41.2417976929           90.9566260799            -31.717974865            0.0423337443015          -0.0756920572328         161.879771264            134.627653617            132.061572087            172.821310191            -136.222017359           -89.7833026148           -70.1993674595           -110.379942523           31.3670461409            -164.193889444           -118.270951939           76.0748071291            91.0615642964            116.314530624            169.027908822            67.9250497487            -130.472343534           39.0470321716            
rwgt723                  -1.06137511455           45.9601111859            0.0917124060286          -126.72453984            3.54831427355            -0.518702180724          -0.862570289577          -1.81869563406           -170.306341119           137.873343651            42.415182996             46.9742523               -137.073562297           157.186224702            2.84173503483            -171.082001032           0.00188567487755         0.260651238735           122.190572285            -157.588005299           60.6032089248            -168.321318499           172.173928818            -58.1640344421           153.2929282              153.3785095              27.8315256315            -33.0032263669           175.385620605            -132.965943757           152.768495396            -144.226797513           154.914361736            8.74313172858            -92.2959268051           -108.86331322            
rwgt724                  -1.65470933299           169.286567732            0.219440224549           -43.1260513466           -2.06088794309           -0.41630302484           -1.03219407839           0.728930601881           125.311392958            161.838729281            -55.3684720266           57.1787337081            126.848690562            132.368292123            143.974790096            150.937871094            0.0627343525721          0.158197697138           -39.8608844382           35.2822073711            174.899798372            -60.2549011621           131.827391428            128.889450969            -26.5263713218           -50.0061429726           151.887979644            126.51744098             -67.3471239379           6.86202241792            -55.9772195738           41.1621465499            140.482678205            19.7750168857            -88.1230991596           95.0748604248            
rwgt725                  0.845391020921           -122.516253613           0.185411873947           67.6924582676            2.22391088484            -0.228468648472          0.103425984336           1.65909005606            -105.678782595           140.927063095            -122.744417674           -137.427850556           -36.7741925519           30.593744002             146.74291775             158.205449739            0.0292407497313          0.300056148182           -140.922821318           80.0847815101            -133.638205265           65.2901271823            154.113750402            -104.828556027           177.812772938            8.42795588352            -132.900918034           -55.7846601388           77.1634615932            64.1009041825            68.9677719543            52.764135941             -44.491203608            -8.08576918583           -145.805286784           139.907110156            
rwgt726                  -2.58884227513           -128.430543816           0.0649774620103          67.9143361433            -3.66650869213           -0.0143668941024         0.825234510288           -1.51038184146           73.8973435047            -120.402714222           145.034782184            -80.2870566614           169.24482781             124.566169233            -88.8056273595           -143.636880771           -0.0521394478558         0.307951330236           -166.42437442            -13.6311441372           -149.940287213           43.8943300923            166.509572323            175.28241051             35.8395982485            10.3751414541            -44.8364677548           -78.7573013622           60.0778837336            113.31504936             -101.519447479           -41.7520933736           54.1761219157            91.9869164165            -108.141243492           93.2984863876            
rwgt727                  0.811356984721           83.6066292125            -0.217776037026          -64.3894707182           3.49313429776            0.327217729859           -1.26253451054           0.0891035421099          -142.133287637           -124.742326211           83.3970732722            -146.011917335           -51.1440177283           32.8799859877            57.2190686592            63.3662859898            -0.0585100834736         0.0740541685179          158.515605238            -106.233390768           90.5082910317            -109.677170475           160.02174899             30.7165229841            66.6569586614            144.955311378            -155.716172588           61.507890836             127.241471474            136.077513462            -86.8543727899           -57.5738114384           143.561941636            49.0832440753            167.728447079            22.2085673067            
rwgt728                  1.40405877418            -80.9854908315           0.120670001973           -57.5123182032           0.500539230523           0.102499116845           -1.17378637646           -0.339221753572          165.996553043            140.535693369            91.9295616451            77.3995503088            85.1753103146            -11.3396912404           -155.62118528            -92.143052267            -0.0392484160141         0.173344876312           170.984778983            3.94207023261            -19.3765605025           -140.890963447           -106.464304452           133.914192905            -16.4644644664           52.3162707508            170.382569372            -40.5961016646           -7.06620206825           32.4386319878            141.23657627             -84.4110006742           -177.148268001           -71.6333071285           -151.364545911           -177.88654485            
rwgt729                  1.16728253388            72.799816348             -0.211583703531          20.1154905349            0.496038824031           0.121007423382           -1.07222563418           -2.30660517276           -82.8056456954           -146.328601076           -139.412111834           124.155468562            -50.4262739085           -7.71029015352           -2.59914170455           -34.2185063745           -0.0599405184836         -0.129689003936          -83.9439343882           -177.631862289           -46.9039400422           -5.71999543863           -97.5664317115           -98.4757071794           -84.1812091677           19.1296611647            -117.349268324           -152.727202753           70.4677110533            -127.602316807           27.5556053484            -61.5957698229           104.6026113              -167.882208738           122.224498616            51.1009265196            
rwgt730                  0.804677357882           91.9603359621            0.0672611567617          74.8171144137            -2.03929678351           0.489178626425           -0.437249936754          1.66938274458            -96.603632329            -78.9651843343           -14.463485906            53.101782422             2.00433625881            -12.54921799             -143.279301645           -111.063543376           0.0355562118206          0.361974481539           -65.5090169297           32.7861125971            -101.588273133           -101.880271858           179.410740985            -136.471110554           63.8368587487            -35.71040268             -6.98748877675           97.0550877356            -100.606992253           171.758418381            -35.190268559            -105.470321244           101.240810813            -139.958227515           72.3972904162            59.3840932571            
rwgt731                  -0.772444775544          74.3106099593            -0.0325680598608         125.898115616            -3.23544793993           0.0464918431059          0.384420310869           -1.65318952343           -138.321372383           49.3488394088            -43.1601980712           -145.423935653           -167.094526145           148.29468321             135.254246292            -158.401262435           0.00265419557839         0.249655503207           167.077322234            -15.9025762717           -51.0714565172           128.047203017            170.470588511            -128.315996512           -138.291047144           -48.961721203            154.012691367            146.489979323            -63.7385473342           172.132448452            -60.573453549            153.791795088            -0.0461354050559         -6.46082184505           -68.9513814514           155.661806207            
rwgt732                  -1.08831003315           17.7086394494            -0.09567093256           119.467778959            -2.382193774             -0.418158113002          0.171191382489           0.346548917591           177.527247924            -128.912002718           156.15604168             17.8332557141            -134.45212831            32.597246305             -24.3623585548           51.5130423565            0.0371788074223          0.174392956013           72.0398071859            -110.056781728           124.32418226             107.841491918            -79.0211747986           -109.207916027           -4.96947817169           127.725894756            -24.3115925204           56.2732548487            -135.955853416           -157.193437157           22.9665435281            142.103233648            174.340349266            -142.679236153           30.9790086084            92.8702125317            
rwgt733                  0.0377622126967          25.4859255355            -0.101462655768          -162.866282786           -0.997312831134          -0.433253231011          0.56362874621            1.04855661655            -76.4459533008           135.239099688            -88.316672817            -113.159428509           -121.786580384           -65.0856643162           84.5339252929            -38.250477035            0.00747830621662         -0.317477946027          -5.74503942277           158.699871328            12.3799731805            68.0198478313            150.881870284            -111.475276939           115.010913431            -48.0700567272           -149.970609586           -124.866688545           -32.4952871626           -128.85273662            123.014587349            127.941709587            -1.06912480078           69.3929893708            19.6439256994            -128.219044086           
rwgt734                  -1.94163962899           -82.0539888488           -0.0284373533335         -57.6132843542           -0.457928847431          0.182275411669           -0.300613607763          -1.26993309138           -157.012861321           158.184135949            45.8148377946            -114.012539987           83.378480476             75.1239209184            -28.6219824223           144.740834215            0.0691201426315          -0.119267984276          -73.8068217225           51.7236286412            -76.1960207908           -22.3533348387           107.71069821             65.8718479111            151.646704927            -123.805941708           -42.6260751591           -162.873121622           -117.013479822           158.502098906            -155.357527432           -134.712162319           -104.313770867           -34.9769686629           51.9651053535            -93.4499420235           
rwgt735                  -1.96857033199           10.0956901583            0.187525343751           5.87478633915            -1.09692740375           -0.0629798066041         -0.795948016469          -0.317167060065          13.3515157654            -158.555706923           -127.658853004           -144.264873784           -159.702001809           -167.211673534           -30.5671708047           -94.8983616968           -0.0132590181404         0.0677058195381          140.27372796             -66.5534053558           -155.516377509           109.523822513            76.1669094853            175.027249               49.9260182035            -154.525410382           92.0343897759            -63.7938721928           148.4921987              -137.808648094           -175.062301022           -113.134397957           -0.854607367981          179.905892802            103.37307414             -142.242753629           
rwgt736                  0.965291354989           -49.6599168695           -0.204529676469          69.0676311247            2.64275360743            -0.127809597947          0.709096270729           1.5162750539             -151.700468965           49.6959198312            68.8020890466            23.5921973639            -5.56461615304           -121.661131802           -29.3161315286           0.10127414364            -0.0494572984728         -0.1252847649            -50.9950947161           85.4740857386            48.9799647817            -177.121687346           -0.462237597492          -6.56228426822           -154.376243445           169.304090565            -110.056564557           106.138060193            -179.914494769           137.74843095             164.091135175            -45.7956140055           29.2666281334            134.479920547            141.255556161            -15.6962114413           
rwgt737                  -2.47200372235           -50.3622086991           0.212031791717           -112.116054762           -2.56657579722           0.473499769105           -0.925241013898          1.5782091552             110.380995231            176.817717631            91.6950719552            125.449643743            103.381896073            114.224468135            -93.821740816            15.3463972894            -0.0276308047908         -0.158644243747          -122.830926393           -104.452294793           178.446295156            -129.576292654           112.89409826             -86.2710826371           -80.0670173148           -94.9788644128           -40.5701541069           96.6133923656            -104.417337929           11.6617887633            -123.693877835           -1.54093136235           13.1699457169            25.1953720457            -102.515327769           -100.317763449           
rwgt738                  -1.0436879325            166.535726465            -0.216148429958          -9.86563593771           -1.20541717908           -0.209640975896          -0.191665283592          -1.66425012856           131.662224808            -104.328284795           36.8369172655            -62.3186978999           176.641815681            -124.104897786           98.6137324059            55.3087527061            0.00728850122963         -0.0972632952495         75.657159431             -113.785130936           -156.710192878           174.053349931            62.0031814907            152.682631877            120.393861596            -88.4385528467           -18.7561698841           -94.2067888697           -123.858322894           -73.6781849322           -47.6943968351           122.99392552             -174.562046788           -13.4164555271           -19.4845578366           -53.155197698            
rwgt739                  0.0826869490863          -13.1165083189           -0.0242021327816         55.3283356908            -2.26988998555           -0.371803365069          -0.457242330153          0.465053154016           51.0270153798            157.421140222            9.35796686667            -46.7072250806           -123.612007818           157.985043434            -4.74942375554           -145.683379391           -0.0682611852082         0.0536432367129          -34.4239227836           -22.4228213769           -86.5649495637           52.2431430936            -29.600400762            162.378204931            -100.217244138           94.7900471834            45.1912609203            119.190823666            -17.7322784242           -67.2267156663           165.928302679            -65.2875053375           175.859422943            90.786165656             84.2434640108            -59.7336435813           
rwgt740                  -0.574521517543          -47.3456675514           0.185531224563           -25.4033565711           3.60557650056            -0.397768438104          0.269331311436           -1.08746382191           80.5986532367            102.486306476            4.96584103719            69.0307233478            -104.195835117           -9.75441156288           168.540395021            77.8197325683            0.0630878246785          -0.185860362276          106.20378933             -63.5219225316           89.0517144846            -172.468992086           -26.9510033615           122.884131876            112.699421133            131.648809385            -121.462129965           -61.8971402549           29.1787572415            167.540744662            -132.752654192           -40.4190127509           -76.411883282            -148.852759639           -49.8344365369           -100.143156047           
rwgt741                  0.576398780322           -125.282939958           0.188954557921           64.7331120095            3.30740326594            -0.424138848045          0.594792679412           0.803442612298           -131.321329472           -2.26699114252           -118.729402421           -4.21936659726           -124.452835471           83.4029802792            93.834617993             151.242880245            -0.0210244648901         0.206994040418           -28.5136438677           31.6654846082            -137.683419103           93.3222803687            112.324407399            -109.35325792            151.168471533            80.0133827004            -157.774332669           -134.724737999           -77.3882206118           115.148522919            -25.3530854276           -147.767163756           -9.45167775733           4.31118881194            -142.036418502           -18.8152182539           
rwgt742                  0.8821429325             -161.525819972           -0.200818586948          44.0574021085            -0.713573800375          -0.432044796511          0.0912770779646          2.27419195996            -58.6490174966           -1.6473370451            93.1784007605            -107.50115372            29.3662452116            161.843148396            68.8310888619            150.535733918            0.00319474264046         -0.16131054156           -171.356326744           -4.21616478004           -71.1962431778           -49.749730287            -27.0147774051           78.9369761599            -34.4836758456           50.3468786304            -55.9607986977           -143.138424437           79.2056803119            39.8936407725            80.114610156             -70.566171566            -59.0359093225           -73.7172106166           -93.2045039063           -78.3018355616           
rwgt743                  2.6444033758             -28.311228843            0.138811340152           -3.49466252332           -2.54760079322           -0.448867330821          -0.712456425332          1.6014866635             38.7371568189            114.264582504            -148.603754235           5.42411510019            -73.1726773437           174.715804782            -170.839843007           59.6103791788            -0.037832610276          0.313507751009           6.45757707905            -81.3981477976           -7.11665904148           18.8291004711            -110.557964691           30.642654072             91.6109487743            -17.1456860585           -46.8141533851           102.228242933            -109.284528679           173.40715239             84.4572826721            175.162008762            121.308888295            89.3377768628            118.420068834            43.4966418068            
rwgt744                  0.623514358833           -145.271239824           -0.215578928766          46.1306024296            -1.07549452674           0.309221542359           0.214984055051           -2.36915634261           -168.193135839           -75.6086762729           -29.6458367453           -111.06638467            154.024693972            -96.1456686839           21.4963576486            -48.1315351523           -0.0649530094354         -0.00259658488369        -170.226223125           -29.2065079968           54.136922849             -4.99175408765           -174.220517829           106.324477505            61.1743110162            130.950863712            -30.893701795            137.924192261            -170.203418203           -129.817226159           -139.311639471           159.678818811            -66.8817143448           51.3098163271            13.9516059556            -62.3212916195           
rwgt745                  1.15031893974            6.81382067033            0.152314764723           116.089028222            0.867527472399           -0.0762249081232         0.391692069083           -1.95367000573           -33.3508207995           161.341183221            -125.696612884           14.0790068988            -78.0608981986           79.8717955984            -143.697563892           37.3680033565            0.0513149408607          0.242158089616           -9.03566688595           102.788954482            -32.1889065662           10.61444798              -11.1786432918           143.69054941             -17.9387314686           -19.9958989778           -49.8788687143           -12.6806661745           -166.543861749           125.38380315             99.7996669366            -40.3596430946           -97.3930977619           154.18976028             -8.32833632604           -164.827838957           
rwgt746                  0.707243157229           41.0518343722            0.117287649659           -145.455297249           3.6910130979             -0.00621952382126        -0.0865456303676         1.42354260497            -56.3007598766           -84.0536453457           -147.314290632           7.083883048              -53.4085924994           -56.6373664409           77.5697803964            23.205868551             0.0164088982757          0.352176950617           52.3264661706            -81.5813774673           -161.642181793           -146.398331156           -6.80782428439           -46.0316685074           161.497936218            117.969190884            -60.849536882            -7.41140255707           -70.1808857664           -123.979083564           -18.379536912            -27.2601864854           -48.4327740677           113.30922074             -164.690001041           166.603384504            
rwgt747                  0.948421982852           -27.5099742037           -0.153269409827          -84.5663892321           -3.57053678132           -0.437278049493          -1.20814783873           -1.99353881534           -128.210908529           -26.5524836953           -24.0755606841           -175.352049526           132.29002943             83.2146183521            -132.029886184           74.5776802463            -0.0251354755299         -0.151503974489          -145.220590286           68.7742843689            -78.2289303772           -52.5043698583           12.8652362568            -35.0986814598           35.3800615402            125.521960622            -44.1100568433           121.958505997            -174.675345582           12.7314306455            -167.884541181           42.665055534             119.017566033            60.2348331856            156.975683692            59.8881006347            
rwgt748                  2.68249712285            45.0130454332            0.0864803579698          23.246133236             2.33008663998            -0.271798369062          1.20631206746            0.719851944251           128.326404301            10.2921665587            73.0461183354            -43.7948868208           -146.261916845           -22.5243843293           -68.1879889272           55.6006409463            -0.0398597155204         -0.117444145457          70.3972604101            145.94605075             -5.11303581986           165.910076303            136.317388814            -11.7131303671           -146.603401726           -100.69919223            131.623050701            -13.0125384111           -121.523995172           -148.556567808           47.5321804342            105.680754536            -68.9889741352           -80.4485775508           -147.685846609           -25.3793511506           
rwgt749                  -2.82285364049           101.883548867            -0.189181304536          93.3818359478            -3.03104869448           -0.495872163049          -1.00044716895           -0.563013533982          63.1368889275            -77.0704412984           89.9200386523            -152.615219137           -28.7807526183           175.795310478            -142.425099765           -65.6020334438           0.0305075008079          0.130679339807           -131.433851235           -65.1429295592           13.6472733836            64.9855249131            -176.20500088            -97.788912148            67.1819833422            130.162797375            -85.0033951414           4.92337920225            37.6909719159            84.0443797659            -6.13835419963           59.7429454956            -91.9353561664           -106.223831804           -174.763764974           -9.6401888901            
rwgt750                  -0.0660643098938         124.797877706            -0.133278023738          140.7842917              3.50567755177            -0.234262500104          0.297316027911           1.14100795449            -157.21347661            39.6932697741            129.692118347            115.059735809            131.820893885            -75.9023327409           20.9802516469            -159.216730375           -0.0825195418432         0.168827219095           160.838126054            98.4562415313            106.958114428            -159.772851942           -86.3994072046           -152.119935862           128.677218719            -68.399507017            95.8013054263            161.952075974            -29.9728494701           77.5262864658            -71.6674527286           -19.8423172263           -99.7030255963           -97.8909918748           42.2201787615            -126.506619845           
rwgt751                  2.81779372773            169.348615059            0.0156702986026          -163.33449928            -0.972185840387          -0.500743440842          -0.195541077641          0.151240118438           83.6688931363            -163.693777684           141.521836104            129.352939341            -151.623648572           3.96471483053            -4.81369267871           -84.6293535198           -0.0707798656194         -0.195837380296          100.427877065            -103.485442852           177.600953852            30.3865371005            156.733059104            58.6344290745            -178.427839867           25.4884248857            -156.289830799           -163.101606508           -98.1886326324           -60.0256854769           42.3350908605            -178.07432252            63.3157035697            -1.85591398992           -5.82411459295           119.921108272            
rwgt752                  -0.552282567074          -78.9771073486           -0.072306895129          130.494251139            -3.36604190347           -0.200171667389          -0.654393088878          -1.12801094766           13.7637741366            -42.1557240169           142.853396539            141.45884751             -174.05325203            -27.1909299393           -12.9977369805           144.550459449            0.0788045542885          0.130627536602           -129.636525064           -138.293805033           -19.1815485487           -103.037405621           -150.395095524           90.3071701625            40.0685109589            -135.22464337            -32.6948622478           -32.989990155            83.2701808975            -176.641556465           172.891707426            144.062075212            84.2966192783            -114.516945943           2.23909548115            97.924300543             
rwgt753                  2.71769662696            2.49861461491            0.171904670898           -178.777981642           0.104174284563           0.0745606622279          0.213211760463           -1.80245936807           -151.376983721           -54.327840991            143.100360419            29.6253061022            -90.1594170304           138.692762282            80.6590099316            -163.117260986           0.0843701723973          -0.246878288989          91.6293046426            -155.683587557           126.116882424            59.8702941931            68.7727851039            -81.4319819782           61.353395106             86.4402168543            -160.75492352            -83.2431233412           63.9865748832            109.006118827            31.5685576716            -75.6443465296           150.537377441            -38.4706367159           -57.1273315025           -173.767118564           
rwgt754                  1.62433937616            76.2059525284            0.0256567806722          125.748367355            -1.12273116894           -0.233821702166          0.202610043001           -0.0149192159065         175.914742402            152.872829542            -48.5214143397           14.1406464068            -38.4114675205           -133.746844047           157.783437271            14.6179804738            -0.031496075005          -0.298018388895          -103.149928969           142.095455003            147.143517587            -21.4672930603           -179.648130951           135.517863216            -112.314345218           37.7345570126            -132.209138276           92.3593503376            -60.5204892226           150.838983305            -151.960795261           4.5849860684             -128.480986577           116.089041177            115.046633255            -28.9551890636           
rwgt755                  2.25215874063            14.1909657653            -0.142858628078          67.1353452178            -3.29330779944           -0.511970524822          0.283920152653           -0.729426851277          38.5292226019            78.1820871921            66.7599437502            -54.4484941297           -83.2183305082           -132.83096001            75.2800964687            -39.9824351063           -0.0428837402944         0.374710336749           -71.565140106            124.605833665            -62.8376713887           46.543493025             -159.938324484           -58.1890521265           128.37820547             -31.3662684213           29.3314207155            -160.327834052           26.4923212908            -71.1411111735           159.984010986            27.9990615138            7.90830332257            -139.007709952           -164.058427824           -129.449140801           
rwgt756                  -2.3574436736            43.5654920034            -0.0103880436877         -25.7873481484           -1.80846779747           0.00244869521007         0.0474458682444          0.629918527225           -137.984547379           2.63416636694            179.182247472            77.5067553647            -76.1861034206           -49.7719569484           19.1190216083            1.20048707632            -0.071019702096          -0.335677811283          -59.3275831283           36.2588534364            -58.3672572843           -39.5606744101           -8.54996990862           -166.650456833           111.328682838            9.5819732366             -47.6322091268           -141.894460588           97.6514183422            138.056633013            -102.552818887           -91.7196358095           122.264710796            -41.3350420303           15.94344398              -20.1499358576           
rwgt757                  -2.56515451549           -134.702359257           0.159395347197           20.1957720001            -0.114105985107          0.177279705977           -0.477379359662          -0.941590842875          88.0363376313            -141.60797532            -120.020824247           16.8568941665            -109.174079709           -105.799929202           106.65851582             -151.339641019           -0.0730610340045         -0.365452252572          119.25964831             -89.7377318371           26.2545662746            106.494244857            69.9698849251            -49.6720127035           -33.4635425998           -67.0484627643           16.4878003182            175.600150689            9.14438100919            -127.337079466           74.3171445082            -72.1221044675           75.1674304658            6.06358074456            138.289932546            -140.790894834           
rwgt758                  -0.240955219327          -136.253560384           -0.0213248169205         13.5581504529            -1.70111881667           0.181147752598           1.23264432933            0.540454374044           42.5772763729            -85.1754271299           11.7839467127            -173.541360725           139.215757683            -89.1707527051           70.3871287418            -39.5653825186           -0.0798707687903         -0.361870796053          156.051052357            9.00036813561            167.802351675            169.313113249            -115.894356763           -141.318628622           -72.8074568309           19.1333195105            141.638608603            94.9097200304            163.817897669            -170.804323481           140.253147241            38.1966843394            138.400114142            -37.213961073            -81.5961756102           162.831538681            
rwgt759                  -2.5963311326            145.566589619            0.0612962123629          -3.48092363129           -3.17952890964           -0.124105334149          0.479315671635           -1.21285374301           -26.3141884038           137.435467531            156.969072854            -118.465477138           -10.4914021643           90.6758739645            136.244558773            3.14624605409            -0.0350695839033         0.120597354163           -14.9936196296           -133.777895105           83.7351186393            76.0628465759            -132.290656762           113.580193759            60.2410704886            -173.249158875           163.162055997            -131.980555434           49.6645235248            59.6887090478            -155.21930494            -144.731793216           138.416858766            150.648492461            61.5502766692            -103.755479898           
rwgt760                  -1.56066964323           177.988970402            0.179914553617           -125.637814217           2.7071388031             0.130824423337           0.396786154166           -0.868730741657          -17.6806633776           91.5181293318            -80.3505958882           -107.074337082           -35.4026686014           11.706702235             -30.4342024653           151.294571297            0.00315441808336         0.197362944703           88.1269192578            -12.528069623            114.825452831            -63.0504657159           64.1531504423            -138.46720321            -105.310758527           159.908833179            70.7799786541            73.1110911773            -112.580573333           -22.0921578683           76.9647585054            -133.884675807           -74.5429013086           66.8128218582            -53.5285247355           -179.780218585           
rwgt761                  -1.88919328035           26.1792809123            -0.143661383282          -144.197975588           -3.175069987             -0.232343264591          0.409410059646           -2.12091363271           92.2219827938            -163.484548228           94.658180945             175.04757432             117.694476515            -55.2488762557           -125.735852679           42.8112290257            -0.0146848956143         0.23616785671            -100.638824893           -154.400153593           27.7557613384            74.3741137265            -123.451612833           51.3603808768            -111.441566505           -76.4824881117           58.4609401933            -160.246226957           108.514227204            -110.469318117           140.366396651            -23.7175548301           48.7421097801            5.2565103684             27.9865295654            63.8892678589            
rwgt762                  1.80968592575            -30.5420005082           0.13708800781            -150.923998633           -3.037939296             0.122315463674           -1.26064827062           -2.41069507149           -100.567670349           -45.7438060065           -27.1649091773           -95.5606165316           -101.92115745            51.3164359943            -138.778406126           -12.0952048631           0.0490634808163          0.27773647605            88.0838674196            -65.1361803847           -146.459932001           -159.282157129           -97.5930123663           25.2188433747            64.8182238631            -2.72235108204           -17.2952307003           25.9193201094            73.9400215265            -67.7700118149           -115.614833962           78.761794622             136.77204885             -9.50407647881           -28.9851024877           76.408134374             
rwgt763                  -0.832567134503          -50.3436818132           0.0724048752673          61.3256937899            -0.0921802687233         0.0967737235094          1.18795625557            1.8887312615             -26.2948311509           -91.9517945116           153.196910568            -14.0343851318           137.378899186            76.4330578634            -164.478093582           -155.071891396           -0.084609846239          -0.326136427242          -136.270879486           106.642252156            -149.197795866           -107.787198799           32.6533104367            75.2961898531            50.2878765124            124.261143637            -109.982130855           -172.092486022           83.656138974             -112.226210561           34.6615642122            4.10793440936            -67.1558112137           -105.281674729           -164.580838878           77.0725987548            
rwgt764                  0.780622340632           71.1511480655            0.0690499990387          48.4887040368            3.67364507912            -0.531982300492          0.759898787576           1.48810022915            -36.0868304427           53.5915165265            75.687696971             168.098066102            170.308615553            108.729101983            14.342598888             37.5163926988            0.00986615659122         0.0369830037038          -17.6737033495           -147.743911426           -82.9742677057           108.765171962            -136.565489138           -80.0400276797           -160.68927669            -165.157577897           146.108069487            4.83830833821            -150.749784364           -27.200746403            89.7846923799            -79.9182457059           -116.8264537             3.62832854725            -147.139120123           33.7838697825            
rwgt765                  -1.92731712306           -16.4791357573           0.147022860677           -21.2479268342           -1.78537720469           -0.508972771506          0.708758540595           0.702598306961           178.615562224            -179.804208677           -19.1739048465           109.129476448            -168.159970893           -112.207580585           95.6010645389            150.25369411             -0.0499654183911         0.211204300071           -119.012972248           72.4651852679            81.8630779703            115.637867217            -98.4877831983           -83.9194946357           -147.0853893             -42.0847529713           1.95856776235            122.58477224             128.151913178            58.4450526842            76.9501104607            -112.412888204           -121.943003763           -74.259839038            -135.437634083           -95.2473803949           
rwgt766                  2.95365578446            -24.1666221468           -0.155436785862          -110.868568042           -3.10428474427           0.152583781979           0.849165132231           -0.460311749319          -74.1542827662           41.7602686398            139.184188252            -36.4194067165           20.2146602973            -55.8864921199           152.500800435            131.222009649            -0.0672125960872         -0.158570460705          39.9079519389            -45.9672020431           145.645270065            21.9530491714            65.1521547194            130.510943223            86.4123995961            91.9891785579            -81.2233239413           154.163529156            -134.753538544           25.2708364835            -170.208984573           53.6637093224            2.66930388326            134.956037054            -120.260193425           164.956004108            
rwgt767                  0.0888638032909          100.750521742            -0.178107625576          -141.309049262           2.42672205829            0.239874210232           0.339950791418           1.4031830667             -15.7383385634           140.381862453            -162.535328898           -58.6998593287           -171.242172366           -156.542164521           -128.430669474           44.1104854714            -0.0704995447044         -0.226489975998          -163.51798911            98.5561257838            -20.4013293206           95.1659559584            41.9968902803            101.744019677            137.963454373            -4.07142797236           44.6573170209            -102.109748765           -166.638829159           100.943249689            38.2262163411            -75.7797438325           -66.1015787683           73.362315244             -99.8281094957           -171.958379675           
rwgt768                  0.507579585782           -121.338527476           -0.0264833256562         -80.6407124957           2.57482800655            0.0619357679971          -0.833400338726          -1.99583741496           -19.612902958            149.753734858            -85.6853958016           -19.7002654455           -27.959207617            -47.6845193323           12.399338909             -173.214203319           -0.0351186402543         -0.0368719682479         166.590744865            -14.8832503614           88.4797460743            -106.914677461           28.673467824             111.809073251            116.796329434            24.3934161877            -65.9974971787           56.6815554823            -79.0244435829           -0.704127525023          -22.8641633081           47.4864778163            55.0561678899            64.7786218685            172.123148164            175.21842973             
rwgt769                  -0.910001105069          -147.861052439           0.0718388418623          -7.00505944542           -0.0649397550794         0.319591687954           0.0713876550431          -0.578276152327          117.690430424            -152.799218312           67.1052410961            -127.126445196           111.879698364            84.6696346943            68.2979012819            -95.6438928002           -0.0500323700654         -0.349652930812          -38.652533629            6.67993093151            -67.7110108751           53.4191609463            -87.5924693171           113.559247283            30.2014695363            101.246121808            -46.0040608522           17.6286271797            -132.068694559           -172.060467506           -25.9256343111           -141.347962313           -96.0451869895           -91.8963556747           81.0630608354            -101.557163926           
rwgt770                  0.279996174538           -151.94440099            0.0869129611969          88.1524962102            2.39153879021            0.154137322132           0.147756249185           1.24561386381            -137.219212053           16.5059452774            13.3611160212            139.246124004            -41.0764955096           99.3109245236            106.443445806            -43.3357992682           -0.0253952198413         0.28643405391            146.179995847            -106.464824707           -139.680348172           5.33286526317            92.2580722908            -30.0074512607           -35.2230470368           -14.212984874            174.980124988            124.190343446            49.2618021235            151.37543263             18.5874582806            -96.6256010311           85.4311212225            -30.627844082            27.774371006             -79.8791446942           
rwgt771                  0.00407274653764         79.4721850447            0.148448572726           102.530401589            -1.95392882916           0.208411508436           -0.455354326702          1.8682051806             108.466159253            -9.04212146381           115.737252146            75.9310256893            -98.4654775943           83.1422941205            -68.3086659035           122.75602096             -0.0242809996793         0.241119204505           119.237711183            -68.7847749221           -112.958747032           11.7262143931            -53.663135143            120.332493017            -44.151384159            11.7448408269            94.4911782831            -93.2507488912           7.89517928447            178.204347611            87.7516379879            170.289804527            134.139109253            -169.794949637           -141.406523553           62.7440055832            
rwgt772                  -1.17228103982           37.4060962386            0.178249775349           -128.706388939           0.410822312261           0.263128222744           1.26325810236            1.39165383328            -91.5743584859           -35.668646876            109.27924986             147.334242586            152.773653645            42.8122913235            -12.4541304766           37.4018527168            -0.0871332987313         -0.323015972675          123.860560401            -69.8773096652           -125.011760613           -48.4940284881           4.8415991661             18.7498520176            103.664300743            86.4541556482            -129.646564019           -128.267814953           -148.134927604           -113.487766499           -154.788334382           150.48774969             -115.030419912           -64.8069762326           -115.215943554           34.6905724543            
rwgt773                  -2.39814046512           159.720928711            0.0781941465784          -113.017039164           -0.517012749719          0.119237227297           -0.568785275247          2.28008477693            124.167534563            23.7730945131            36.3745098787            52.3024782219            -143.219901462           81.4029213713            -135.215008688           55.9886876412            -0.0807161092826         -0.00364974980583        -154.083100561           87.7777748373            -85.2866808833           -27.1201923844           -44.3641423566           57.0430261562            50.4102940806            9.600393537              111.493249203            -96.4942527404           11.4476016113            -85.7372813592           -143.627897142           -129.524657713           -35.6005701473           -99.3671657755           104.536426105            30.2654027526            
rwgt774                  1.89274745736            -115.170147922           0.10208805816            62.0514866096            2.89287332096            0.527557654011           0.672597209075           -0.863274089927          13.655080008             80.967731299             152.359937523            19.0462387808            22.275960179             -152.341542215           38.9996617051            161.830803187            -0.0596194677633         0.243090735768           102.333885143            -133.05219144            -10.6202284507           -34.2562284739           -80.9949005145           134.826105878            4.19214785707            -72.331986191            -156.769210045           173.071915815            -111.90768424            -85.0742522004           -89.0279736027           46.4981860869            -11.9835004649           110.243732854            -87.8937023171           -102.420147254           
rwgt775                  0.217139089512           -66.0622525441           0.140127454953           -45.7920889295           -2.2632009891            -0.207966076926          0.720100165964           1.27752542712            25.6349931876            87.8094507662            -38.2310312374           102.586139148            63.4574154541            1.8786353658             80.1267536083            15.3134079996            -0.0420544518212         -0.143037435591          -162.648591776           -83.8800000941           -161.040917036           -21.3443576173           -37.9950493649           -122.081806871           132.74540843             84.1532198798            -118.39879048            -78.8409998297           101.921380896            103.404904291            -171.060827916           -16.942229598            -95.0449490782           57.8240026617            2.19742315401            -66.8156087592           
rwgt776                  -1.00988228393           134.846849955            0.115156084663           23.2795750159            -2.18084839694           0.526590888246           -0.90021493304           -1.46052542493           -155.933456468           4.10107302861            79.3840724083            18.0510350162            -23.2824341014           -156.504485881           151.994836693            21.9912712412            -0.0604172739315         -0.208393046728          -176.498569325           -71.293526237            174.798161023            158.125136079            9.78305034063            -78.2342616883           60.9145100557            -96.2820233231           35.242934968             -4.84981639211           -71.8591997913           107.293117442            -145.790408052           41.9782096749            134.779036516            141.453025121            -52.1292100952           157.310479091            
rwgt777                  1.36465091006            -124.735006022           0.221413043018           26.1668962659            1.45579199285            0.280998225086           -0.108947231146          1.05675385222            -62.5154960647           -63.2424260382           -66.6066365657           -64.6028983883           -163.005190615           -121.329210643           -144.510829099           -131.755134044           0.0362650019878          -0.296794494611          -111.608825742           -20.0176628508           -114.941115975           -90.0570137661           25.5090647289            -125.039359955           85.9344405088            -43.26595436             -112.427749142           60.8315005171            -44.4424281545           -83.6787584485           60.7017239195            -154.187673881           116.755845686            -168.061448927           69.477817476             -138.557242145           
rwgt778                  -1.16788427345           -148.643560294           -0.0663890563378         -115.663075971           -2.9632154086            -0.502780963857          -1.27463357199           1.75191235466            -71.9529615267           -48.8309464393           173.549732208            -67.9901096375           -152.461986012           -125.420187113           -88.3443415892           -101.802178996           0.0595954808601          -0.0617445801885         -34.9198004901           -25.2355269921           69.7291857293            -52.7764362323           78.1696748195            94.8642401332            -139.540761378           -21.0348853858           -135.724518878           -105.627797826           91.6435653793            161.564872731            53.8304214787            143.513789062            -94.4700338181           -81.1877569437           2.40672123425            57.8537596057            
rwgt779                  -2.57052832392           155.021203791            0.0468067044057          149.491590385            -0.819548355085          -0.118990499832          -1.12360063902           -1.91102044853           173.833553215            -47.2246911724           136.075521098            15.7607141245            149.627594147            -21.3317509794           36.4383564567            170.139756748            -0.0069456877331         -0.189120474881          23.2570411605            -59.8592821188           -86.0146562119           151.079662408            107.055634139            161.702180393            16.0866409958            115.477896951            52.8623361987            -157.168572505           139.959638541            145.679445289            81.8982644508            80.1421897923            5.14271495514            162.091103859            -162.237820743           -13.2623637842           
rwgt780                  1.81126667875            -16.4231674124           0.123261024249           36.1426814765            0.636761279857           0.179740180153           0.00151494667215         2.02873804338            -64.9446246499           -126.960489918           -58.905628382            -59.6362249596           -118.362737594           18.4619617067            3.47129266635            44.8080330644            0.0550071051318          -0.198930252095          -132.942805303           -123.641109926           -95.9808177874           -65.9307382022           32.3365608813            -75.9969942969           -102.773598246           108.085330489            165.473953874            -125.758135159           -149.837300479           46.5886011199            2.29052605435            126.784855688            165.808928546            158.612757729            154.028372536            -139.056589413           
rwgt781                  0.119288031945           -40.5425780162           -0.0750284845668         -159.985005199           -2.38049527933           -0.342040136496          -0.893878876256          1.16978838743            113.504747877            -172.586932009           161.147820972            165.271911944            -72.793909547            23.2005290316            -107.514958702           -152.592719746           0.0407011782458          -0.0764279153168         71.6667851103            47.1665942935            151.54241801             128.520692019            154.383528131            -26.5258729144           83.8981470051            -9.67843433248           165.369165719            -139.145284867           133.092392546            -13.6982471177           171.340689313            32.0873525803            21.4462720761            -1.38295025025           22.9859166715            -141.708403215           
rwgt782                  2.28792034709            148.789454954            0.197434496465           -61.1176894871           1.24365037555            0.18400690956            0.409337897902           0.975375834868           179.408960116            13.2060085992            -134.249617431           56.053238068             -49.985571937            -90.3076192099           -148.72399289            0.631185232618           -0.058449331558          -0.282076074738          -130.521861034           -91.4273613724           153.23543313             -49.4744810045           -40.1284270034           115.532938164            94.9508472863            151.037116507            29.1799598085            -87.0792840926           -13.5432754007           -89.5542321238           -72.5507089856           105.418134957            -154.649401565           -165.675739719           160.342278468            -161.309807868           
rwgt783                  -0.0490668593088         -44.3247653899           -0.00971423358125        -67.4288608608           3.05471326712            0.277143774453           -0.679934233301          -2.24935638906           155.380876895            74.0328385988            -163.208291537           170.434729376            -128.356344929           29.7047427862            47.5648268547            -61.0688262665           0.0185019772257          -0.217021925268          178.882374211            54.3419528656            64.2836560404            61.0721807306            -50.819086873            -149.372448845           61.1606138045            176.225150452            23.4404056626            10.0923538551            27.4197219941            -105.225560181           41.3955359493            50.2971240253            -166.405401967           -178.167219633           121.563487567            -156.36288243            
rwgt784                  0.251077489306           -60.3846472076           0.18738704989            -154.504164085           -3.16681299901           0.21142941347            -0.995860265721          0.416836135514           -120.098973451           -107.763733087           -134.544057479           -68.2678580361           -90.8145809749           123.237790946            12.8556320814            177.329930418            -0.0321068150607         -0.0814962919771         122.75306919             54.4894680825            149.25902568             168.569585796            -88.2134739552           -94.1106414578           2.63007947142            171.237643322            -31.6554877445           115.563942706            157.176020771            -88.4985834385           8.11578063153            -133.251863026           170.673884564            35.9645422661            -147.812271241           1.85285370418            
rwgt785                  0.280538590107           -26.6257782902           0.112111293791           36.3136238866            1.8823964581             0.387244641048           0.735605241149           0.320222396471           24.6713081246            -159.577997155           145.433166729            -132.931767893           64.0173640558            -120.978266979           150.249402188            167.206329434            0.0510116650512          0.311156959377           3.4402991584             104.314663237            -43.3106939137           110.132232346            111.416421923            166.090037407            41.6020878002            -92.6087853984           33.17875562              -50.5911164173           148.069806917            136.460296703            149.448498387            49.270363117             -165.732139535           35.7492677167            -115.701582975           -129.811179054           
rwgt786                  -0.723304961426          -66.55089624             0.0948395082187          141.760590413            -3.0302919951            0.266481116588           1.20644162987            0.308712658604           121.445694403            -178.264464269           -169.380994502           125.319852676            50.6093896873            -18.1938218759           -178.752558921           -122.257192512           -0.0566100157458         -0.055548922217          152.686745836            68.6658954715            66.9683081413            27.7385798088            173.04015877             34.8945085427            -24.9680656694           -78.0276298552           127.830212626            125.057005409            -62.7096990627           -145.114824109           85.1936986703            112.024176229            -81.7441680964           135.283178403            -161.699537553           116.015396193            
rwgt787                  -2.52494895417           67.5483081193            -0.0499345607185         7.66867122286            -0.932924672166          0.0417701658029          -0.969826421088          1.29609287712            -132.809978161           -70.3334225205           -74.3901357452           98.1178638215            68.735483054             -125.586977833           -151.02515739            2.52471734548            0.0184894443506          -0.198431095912          -49.9181360743           158.26809238             -170.864046308           -43.6059930569           41.0959495452            27.975658207             64.8367237902            -37.9596837687           -71.5220598878           -46.9838857455           -135.621841388           -21.9803612611           -13.2457732357           -119.560258383           -13.6356053741           116.715427956            162.554721175            93.3390447423            
rwgt788                  -1.89987980635           110.82451974             -0.209513635258          124.657388536            2.93219683289            -0.214052734833          0.355929153364           -0.885248436301          94.6484079373            -55.711785015            179.658460228            83.1402113286            -116.767945191           98.6560420139            4.40271410969            133.21375741             -0.0111510338674         -0.0437475536897         154.505889586            -163.960418137           -98.4526268315           -4.45304821175           15.2645765691            162.922660135            -21.637491352            31.9120891241            -108.870148223           108.659547386            69.8534020922            159.463113402            -65.3528476803           -68.6956633727           -152.890526399           175.404773348            -42.3174791966           -111.205821242           
rwgt789                  -0.269658462277          -158.359468326           0.0232586497144          99.2486123129            0.613028740076           0.221745682962           0.73835209127            -1.10492039033           -143.887803656           -77.9010109067           112.265132817            85.1144743801            -33.3986297367           -22.302502729            165.465113725            -131.729899976           -0.024513795042          -0.133010784906          126.968575959            -70.6172232262           -22.1258717359           159.318724639            65.3450127625            8.90160732537            3.52287108173            148.006673734            123.864327927            2.385672884              -72.2796305771           92.2447890371            76.8454468054            -74.6704224685           -77.6358562098           141.365000198            -153.434246618           113.147733423            
rwgt790                  1.15992463021            -14.8022665527           -0.160731987629          16.4056562859            2.36361221406            0.352239950962           -1.2099457453            -1.93402719369           -163.117657023           20.8141831597            86.5124089131            -36.6605686318           47.7596463286            -68.2315834463           129.6072364              115.148205784            0.0693019869323          0.237536617645           -173.93090769            155.107984232            22.2449398845            79.876962551             151.262912584            -159.094035831           129.98462919             121.953958201            79.8894294594            -48.6953435923           -6.50926491167           -113.145336804           96.7989723827            -78.028786745            -107.098448845           162.904590991            -87.3355047954           141.496467525            
rwgt791                  -1.05762425734           -92.6800322817           0.205042649884           156.07051091             -2.14672282115           -0.454358739349          0.242457133568           0.619436227532           -90.5313772201           142.821031867            -41.4999637975           168.145767445            -63.6701302307           -45.185742459            0.298655214936           -83.1076848373           -0.0428583014136         -0.0348463185263         -167.382119026           144.478427146            132.495229711            -164.389541648           -124.580878498           -117.16205771            -18.3166559312           -50.9174306552           -5.53299671085           165.882852379            70.7860632347            -45.0026638238           20.2420264541            -178.829778692           77.4506379918            83.4417541536            99.9543490116            -113.021230493           
rwgt792                  -2.16139667853           -54.8500355307           -0.228241914007          36.5279789963            2.22088624195            -0.441228529295          -0.501663094949          -0.26901094894           148.000016555            -88.0246535546           -10.4777751261           -177.830310515           -75.1145228249           -149.466330047           -176.487245468           -110.790472771           -0.0594910489729         -0.0762587478754         -37.9618473016           134.845649667            -18.7011453183           -45.1558695484           -141.836904602           2.43235710601            -48.7104583776           47.0156104882            -84.5246293046           143.461264194            -12.299624169            81.0936933609            75.1142643399            94.6986475387            152.003305473            -179.609995319           -51.7544499488           114.86800019             
rwgt793                  -0.914146162462          115.98225052             -0.224926804578          -108.736112822           -0.293647645359          0.53719675878            -1.06425845711           0.0810845876266          163.349884973            -33.0687342705           179.9450073              -36.0865001124           133.675772049            41.5565446275            25.6286366006            -106.370472999           -0.0411039723703         -0.0573094624818         151.421728805            127.565246743            -27.6732515031           154.500871552            -0.962673702531          -127.232055797           101.246352058            -164.947954487           50.2565483944            -64.4812374993           -75.7361472807           8.07320579207            165.536112511            -70.7508853452           -158.590607377           -161.266689903           -130.775351456           146.973637013            
rwgt794                  -0.341101030274          129.634805464            -0.0837710857985         -113.896024624           3.18122564037            -0.520941410868          0.204698109077           -0.724022110878          -75.388651196            -69.6346438403           -55.1568004337           -165.839682525           178.890802742            -71.9889838743           -121.913250913           88.4810258046            0.0837206408884          -0.224929034201          139.905159043            62.6358431313            -15.2914456465           -174.903637245           88.783570635             -164.343453278           -85.4831076623           2.81615915307            140.17636886             -91.4969792085           54.8743845241            70.8675200259            9.65123868377            -42.6208351307           56.7312242597            176.207584265            -77.3845367864           68.1939325488            
rwgt795                  1.34655103926            45.4209131526            -0.189957694643          -35.8818850834           0.968141603921           0.427963932876           0.274876339342           2.01906127883            -97.9765800129           -77.3897557034           -107.473941173           173.131208463            109.433866397            -22.853352266            139.191389667            71.7794313048            0.0791112453349          -0.0217822039412         -64.6915561149           93.0109320974            140.999881852            -53.5959648876           77.693417253             -24.2844314339           -1.60368182097           132.839216447            -176.783231984           150.236485136            38.2950276593            93.573659422             -74.7713195672           70.5590742381            98.3503937773            -155.920292973           115.883587717            -98.8378362707           
rwgt796                  -1.59752859586           -64.2372590287           -0.068070167818          -100.407588664           1.58096476864            -0.16191399565           -0.8218700406            -1.34461142624           14.5009260004            13.6156533836            -159.068078407           176.924874718            156.554030896            28.5237499581            -179.267788936           -109.334174431           0.0747820672107          0.141861255861           -2.92970366004           158.707927207            -55.8570330713           16.3611628848            -118.360913358           -64.248534664            30.8007530205            -32.9015352053           101.666814413            69.6389262581            -41.9298267591           9.7526229332             102.876817037            68.1165282951            145.44539484             -107.883091099           92.8821384666            173.293332721            
rwgt797                  -2.47790079535           -179.667678847           0.177178509374           -76.6324868752           -2.56695198501           0.393839225304           1.17805623931            0.909073058708           -140.741166125           165.270647357            -14.8458520425           1.17372526985            102.123615124            -86.596965472            114.894896506            -49.1225192646           -0.0461308031013         0.0821342652414          8.11157539718            101.796741386            78.6334216573            -3.69777428276           64.3774013589            136.288306188            -4.57958506964           150.511276308            173.31725224             -101.264840424           -147.226653222           -25.7236794593           -151.25145078            -39.5308014115           59.0947863818            -70.3755957324           102.317042445            -6.37022349985           
rwgt798                  -2.33097597823           -161.071472978           -0.0614114480424         20.1622779761            1.28188364444            0.0170708407443          1.03630053924            1.60771110507            -116.385723551           -127.67099064            68.8535635041            104.8430829              69.1272555446            -141.939497909           148.470389632            -21.245221955            0.0673624809179          -0.0240311624014         136.552622845            19.0166480078            -28.8376587937           21.3347610721            -173.048603371           -27.5050806277           -13.2464828832           -50.7611233133           83.8442641437            -159.226778376           42.4156565421            71.1000592882            89.7642802987            -75.5782705473           177.937262445            178.056274702            -116.945695434           114.626380818            
rwgt799                  -1.79727254677           -122.723570226           0.206740818668           -38.7083986138           -2.71238076516           -0.348357512476          -0.871171835496          1.32810196183            -158.260391188           123.52621151             -7.08633301499           80.1805948487            -98.999503887            -118.220511056           32.6409658846            70.5450847719            0.0305669311483          0.147313519087           -37.9346097139           3.50432462               58.725074394             -63.8265079075           149.620244701            147.054638526            -92.7242483192           90.9188973129            -17.1770345321           71.4083510904            -29.2275971902           18.2322402776            14.9587359838            -42.9391556584           97.7999484971            -150.865615908           -152.681671054           4.76631861216            
rwgt800                  -0.840131198744          102.402996398            -0.155884024131          -2.41827022514           -0.333892951396          -0.25321102259           0.355419530454           1.46643935873            8.74283739642            -115.500030206           -179.30496449            63.7828224197            -146.849495634           -120.274878648           -140.431905722           143.376693031            -0.0749186471834         0.0964760789568          46.5618995397            -26.8660368633           -65.84920554             161.462372624            -15.7351573136           164.14923383             -87.4208234597           -78.9598106065           -36.4205881988           -133.009654175           166.579582148            140.891988836            118.054538367            10.8947773352            173.947822639            100.127045822            -29.2453218697           -53.3886664211           
rwgt801                  1.97046006103            159.534953301            0.0542871708381          104.492740383            -0.293033236554          0.451562431443           0.931147677573           -1.95194382832           -4.3915872024            146.275214058            -107.594704332           84.9390392476            37.6524043673            73.8548659036            158.595162265            5.82024762431            -0.0238354425006         -0.210551888407          -148.148766627           -84.7966416314           -173.695067669           164.460353679            -142.277588741           40.9957967943            42.2495373937            113.66853843             -50.829809845            -154.57999302            165.568628109            100.563926882            13.94771955              -133.086544714           -119.04428947            -84.1529963154           28.7070600926            111.448546142            
rwgt802                  -2.05461578658           96.3095236945            0.192773174372           -169.431270151           -3.40278871261           -0.181226527942          -1.1454044835            1.54191936084            146.299567505            107.820100337            137.048624274            170.332931545            62.363805706             -91.9047432429           28.7108744753            105.262976289            -0.0660792803612         -0.0165319422803         68.6996004504            88.9992697634            -8.56253646469           -163.896590878           99.6351395414            -137.217656384           133.202593226            -97.1021016189           53.2200725345            -177.685975605           -55.778546837            55.2662231388            -17.0722831654           39.7527968704            -138.529087263           46.9673579488            31.6606962429            107.187320097            
rwgt803                  1.46535255453            130.372348371            0.0885700243576          -36.0561624107           -3.23513981756           -0.17220227818           0.331280242092           -2.3404520438            -143.124238622           -136.572039705           -166.854783591           -155.710959178           -26.1320475652           -119.485914212           -45.3493301913           14.6985937702            0.0399306487056          0.136556081724           -84.9298286845           -34.1815313589           101.527722294            6.88974988069            -170.871937477           -113.015512058           80.3640451082            12.1648210389            51.3160801845            -12.0539591213           110.585295636            133.948333833            44.0970732348            53.0668167772            -38.052099624            13.4790616867            -162.631143024           25.7490356637            
rwgt804                  2.8596921459             -96.491414715            0.187625267908           5.48162383547            -2.60848295376           0.0890439346057          1.18837813648            2.31123989357            -163.275362837           -16.4584575172           100.931666788            -106.990462222           -86.8012127413           -38.5445880748           -33.7542178942           120.369525156            0.0755949297067          -0.312489009538          46.7178500917            -155.62597734            32.5705160558            48.0248480513            161.87681925             6.79811267871            33.4254435105            123.608179727            -155.403170518           -3.74198929722           -11.5251548196           85.0818684634            170.080052383            144.195127098            178.823723786            124.460469231            -79.1307116961           117.792115479            
rwgt805                  0.996712182274           154.377904522            -0.134707488421          -148.640903612           -2.94959386172           0.376110881613           -0.0269578821532         2.22489887124            150.531794353            -67.3787645809           -169.981704188           44.3263076708            145.529999085            -8.07122472039           90.8018229702            150.331242034            0.00134624318498         0.0598103334685          -88.8178331942           -21.4325976562           86.4941326173            145.7198051              131.185391385            -148.041022748           -175.801199908           0.0656817639923          -92.7487444499           24.5381700491            -87.3505071927           149.176584653            0.324002413336           164.563752859            33.8614814607            57.6582330717            -19.8016357969           162.175892226            
rwgt806                  -2.76192402891           41.1563728271            0.23292263865            35.8756467059            -1.42061972021           0.296851023914           -0.740510063321          1.61684284134            51.9022047859            -140.488564634           -141.59426128            -49.7286232299           -77.0516363889           123.852462296            -104.115693767           -6.02409184494           0.0368955399427          -0.141614575507          99.8271356666            172.889647373            73.8180804808            11.8313883749            135.856370148            154.053201254            82.6737300677            131.816037718            -124.416883517           23.4689527911            117.864734969            168.436788215            -85.6860179792           -154.090102666           26.6051648697            21.4734971795            16.8611276473            10.681842626             
rwgt807                  -0.991393301731          -109.682158872           0.0435498177923          47.4376541266            -0.527147720588          -0.0108433601581         0.31005885565            1.3507524852             -96.7801734366           -10.0564018346           -164.046027263           35.0125051824            -86.1826375316           -139.798093887           170.64665534             -74.7105360212           0.0329543903998          -0.263445504332          -41.7697305538           53.6890154565            -97.4495621894           33.8387981241            159.936974372            -29.7387164587           128.921346056            -0.676856567288          165.880248299            104.314548972            -50.4336450303           -167.311662503           -155.934753036           -144.71604827            107.847200515            -152.64642209            162.469134969            152.051834267            
rwgt808                  -0.175390294962          114.730074212            0.111822177007           178.067886544            -3.12870539594           -0.223296003843          0.176467514113           0.85819942883            18.9142407732            -160.53381972            57.1552200771            -2.69507191932           -29.9938342794           -94.9944214892           -124.381266721           104.574507228            -6.89264673067e-05       0.135365336496           -72.344855418            -67.054504977            -179.043230579           -62.2330880836           94.9520932103            92.5197790735            -172.158094044           -157.202716097           151.414812717            125.542221752            -21.0263340135           -95.5530877007           59.1400293251            -32.2309898564           38.7845701317            145.27277859             132.079480305            -48.4545706058           
rwgt809                  2.31104297703            105.099678025            -0.23291200382           -59.6771510356           2.70953860644            -0.260702790681          0.819594514131           1.70468651266            25.1016943537            83.3811006132            -56.5023304521           100.336538424            -129.950865754           -103.995377041           -70.804702016            165.866996807            -0.00569532319728        -0.300512455748          18.3524281254            65.7016589145            -13.2147432294           100.146453133            65.567495933             -149.891555381           -177.829118046           78.0988028448            -107.695039324           -127.64494729            50.4204877126            3.68786091492            -144.192044482           -130.674653689           -68.9293328275           -9.5535407557            -91.745060422            -91.1735371285           
rwgt810                  -2.91517928773           -38.5875116693           -0.0472080492            -140.012700363           -1.64712261062           0.35971785308            -0.723547437564          -0.859836957233          15.8375616549            -4.69683386782           -106.295359575           -87.4922383724           110.507825624            -59.9345813568           178.977928286            -70.620069079            -0.055440951239          0.160399968045           70.5858374177            -87.1722578116           -80.1572189758           65.8257841187            -103.672902379           -27.0044596671           59.5294105812            143.708153845            136.876557172            29.2191778212            -92.2928144745           -41.110047252            55.4100536152            -53.0868773709           -23.8722519558           -61.5989450458           87.0116734655            -20.1222888864           
rwgt811                  1.15462352344            -125.880455562           -0.0627391710602         -131.12058095            2.65069803754            0.406695331944           -0.948830921558          -0.279177814023          -110.125296563           161.360699132            143.950021681            47.5455761255            132.938270163            86.997690952             81.7514027779            169.319671944            -0.0448682627175         -0.124429241621          151.773076642            -119.379671793           -109.026055495           -120.215783113           129.815693726            -67.8902922287           124.339227571            109.615471277            78.6396055042            120.874126184            -61.5638455406           -175.377955426           113.898879849            -147.477375605           162.515959845            80.1864989879            169.356057026            34.1093429021            
rwgt812                  2.46848012372            -39.4547612876           -0.0163824500193         -35.8468016337           -1.09691915919           -0.291671867322          0.417563502033           1.37771539164            -174.540360772           40.2849598027            -34.8177766173           62.9189454053            131.33966168             -175.535713509           -56.9066751476           118.893638262            -0.0110940304784         -0.121900506835          159.169955249            74.1926351098            -47.1223673814           -27.1958919672           -10.2803397361           140.874663812            133.957748878            142.176105849            -103.362721271           154.20828992             -122.015166755           106.660909443            19.2074434047            11.0657840232            150.804816476            -1.82903532121           47.6309664288            -159.296510231           
rwgt813                  0.129009100894           -2.88177106982           0.110149464797           72.0967923649            3.30667526342            -0.340264358096          -0.968825354752          0.191254835597           67.9233067309            -121.269377676           -18.4011230442           -148.243383397           105.542219406            28.3801471363            -139.048767364           166.388351589            0.0409704769089          0.122413254921           -47.2857616261           -26.9348463568           -87.368650895            1.91380234272            83.5655356983            -50.1688560406           174.674548718            41.4000031984            -175.437286322           97.686351419             26.3978009817            -5.16750100708           37.0635495918            93.6249784101            -123.921243615           65.5915082403            -173.091307815           -161.395248114           
rwgt814                  -1.06751893165           -64.1556043168           -0.00142067287693        32.4379824873            -2.03914805026           0.316466317691           -0.58444180888           0.83477774018            -52.7103946157           165.76367244             65.6534792035            -16.4753244466           -39.4752000034           157.840803614            -83.2682758341           -126.847375964           0.00916622070693         0.056915025064           -156.054451629           -98.6141806914           -9.59412889574           -160.829394326           125.354304759            -62.494072635            -132.099030651           -101.421465028           101.435044693            87.9102735942            151.487502429            -153.954317778           173.543778289            -108.252759334           48.0911254203            -36.3117860891           -86.7344807207           -27.1601805905           
rwgt815                  2.57191434257            -136.897604335           0.208750210678           162.662893092            -2.58410973808           -0.0774490929463         -0.683919983481          1.88926055576            31.8960922716            -19.9508946173           -93.0330942155           -137.02736553            -86.8517481674           168.449612906            -102.081939261           166.640169712            -0.0410724902709         0.13859726214            -147.787457464           60.2437196066            -86.0709556679           -159.379973372           -126.444860381           -46.1600164542           -40.0336163614           119.107594401            30.1411206887            -45.9973510314           -42.3339148017           33.5273022889            132.157941395            95.1551281513            -18.6227200109           110.33811317             -50.7261940182           -172.492054853           
rwgt816                  -0.689551031356          89.4999474501            0.134861181149           -76.3280984789           -3.64304524452           -0.0719987488547         0.768700128772           0.305447928452           79.360190946             -171.328780478           144.852845944            154.076919024            147.150148764            -176.622799601           2.27438858633            142.196086795            0.0103758724548          0.110362837297           -161.860148803           -73.8965062056           -179.416471607           -140.201047191           -62.9077997282           -58.1303737383           -134.97264716            -150.327552267           -5.16170800614           57.3576705279            -76.0549396206           146.995584979            84.2518544378            10.0702175314            175.083828444            54.7624928332            -123.513134913           143.447704044            
rwgt817                  2.08053092637            -52.6105382326           -0.169381758236          179.163598212            3.30418323735            0.197350977446           -0.706154727477          0.720492370854           -4.06041800421           49.2741938001            59.5717511992            33.9259149274            -126.370433898           -94.7728587081           16.8911262174            -14.4614534962           -0.0304361068681         -0.209439423838          -46.725040629            -45.3407945529           0.484771412987           1.60691631932            -156.793100791           -160.304013927           109.433941702            14.0852586407            83.893185809             11.9348423134            -116.158700289           130.250989088            -165.630964735           -96.5456127255           126.461842064            -30.9590378409           -115.959315863           56.039733033             
rwgt818                  2.73586426372            116.120508493            0.137354264446           82.2073813296            -3.16696308506           -0.358695387345          -0.0524719084424         -1.99617787475           9.03115181647            154.133951392            9.4842197296             -163.110957733           -139.048576805           -155.767400762           103.513362744            -4.12660687588           0.0479034654758          -0.196807380077          -90.349590953            -21.4291990127           -127.367350667           32.280536757             -49.7721277829           150.827752512            -28.4733314885           -45.7702743431           35.7661092329            -120.248847163           21.8836060582            117.031533899            -9.55522923901           137.310107141            102.395363953            -59.5969671278           71.3914492129            -47.8316008223           
rwgt819                  -0.476628914287          -29.7242430052           -0.10395845502           68.6049729144            -0.844123575856          0.0364921058279          0.733420655231           0.779916216888           -19.0471014011           -172.124219692           -24.1598664416           68.6309171676            6.71328795744            -153.630840519           81.413827639             64.8713513579            0.0242926115327          -0.173955022353          -141.151754764           137.980004473            -114.180780611           -6.31057371825           -148.588853542           0.333454491787           178.050480164            63.9039729592            -59.4522073226           8.05713202716            65.5657780234            51.1237599516            -33.40139787             35.3784156176            -19.0926435843           -63.0763007115           107.26779363             -4.22125490798           
rwgt820                  -2.18162332103           69.290454583             -0.0663465911254         -14.4628959898           -2.01210174778           -0.053482922686          0.311159071263           0.860380396053           172.058013215            161.640049888            -164.828746639           -125.424231181           -90.1238141385           45.63136671              148.949162688            86.5696893278            -0.00840267418989        0.169093073402           -5.64987383749           135.846686646            -178.649733886           64.2446766015            -174.803950104           -31.5165965758           86.3500023465            97.8147394729            -149.140808197           -0.492474767133          12.7531689084            104.534284491            -24.6441017111           60.2762536866            111.890381821            -83.982488407            -138.51613211            -154.622296834           
rwgt821                  1.65796636232            81.9581650719            0.174529629906           135.757499392            -1.44758610392           0.446646067519           0.421860572572           0.0687739982533          -38.280573928            93.0827771074            102.509954693            -96.5116163297           68.0500028561            -121.558837215           0.917001484264           -63.5460035191           0.0110431171371          0.280074551289           71.2921852685            153.740223467            -92.8523640041           118.059243069            135.395325709            -20.9691121576           122.012304175            33.2729956156            -176.379773526           -6.80914641424           70.7826626929            55.5709407817            -25.5339800222           15.5241095208            -67.7182257148           129.674391953            139.079120489            109.279871841            
rwgt822                  -0.0156266111166         -67.1948850764           0.0732750677879          63.6849777111            -0.0894960113            -0.311610611496          1.15696530195            1.42241309121            12.286623609             -104.803411717           40.1691607301            65.2877222043            51.5600049361            -140.841508462           -58.6275281446           -90.7366333594           -0.0851904959186         0.285470324981           19.6975930257            153.992280823            125.172363455            -112.83265428            -157.957632205           17.8138259531            -117.070939809           -109.628424613           48.2474991735            77.4458922685            -133.475063245           -172.520663649           -127.797793428           39.8775308394            -88.1778853946           37.1253983712            -124.820139537           149.870982428            
rwgt823                  -1.12903541271           76.732513183             -0.0701335518041         -14.6882392152           -0.52593027374           -0.326136358418          -0.383690099804          0.564780590929           -176.644795566           148.313394276            18.7851735975            145.900505417            164.907094515            82.2724415625            152.364031374            -175.497729912           0.0884851365287          0.229812972234           32.0533843742            -62.4237060559           179.119331492            -115.281906498           65.4783915981            118.360899117            -52.9871132383           -36.0046271587           -114.159594245           -146.160587272           144.425213796            -140.981931529           -165.99690059            -3.40807484862           -41.6089994604           -82.2490121836           -167.101089107           176.392740545            
rwgt824                  1.05074989897            -52.3287293607           -0.0593633504804         -105.125036505           -1.46214401452           0.503049672319           -0.727582525693          -1.52981956909           68.7175019047            136.573803383            133.104839465            -35.628298548            -132.405866607           138.974647342            -18.3486150082           -34.6071153036           0.0785895416413          0.131451473353           11.6342772549            -103.39770424            -89.9065923571           -158.814024203           -42.7899813637           -144.903403753           -141.820190292           -107.286639894           -57.7057225149           -30.4147738985           -1.35583746021           1.07672730995            102.069871621            -119.959377102           -22.518551643            120.22811002             98.0761244447            130.692150301            
rwgt825                  -1.32247000469           110.252907129            -0.221881171679          -63.8921908602           1.05142639609            0.227601546565           -0.677450048916          0.300464732166           134.194746661            132.320519359            68.3202493929            65.5110155804            -70.2343007706           -110.926638456           -135.293898474           -57.7844991621           -0.0705554402865         -0.086770125597          48.8156262078            -131.507864089           -128.173075574           11.4124206023            -76.8943698533           87.7117130215            23.346283639             -46.5814074663           -97.3697994314           37.0156921464            -140.390117319           81.1223264873            -54.2204833811           -65.7885061432           112.082694803            67.9753939531            29.3865174557            61.0079110224            
rwgt826                  1.21190524763            121.917082589            0.197505640672           -58.1655252172           0.0724564473367          0.233824707107           -0.00171185986314        -1.27563244341           -106.793580477           104.941626354            18.6568223918            -129.652220367           -175.357049982           123.68716426             -151.734506918           -157.556236656           0.0185621313605          -0.238651818482          -112.919950708           -158.807823412           -89.4237913967           81.5916472211            175.339027759            153.990661388            -28.5012993942           -92.7257202815           162.590529224            30.3916633597            47.4647833153            68.2887035164            38.8677017729            -60.6161211691           -64.8320450252           93.6396126178            -50.1298426047           -154.402569082           
rwgt827                  -0.902686699223          -30.2364599814           -0.138939990609          26.2380499154            -0.160405193781          0.134477057445           -0.279006475567          1.22139701847            105.583417337            154.241159323            -98.0081729648           -34.4068464768           88.0929255975            -164.473510583           -49.4269066816           -60.380604731            0.00398470979018         0.37560193711            128.736495964            -136.701218804           135.079489915            68.4091143998            162.44729784             -46.7690913518           -130.220760691           164.940886247            25.693198337             -174.551627643           -118.63290686            -63.3308386512           79.6238660151            -19.6540581594           -87.8549966682           -53.1890142391           -24.460995769            -111.18798214            
rwgt828                  2.10294952416            171.985999199            0.026863728168           21.1911432811            3.16587797156            -0.159051889516          -1.16409682987           -1.38935119666           129.338602627            -144.038210934           -32.2080747229           -163.927336256           155.014388166            75.2469300283            175.28688466             38.701294183             -0.00560006594844        0.26457683839            -137.572113276           141.489723722            -8.98318554901           -161.510098193           -89.5735991711           150.390614341            -4.90078745012           99.87009593              141.551093339            21.533690271             -8.75964564058           -44.6847269889           165.039549259            61.7661097764            121.722876857            -119.660922682           166.621166106            -110.498648517           
rwgt829                  -1.44805638869           61.6384645036            -0.114000744629          170.984843675            -1.40501542357           0.165773240355           1.15151803356            0.550368783532           -59.3735381744           -135.394748441           -101.803583284           -156.530835015           -163.681990422           -146.922795065           128.032174299            35.3979943682            0.040507718718           0.321033635622           105.146288126            114.870828092            100.381563848            -26.6753256567           -82.0064700973           30.8072432658            57.6671293901            48.4355942321            -86.4976398662           -166.869735199           -147.243983931           130.819789039            -89.8246913315           76.0631196819            23.6407429047            129.413619704            -106.424698302           36.0762344677            
rwgt830                  -1.01795206005           -77.441195105            0.120224048549           -76.757001285            0.905929353895           0.537862732616           1.14211163371            2.21076891232            117.821226894            -17.1731270243           92.8494194223            59.1308733371            114.100540642            -41.1493217924           163.867722854            10.8147400727            -0.0431321606038         -0.180875728525          -95.775109612            -37.466988489            34.3970995434            34.9485736394            -20.2241448227           27.8204034162            123.303572973            -6.38434662373           43.7343178541            -21.2424429732           162.914208886            -130.755604716           155.697444417            -169.140305372           62.0023211811            0.182627824638           -163.984411914           167.363356545            
rwgt831                  2.14527694932            -13.109294164            -0.164651505802          30.2902581753            -1.27067787683           -0.518158614926          -0.674167485749          -0.354849698523          81.9809306851            171.389524173            175.498229473            -38.0376014251           -20.9998311796           55.5986075021            -1.43080560873           -131.246466779           0.0734897538737          -0.149873391844          129.659671142            -4.71745846961           -124.917037636           -141.060861423           -53.207248953            -129.451982691           -108.872191867           -84.1263854075           -154.328584325           33.5988589915            -171.275345589           -68.5200243667           -55.370906916            -66.5090908953           -149.105126943           -59.4629726523           55.9868640104            150.66072611             
rwgt832                  -2.85959747135           166.967324888            0.213162654976           63.7416556832            2.11219402778            0.468077422419           -0.578352865239          0.990179335387           37.1864628498            112.559308488            0.105349912555           -66.2968331138           108.932396114            -16.3242622861           -43.9366756927           28.496326425             0.0194474294204          0.0552313333532          48.0737744658            -25.514595943            52.6562202273            -27.215681335            117.702273638            -162.256776956           -153.187042126           -104.433754723           -101.970510521           93.39112096              -9.19422425155           -11.7932742834           109.747538179            3.97209465626            100.526115795            93.0975513413            111.131549973            -54.9993633623           
rwgt833                  2.08668578278            -11.0116267589           0.199358744159           -122.018977824           2.93092358252            0.19174463627            -0.409219001107          0.215928361148           -0.4808575181            -146.031971379           -94.8618567737           -2.80152973827           32.3425418673            78.5384741741            166.648334503            171.33715783             0.0177328761564          -0.163990453301          162.363317339            -95.2103524643           157.349198811            116.1709783              136.274192578            62.7309724225            15.7658772944            -42.8786853304           105.058534592            -159.131184418           51.4673513832            165.61132455             -51.6922232812           124.237239122            90.5067740442            -41.4813003901           -146.811672119           163.374026964            
rwgt834                  0.28387352305            178.913004861            0.0475919779071          -14.8921263037           -2.53353470801           0.514157592473           -0.172550533052          -0.046432575364          -92.377567615            139.900580643            143.708596994            19.885691196             -37.6830017657           -129.833509019           5.57355082907            133.044675798            0.0204274854103          0.190815524243           114.759066853            107.849967308            37.1178216814            -100.641294824           -105.837094655           -9.16806811598           -177.872300131           24.8319790472            135.310913766            5.18279955176            -174.935443236           21.0894484287            -108.974955106           -25.1853917781           -103.717358519           -163.750060634           -144.255096066           -87.05574658             
rwgt835                  -2.04113428915           -30.2885004424           -0.00809474507794        99.6197784904            0.791143047367           -0.103713805304          -0.0672289530189         -0.577046871858          61.1872423984            133.319794895            -165.438099077           106.430914398            26.5736622824            -179.463639272           -132.61568611            87.8855816987            -0.0336413842573         -0.12403193332           138.236454985            83.9415751115            147.881187318            -20.236244514            -147.550759248           144.124944595            163.971313103            45.6536665945            119.810747523            -130.179285671           -35.5600412255           -50.2718696538           84.328772895             37.4091714795            3.20932753389            64.8561211589            -55.6238358345           70.4443601789            
rwgt836                  2.42335632612            -23.6125536116           -0.232885701035          -14.1203400992           -3.01357155118           -0.157988229073          -0.0436999829115         2.38313727413            -93.6967752222           -65.6883945869           124.254304236            161.952839743            79.4416490403            56.2941374425            -169.997575764           114.659059047            -0.0305762958069         0.00663861813862         66.5167641013            87.9621821568            -26.957306031            -116.436897947           78.9099537499            -36.2018702455           -88.847718044            33.6180413323            -135.210447853           175.653591802            152.125527497            -84.1932567827           -56.1614449964           -14.1879795511           -27.3195096818           7.34728147415            105.454279318            152.380241752            
rwgt837                  -0.0880872858216         -90.1691850593           0.0152708737335          83.6144711315            -1.6292749326            -0.109905585823          0.275270204868           -1.14654366295           94.3953942003            167.304640299            81.1211063622            -126.706939743           39.6624808448            105.672742931            -131.015386308           -100.686162519           0.0323034911281          -0.262508849981          33.1998807506            -10.1372381266           146.705940406            -13.6222150351           156.629557727            -1.08924483488           139.309168411            -78.9791052868           60.8442449192            -19.4414961055           -100.862323376           110.438321545            71.9229945638            -174.074595389           -76.9677974937           -115.223955135           163.428302223            -160.055437132           
rwgt838                  -0.0445909340305         107.765834993            0.156962746481           155.866977696            -2.92031803573           0.330527494206           1.16381579334            -1.48927485197           -116.413988832           -86.731007841            165.12777085             -46.2052314333           -129.078833877           51.5493563335            110.800640818            -63.0364899017           -0.00816249827225        -0.148333812969          8.74521934265            64.9639456076            -88.262440197            -139.242464629           -9.84253680995           8.80680068697            -33.8313360734           96.1461263929            24.1612211804            61.7007693933            97.1979923261            169.657896164            -100.072915306           -54.5670514289           -162.616589745           -121.914971201           -157.180333034           68.3522069663            
rwgt839                  -0.612305229211          67.5847327089            -0.010032813654          -134.52580154            0.956100755179           0.447114274288           0.269518346399           -0.563777319026          -126.91169524            -11.2520599057           -162.67868946            123.802278956            -169.405410601           -40.7120060092           -127.816159731           143.877596595            0.0655225102473          0.0275362854046          -118.782874753           134.839424303            -8.82379836629           28.7347465808            35.1713693549            -69.7663979214           -22.5436290692           12.7585645471            148.217044994            -124.252295462           -108.115002451           11.6776597443            58.5780337288            158.548391724            -114.044444194           -92.1937638811           -149.127945012           -59.2464740114           
rwgt840                  2.0077957828             -11.5529988186           -0.110998558184          -127.905366553           1.838236173              0.437896184401           0.16267809534            1.41396470327            162.605819903            140.930464092            155.14127703             19.6626152446            112.188250872            -154.008359381           -50.2041534964           -115.582391445           0.0135581123995          0.168192885259           -18.8346818641           36.7477149939            -176.470375761           151.008836703            99.6331801695            1.61397995022            -51.3663501347           -97.338045516            -51.4338125307           145.165853544            -15.3030348767           -114.460385505           44.5727900576            27.1015668469            17.069455281             27.2609724616            177.203514077            166.424142374            
rwgt841                  -1.80277576138           159.838981825            0.175050177763           113.308662389            0.107559886478           -0.164610144971          -0.0257109448384         -1.04494471292           -3.05067628521           -46.4189847318           -85.4809031907           -31.9277535348           -79.5480875222           -41.4093399221           -159.801198115           102.022106843            0.0382079348287          0.113321154551           -36.4412785935           44.8391362266            -87.0189101134           -57.4246838286           146.633489889            -176.262636403           -73.8892812586           -150.091115425           160.814873653            -33.3419501925           169.254404889            123.379165231            17.1577110014            36.5921433651            -126.309465662           7.1658430117             -21.0703969785           -26.962240023            
rwgt842                  1.99522168766            66.3334581622            -0.195016301846          -99.9858832141           2.363281134              0.102769763955           1.00556894691            1.48349607124            -154.081391096           5.99166679634            48.0293818453            -97.1947949036           -143.197996906           -129.127629291           99.9705265238            138.097980962            -0.0631930719912         -0.0356522884416         -45.9477588867           -161.448122951           -73.322739082            115.717826624            -158.917440691           29.101968034             -66.3573391261           128.269286219            164.367704929            -129.535054935           -88.8422584255           -71.9954731629           -20.9904732941           -83.7734396112           95.6920051046            -98.1222770245           -141.309518653           29.2765109112            
rwgt843                  0.0                      0.0                      0.0                      0.0                      0.0                      0.0                      0.0                      0.0                      0.0                      0.0                      0.0                      0.0                      0.0                      0.0                      0.0                      0.0                      0.0                      0.0                      0.0                      0.0                      0.0                      0.0                      0.0                      0.0                      0.0                      0.0                      0.0                      0.0                      0.0                      0.0                      0.0                      0.0                      0.0                      0.0                      0.0                      0.0                      